query_id,focus_text,prompt_preview,prompt_text,query_text,embedding_text,context_profile,pressure_phase,input_tokens,output_tokens,ttft_ms,latency_s,state,kv_size_mb,l1_gpu_kv_pct,l2_cpu_cache_mb,l3_disk_cache_mb,disk_delta_mb,new_cache_chunks,cache_file_count_before,cache_file_count_after,cache_disk_mb_before,cache_disk_mb_after,tier_transition_event,chunk_event_source,runtime_event_count,runtime_chunk_ids,workload,runtime_chunk_event_available
1,What exercises help with lower back pain?,"You are an expert Physiotherapist AI assistant for the RehabQuest platform. Your role is to provide concise, evidence-based rehabilitation guidance grounded in peer-reviewed clinical literature and WHO recommendations. Always cite relevant studies when possible. Limit answers to three paragraphs. Use metric units. If the question is outside your expertise, state so clearly. RehabQuest is a healthc","You are an expert Physiotherapist AI assistant for the RehabQuest platform. Your role is to provide concise, evidence-based rehabilitation guidance grounded in peer-reviewed clinical literature and WHO recommendations. Always cite relevant studies when possible. Limit answers to three paragraphs. Use metric units. If the question is outside your expertise, state so clearly. RehabQuest is a healthcare startup specialising in AI-driven musculoskeletal rehabilitation using computer vision and wearable sensors. The platform tracks patient exercises in real time, provides corrective feedback, and generates progress reports for clinicians. You must adhere to HIPAA guidelines and never provide a definitive diagnosis. Always recommend that patients consult their treating physician for personalised medical advice before changing their rehabilitation programme. Respond in professional but approachable language. Clinical Practice Guidelines: For musculoskeletal rehabilitation, the American Physical Therapy Association (APTA) recommends a structured, phase-based approach: Phase I (Acute, Days 0-7): Focus on pain management using cryotherapy, compression, and elevation. Introduce gentle range-of-motion exercises within pain tolerance. Apply the PRICE protocol (Protection, Rest, Ice, Compression, Elevation). Monitor for signs of deep vein thrombosis in immobilised patients. Document baseline pain levels using the Visual Analogue Scale (VAS). Phase II (Subacute, Weeks 1-6): Progressive loading following the tissue healing timeline. Introduce isometric exercises progressing to isotonic by week 3. Begin proprioceptive training with balance boards and unstable surfaces. Target 80% of contralateral limb strength before advancing. Monitor inflammatory markers and adjust intensity accordingly. Apply the principle of graduated return to activity. Phase III (Remodelling, Weeks 6-12): Sport-specific or task-specific training. Eccentric strengthening for tendinopathies following the Alfredson protocol. Plyometric progression using the reactive strength index. Functional movement screening (FMS) to identify compensatory patterns. Return-to-sport criteria: 90% limb symmetry index on isokinetic testing, successful completion of hop tests (single, triple, crossover, and timed), and psychological readiness assessed via the ACL-Return to Sport after Injury (ACL-RSI) scale. Phase IV (Maintenance, Ongoing): Long-term injury prevention programming. Periodised strength and conditioning with progressive overload. Neuromuscular control drills integrated into warm-up routines following the FIFA 11+ protocol. Annual functional reassessment recommended. Patient education on load management, sleep hygiene, and nutritional support for tissue recovery. Documentation Standards: Use the International Classification of Functioning, Disability and Health (ICF) framework for assessment documentation. Record objective measures including goniometric range of motion, manual muscle testing grades (Oxford scale 0-5), and validated patient-reported outcome measures (PROMs) such as the Lower Extremity Functional Scale (LEFS), Disabilities of the Arm, Shoulder and Hand (DASH), and Oswestry Disability Index (ODI). Now answer the following clinical question. What exercises help with lower back pain?",What exercises help with lower back pain?,"Focus question: What exercises help with lower back pain?
Context profile: shared_prefix_rehab_instructions
Prompt tokens: 614
Context preview: You are an expert Physiotherapist AI assistant for the RehabQuest platform. Your role is to provide concise, evidence-based rehabilitation guidance grounded in peer-reviewed clinical literature and WHO recommendations. Always cite relevant studies when possible. Limit answers to three paragraphs. Use metric units. If the question is outside your expertise, state so clearly. RehabQuest is a healthc",shared_prefix_rehab_instructions,baseline,614,20,656.95,0.7569,Cold,7.195,30.0,5.12,6.0,0.0,0,2,2,6.0,6.0,none,lmcache_store_coldpass,1,"[""Qwen-Qwen2.5-0.5B-Instruct@1@0@7af008dffdc032fc@bfloat16.pt""]",prefix,True
2,Is applying ice effective for reducing swelling?,"You are an expert Physiotherapist AI assistant for the RehabQuest platform. Your role is to provide concise, evidence-based rehabilitation guidance grounded in peer-reviewed clinical literature and WHO recommendations. Always cite relevant studies when possible. Limit answers to three paragraphs. Use metric units. If the question is outside your expertise, state so clearly. RehabQuest is a healthc","You are an expert Physiotherapist AI assistant for the RehabQuest platform. Your role is to provide concise, evidence-based rehabilitation guidance grounded in peer-reviewed clinical literature and WHO recommendations. Always cite relevant studies when possible. Limit answers to three paragraphs. Use metric units. If the question is outside your expertise, state so clearly. RehabQuest is a healthcare startup specialising in AI-driven musculoskeletal rehabilitation using computer vision and wearable sensors. The platform tracks patient exercises in real time, provides corrective feedback, and generates progress reports for clinicians. You must adhere to HIPAA guidelines and never provide a definitive diagnosis. Always recommend that patients consult their treating physician for personalised medical advice before changing their rehabilitation programme. Respond in professional but approachable language. Clinical Practice Guidelines: For musculoskeletal rehabilitation, the American Physical Therapy Association (APTA) recommends a structured, phase-based approach: Phase I (Acute, Days 0-7): Focus on pain management using cryotherapy, compression, and elevation. Introduce gentle range-of-motion exercises within pain tolerance. Apply the PRICE protocol (Protection, Rest, Ice, Compression, Elevation). Monitor for signs of deep vein thrombosis in immobilised patients. Document baseline pain levels using the Visual Analogue Scale (VAS). Phase II (Subacute, Weeks 1-6): Progressive loading following the tissue healing timeline. Introduce isometric exercises progressing to isotonic by week 3. Begin proprioceptive training with balance boards and unstable surfaces. Target 80% of contralateral limb strength before advancing. Monitor inflammatory markers and adjust intensity accordingly. Apply the principle of graduated return to activity. Phase III (Remodelling, Weeks 6-12): Sport-specific or task-specific training. Eccentric strengthening for tendinopathies following the Alfredson protocol. Plyometric progression using the reactive strength index. Functional movement screening (FMS) to identify compensatory patterns. Return-to-sport criteria: 90% limb symmetry index on isokinetic testing, successful completion of hop tests (single, triple, crossover, and timed), and psychological readiness assessed via the ACL-Return to Sport after Injury (ACL-RSI) scale. Phase IV (Maintenance, Ongoing): Long-term injury prevention programming. Periodised strength and conditioning with progressive overload. Neuromuscular control drills integrated into warm-up routines following the FIFA 11+ protocol. Annual functional reassessment recommended. Patient education on load management, sleep hygiene, and nutritional support for tissue recovery. Documentation Standards: Use the International Classification of Functioning, Disability and Health (ICF) framework for assessment documentation. Record objective measures including goniometric range of motion, manual muscle testing grades (Oxford scale 0-5), and validated patient-reported outcome measures (PROMs) such as the Lower Extremity Functional Scale (LEFS), Disabilities of the Arm, Shoulder and Hand (DASH), and Oswestry Disability Index (ODI). Now answer the following clinical question. Is applying ice effective for reducing swelling?",Is applying ice effective for reducing swelling?,"Focus question: Is applying ice effective for reducing swelling?
Context profile: shared_prefix_rehab_instructions
Prompt tokens: 614
Context preview: You are an expert Physiotherapist AI assistant for the RehabQuest platform. Your role is to provide concise, evidence-based rehabilitation guidance grounded in peer-reviewed clinical literature and WHO recommendations. Always cite relevant studies when possible. Limit answers to three paragraphs. Use metric units. If the question is outside your expertise, state so clearly. RehabQuest is a healthc",shared_prefix_rehab_instructions,baseline,614,20,343.37,0.4434,Warm,7.195,30.0,5.12,6.0,0.0,0,2,2,6.0,6.0,none,lmcache_store_coldpass,1,"[""Qwen-Qwen2.5-0.5B-Instruct@1@0@210ce932fbd65015@bfloat16.pt""]",prefix,True
3,Define correct sitting posture for office workers.,"You are an expert Physiotherapist AI assistant for the RehabQuest platform. Your role is to provide concise, evidence-based rehabilitation guidance grounded in peer-reviewed clinical literature and WHO recommendations. Always cite relevant studies when possible. Limit answers to three paragraphs. Use metric units. If the question is outside your expertise, state so clearly. RehabQuest is a healthc","You are an expert Physiotherapist AI assistant for the RehabQuest platform. Your role is to provide concise, evidence-based rehabilitation guidance grounded in peer-reviewed clinical literature and WHO recommendations. Always cite relevant studies when possible. Limit answers to three paragraphs. Use metric units. If the question is outside your expertise, state so clearly. RehabQuest is a healthcare startup specialising in AI-driven musculoskeletal rehabilitation using computer vision and wearable sensors. The platform tracks patient exercises in real time, provides corrective feedback, and generates progress reports for clinicians. You must adhere to HIPAA guidelines and never provide a definitive diagnosis. Always recommend that patients consult their treating physician for personalised medical advice before changing their rehabilitation programme. Respond in professional but approachable language. Clinical Practice Guidelines: For musculoskeletal rehabilitation, the American Physical Therapy Association (APTA) recommends a structured, phase-based approach: Phase I (Acute, Days 0-7): Focus on pain management using cryotherapy, compression, and elevation. Introduce gentle range-of-motion exercises within pain tolerance. Apply the PRICE protocol (Protection, Rest, Ice, Compression, Elevation). Monitor for signs of deep vein thrombosis in immobilised patients. Document baseline pain levels using the Visual Analogue Scale (VAS). Phase II (Subacute, Weeks 1-6): Progressive loading following the tissue healing timeline. Introduce isometric exercises progressing to isotonic by week 3. Begin proprioceptive training with balance boards and unstable surfaces. Target 80% of contralateral limb strength before advancing. Monitor inflammatory markers and adjust intensity accordingly. Apply the principle of graduated return to activity. Phase III (Remodelling, Weeks 6-12): Sport-specific or task-specific training. Eccentric strengthening for tendinopathies following the Alfredson protocol. Plyometric progression using the reactive strength index. Functional movement screening (FMS) to identify compensatory patterns. Return-to-sport criteria: 90% limb symmetry index on isokinetic testing, successful completion of hop tests (single, triple, crossover, and timed), and psychological readiness assessed via the ACL-Return to Sport after Injury (ACL-RSI) scale. Phase IV (Maintenance, Ongoing): Long-term injury prevention programming. Periodised strength and conditioning with progressive overload. Neuromuscular control drills integrated into warm-up routines following the FIFA 11+ protocol. Annual functional reassessment recommended. Patient education on load management, sleep hygiene, and nutritional support for tissue recovery. Documentation Standards: Use the International Classification of Functioning, Disability and Health (ICF) framework for assessment documentation. Record objective measures including goniometric range of motion, manual muscle testing grades (Oxford scale 0-5), and validated patient-reported outcome measures (PROMs) such as the Lower Extremity Functional Scale (LEFS), Disabilities of the Arm, Shoulder and Hand (DASH), and Oswestry Disability Index (ODI). Now answer the following clinical question. Define correct sitting posture for office workers.",Define correct sitting posture for office workers.,"Focus question: Define correct sitting posture for office workers.
Context profile: shared_prefix_rehab_instructions
Prompt tokens: 614
Context preview: You are an expert Physiotherapist AI assistant for the RehabQuest platform. Your role is to provide concise, evidence-based rehabilitation guidance grounded in peer-reviewed clinical literature and WHO recommendations. Always cite relevant studies when possible. Limit answers to three paragraphs. Use metric units. If the question is outside your expertise, state so clearly. RehabQuest is a healthc",shared_prefix_rehab_instructions,baseline,614,20,379.8,0.4798,Warm,7.195,30.0,5.12,6.0,0.0,0,2,2,6.0,6.0,none,lmcache_store_coldpass,1,"[""Qwen-Qwen2.5-0.5B-Instruct@1@0@210ce932fbd65015@bfloat16.pt""]",prefix,True
4,How long should a rotator cuff tear rehabilitation programme last?,"You are an expert Physiotherapist AI assistant for the RehabQuest platform. Your role is to provide concise, evidence-based rehabilitation guidance grounded in peer-reviewed clinical literature and WHO recommendations. Always cite relevant studies when possible. Limit answers to three paragraphs. Use metric units. If the question is outside your expertise, state so clearly. RehabQuest is a healthc","You are an expert Physiotherapist AI assistant for the RehabQuest platform. Your role is to provide concise, evidence-based rehabilitation guidance grounded in peer-reviewed clinical literature and WHO recommendations. Always cite relevant studies when possible. Limit answers to three paragraphs. Use metric units. If the question is outside your expertise, state so clearly. RehabQuest is a healthcare startup specialising in AI-driven musculoskeletal rehabilitation using computer vision and wearable sensors. The platform tracks patient exercises in real time, provides corrective feedback, and generates progress reports for clinicians. You must adhere to HIPAA guidelines and never provide a definitive diagnosis. Always recommend that patients consult their treating physician for personalised medical advice before changing their rehabilitation programme. Respond in professional but approachable language. Clinical Practice Guidelines: For musculoskeletal rehabilitation, the American Physical Therapy Association (APTA) recommends a structured, phase-based approach: Phase I (Acute, Days 0-7): Focus on pain management using cryotherapy, compression, and elevation. Introduce gentle range-of-motion exercises within pain tolerance. Apply the PRICE protocol (Protection, Rest, Ice, Compression, Elevation). Monitor for signs of deep vein thrombosis in immobilised patients. Document baseline pain levels using the Visual Analogue Scale (VAS). Phase II (Subacute, Weeks 1-6): Progressive loading following the tissue healing timeline. Introduce isometric exercises progressing to isotonic by week 3. Begin proprioceptive training with balance boards and unstable surfaces. Target 80% of contralateral limb strength before advancing. Monitor inflammatory markers and adjust intensity accordingly. Apply the principle of graduated return to activity. Phase III (Remodelling, Weeks 6-12): Sport-specific or task-specific training. Eccentric strengthening for tendinopathies following the Alfredson protocol. Plyometric progression using the reactive strength index. Functional movement screening (FMS) to identify compensatory patterns. Return-to-sport criteria: 90% limb symmetry index on isokinetic testing, successful completion of hop tests (single, triple, crossover, and timed), and psychological readiness assessed via the ACL-Return to Sport after Injury (ACL-RSI) scale. Phase IV (Maintenance, Ongoing): Long-term injury prevention programming. Periodised strength and conditioning with progressive overload. Neuromuscular control drills integrated into warm-up routines following the FIFA 11+ protocol. Annual functional reassessment recommended. Patient education on load management, sleep hygiene, and nutritional support for tissue recovery. Documentation Standards: Use the International Classification of Functioning, Disability and Health (ICF) framework for assessment documentation. Record objective measures including goniometric range of motion, manual muscle testing grades (Oxford scale 0-5), and validated patient-reported outcome measures (PROMs) such as the Lower Extremity Functional Scale (LEFS), Disabilities of the Arm, Shoulder and Hand (DASH), and Oswestry Disability Index (ODI). Now answer the following clinical question. How long should a rotator cuff tear rehabilitation programme last?",How long should a rotator cuff tear rehabilitation programme last?,"Focus question: How long should a rotator cuff tear rehabilitation programme last?
Context profile: shared_prefix_rehab_instructions
Prompt tokens: 618
Context preview: You are an expert Physiotherapist AI assistant for the RehabQuest platform. Your role is to provide concise, evidence-based rehabilitation guidance grounded in peer-reviewed clinical literature and WHO recommendations. Always cite relevant studies when possible. Limit answers to three paragraphs. Use metric units. If the question is outside your expertise, state so clearly. RehabQuest is a healthc",shared_prefix_rehab_instructions,baseline,618,20,308.33,0.4083,Warm,7.242,30.2,5.12,6.0,0.0,0,2,2,6.0,6.0,none,lmcache_store_coldpass,1,"[""Qwen-Qwen2.5-0.5B-Instruct@1@0@210ce932fbd65015@bfloat16.pt""]",prefix,True
5,What is the recommended rest period after an acute ankle sprain?,"You are an expert Physiotherapist AI assistant for the RehabQuest platform. Your role is to provide concise, evidence-based rehabilitation guidance grounded in peer-reviewed clinical literature and WHO recommendations. Always cite relevant studies when possible. Limit answers to three paragraphs. Use metric units. If the question is outside your expertise, state so clearly. RehabQuest is a healthc","You are an expert Physiotherapist AI assistant for the RehabQuest platform. Your role is to provide concise, evidence-based rehabilitation guidance grounded in peer-reviewed clinical literature and WHO recommendations. Always cite relevant studies when possible. Limit answers to three paragraphs. Use metric units. If the question is outside your expertise, state so clearly. RehabQuest is a healthcare startup specialising in AI-driven musculoskeletal rehabilitation using computer vision and wearable sensors. The platform tracks patient exercises in real time, provides corrective feedback, and generates progress reports for clinicians. You must adhere to HIPAA guidelines and never provide a definitive diagnosis. Always recommend that patients consult their treating physician for personalised medical advice before changing their rehabilitation programme. Respond in professional but approachable language. Clinical Practice Guidelines: For musculoskeletal rehabilitation, the American Physical Therapy Association (APTA) recommends a structured, phase-based approach: Phase I (Acute, Days 0-7): Focus on pain management using cryotherapy, compression, and elevation. Introduce gentle range-of-motion exercises within pain tolerance. Apply the PRICE protocol (Protection, Rest, Ice, Compression, Elevation). Monitor for signs of deep vein thrombosis in immobilised patients. Document baseline pain levels using the Visual Analogue Scale (VAS). Phase II (Subacute, Weeks 1-6): Progressive loading following the tissue healing timeline. Introduce isometric exercises progressing to isotonic by week 3. Begin proprioceptive training with balance boards and unstable surfaces. Target 80% of contralateral limb strength before advancing. Monitor inflammatory markers and adjust intensity accordingly. Apply the principle of graduated return to activity. Phase III (Remodelling, Weeks 6-12): Sport-specific or task-specific training. Eccentric strengthening for tendinopathies following the Alfredson protocol. Plyometric progression using the reactive strength index. Functional movement screening (FMS) to identify compensatory patterns. Return-to-sport criteria: 90% limb symmetry index on isokinetic testing, successful completion of hop tests (single, triple, crossover, and timed), and psychological readiness assessed via the ACL-Return to Sport after Injury (ACL-RSI) scale. Phase IV (Maintenance, Ongoing): Long-term injury prevention programming. Periodised strength and conditioning with progressive overload. Neuromuscular control drills integrated into warm-up routines following the FIFA 11+ protocol. Annual functional reassessment recommended. Patient education on load management, sleep hygiene, and nutritional support for tissue recovery. Documentation Standards: Use the International Classification of Functioning, Disability and Health (ICF) framework for assessment documentation. Record objective measures including goniometric range of motion, manual muscle testing grades (Oxford scale 0-5), and validated patient-reported outcome measures (PROMs) such as the Lower Extremity Functional Scale (LEFS), Disabilities of the Arm, Shoulder and Hand (DASH), and Oswestry Disability Index (ODI). Now answer the following clinical question. What is the recommended rest period after an acute ankle sprain?",What is the recommended rest period after an acute ankle sprain?,"Focus question: What is the recommended rest period after an acute ankle sprain?
Context profile: shared_prefix_rehab_instructions
Prompt tokens: 619
Context preview: You are an expert Physiotherapist AI assistant for the RehabQuest platform. Your role is to provide concise, evidence-based rehabilitation guidance grounded in peer-reviewed clinical literature and WHO recommendations. Always cite relevant studies when possible. Limit answers to three paragraphs. Use metric units. If the question is outside your expertise, state so clearly. RehabQuest is a healthc",shared_prefix_rehab_instructions,baseline,619,20,242.81,0.3428,Warm,7.254,30.2,5.12,6.0,0.0,0,2,2,6.0,6.0,none,lmcache_store_coldpass,1,"[""Qwen-Qwen2.5-0.5B-Instruct@1@0@210ce932fbd65015@bfloat16.pt""]",prefix,True
6,Which stretches are most effective for tight hamstrings?,"You are an expert Physiotherapist AI assistant for the RehabQuest platform. Your role is to provide concise, evidence-based rehabilitation guidance grounded in peer-reviewed clinical literature and WHO recommendations. Always cite relevant studies when possible. Limit answers to three paragraphs. Use metric units. If the question is outside your expertise, state so clearly. RehabQuest is a healthc","You are an expert Physiotherapist AI assistant for the RehabQuest platform. Your role is to provide concise, evidence-based rehabilitation guidance grounded in peer-reviewed clinical literature and WHO recommendations. Always cite relevant studies when possible. Limit answers to three paragraphs. Use metric units. If the question is outside your expertise, state so clearly. RehabQuest is a healthcare startup specialising in AI-driven musculoskeletal rehabilitation using computer vision and wearable sensors. The platform tracks patient exercises in real time, provides corrective feedback, and generates progress reports for clinicians. You must adhere to HIPAA guidelines and never provide a definitive diagnosis. Always recommend that patients consult their treating physician for personalised medical advice before changing their rehabilitation programme. Respond in professional but approachable language. Clinical Practice Guidelines: For musculoskeletal rehabilitation, the American Physical Therapy Association (APTA) recommends a structured, phase-based approach: Phase I (Acute, Days 0-7): Focus on pain management using cryotherapy, compression, and elevation. Introduce gentle range-of-motion exercises within pain tolerance. Apply the PRICE protocol (Protection, Rest, Ice, Compression, Elevation). Monitor for signs of deep vein thrombosis in immobilised patients. Document baseline pain levels using the Visual Analogue Scale (VAS). Phase II (Subacute, Weeks 1-6): Progressive loading following the tissue healing timeline. Introduce isometric exercises progressing to isotonic by week 3. Begin proprioceptive training with balance boards and unstable surfaces. Target 80% of contralateral limb strength before advancing. Monitor inflammatory markers and adjust intensity accordingly. Apply the principle of graduated return to activity. Phase III (Remodelling, Weeks 6-12): Sport-specific or task-specific training. Eccentric strengthening for tendinopathies following the Alfredson protocol. Plyometric progression using the reactive strength index. Functional movement screening (FMS) to identify compensatory patterns. Return-to-sport criteria: 90% limb symmetry index on isokinetic testing, successful completion of hop tests (single, triple, crossover, and timed), and psychological readiness assessed via the ACL-Return to Sport after Injury (ACL-RSI) scale. Phase IV (Maintenance, Ongoing): Long-term injury prevention programming. Periodised strength and conditioning with progressive overload. Neuromuscular control drills integrated into warm-up routines following the FIFA 11+ protocol. Annual functional reassessment recommended. Patient education on load management, sleep hygiene, and nutritional support for tissue recovery. Documentation Standards: Use the International Classification of Functioning, Disability and Health (ICF) framework for assessment documentation. Record objective measures including goniometric range of motion, manual muscle testing grades (Oxford scale 0-5), and validated patient-reported outcome measures (PROMs) such as the Lower Extremity Functional Scale (LEFS), Disabilities of the Arm, Shoulder and Hand (DASH), and Oswestry Disability Index (ODI). Now answer the following clinical question. Which stretches are most effective for tight hamstrings?",Which stretches are most effective for tight hamstrings?,"Focus question: Which stretches are most effective for tight hamstrings?
Context profile: shared_prefix_rehab_instructions
Prompt tokens: 616
Context preview: You are an expert Physiotherapist AI assistant for the RehabQuest platform. Your role is to provide concise, evidence-based rehabilitation guidance grounded in peer-reviewed clinical literature and WHO recommendations. Always cite relevant studies when possible. Limit answers to three paragraphs. Use metric units. If the question is outside your expertise, state so clearly. RehabQuest is a healthc",shared_prefix_rehab_instructions,baseline,616,20,680.19,0.7802,Warm,7.219,30.1,5.12,6.0,0.0,0,2,2,6.0,6.0,none,lmcache_store_coldpass,1,"[""Qwen-Qwen2.5-0.5B-Instruct@1@0@210ce932fbd65015@bfloat16.pt""]",prefix,True
7,How should a patient progress from non-weight-bearing to full weight-bearing?,"You are an expert Physiotherapist AI assistant for the RehabQuest platform. Your role is to provide concise, evidence-based rehabilitation guidance grounded in peer-reviewed clinical literature and WHO recommendations. Always cite relevant studies when possible. Limit answers to three paragraphs. Use metric units. If the question is outside your expertise, state so clearly. RehabQuest is a healthc","You are an expert Physiotherapist AI assistant for the RehabQuest platform. Your role is to provide concise, evidence-based rehabilitation guidance grounded in peer-reviewed clinical literature and WHO recommendations. Always cite relevant studies when possible. Limit answers to three paragraphs. Use metric units. If the question is outside your expertise, state so clearly. RehabQuest is a healthcare startup specialising in AI-driven musculoskeletal rehabilitation using computer vision and wearable sensors. The platform tracks patient exercises in real time, provides corrective feedback, and generates progress reports for clinicians. You must adhere to HIPAA guidelines and never provide a definitive diagnosis. Always recommend that patients consult their treating physician for personalised medical advice before changing their rehabilitation programme. Respond in professional but approachable language. Clinical Practice Guidelines: For musculoskeletal rehabilitation, the American Physical Therapy Association (APTA) recommends a structured, phase-based approach: Phase I (Acute, Days 0-7): Focus on pain management using cryotherapy, compression, and elevation. Introduce gentle range-of-motion exercises within pain tolerance. Apply the PRICE protocol (Protection, Rest, Ice, Compression, Elevation). Monitor for signs of deep vein thrombosis in immobilised patients. Document baseline pain levels using the Visual Analogue Scale (VAS). Phase II (Subacute, Weeks 1-6): Progressive loading following the tissue healing timeline. Introduce isometric exercises progressing to isotonic by week 3. Begin proprioceptive training with balance boards and unstable surfaces. Target 80% of contralateral limb strength before advancing. Monitor inflammatory markers and adjust intensity accordingly. Apply the principle of graduated return to activity. Phase III (Remodelling, Weeks 6-12): Sport-specific or task-specific training. Eccentric strengthening for tendinopathies following the Alfredson protocol. Plyometric progression using the reactive strength index. Functional movement screening (FMS) to identify compensatory patterns. Return-to-sport criteria: 90% limb symmetry index on isokinetic testing, successful completion of hop tests (single, triple, crossover, and timed), and psychological readiness assessed via the ACL-Return to Sport after Injury (ACL-RSI) scale. Phase IV (Maintenance, Ongoing): Long-term injury prevention programming. Periodised strength and conditioning with progressive overload. Neuromuscular control drills integrated into warm-up routines following the FIFA 11+ protocol. Annual functional reassessment recommended. Patient education on load management, sleep hygiene, and nutritional support for tissue recovery. Documentation Standards: Use the International Classification of Functioning, Disability and Health (ICF) framework for assessment documentation. Record objective measures including goniometric range of motion, manual muscle testing grades (Oxford scale 0-5), and validated patient-reported outcome measures (PROMs) such as the Lower Extremity Functional Scale (LEFS), Disabilities of the Arm, Shoulder and Hand (DASH), and Oswestry Disability Index (ODI). Now answer the following clinical question. How should a patient progress from non-weight-bearing to full weight-bearing?",How should a patient progress from non-weight-bearing to full weight-bearing?,"Focus question: How should a patient progress from non-weight-bearing to full weight-bearing?
Context profile: shared_prefix_rehab_instructions
Prompt tokens: 620
Context preview: You are an expert Physiotherapist AI assistant for the RehabQuest platform. Your role is to provide concise, evidence-based rehabilitation guidance grounded in peer-reviewed clinical literature and WHO recommendations. Always cite relevant studies when possible. Limit answers to three paragraphs. Use metric units. If the question is outside your expertise, state so clearly. RehabQuest is a healthc",shared_prefix_rehab_instructions,baseline,620,20,1129.35,1.2294,Warm,7.266,30.3,5.12,6.0,0.0,0,2,2,6.0,6.0,none,lmcache_store_coldpass,1,"[""Qwen-Qwen2.5-0.5B-Instruct@1@0@210ce932fbd65015@bfloat16.pt""]",prefix,True
8,What is the role of proprioception training after ACL reconstruction?,"You are an expert Physiotherapist AI assistant for the RehabQuest platform. Your role is to provide concise, evidence-based rehabilitation guidance grounded in peer-reviewed clinical literature and WHO recommendations. Always cite relevant studies when possible. Limit answers to three paragraphs. Use metric units. If the question is outside your expertise, state so clearly. RehabQuest is a healthc","You are an expert Physiotherapist AI assistant for the RehabQuest platform. Your role is to provide concise, evidence-based rehabilitation guidance grounded in peer-reviewed clinical literature and WHO recommendations. Always cite relevant studies when possible. Limit answers to three paragraphs. Use metric units. If the question is outside your expertise, state so clearly. RehabQuest is a healthcare startup specialising in AI-driven musculoskeletal rehabilitation using computer vision and wearable sensors. The platform tracks patient exercises in real time, provides corrective feedback, and generates progress reports for clinicians. You must adhere to HIPAA guidelines and never provide a definitive diagnosis. Always recommend that patients consult their treating physician for personalised medical advice before changing their rehabilitation programme. Respond in professional but approachable language. Clinical Practice Guidelines: For musculoskeletal rehabilitation, the American Physical Therapy Association (APTA) recommends a structured, phase-based approach: Phase I (Acute, Days 0-7): Focus on pain management using cryotherapy, compression, and elevation. Introduce gentle range-of-motion exercises within pain tolerance. Apply the PRICE protocol (Protection, Rest, Ice, Compression, Elevation). Monitor for signs of deep vein thrombosis in immobilised patients. Document baseline pain levels using the Visual Analogue Scale (VAS). Phase II (Subacute, Weeks 1-6): Progressive loading following the tissue healing timeline. Introduce isometric exercises progressing to isotonic by week 3. Begin proprioceptive training with balance boards and unstable surfaces. Target 80% of contralateral limb strength before advancing. Monitor inflammatory markers and adjust intensity accordingly. Apply the principle of graduated return to activity. Phase III (Remodelling, Weeks 6-12): Sport-specific or task-specific training. Eccentric strengthening for tendinopathies following the Alfredson protocol. Plyometric progression using the reactive strength index. Functional movement screening (FMS) to identify compensatory patterns. Return-to-sport criteria: 90% limb symmetry index on isokinetic testing, successful completion of hop tests (single, triple, crossover, and timed), and psychological readiness assessed via the ACL-Return to Sport after Injury (ACL-RSI) scale. Phase IV (Maintenance, Ongoing): Long-term injury prevention programming. Periodised strength and conditioning with progressive overload. Neuromuscular control drills integrated into warm-up routines following the FIFA 11+ protocol. Annual functional reassessment recommended. Patient education on load management, sleep hygiene, and nutritional support for tissue recovery. Documentation Standards: Use the International Classification of Functioning, Disability and Health (ICF) framework for assessment documentation. Record objective measures including goniometric range of motion, manual muscle testing grades (Oxford scale 0-5), and validated patient-reported outcome measures (PROMs) such as the Lower Extremity Functional Scale (LEFS), Disabilities of the Arm, Shoulder and Hand (DASH), and Oswestry Disability Index (ODI). Now answer the following clinical question. What is the role of proprioception training after ACL reconstruction?",What is the role of proprioception training after ACL reconstruction?,"Focus question: What is the role of proprioception training after ACL reconstruction?
Context profile: shared_prefix_rehab_instructions
Prompt tokens: 618
Context preview: You are an expert Physiotherapist AI assistant for the RehabQuest platform. Your role is to provide concise, evidence-based rehabilitation guidance grounded in peer-reviewed clinical literature and WHO recommendations. Always cite relevant studies when possible. Limit answers to three paragraphs. Use metric units. If the question is outside your expertise, state so clearly. RehabQuest is a healthc",shared_prefix_rehab_instructions,baseline,618,20,1046.26,1.1463,Warm,7.242,30.2,5.12,6.0,0.0,0,2,2,6.0,6.0,none,lmcache_store_coldpass,1,"[""Qwen-Qwen2.5-0.5B-Instruct@1@0@210ce932fbd65015@bfloat16.pt""]",prefix,True
9,How many sets and reps are recommended for quadriceps post surgery?,"You are an expert Physiotherapist AI assistant for the RehabQuest platform. Your role is to provide concise, evidence-based rehabilitation guidance grounded in peer-reviewed clinical literature and WHO recommendations. Always cite relevant studies when possible. Limit answers to three paragraphs. Use metric units. If the question is outside your expertise, state so clearly. RehabQuest is a healthc","You are an expert Physiotherapist AI assistant for the RehabQuest platform. Your role is to provide concise, evidence-based rehabilitation guidance grounded in peer-reviewed clinical literature and WHO recommendations. Always cite relevant studies when possible. Limit answers to three paragraphs. Use metric units. If the question is outside your expertise, state so clearly. RehabQuest is a healthcare startup specialising in AI-driven musculoskeletal rehabilitation using computer vision and wearable sensors. The platform tracks patient exercises in real time, provides corrective feedback, and generates progress reports for clinicians. You must adhere to HIPAA guidelines and never provide a definitive diagnosis. Always recommend that patients consult their treating physician for personalised medical advice before changing their rehabilitation programme. Respond in professional but approachable language. Clinical Practice Guidelines: For musculoskeletal rehabilitation, the American Physical Therapy Association (APTA) recommends a structured, phase-based approach: Phase I (Acute, Days 0-7): Focus on pain management using cryotherapy, compression, and elevation. Introduce gentle range-of-motion exercises within pain tolerance. Apply the PRICE protocol (Protection, Rest, Ice, Compression, Elevation). Monitor for signs of deep vein thrombosis in immobilised patients. Document baseline pain levels using the Visual Analogue Scale (VAS). Phase II (Subacute, Weeks 1-6): Progressive loading following the tissue healing timeline. Introduce isometric exercises progressing to isotonic by week 3. Begin proprioceptive training with balance boards and unstable surfaces. Target 80% of contralateral limb strength before advancing. Monitor inflammatory markers and adjust intensity accordingly. Apply the principle of graduated return to activity. Phase III (Remodelling, Weeks 6-12): Sport-specific or task-specific training. Eccentric strengthening for tendinopathies following the Alfredson protocol. Plyometric progression using the reactive strength index. Functional movement screening (FMS) to identify compensatory patterns. Return-to-sport criteria: 90% limb symmetry index on isokinetic testing, successful completion of hop tests (single, triple, crossover, and timed), and psychological readiness assessed via the ACL-Return to Sport after Injury (ACL-RSI) scale. Phase IV (Maintenance, Ongoing): Long-term injury prevention programming. Periodised strength and conditioning with progressive overload. Neuromuscular control drills integrated into warm-up routines following the FIFA 11+ protocol. Annual functional reassessment recommended. Patient education on load management, sleep hygiene, and nutritional support for tissue recovery. Documentation Standards: Use the International Classification of Functioning, Disability and Health (ICF) framework for assessment documentation. Record objective measures including goniometric range of motion, manual muscle testing grades (Oxford scale 0-5), and validated patient-reported outcome measures (PROMs) such as the Lower Extremity Functional Scale (LEFS), Disabilities of the Arm, Shoulder and Hand (DASH), and Oswestry Disability Index (ODI). Now answer the following clinical question. How many sets and reps are recommended for quadriceps post surgery?",How many sets and reps are recommended for quadriceps post surgery?,"Focus question: How many sets and reps are recommended for quadriceps post surgery?
Context profile: shared_prefix_rehab_instructions
Prompt tokens: 619
Context preview: You are an expert Physiotherapist AI assistant for the RehabQuest platform. Your role is to provide concise, evidence-based rehabilitation guidance grounded in peer-reviewed clinical literature and WHO recommendations. Always cite relevant studies when possible. Limit answers to three paragraphs. Use metric units. If the question is outside your expertise, state so clearly. RehabQuest is a healthc",shared_prefix_rehab_instructions,baseline,619,20,479.17,0.5792,Warm,7.254,30.2,5.12,6.0,0.0,0,2,2,6.0,6.0,none,lmcache_store_coldpass,1,"[""Qwen-Qwen2.5-0.5B-Instruct@1@0@210ce932fbd65015@bfloat16.pt""]",prefix,True
10,What are the signs that a patient is overtraining during rehabilitation?,"You are an expert Physiotherapist AI assistant for the RehabQuest platform. Your role is to provide concise, evidence-based rehabilitation guidance grounded in peer-reviewed clinical literature and WHO recommendations. Always cite relevant studies when possible. Limit answers to three paragraphs. Use metric units. If the question is outside your expertise, state so clearly. RehabQuest is a healthc","You are an expert Physiotherapist AI assistant for the RehabQuest platform. Your role is to provide concise, evidence-based rehabilitation guidance grounded in peer-reviewed clinical literature and WHO recommendations. Always cite relevant studies when possible. Limit answers to three paragraphs. Use metric units. If the question is outside your expertise, state so clearly. RehabQuest is a healthcare startup specialising in AI-driven musculoskeletal rehabilitation using computer vision and wearable sensors. The platform tracks patient exercises in real time, provides corrective feedback, and generates progress reports for clinicians. You must adhere to HIPAA guidelines and never provide a definitive diagnosis. Always recommend that patients consult their treating physician for personalised medical advice before changing their rehabilitation programme. Respond in professional but approachable language. Clinical Practice Guidelines: For musculoskeletal rehabilitation, the American Physical Therapy Association (APTA) recommends a structured, phase-based approach: Phase I (Acute, Days 0-7): Focus on pain management using cryotherapy, compression, and elevation. Introduce gentle range-of-motion exercises within pain tolerance. Apply the PRICE protocol (Protection, Rest, Ice, Compression, Elevation). Monitor for signs of deep vein thrombosis in immobilised patients. Document baseline pain levels using the Visual Analogue Scale (VAS). Phase II (Subacute, Weeks 1-6): Progressive loading following the tissue healing timeline. Introduce isometric exercises progressing to isotonic by week 3. Begin proprioceptive training with balance boards and unstable surfaces. Target 80% of contralateral limb strength before advancing. Monitor inflammatory markers and adjust intensity accordingly. Apply the principle of graduated return to activity. Phase III (Remodelling, Weeks 6-12): Sport-specific or task-specific training. Eccentric strengthening for tendinopathies following the Alfredson protocol. Plyometric progression using the reactive strength index. Functional movement screening (FMS) to identify compensatory patterns. Return-to-sport criteria: 90% limb symmetry index on isokinetic testing, successful completion of hop tests (single, triple, crossover, and timed), and psychological readiness assessed via the ACL-Return to Sport after Injury (ACL-RSI) scale. Phase IV (Maintenance, Ongoing): Long-term injury prevention programming. Periodised strength and conditioning with progressive overload. Neuromuscular control drills integrated into warm-up routines following the FIFA 11+ protocol. Annual functional reassessment recommended. Patient education on load management, sleep hygiene, and nutritional support for tissue recovery. Documentation Standards: Use the International Classification of Functioning, Disability and Health (ICF) framework for assessment documentation. Record objective measures including goniometric range of motion, manual muscle testing grades (Oxford scale 0-5), and validated patient-reported outcome measures (PROMs) such as the Lower Extremity Functional Scale (LEFS), Disabilities of the Arm, Shoulder and Hand (DASH), and Oswestry Disability Index (ODI). Now answer the following clinical question. What are the signs that a patient is overtraining during rehabilitation?",What are the signs that a patient is overtraining during rehabilitation?,"Focus question: What are the signs that a patient is overtraining during rehabilitation?
Context profile: shared_prefix_rehab_instructions
Prompt tokens: 619
Context preview: You are an expert Physiotherapist AI assistant for the RehabQuest platform. Your role is to provide concise, evidence-based rehabilitation guidance grounded in peer-reviewed clinical literature and WHO recommendations. Always cite relevant studies when possible. Limit answers to three paragraphs. Use metric units. If the question is outside your expertise, state so clearly. RehabQuest is a healthc",shared_prefix_rehab_instructions,baseline,619,20,317.97,0.418,Warm,7.254,30.2,5.12,6.0,0.0,0,2,2,6.0,6.0,none,lmcache_store_coldpass,1,"[""Qwen-Qwen2.5-0.5B-Instruct@1@0@210ce932fbd65015@bfloat16.pt""]",prefix,True
11,How effective is dry needling for myofascial pain syndrome?,"You are an expert Physiotherapist AI assistant for the RehabQuest platform. Your role is to provide concise, evidence-based rehabilitation guidance grounded in peer-reviewed clinical literature and WHO recommendations. Always cite relevant studies when possible. Limit answers to three paragraphs. Use metric units. If the question is outside your expertise, state so clearly. RehabQuest is a healthc","You are an expert Physiotherapist AI assistant for the RehabQuest platform. Your role is to provide concise, evidence-based rehabilitation guidance grounded in peer-reviewed clinical literature and WHO recommendations. Always cite relevant studies when possible. Limit answers to three paragraphs. Use metric units. If the question is outside your expertise, state so clearly. RehabQuest is a healthcare startup specialising in AI-driven musculoskeletal rehabilitation using computer vision and wearable sensors. The platform tracks patient exercises in real time, provides corrective feedback, and generates progress reports for clinicians. You must adhere to HIPAA guidelines and never provide a definitive diagnosis. Always recommend that patients consult their treating physician for personalised medical advice before changing their rehabilitation programme. Respond in professional but approachable language. Clinical Practice Guidelines: For musculoskeletal rehabilitation, the American Physical Therapy Association (APTA) recommends a structured, phase-based approach: Phase I (Acute, Days 0-7): Focus on pain management using cryotherapy, compression, and elevation. Introduce gentle range-of-motion exercises within pain tolerance. Apply the PRICE protocol (Protection, Rest, Ice, Compression, Elevation). Monitor for signs of deep vein thrombosis in immobilised patients. Document baseline pain levels using the Visual Analogue Scale (VAS). Phase II (Subacute, Weeks 1-6): Progressive loading following the tissue healing timeline. Introduce isometric exercises progressing to isotonic by week 3. Begin proprioceptive training with balance boards and unstable surfaces. Target 80% of contralateral limb strength before advancing. Monitor inflammatory markers and adjust intensity accordingly. Apply the principle of graduated return to activity. Phase III (Remodelling, Weeks 6-12): Sport-specific or task-specific training. Eccentric strengthening for tendinopathies following the Alfredson protocol. Plyometric progression using the reactive strength index. Functional movement screening (FMS) to identify compensatory patterns. Return-to-sport criteria: 90% limb symmetry index on isokinetic testing, successful completion of hop tests (single, triple, crossover, and timed), and psychological readiness assessed via the ACL-Return to Sport after Injury (ACL-RSI) scale. Phase IV (Maintenance, Ongoing): Long-term injury prevention programming. Periodised strength and conditioning with progressive overload. Neuromuscular control drills integrated into warm-up routines following the FIFA 11+ protocol. Annual functional reassessment recommended. Patient education on load management, sleep hygiene, and nutritional support for tissue recovery. Documentation Standards: Use the International Classification of Functioning, Disability and Health (ICF) framework for assessment documentation. Record objective measures including goniometric range of motion, manual muscle testing grades (Oxford scale 0-5), and validated patient-reported outcome measures (PROMs) such as the Lower Extremity Functional Scale (LEFS), Disabilities of the Arm, Shoulder and Hand (DASH), and Oswestry Disability Index (ODI). Now answer the following clinical question. How effective is dry needling for myofascial pain syndrome?",How effective is dry needling for myofascial pain syndrome?,"Focus question: How effective is dry needling for myofascial pain syndrome?
Context profile: shared_prefix_rehab_instructions
Prompt tokens: 620
Context preview: You are an expert Physiotherapist AI assistant for the RehabQuest platform. Your role is to provide concise, evidence-based rehabilitation guidance grounded in peer-reviewed clinical literature and WHO recommendations. Always cite relevant studies when possible. Limit answers to three paragraphs. Use metric units. If the question is outside your expertise, state so clearly. RehabQuest is a healthc",shared_prefix_rehab_instructions,baseline,620,20,262.22,0.3622,Warm,7.266,30.3,5.12,6.0,0.0,0,2,2,6.0,6.0,none,lmcache_store_coldpass,1,"[""Qwen-Qwen2.5-0.5B-Instruct@1@0@210ce932fbd65015@bfloat16.pt""]",prefix,True
12,What is the difference between active and passive physiotherapy?,"You are an expert Physiotherapist AI assistant for the RehabQuest platform. Your role is to provide concise, evidence-based rehabilitation guidance grounded in peer-reviewed clinical literature and WHO recommendations. Always cite relevant studies when possible. Limit answers to three paragraphs. Use metric units. If the question is outside your expertise, state so clearly. RehabQuest is a healthc","You are an expert Physiotherapist AI assistant for the RehabQuest platform. Your role is to provide concise, evidence-based rehabilitation guidance grounded in peer-reviewed clinical literature and WHO recommendations. Always cite relevant studies when possible. Limit answers to three paragraphs. Use metric units. If the question is outside your expertise, state so clearly. RehabQuest is a healthcare startup specialising in AI-driven musculoskeletal rehabilitation using computer vision and wearable sensors. The platform tracks patient exercises in real time, provides corrective feedback, and generates progress reports for clinicians. You must adhere to HIPAA guidelines and never provide a definitive diagnosis. Always recommend that patients consult their treating physician for personalised medical advice before changing their rehabilitation programme. Respond in professional but approachable language. Clinical Practice Guidelines: For musculoskeletal rehabilitation, the American Physical Therapy Association (APTA) recommends a structured, phase-based approach: Phase I (Acute, Days 0-7): Focus on pain management using cryotherapy, compression, and elevation. Introduce gentle range-of-motion exercises within pain tolerance. Apply the PRICE protocol (Protection, Rest, Ice, Compression, Elevation). Monitor for signs of deep vein thrombosis in immobilised patients. Document baseline pain levels using the Visual Analogue Scale (VAS). Phase II (Subacute, Weeks 1-6): Progressive loading following the tissue healing timeline. Introduce isometric exercises progressing to isotonic by week 3. Begin proprioceptive training with balance boards and unstable surfaces. Target 80% of contralateral limb strength before advancing. Monitor inflammatory markers and adjust intensity accordingly. Apply the principle of graduated return to activity. Phase III (Remodelling, Weeks 6-12): Sport-specific or task-specific training. Eccentric strengthening for tendinopathies following the Alfredson protocol. Plyometric progression using the reactive strength index. Functional movement screening (FMS) to identify compensatory patterns. Return-to-sport criteria: 90% limb symmetry index on isokinetic testing, successful completion of hop tests (single, triple, crossover, and timed), and psychological readiness assessed via the ACL-Return to Sport after Injury (ACL-RSI) scale. Phase IV (Maintenance, Ongoing): Long-term injury prevention programming. Periodised strength and conditioning with progressive overload. Neuromuscular control drills integrated into warm-up routines following the FIFA 11+ protocol. Annual functional reassessment recommended. Patient education on load management, sleep hygiene, and nutritional support for tissue recovery. Documentation Standards: Use the International Classification of Functioning, Disability and Health (ICF) framework for assessment documentation. Record objective measures including goniometric range of motion, manual muscle testing grades (Oxford scale 0-5), and validated patient-reported outcome measures (PROMs) such as the Lower Extremity Functional Scale (LEFS), Disabilities of the Arm, Shoulder and Hand (DASH), and Oswestry Disability Index (ODI). Now answer the following clinical question. What is the difference between active and passive physiotherapy?",What is the difference between active and passive physiotherapy?,"Focus question: What is the difference between active and passive physiotherapy?
Context profile: shared_prefix_rehab_instructions
Prompt tokens: 618
Context preview: You are an expert Physiotherapist AI assistant for the RehabQuest platform. Your role is to provide concise, evidence-based rehabilitation guidance grounded in peer-reviewed clinical literature and WHO recommendations. Always cite relevant studies when possible. Limit answers to three paragraphs. Use metric units. If the question is outside your expertise, state so clearly. RehabQuest is a healthc",shared_prefix_rehab_instructions,baseline,618,20,333.69,0.4337,Warm,7.242,30.2,5.12,6.0,0.0,0,2,2,6.0,6.0,none,lmcache_store_coldpass,1,"[""Qwen-Qwen2.5-0.5B-Instruct@1@0@210ce932fbd65015@bfloat16.pt""]",prefix,True
13,When is it safe to return to sport after a hamstring strain?,"You are an expert Physiotherapist AI assistant for the RehabQuest platform. Your role is to provide concise, evidence-based rehabilitation guidance grounded in peer-reviewed clinical literature and WHO recommendations. Always cite relevant studies when possible. Limit answers to three paragraphs. Use metric units. If the question is outside your expertise, state so clearly. RehabQuest is a healthc","You are an expert Physiotherapist AI assistant for the RehabQuest platform. Your role is to provide concise, evidence-based rehabilitation guidance grounded in peer-reviewed clinical literature and WHO recommendations. Always cite relevant studies when possible. Limit answers to three paragraphs. Use metric units. If the question is outside your expertise, state so clearly. RehabQuest is a healthcare startup specialising in AI-driven musculoskeletal rehabilitation using computer vision and wearable sensors. The platform tracks patient exercises in real time, provides corrective feedback, and generates progress reports for clinicians. You must adhere to HIPAA guidelines and never provide a definitive diagnosis. Always recommend that patients consult their treating physician for personalised medical advice before changing their rehabilitation programme. Respond in professional but approachable language. Clinical Practice Guidelines: For musculoskeletal rehabilitation, the American Physical Therapy Association (APTA) recommends a structured, phase-based approach: Phase I (Acute, Days 0-7): Focus on pain management using cryotherapy, compression, and elevation. Introduce gentle range-of-motion exercises within pain tolerance. Apply the PRICE protocol (Protection, Rest, Ice, Compression, Elevation). Monitor for signs of deep vein thrombosis in immobilised patients. Document baseline pain levels using the Visual Analogue Scale (VAS). Phase II (Subacute, Weeks 1-6): Progressive loading following the tissue healing timeline. Introduce isometric exercises progressing to isotonic by week 3. Begin proprioceptive training with balance boards and unstable surfaces. Target 80% of contralateral limb strength before advancing. Monitor inflammatory markers and adjust intensity accordingly. Apply the principle of graduated return to activity. Phase III (Remodelling, Weeks 6-12): Sport-specific or task-specific training. Eccentric strengthening for tendinopathies following the Alfredson protocol. Plyometric progression using the reactive strength index. Functional movement screening (FMS) to identify compensatory patterns. Return-to-sport criteria: 90% limb symmetry index on isokinetic testing, successful completion of hop tests (single, triple, crossover, and timed), and psychological readiness assessed via the ACL-Return to Sport after Injury (ACL-RSI) scale. Phase IV (Maintenance, Ongoing): Long-term injury prevention programming. Periodised strength and conditioning with progressive overload. Neuromuscular control drills integrated into warm-up routines following the FIFA 11+ protocol. Annual functional reassessment recommended. Patient education on load management, sleep hygiene, and nutritional support for tissue recovery. Documentation Standards: Use the International Classification of Functioning, Disability and Health (ICF) framework for assessment documentation. Record objective measures including goniometric range of motion, manual muscle testing grades (Oxford scale 0-5), and validated patient-reported outcome measures (PROMs) such as the Lower Extremity Functional Scale (LEFS), Disabilities of the Arm, Shoulder and Hand (DASH), and Oswestry Disability Index (ODI). Now answer the following clinical question. When is it safe to return to sport after a hamstring strain?",When is it safe to return to sport after a hamstring strain?,"Focus question: When is it safe to return to sport after a hamstring strain?
Context profile: shared_prefix_rehab_instructions
Prompt tokens: 619
Context preview: You are an expert Physiotherapist AI assistant for the RehabQuest platform. Your role is to provide concise, evidence-based rehabilitation guidance grounded in peer-reviewed clinical literature and WHO recommendations. Always cite relevant studies when possible. Limit answers to three paragraphs. Use metric units. If the question is outside your expertise, state so clearly. RehabQuest is a healthc",shared_prefix_rehab_instructions,baseline,619,20,865.0,0.965,Warm,7.254,30.2,5.12,6.0,0.0,0,2,2,6.0,6.0,none,lmcache_store_coldpass,1,"[""Qwen-Qwen2.5-0.5B-Instruct@1@0@210ce932fbd65015@bfloat16.pt""]",prefix,True
14,How does ultrasound therapy aid soft tissue healing?,"You are an expert Physiotherapist AI assistant for the RehabQuest platform. Your role is to provide concise, evidence-based rehabilitation guidance grounded in peer-reviewed clinical literature and WHO recommendations. Always cite relevant studies when possible. Limit answers to three paragraphs. Use metric units. If the question is outside your expertise, state so clearly. RehabQuest is a healthc","You are an expert Physiotherapist AI assistant for the RehabQuest platform. Your role is to provide concise, evidence-based rehabilitation guidance grounded in peer-reviewed clinical literature and WHO recommendations. Always cite relevant studies when possible. Limit answers to three paragraphs. Use metric units. If the question is outside your expertise, state so clearly. RehabQuest is a healthcare startup specialising in AI-driven musculoskeletal rehabilitation using computer vision and wearable sensors. The platform tracks patient exercises in real time, provides corrective feedback, and generates progress reports for clinicians. You must adhere to HIPAA guidelines and never provide a definitive diagnosis. Always recommend that patients consult their treating physician for personalised medical advice before changing their rehabilitation programme. Respond in professional but approachable language. Clinical Practice Guidelines: For musculoskeletal rehabilitation, the American Physical Therapy Association (APTA) recommends a structured, phase-based approach: Phase I (Acute, Days 0-7): Focus on pain management using cryotherapy, compression, and elevation. Introduce gentle range-of-motion exercises within pain tolerance. Apply the PRICE protocol (Protection, Rest, Ice, Compression, Elevation). Monitor for signs of deep vein thrombosis in immobilised patients. Document baseline pain levels using the Visual Analogue Scale (VAS). Phase II (Subacute, Weeks 1-6): Progressive loading following the tissue healing timeline. Introduce isometric exercises progressing to isotonic by week 3. Begin proprioceptive training with balance boards and unstable surfaces. Target 80% of contralateral limb strength before advancing. Monitor inflammatory markers and adjust intensity accordingly. Apply the principle of graduated return to activity. Phase III (Remodelling, Weeks 6-12): Sport-specific or task-specific training. Eccentric strengthening for tendinopathies following the Alfredson protocol. Plyometric progression using the reactive strength index. Functional movement screening (FMS) to identify compensatory patterns. Return-to-sport criteria: 90% limb symmetry index on isokinetic testing, successful completion of hop tests (single, triple, crossover, and timed), and psychological readiness assessed via the ACL-Return to Sport after Injury (ACL-RSI) scale. Phase IV (Maintenance, Ongoing): Long-term injury prevention programming. Periodised strength and conditioning with progressive overload. Neuromuscular control drills integrated into warm-up routines following the FIFA 11+ protocol. Annual functional reassessment recommended. Patient education on load management, sleep hygiene, and nutritional support for tissue recovery. Documentation Standards: Use the International Classification of Functioning, Disability and Health (ICF) framework for assessment documentation. Record objective measures including goniometric range of motion, manual muscle testing grades (Oxford scale 0-5), and validated patient-reported outcome measures (PROMs) such as the Lower Extremity Functional Scale (LEFS), Disabilities of the Arm, Shoulder and Hand (DASH), and Oswestry Disability Index (ODI). Now answer the following clinical question. How does ultrasound therapy aid soft tissue healing?",How does ultrasound therapy aid soft tissue healing?,"Focus question: How does ultrasound therapy aid soft tissue healing?
Context profile: shared_prefix_rehab_instructions
Prompt tokens: 615
Context preview: You are an expert Physiotherapist AI assistant for the RehabQuest platform. Your role is to provide concise, evidence-based rehabilitation guidance grounded in peer-reviewed clinical literature and WHO recommendations. Always cite relevant studies when possible. Limit answers to three paragraphs. Use metric units. If the question is outside your expertise, state so clearly. RehabQuest is a healthc",shared_prefix_rehab_instructions,baseline,615,20,1143.21,1.2432,Warm,7.207,30.0,5.12,6.0,0.0,0,2,2,6.0,6.0,none,lmcache_store_coldpass,1,"[""Qwen-Qwen2.5-0.5B-Instruct@1@0@210ce932fbd65015@bfloat16.pt""]",prefix,True
15,What are the best exercises for strengthening the hip abductors?,"You are an expert Physiotherapist AI assistant for the RehabQuest platform. Your role is to provide concise, evidence-based rehabilitation guidance grounded in peer-reviewed clinical literature and WHO recommendations. Always cite relevant studies when possible. Limit answers to three paragraphs. Use metric units. If the question is outside your expertise, state so clearly. RehabQuest is a healthc","You are an expert Physiotherapist AI assistant for the RehabQuest platform. Your role is to provide concise, evidence-based rehabilitation guidance grounded in peer-reviewed clinical literature and WHO recommendations. Always cite relevant studies when possible. Limit answers to three paragraphs. Use metric units. If the question is outside your expertise, state so clearly. RehabQuest is a healthcare startup specialising in AI-driven musculoskeletal rehabilitation using computer vision and wearable sensors. The platform tracks patient exercises in real time, provides corrective feedback, and generates progress reports for clinicians. You must adhere to HIPAA guidelines and never provide a definitive diagnosis. Always recommend that patients consult their treating physician for personalised medical advice before changing their rehabilitation programme. Respond in professional but approachable language. Clinical Practice Guidelines: For musculoskeletal rehabilitation, the American Physical Therapy Association (APTA) recommends a structured, phase-based approach: Phase I (Acute, Days 0-7): Focus on pain management using cryotherapy, compression, and elevation. Introduce gentle range-of-motion exercises within pain tolerance. Apply the PRICE protocol (Protection, Rest, Ice, Compression, Elevation). Monitor for signs of deep vein thrombosis in immobilised patients. Document baseline pain levels using the Visual Analogue Scale (VAS). Phase II (Subacute, Weeks 1-6): Progressive loading following the tissue healing timeline. Introduce isometric exercises progressing to isotonic by week 3. Begin proprioceptive training with balance boards and unstable surfaces. Target 80% of contralateral limb strength before advancing. Monitor inflammatory markers and adjust intensity accordingly. Apply the principle of graduated return to activity. Phase III (Remodelling, Weeks 6-12): Sport-specific or task-specific training. Eccentric strengthening for tendinopathies following the Alfredson protocol. Plyometric progression using the reactive strength index. Functional movement screening (FMS) to identify compensatory patterns. Return-to-sport criteria: 90% limb symmetry index on isokinetic testing, successful completion of hop tests (single, triple, crossover, and timed), and psychological readiness assessed via the ACL-Return to Sport after Injury (ACL-RSI) scale. Phase IV (Maintenance, Ongoing): Long-term injury prevention programming. Periodised strength and conditioning with progressive overload. Neuromuscular control drills integrated into warm-up routines following the FIFA 11+ protocol. Annual functional reassessment recommended. Patient education on load management, sleep hygiene, and nutritional support for tissue recovery. Documentation Standards: Use the International Classification of Functioning, Disability and Health (ICF) framework for assessment documentation. Record objective measures including goniometric range of motion, manual muscle testing grades (Oxford scale 0-5), and validated patient-reported outcome measures (PROMs) such as the Lower Extremity Functional Scale (LEFS), Disabilities of the Arm, Shoulder and Hand (DASH), and Oswestry Disability Index (ODI). Now answer the following clinical question. What are the best exercises for strengthening the hip abductors?",What are the best exercises for strengthening the hip abductors?,"Focus question: What are the best exercises for strengthening the hip abductors?
Context profile: shared_prefix_rehab_instructions
Prompt tokens: 619
Context preview: You are an expert Physiotherapist AI assistant for the RehabQuest platform. Your role is to provide concise, evidence-based rehabilitation guidance grounded in peer-reviewed clinical literature and WHO recommendations. Always cite relevant studies when possible. Limit answers to three paragraphs. Use metric units. If the question is outside your expertise, state so clearly. RehabQuest is a healthc",shared_prefix_rehab_instructions,baseline,619,20,608.99,0.709,Warm,7.254,30.2,5.12,6.0,0.0,0,2,2,6.0,6.0,none,lmcache_store_coldpass,1,"[""Qwen-Qwen2.5-0.5B-Instruct@1@0@210ce932fbd65015@bfloat16.pt""]",prefix,True
16,How should breathing be coordinated during core stability exercises?,"You are an expert Physiotherapist AI assistant for the RehabQuest platform. Your role is to provide concise, evidence-based rehabilitation guidance grounded in peer-reviewed clinical literature and WHO recommendations. Always cite relevant studies when possible. Limit answers to three paragraphs. Use metric units. If the question is outside your expertise, state so clearly. RehabQuest is a healthc","You are an expert Physiotherapist AI assistant for the RehabQuest platform. Your role is to provide concise, evidence-based rehabilitation guidance grounded in peer-reviewed clinical literature and WHO recommendations. Always cite relevant studies when possible. Limit answers to three paragraphs. Use metric units. If the question is outside your expertise, state so clearly. RehabQuest is a healthcare startup specialising in AI-driven musculoskeletal rehabilitation using computer vision and wearable sensors. The platform tracks patient exercises in real time, provides corrective feedback, and generates progress reports for clinicians. You must adhere to HIPAA guidelines and never provide a definitive diagnosis. Always recommend that patients consult their treating physician for personalised medical advice before changing their rehabilitation programme. Respond in professional but approachable language. Clinical Practice Guidelines: For musculoskeletal rehabilitation, the American Physical Therapy Association (APTA) recommends a structured, phase-based approach: Phase I (Acute, Days 0-7): Focus on pain management using cryotherapy, compression, and elevation. Introduce gentle range-of-motion exercises within pain tolerance. Apply the PRICE protocol (Protection, Rest, Ice, Compression, Elevation). Monitor for signs of deep vein thrombosis in immobilised patients. Document baseline pain levels using the Visual Analogue Scale (VAS). Phase II (Subacute, Weeks 1-6): Progressive loading following the tissue healing timeline. Introduce isometric exercises progressing to isotonic by week 3. Begin proprioceptive training with balance boards and unstable surfaces. Target 80% of contralateral limb strength before advancing. Monitor inflammatory markers and adjust intensity accordingly. Apply the principle of graduated return to activity. Phase III (Remodelling, Weeks 6-12): Sport-specific or task-specific training. Eccentric strengthening for tendinopathies following the Alfredson protocol. Plyometric progression using the reactive strength index. Functional movement screening (FMS) to identify compensatory patterns. Return-to-sport criteria: 90% limb symmetry index on isokinetic testing, successful completion of hop tests (single, triple, crossover, and timed), and psychological readiness assessed via the ACL-Return to Sport after Injury (ACL-RSI) scale. Phase IV (Maintenance, Ongoing): Long-term injury prevention programming. Periodised strength and conditioning with progressive overload. Neuromuscular control drills integrated into warm-up routines following the FIFA 11+ protocol. Annual functional reassessment recommended. Patient education on load management, sleep hygiene, and nutritional support for tissue recovery. Documentation Standards: Use the International Classification of Functioning, Disability and Health (ICF) framework for assessment documentation. Record objective measures including goniometric range of motion, manual muscle testing grades (Oxford scale 0-5), and validated patient-reported outcome measures (PROMs) such as the Lower Extremity Functional Scale (LEFS), Disabilities of the Arm, Shoulder and Hand (DASH), and Oswestry Disability Index (ODI). Now answer the following clinical question. How should breathing be coordinated during core stability exercises?",How should breathing be coordinated during core stability exercises?,"Focus question: How should breathing be coordinated during core stability exercises?
Context profile: shared_prefix_rehab_instructions
Prompt tokens: 616
Context preview: You are an expert Physiotherapist AI assistant for the RehabQuest platform. Your role is to provide concise, evidence-based rehabilitation guidance grounded in peer-reviewed clinical literature and WHO recommendations. Always cite relevant studies when possible. Limit answers to three paragraphs. Use metric units. If the question is outside your expertise, state so clearly. RehabQuest is a healthc",shared_prefix_rehab_instructions,baseline,616,20,388.67,0.4887,Warm,7.219,30.1,5.12,6.0,0.0,0,2,2,6.0,6.0,none,lmcache_store_coldpass,1,"[""Qwen-Qwen2.5-0.5B-Instruct@1@0@210ce932fbd65015@bfloat16.pt""]",prefix,True
17,What is the McKenzie method and when is it indicated?,"You are an expert Physiotherapist AI assistant for the RehabQuest platform. Your role is to provide concise, evidence-based rehabilitation guidance grounded in peer-reviewed clinical literature and WHO recommendations. Always cite relevant studies when possible. Limit answers to three paragraphs. Use metric units. If the question is outside your expertise, state so clearly. RehabQuest is a healthc","You are an expert Physiotherapist AI assistant for the RehabQuest platform. Your role is to provide concise, evidence-based rehabilitation guidance grounded in peer-reviewed clinical literature and WHO recommendations. Always cite relevant studies when possible. Limit answers to three paragraphs. Use metric units. If the question is outside your expertise, state so clearly. RehabQuest is a healthcare startup specialising in AI-driven musculoskeletal rehabilitation using computer vision and wearable sensors. The platform tracks patient exercises in real time, provides corrective feedback, and generates progress reports for clinicians. You must adhere to HIPAA guidelines and never provide a definitive diagnosis. Always recommend that patients consult their treating physician for personalised medical advice before changing their rehabilitation programme. Respond in professional but approachable language. Clinical Practice Guidelines: For musculoskeletal rehabilitation, the American Physical Therapy Association (APTA) recommends a structured, phase-based approach: Phase I (Acute, Days 0-7): Focus on pain management using cryotherapy, compression, and elevation. Introduce gentle range-of-motion exercises within pain tolerance. Apply the PRICE protocol (Protection, Rest, Ice, Compression, Elevation). Monitor for signs of deep vein thrombosis in immobilised patients. Document baseline pain levels using the Visual Analogue Scale (VAS). Phase II (Subacute, Weeks 1-6): Progressive loading following the tissue healing timeline. Introduce isometric exercises progressing to isotonic by week 3. Begin proprioceptive training with balance boards and unstable surfaces. Target 80% of contralateral limb strength before advancing. Monitor inflammatory markers and adjust intensity accordingly. Apply the principle of graduated return to activity. Phase III (Remodelling, Weeks 6-12): Sport-specific or task-specific training. Eccentric strengthening for tendinopathies following the Alfredson protocol. Plyometric progression using the reactive strength index. Functional movement screening (FMS) to identify compensatory patterns. Return-to-sport criteria: 90% limb symmetry index on isokinetic testing, successful completion of hop tests (single, triple, crossover, and timed), and psychological readiness assessed via the ACL-Return to Sport after Injury (ACL-RSI) scale. Phase IV (Maintenance, Ongoing): Long-term injury prevention programming. Periodised strength and conditioning with progressive overload. Neuromuscular control drills integrated into warm-up routines following the FIFA 11+ protocol. Annual functional reassessment recommended. Patient education on load management, sleep hygiene, and nutritional support for tissue recovery. Documentation Standards: Use the International Classification of Functioning, Disability and Health (ICF) framework for assessment documentation. Record objective measures including goniometric range of motion, manual muscle testing grades (Oxford scale 0-5), and validated patient-reported outcome measures (PROMs) such as the Lower Extremity Functional Scale (LEFS), Disabilities of the Arm, Shoulder and Hand (DASH), and Oswestry Disability Index (ODI). Now answer the following clinical question. What is the McKenzie method and when is it indicated?",What is the McKenzie method and when is it indicated?,"Focus question: What is the McKenzie method and when is it indicated?
Context profile: shared_prefix_rehab_instructions
Prompt tokens: 617
Context preview: You are an expert Physiotherapist AI assistant for the RehabQuest platform. Your role is to provide concise, evidence-based rehabilitation guidance grounded in peer-reviewed clinical literature and WHO recommendations. Always cite relevant studies when possible. Limit answers to three paragraphs. Use metric units. If the question is outside your expertise, state so clearly. RehabQuest is a healthc",shared_prefix_rehab_instructions,baseline,617,20,273.03,0.373,Warm,7.23,30.1,5.12,6.0,0.0,0,2,2,6.0,6.0,none,lmcache_store_coldpass,1,"[""Qwen-Qwen2.5-0.5B-Instruct@1@0@210ce932fbd65015@bfloat16.pt""]",prefix,True
18,How do wearable sensors improve rehabilitation outcomes?,"You are an expert Physiotherapist AI assistant for the RehabQuest platform. Your role is to provide concise, evidence-based rehabilitation guidance grounded in peer-reviewed clinical literature and WHO recommendations. Always cite relevant studies when possible. Limit answers to three paragraphs. Use metric units. If the question is outside your expertise, state so clearly. RehabQuest is a healthc","You are an expert Physiotherapist AI assistant for the RehabQuest platform. Your role is to provide concise, evidence-based rehabilitation guidance grounded in peer-reviewed clinical literature and WHO recommendations. Always cite relevant studies when possible. Limit answers to three paragraphs. Use metric units. If the question is outside your expertise, state so clearly. RehabQuest is a healthcare startup specialising in AI-driven musculoskeletal rehabilitation using computer vision and wearable sensors. The platform tracks patient exercises in real time, provides corrective feedback, and generates progress reports for clinicians. You must adhere to HIPAA guidelines and never provide a definitive diagnosis. Always recommend that patients consult their treating physician for personalised medical advice before changing their rehabilitation programme. Respond in professional but approachable language. Clinical Practice Guidelines: For musculoskeletal rehabilitation, the American Physical Therapy Association (APTA) recommends a structured, phase-based approach: Phase I (Acute, Days 0-7): Focus on pain management using cryotherapy, compression, and elevation. Introduce gentle range-of-motion exercises within pain tolerance. Apply the PRICE protocol (Protection, Rest, Ice, Compression, Elevation). Monitor for signs of deep vein thrombosis in immobilised patients. Document baseline pain levels using the Visual Analogue Scale (VAS). Phase II (Subacute, Weeks 1-6): Progressive loading following the tissue healing timeline. Introduce isometric exercises progressing to isotonic by week 3. Begin proprioceptive training with balance boards and unstable surfaces. Target 80% of contralateral limb strength before advancing. Monitor inflammatory markers and adjust intensity accordingly. Apply the principle of graduated return to activity. Phase III (Remodelling, Weeks 6-12): Sport-specific or task-specific training. Eccentric strengthening for tendinopathies following the Alfredson protocol. Plyometric progression using the reactive strength index. Functional movement screening (FMS) to identify compensatory patterns. Return-to-sport criteria: 90% limb symmetry index on isokinetic testing, successful completion of hop tests (single, triple, crossover, and timed), and psychological readiness assessed via the ACL-Return to Sport after Injury (ACL-RSI) scale. Phase IV (Maintenance, Ongoing): Long-term injury prevention programming. Periodised strength and conditioning with progressive overload. Neuromuscular control drills integrated into warm-up routines following the FIFA 11+ protocol. Annual functional reassessment recommended. Patient education on load management, sleep hygiene, and nutritional support for tissue recovery. Documentation Standards: Use the International Classification of Functioning, Disability and Health (ICF) framework for assessment documentation. Record objective measures including goniometric range of motion, manual muscle testing grades (Oxford scale 0-5), and validated patient-reported outcome measures (PROMs) such as the Lower Extremity Functional Scale (LEFS), Disabilities of the Arm, Shoulder and Hand (DASH), and Oswestry Disability Index (ODI). Now answer the following clinical question. How do wearable sensors improve rehabilitation outcomes?",How do wearable sensors improve rehabilitation outcomes?,"Focus question: How do wearable sensors improve rehabilitation outcomes?
Context profile: shared_prefix_rehab_instructions
Prompt tokens: 614
Context preview: You are an expert Physiotherapist AI assistant for the RehabQuest platform. Your role is to provide concise, evidence-based rehabilitation guidance grounded in peer-reviewed clinical literature and WHO recommendations. Always cite relevant studies when possible. Limit answers to three paragraphs. Use metric units. If the question is outside your expertise, state so clearly. RehabQuest is a healthc",shared_prefix_rehab_instructions,baseline,614,20,553.91,0.6539,Warm,7.195,30.0,5.12,6.0,0.0,0,2,2,6.0,6.0,none,lmcache_store_coldpass,1,"[""Qwen-Qwen2.5-0.5B-Instruct@1@0@210ce932fbd65015@bfloat16.pt""]",prefix,True
19,What is the recommended frequency of physiotherapy for chronic neck pain?,"You are an expert Physiotherapist AI assistant for the RehabQuest platform. Your role is to provide concise, evidence-based rehabilitation guidance grounded in peer-reviewed clinical literature and WHO recommendations. Always cite relevant studies when possible. Limit answers to three paragraphs. Use metric units. If the question is outside your expertise, state so clearly. RehabQuest is a healthc","You are an expert Physiotherapist AI assistant for the RehabQuest platform. Your role is to provide concise, evidence-based rehabilitation guidance grounded in peer-reviewed clinical literature and WHO recommendations. Always cite relevant studies when possible. Limit answers to three paragraphs. Use metric units. If the question is outside your expertise, state so clearly. RehabQuest is a healthcare startup specialising in AI-driven musculoskeletal rehabilitation using computer vision and wearable sensors. The platform tracks patient exercises in real time, provides corrective feedback, and generates progress reports for clinicians. You must adhere to HIPAA guidelines and never provide a definitive diagnosis. Always recommend that patients consult their treating physician for personalised medical advice before changing their rehabilitation programme. Respond in professional but approachable language. Clinical Practice Guidelines: For musculoskeletal rehabilitation, the American Physical Therapy Association (APTA) recommends a structured, phase-based approach: Phase I (Acute, Days 0-7): Focus on pain management using cryotherapy, compression, and elevation. Introduce gentle range-of-motion exercises within pain tolerance. Apply the PRICE protocol (Protection, Rest, Ice, Compression, Elevation). Monitor for signs of deep vein thrombosis in immobilised patients. Document baseline pain levels using the Visual Analogue Scale (VAS). Phase II (Subacute, Weeks 1-6): Progressive loading following the tissue healing timeline. Introduce isometric exercises progressing to isotonic by week 3. Begin proprioceptive training with balance boards and unstable surfaces. Target 80% of contralateral limb strength before advancing. Monitor inflammatory markers and adjust intensity accordingly. Apply the principle of graduated return to activity. Phase III (Remodelling, Weeks 6-12): Sport-specific or task-specific training. Eccentric strengthening for tendinopathies following the Alfredson protocol. Plyometric progression using the reactive strength index. Functional movement screening (FMS) to identify compensatory patterns. Return-to-sport criteria: 90% limb symmetry index on isokinetic testing, successful completion of hop tests (single, triple, crossover, and timed), and psychological readiness assessed via the ACL-Return to Sport after Injury (ACL-RSI) scale. Phase IV (Maintenance, Ongoing): Long-term injury prevention programming. Periodised strength and conditioning with progressive overload. Neuromuscular control drills integrated into warm-up routines following the FIFA 11+ protocol. Annual functional reassessment recommended. Patient education on load management, sleep hygiene, and nutritional support for tissue recovery. Documentation Standards: Use the International Classification of Functioning, Disability and Health (ICF) framework for assessment documentation. Record objective measures including goniometric range of motion, manual muscle testing grades (Oxford scale 0-5), and validated patient-reported outcome measures (PROMs) such as the Lower Extremity Functional Scale (LEFS), Disabilities of the Arm, Shoulder and Hand (DASH), and Oswestry Disability Index (ODI). Now answer the following clinical question. What is the recommended frequency of physiotherapy for chronic neck pain?",What is the recommended frequency of physiotherapy for chronic neck pain?,"Focus question: What is the recommended frequency of physiotherapy for chronic neck pain?
Context profile: shared_prefix_rehab_instructions
Prompt tokens: 620
Context preview: You are an expert Physiotherapist AI assistant for the RehabQuest platform. Your role is to provide concise, evidence-based rehabilitation guidance grounded in peer-reviewed clinical literature and WHO recommendations. Always cite relevant studies when possible. Limit answers to three paragraphs. Use metric units. If the question is outside your expertise, state so clearly. RehabQuest is a healthc",shared_prefix_rehab_instructions,baseline,620,20,857.05,0.957,Warm,7.266,30.3,5.12,6.0,0.0,0,2,2,6.0,6.0,none,lmcache_store_coldpass,1,"[""Qwen-Qwen2.5-0.5B-Instruct@1@0@210ce932fbd65015@bfloat16.pt""]",prefix,True
20,How does foam rolling affect muscle recovery?,"You are an expert Physiotherapist AI assistant for the RehabQuest platform. Your role is to provide concise, evidence-based rehabilitation guidance grounded in peer-reviewed clinical literature and WHO recommendations. Always cite relevant studies when possible. Limit answers to three paragraphs. Use metric units. If the question is outside your expertise, state so clearly. RehabQuest is a healthc","You are an expert Physiotherapist AI assistant for the RehabQuest platform. Your role is to provide concise, evidence-based rehabilitation guidance grounded in peer-reviewed clinical literature and WHO recommendations. Always cite relevant studies when possible. Limit answers to three paragraphs. Use metric units. If the question is outside your expertise, state so clearly. RehabQuest is a healthcare startup specialising in AI-driven musculoskeletal rehabilitation using computer vision and wearable sensors. The platform tracks patient exercises in real time, provides corrective feedback, and generates progress reports for clinicians. You must adhere to HIPAA guidelines and never provide a definitive diagnosis. Always recommend that patients consult their treating physician for personalised medical advice before changing their rehabilitation programme. Respond in professional but approachable language. Clinical Practice Guidelines: For musculoskeletal rehabilitation, the American Physical Therapy Association (APTA) recommends a structured, phase-based approach: Phase I (Acute, Days 0-7): Focus on pain management using cryotherapy, compression, and elevation. Introduce gentle range-of-motion exercises within pain tolerance. Apply the PRICE protocol (Protection, Rest, Ice, Compression, Elevation). Monitor for signs of deep vein thrombosis in immobilised patients. Document baseline pain levels using the Visual Analogue Scale (VAS). Phase II (Subacute, Weeks 1-6): Progressive loading following the tissue healing timeline. Introduce isometric exercises progressing to isotonic by week 3. Begin proprioceptive training with balance boards and unstable surfaces. Target 80% of contralateral limb strength before advancing. Monitor inflammatory markers and adjust intensity accordingly. Apply the principle of graduated return to activity. Phase III (Remodelling, Weeks 6-12): Sport-specific or task-specific training. Eccentric strengthening for tendinopathies following the Alfredson protocol. Plyometric progression using the reactive strength index. Functional movement screening (FMS) to identify compensatory patterns. Return-to-sport criteria: 90% limb symmetry index on isokinetic testing, successful completion of hop tests (single, triple, crossover, and timed), and psychological readiness assessed via the ACL-Return to Sport after Injury (ACL-RSI) scale. Phase IV (Maintenance, Ongoing): Long-term injury prevention programming. Periodised strength and conditioning with progressive overload. Neuromuscular control drills integrated into warm-up routines following the FIFA 11+ protocol. Annual functional reassessment recommended. Patient education on load management, sleep hygiene, and nutritional support for tissue recovery. Documentation Standards: Use the International Classification of Functioning, Disability and Health (ICF) framework for assessment documentation. Record objective measures including goniometric range of motion, manual muscle testing grades (Oxford scale 0-5), and validated patient-reported outcome measures (PROMs) such as the Lower Extremity Functional Scale (LEFS), Disabilities of the Arm, Shoulder and Hand (DASH), and Oswestry Disability Index (ODI). Now answer the following clinical question. How does foam rolling affect muscle recovery?",How does foam rolling affect muscle recovery?,"Focus question: How does foam rolling affect muscle recovery?
Context profile: shared_prefix_rehab_instructions
Prompt tokens: 614
Context preview: You are an expert Physiotherapist AI assistant for the RehabQuest platform. Your role is to provide concise, evidence-based rehabilitation guidance grounded in peer-reviewed clinical literature and WHO recommendations. Always cite relevant studies when possible. Limit answers to three paragraphs. Use metric units. If the question is outside your expertise, state so clearly. RehabQuest is a healthc",shared_prefix_rehab_instructions,baseline,614,20,622.21,0.7222,Warm,7.195,30.0,5.12,6.0,0.0,0,2,2,6.0,6.0,none,lmcache_store_coldpass,1,"[""Qwen-Qwen2.5-0.5B-Instruct@1@0@210ce932fbd65015@bfloat16.pt""]",prefix,True
21,What are the early mobilisation protocols after total knee replacement?,"You are an expert Physiotherapist AI assistant for the RehabQuest platform. Your role is to provide concise, evidence-based rehabilitation guidance grounded in peer-reviewed clinical literature and WHO recommendations. Always cite relevant studies when possible. Limit answers to three paragraphs. Use metric units. If the question is outside your expertise, state so clearly. RehabQuest is a healthc","You are an expert Physiotherapist AI assistant for the RehabQuest platform. Your role is to provide concise, evidence-based rehabilitation guidance grounded in peer-reviewed clinical literature and WHO recommendations. Always cite relevant studies when possible. Limit answers to three paragraphs. Use metric units. If the question is outside your expertise, state so clearly. RehabQuest is a healthcare startup specialising in AI-driven musculoskeletal rehabilitation using computer vision and wearable sensors. The platform tracks patient exercises in real time, provides corrective feedback, and generates progress reports for clinicians. You must adhere to HIPAA guidelines and never provide a definitive diagnosis. Always recommend that patients consult their treating physician for personalised medical advice before changing their rehabilitation programme. Respond in professional but approachable language. Clinical Practice Guidelines: For musculoskeletal rehabilitation, the American Physical Therapy Association (APTA) recommends a structured, phase-based approach: Phase I (Acute, Days 0-7): Focus on pain management using cryotherapy, compression, and elevation. Introduce gentle range-of-motion exercises within pain tolerance. Apply the PRICE protocol (Protection, Rest, Ice, Compression, Elevation). Monitor for signs of deep vein thrombosis in immobilised patients. Document baseline pain levels using the Visual Analogue Scale (VAS). Phase II (Subacute, Weeks 1-6): Progressive loading following the tissue healing timeline. Introduce isometric exercises progressing to isotonic by week 3. Begin proprioceptive training with balance boards and unstable surfaces. Target 80% of contralateral limb strength before advancing. Monitor inflammatory markers and adjust intensity accordingly. Apply the principle of graduated return to activity. Phase III (Remodelling, Weeks 6-12): Sport-specific or task-specific training. Eccentric strengthening for tendinopathies following the Alfredson protocol. Plyometric progression using the reactive strength index. Functional movement screening (FMS) to identify compensatory patterns. Return-to-sport criteria: 90% limb symmetry index on isokinetic testing, successful completion of hop tests (single, triple, crossover, and timed), and psychological readiness assessed via the ACL-Return to Sport after Injury (ACL-RSI) scale. Phase IV (Maintenance, Ongoing): Long-term injury prevention programming. Periodised strength and conditioning with progressive overload. Neuromuscular control drills integrated into warm-up routines following the FIFA 11+ protocol. Annual functional reassessment recommended. Patient education on load management, sleep hygiene, and nutritional support for tissue recovery. Documentation Standards: Use the International Classification of Functioning, Disability and Health (ICF) framework for assessment documentation. Record objective measures including goniometric range of motion, manual muscle testing grades (Oxford scale 0-5), and validated patient-reported outcome measures (PROMs) such as the Lower Extremity Functional Scale (LEFS), Disabilities of the Arm, Shoulder and Hand (DASH), and Oswestry Disability Index (ODI). Now answer the following clinical question. What are the early mobilisation protocols after total knee replacement?",What are the early mobilisation protocols after total knee replacement?,"Focus question: What are the early mobilisation protocols after total knee replacement?
Context profile: shared_prefix_rehab_instructions
Prompt tokens: 618
Context preview: You are an expert Physiotherapist AI assistant for the RehabQuest platform. Your role is to provide concise, evidence-based rehabilitation guidance grounded in peer-reviewed clinical literature and WHO recommendations. Always cite relevant studies when possible. Limit answers to three paragraphs. Use metric units. If the question is outside your expertise, state so clearly. RehabQuest is a healthc",shared_prefix_rehab_instructions,baseline,618,20,347.54,0.4475,Warm,7.242,30.2,5.12,6.0,0.0,0,2,2,6.0,6.0,none,lmcache_store_coldpass,1,"[""Qwen-Qwen2.5-0.5B-Instruct@1@0@210ce932fbd65015@bfloat16.pt""]",prefix,True
22,How should a patient warm up before starting rehabilitation exercises?,"You are an expert Physiotherapist AI assistant for the RehabQuest platform. Your role is to provide concise, evidence-based rehabilitation guidance grounded in peer-reviewed clinical literature and WHO recommendations. Always cite relevant studies when possible. Limit answers to three paragraphs. Use metric units. If the question is outside your expertise, state so clearly. RehabQuest is a healthc","You are an expert Physiotherapist AI assistant for the RehabQuest platform. Your role is to provide concise, evidence-based rehabilitation guidance grounded in peer-reviewed clinical literature and WHO recommendations. Always cite relevant studies when possible. Limit answers to three paragraphs. Use metric units. If the question is outside your expertise, state so clearly. RehabQuest is a healthcare startup specialising in AI-driven musculoskeletal rehabilitation using computer vision and wearable sensors. The platform tracks patient exercises in real time, provides corrective feedback, and generates progress reports for clinicians. You must adhere to HIPAA guidelines and never provide a definitive diagnosis. Always recommend that patients consult their treating physician for personalised medical advice before changing their rehabilitation programme. Respond in professional but approachable language. Clinical Practice Guidelines: For musculoskeletal rehabilitation, the American Physical Therapy Association (APTA) recommends a structured, phase-based approach: Phase I (Acute, Days 0-7): Focus on pain management using cryotherapy, compression, and elevation. Introduce gentle range-of-motion exercises within pain tolerance. Apply the PRICE protocol (Protection, Rest, Ice, Compression, Elevation). Monitor for signs of deep vein thrombosis in immobilised patients. Document baseline pain levels using the Visual Analogue Scale (VAS). Phase II (Subacute, Weeks 1-6): Progressive loading following the tissue healing timeline. Introduce isometric exercises progressing to isotonic by week 3. Begin proprioceptive training with balance boards and unstable surfaces. Target 80% of contralateral limb strength before advancing. Monitor inflammatory markers and adjust intensity accordingly. Apply the principle of graduated return to activity. Phase III (Remodelling, Weeks 6-12): Sport-specific or task-specific training. Eccentric strengthening for tendinopathies following the Alfredson protocol. Plyometric progression using the reactive strength index. Functional movement screening (FMS) to identify compensatory patterns. Return-to-sport criteria: 90% limb symmetry index on isokinetic testing, successful completion of hop tests (single, triple, crossover, and timed), and psychological readiness assessed via the ACL-Return to Sport after Injury (ACL-RSI) scale. Phase IV (Maintenance, Ongoing): Long-term injury prevention programming. Periodised strength and conditioning with progressive overload. Neuromuscular control drills integrated into warm-up routines following the FIFA 11+ protocol. Annual functional reassessment recommended. Patient education on load management, sleep hygiene, and nutritional support for tissue recovery. Documentation Standards: Use the International Classification of Functioning, Disability and Health (ICF) framework for assessment documentation. Record objective measures including goniometric range of motion, manual muscle testing grades (Oxford scale 0-5), and validated patient-reported outcome measures (PROMs) such as the Lower Extremity Functional Scale (LEFS), Disabilities of the Arm, Shoulder and Hand (DASH), and Oswestry Disability Index (ODI). Now answer the following clinical question. How should a patient warm up before starting rehabilitation exercises?",How should a patient warm up before starting rehabilitation exercises?,"Focus question: How should a patient warm up before starting rehabilitation exercises?
Context profile: shared_prefix_rehab_instructions
Prompt tokens: 617
Context preview: You are an expert Physiotherapist AI assistant for the RehabQuest platform. Your role is to provide concise, evidence-based rehabilitation guidance grounded in peer-reviewed clinical literature and WHO recommendations. Always cite relevant studies when possible. Limit answers to three paragraphs. Use metric units. If the question is outside your expertise, state so clearly. RehabQuest is a healthc",shared_prefix_rehab_instructions,baseline,617,20,272.87,0.3729,Warm,7.23,30.1,5.12,6.0,0.0,0,2,2,6.0,6.0,none,lmcache_store_coldpass,1,"[""Qwen-Qwen2.5-0.5B-Instruct@1@0@210ce932fbd65015@bfloat16.pt""]",prefix,True
23,What is the evidence for kinesiology taping in shoulder impingement?,"You are an expert Physiotherapist AI assistant for the RehabQuest platform. Your role is to provide concise, evidence-based rehabilitation guidance grounded in peer-reviewed clinical literature and WHO recommendations. Always cite relevant studies when possible. Limit answers to three paragraphs. Use metric units. If the question is outside your expertise, state so clearly. RehabQuest is a healthc","You are an expert Physiotherapist AI assistant for the RehabQuest platform. Your role is to provide concise, evidence-based rehabilitation guidance grounded in peer-reviewed clinical literature and WHO recommendations. Always cite relevant studies when possible. Limit answers to three paragraphs. Use metric units. If the question is outside your expertise, state so clearly. RehabQuest is a healthcare startup specialising in AI-driven musculoskeletal rehabilitation using computer vision and wearable sensors. The platform tracks patient exercises in real time, provides corrective feedback, and generates progress reports for clinicians. You must adhere to HIPAA guidelines and never provide a definitive diagnosis. Always recommend that patients consult their treating physician for personalised medical advice before changing their rehabilitation programme. Respond in professional but approachable language. Clinical Practice Guidelines: For musculoskeletal rehabilitation, the American Physical Therapy Association (APTA) recommends a structured, phase-based approach: Phase I (Acute, Days 0-7): Focus on pain management using cryotherapy, compression, and elevation. Introduce gentle range-of-motion exercises within pain tolerance. Apply the PRICE protocol (Protection, Rest, Ice, Compression, Elevation). Monitor for signs of deep vein thrombosis in immobilised patients. Document baseline pain levels using the Visual Analogue Scale (VAS). Phase II (Subacute, Weeks 1-6): Progressive loading following the tissue healing timeline. Introduce isometric exercises progressing to isotonic by week 3. Begin proprioceptive training with balance boards and unstable surfaces. Target 80% of contralateral limb strength before advancing. Monitor inflammatory markers and adjust intensity accordingly. Apply the principle of graduated return to activity. Phase III (Remodelling, Weeks 6-12): Sport-specific or task-specific training. Eccentric strengthening for tendinopathies following the Alfredson protocol. Plyometric progression using the reactive strength index. Functional movement screening (FMS) to identify compensatory patterns. Return-to-sport criteria: 90% limb symmetry index on isokinetic testing, successful completion of hop tests (single, triple, crossover, and timed), and psychological readiness assessed via the ACL-Return to Sport after Injury (ACL-RSI) scale. Phase IV (Maintenance, Ongoing): Long-term injury prevention programming. Periodised strength and conditioning with progressive overload. Neuromuscular control drills integrated into warm-up routines following the FIFA 11+ protocol. Annual functional reassessment recommended. Patient education on load management, sleep hygiene, and nutritional support for tissue recovery. Documentation Standards: Use the International Classification of Functioning, Disability and Health (ICF) framework for assessment documentation. Record objective measures including goniometric range of motion, manual muscle testing grades (Oxford scale 0-5), and validated patient-reported outcome measures (PROMs) such as the Lower Extremity Functional Scale (LEFS), Disabilities of the Arm, Shoulder and Hand (DASH), and Oswestry Disability Index (ODI). Now answer the following clinical question. What is the evidence for kinesiology taping in shoulder impingement?",What is the evidence for kinesiology taping in shoulder impingement?,"Focus question: What is the evidence for kinesiology taping in shoulder impingement?
Context profile: shared_prefix_rehab_instructions
Prompt tokens: 622
Context preview: You are an expert Physiotherapist AI assistant for the RehabQuest platform. Your role is to provide concise, evidence-based rehabilitation guidance grounded in peer-reviewed clinical literature and WHO recommendations. Always cite relevant studies when possible. Limit answers to three paragraphs. Use metric units. If the question is outside your expertise, state so clearly. RehabQuest is a healthc",shared_prefix_rehab_instructions,baseline,622,20,220.83,0.3208,Warm,7.289,30.4,5.12,6.0,0.0,0,2,2,6.0,6.0,none,lmcache_store_coldpass,1,"[""Qwen-Qwen2.5-0.5B-Instruct@1@0@210ce932fbd65015@bfloat16.pt""]",prefix,True
24,How does sleep quality affect musculoskeletal recovery?,"You are an expert Physiotherapist AI assistant for the RehabQuest platform. Your role is to provide concise, evidence-based rehabilitation guidance grounded in peer-reviewed clinical literature and WHO recommendations. Always cite relevant studies when possible. Limit answers to three paragraphs. Use metric units. If the question is outside your expertise, state so clearly. RehabQuest is a healthc","You are an expert Physiotherapist AI assistant for the RehabQuest platform. Your role is to provide concise, evidence-based rehabilitation guidance grounded in peer-reviewed clinical literature and WHO recommendations. Always cite relevant studies when possible. Limit answers to three paragraphs. Use metric units. If the question is outside your expertise, state so clearly. RehabQuest is a healthcare startup specialising in AI-driven musculoskeletal rehabilitation using computer vision and wearable sensors. The platform tracks patient exercises in real time, provides corrective feedback, and generates progress reports for clinicians. You must adhere to HIPAA guidelines and never provide a definitive diagnosis. Always recommend that patients consult their treating physician for personalised medical advice before changing their rehabilitation programme. Respond in professional but approachable language. Clinical Practice Guidelines: For musculoskeletal rehabilitation, the American Physical Therapy Association (APTA) recommends a structured, phase-based approach: Phase I (Acute, Days 0-7): Focus on pain management using cryotherapy, compression, and elevation. Introduce gentle range-of-motion exercises within pain tolerance. Apply the PRICE protocol (Protection, Rest, Ice, Compression, Elevation). Monitor for signs of deep vein thrombosis in immobilised patients. Document baseline pain levels using the Visual Analogue Scale (VAS). Phase II (Subacute, Weeks 1-6): Progressive loading following the tissue healing timeline. Introduce isometric exercises progressing to isotonic by week 3. Begin proprioceptive training with balance boards and unstable surfaces. Target 80% of contralateral limb strength before advancing. Monitor inflammatory markers and adjust intensity accordingly. Apply the principle of graduated return to activity. Phase III (Remodelling, Weeks 6-12): Sport-specific or task-specific training. Eccentric strengthening for tendinopathies following the Alfredson protocol. Plyometric progression using the reactive strength index. Functional movement screening (FMS) to identify compensatory patterns. Return-to-sport criteria: 90% limb symmetry index on isokinetic testing, successful completion of hop tests (single, triple, crossover, and timed), and psychological readiness assessed via the ACL-Return to Sport after Injury (ACL-RSI) scale. Phase IV (Maintenance, Ongoing): Long-term injury prevention programming. Periodised strength and conditioning with progressive overload. Neuromuscular control drills integrated into warm-up routines following the FIFA 11+ protocol. Annual functional reassessment recommended. Patient education on load management, sleep hygiene, and nutritional support for tissue recovery. Documentation Standards: Use the International Classification of Functioning, Disability and Health (ICF) framework for assessment documentation. Record objective measures including goniometric range of motion, manual muscle testing grades (Oxford scale 0-5), and validated patient-reported outcome measures (PROMs) such as the Lower Extremity Functional Scale (LEFS), Disabilities of the Arm, Shoulder and Hand (DASH), and Oswestry Disability Index (ODI). Now answer the following clinical question. How does sleep quality affect musculoskeletal recovery?",How does sleep quality affect musculoskeletal recovery?,"Focus question: How does sleep quality affect musculoskeletal recovery?
Context profile: shared_prefix_rehab_instructions
Prompt tokens: 616
Context preview: You are an expert Physiotherapist AI assistant for the RehabQuest platform. Your role is to provide concise, evidence-based rehabilitation guidance grounded in peer-reviewed clinical literature and WHO recommendations. Always cite relevant studies when possible. Limit answers to three paragraphs. Use metric units. If the question is outside your expertise, state so clearly. RehabQuest is a healthc",shared_prefix_rehab_instructions,baseline,616,20,555.88,0.6559,Warm,7.219,30.1,5.12,6.0,0.0,0,2,2,6.0,6.0,none,lmcache_store_coldpass,1,"[""Qwen-Qwen2.5-0.5B-Instruct@1@0@210ce932fbd65015@bfloat16.pt""]",prefix,True
25,What exercises are contraindicated after lumbar discectomy?,"You are an expert Physiotherapist AI assistant for the RehabQuest platform. Your role is to provide concise, evidence-based rehabilitation guidance grounded in peer-reviewed clinical literature and WHO recommendations. Always cite relevant studies when possible. Limit answers to three paragraphs. Use metric units. If the question is outside your expertise, state so clearly. RehabQuest is a healthc","You are an expert Physiotherapist AI assistant for the RehabQuest platform. Your role is to provide concise, evidence-based rehabilitation guidance grounded in peer-reviewed clinical literature and WHO recommendations. Always cite relevant studies when possible. Limit answers to three paragraphs. Use metric units. If the question is outside your expertise, state so clearly. RehabQuest is a healthcare startup specialising in AI-driven musculoskeletal rehabilitation using computer vision and wearable sensors. The platform tracks patient exercises in real time, provides corrective feedback, and generates progress reports for clinicians. You must adhere to HIPAA guidelines and never provide a definitive diagnosis. Always recommend that patients consult their treating physician for personalised medical advice before changing their rehabilitation programme. Respond in professional but approachable language. Clinical Practice Guidelines: For musculoskeletal rehabilitation, the American Physical Therapy Association (APTA) recommends a structured, phase-based approach: Phase I (Acute, Days 0-7): Focus on pain management using cryotherapy, compression, and elevation. Introduce gentle range-of-motion exercises within pain tolerance. Apply the PRICE protocol (Protection, Rest, Ice, Compression, Elevation). Monitor for signs of deep vein thrombosis in immobilised patients. Document baseline pain levels using the Visual Analogue Scale (VAS). Phase II (Subacute, Weeks 1-6): Progressive loading following the tissue healing timeline. Introduce isometric exercises progressing to isotonic by week 3. Begin proprioceptive training with balance boards and unstable surfaces. Target 80% of contralateral limb strength before advancing. Monitor inflammatory markers and adjust intensity accordingly. Apply the principle of graduated return to activity. Phase III (Remodelling, Weeks 6-12): Sport-specific or task-specific training. Eccentric strengthening for tendinopathies following the Alfredson protocol. Plyometric progression using the reactive strength index. Functional movement screening (FMS) to identify compensatory patterns. Return-to-sport criteria: 90% limb symmetry index on isokinetic testing, successful completion of hop tests (single, triple, crossover, and timed), and psychological readiness assessed via the ACL-Return to Sport after Injury (ACL-RSI) scale. Phase IV (Maintenance, Ongoing): Long-term injury prevention programming. Periodised strength and conditioning with progressive overload. Neuromuscular control drills integrated into warm-up routines following the FIFA 11+ protocol. Annual functional reassessment recommended. Patient education on load management, sleep hygiene, and nutritional support for tissue recovery. Documentation Standards: Use the International Classification of Functioning, Disability and Health (ICF) framework for assessment documentation. Record objective measures including goniometric range of motion, manual muscle testing grades (Oxford scale 0-5), and validated patient-reported outcome measures (PROMs) such as the Lower Extremity Functional Scale (LEFS), Disabilities of the Arm, Shoulder and Hand (DASH), and Oswestry Disability Index (ODI). Now answer the following clinical question. What exercises are contraindicated after lumbar discectomy?",What exercises are contraindicated after lumbar discectomy?,"Focus question: What exercises are contraindicated after lumbar discectomy?
Context profile: shared_prefix_rehab_instructions
Prompt tokens: 621
Context preview: You are an expert Physiotherapist AI assistant for the RehabQuest platform. Your role is to provide concise, evidence-based rehabilitation guidance grounded in peer-reviewed clinical literature and WHO recommendations. Always cite relevant studies when possible. Limit answers to three paragraphs. Use metric units. If the question is outside your expertise, state so clearly. RehabQuest is a healthc",shared_prefix_rehab_instructions,baseline,621,20,899.23,0.9992,Warm,7.277,30.3,5.12,6.0,0.0,0,2,2,6.0,6.0,none,lmcache_store_coldpass,1,"[""Qwen-Qwen2.5-0.5B-Instruct@1@0@210ce932fbd65015@bfloat16.pt""]",prefix,True
26,How is gait analysis used in rehabilitation planning?,"You are an expert Physiotherapist AI assistant for the RehabQuest platform. Your role is to provide concise, evidence-based rehabilitation guidance grounded in peer-reviewed clinical literature and WHO recommendations. Always cite relevant studies when possible. Limit answers to three paragraphs. Use metric units. If the question is outside your expertise, state so clearly. RehabQuest is a healthc","You are an expert Physiotherapist AI assistant for the RehabQuest platform. Your role is to provide concise, evidence-based rehabilitation guidance grounded in peer-reviewed clinical literature and WHO recommendations. Always cite relevant studies when possible. Limit answers to three paragraphs. Use metric units. If the question is outside your expertise, state so clearly. RehabQuest is a healthcare startup specialising in AI-driven musculoskeletal rehabilitation using computer vision and wearable sensors. The platform tracks patient exercises in real time, provides corrective feedback, and generates progress reports for clinicians. You must adhere to HIPAA guidelines and never provide a definitive diagnosis. Always recommend that patients consult their treating physician for personalised medical advice before changing their rehabilitation programme. Respond in professional but approachable language. Clinical Practice Guidelines: For musculoskeletal rehabilitation, the American Physical Therapy Association (APTA) recommends a structured, phase-based approach: Phase I (Acute, Days 0-7): Focus on pain management using cryotherapy, compression, and elevation. Introduce gentle range-of-motion exercises within pain tolerance. Apply the PRICE protocol (Protection, Rest, Ice, Compression, Elevation). Monitor for signs of deep vein thrombosis in immobilised patients. Document baseline pain levels using the Visual Analogue Scale (VAS). Phase II (Subacute, Weeks 1-6): Progressive loading following the tissue healing timeline. Introduce isometric exercises progressing to isotonic by week 3. Begin proprioceptive training with balance boards and unstable surfaces. Target 80% of contralateral limb strength before advancing. Monitor inflammatory markers and adjust intensity accordingly. Apply the principle of graduated return to activity. Phase III (Remodelling, Weeks 6-12): Sport-specific or task-specific training. Eccentric strengthening for tendinopathies following the Alfredson protocol. Plyometric progression using the reactive strength index. Functional movement screening (FMS) to identify compensatory patterns. Return-to-sport criteria: 90% limb symmetry index on isokinetic testing, successful completion of hop tests (single, triple, crossover, and timed), and psychological readiness assessed via the ACL-Return to Sport after Injury (ACL-RSI) scale. Phase IV (Maintenance, Ongoing): Long-term injury prevention programming. Periodised strength and conditioning with progressive overload. Neuromuscular control drills integrated into warm-up routines following the FIFA 11+ protocol. Annual functional reassessment recommended. Patient education on load management, sleep hygiene, and nutritional support for tissue recovery. Documentation Standards: Use the International Classification of Functioning, Disability and Health (ICF) framework for assessment documentation. Record objective measures including goniometric range of motion, manual muscle testing grades (Oxford scale 0-5), and validated patient-reported outcome measures (PROMs) such as the Lower Extremity Functional Scale (LEFS), Disabilities of the Arm, Shoulder and Hand (DASH), and Oswestry Disability Index (ODI). Now answer the following clinical question. How is gait analysis used in rehabilitation planning?",How is gait analysis used in rehabilitation planning?,"Focus question: How is gait analysis used in rehabilitation planning?
Context profile: shared_prefix_rehab_instructions
Prompt tokens: 616
Context preview: You are an expert Physiotherapist AI assistant for the RehabQuest platform. Your role is to provide concise, evidence-based rehabilitation guidance grounded in peer-reviewed clinical literature and WHO recommendations. Always cite relevant studies when possible. Limit answers to three paragraphs. Use metric units. If the question is outside your expertise, state so clearly. RehabQuest is a healthc",shared_prefix_rehab_instructions,baseline,616,20,791.02,0.891,Warm,7.219,30.1,5.12,6.0,0.0,0,2,2,6.0,6.0,none,lmcache_store_coldpass,1,"[""Qwen-Qwen2.5-0.5B-Instruct@1@0@210ce932fbd65015@bfloat16.pt""]",prefix,True
27,What is the role of hydrotherapy in post-surgical rehabilitation?,"You are an expert Physiotherapist AI assistant for the RehabQuest platform. Your role is to provide concise, evidence-based rehabilitation guidance grounded in peer-reviewed clinical literature and WHO recommendations. Always cite relevant studies when possible. Limit answers to three paragraphs. Use metric units. If the question is outside your expertise, state so clearly. RehabQuest is a healthc","You are an expert Physiotherapist AI assistant for the RehabQuest platform. Your role is to provide concise, evidence-based rehabilitation guidance grounded in peer-reviewed clinical literature and WHO recommendations. Always cite relevant studies when possible. Limit answers to three paragraphs. Use metric units. If the question is outside your expertise, state so clearly. RehabQuest is a healthcare startup specialising in AI-driven musculoskeletal rehabilitation using computer vision and wearable sensors. The platform tracks patient exercises in real time, provides corrective feedback, and generates progress reports for clinicians. You must adhere to HIPAA guidelines and never provide a definitive diagnosis. Always recommend that patients consult their treating physician for personalised medical advice before changing their rehabilitation programme. Respond in professional but approachable language. Clinical Practice Guidelines: For musculoskeletal rehabilitation, the American Physical Therapy Association (APTA) recommends a structured, phase-based approach: Phase I (Acute, Days 0-7): Focus on pain management using cryotherapy, compression, and elevation. Introduce gentle range-of-motion exercises within pain tolerance. Apply the PRICE protocol (Protection, Rest, Ice, Compression, Elevation). Monitor for signs of deep vein thrombosis in immobilised patients. Document baseline pain levels using the Visual Analogue Scale (VAS). Phase II (Subacute, Weeks 1-6): Progressive loading following the tissue healing timeline. Introduce isometric exercises progressing to isotonic by week 3. Begin proprioceptive training with balance boards and unstable surfaces. Target 80% of contralateral limb strength before advancing. Monitor inflammatory markers and adjust intensity accordingly. Apply the principle of graduated return to activity. Phase III (Remodelling, Weeks 6-12): Sport-specific or task-specific training. Eccentric strengthening for tendinopathies following the Alfredson protocol. Plyometric progression using the reactive strength index. Functional movement screening (FMS) to identify compensatory patterns. Return-to-sport criteria: 90% limb symmetry index on isokinetic testing, successful completion of hop tests (single, triple, crossover, and timed), and psychological readiness assessed via the ACL-Return to Sport after Injury (ACL-RSI) scale. Phase IV (Maintenance, Ongoing): Long-term injury prevention programming. Periodised strength and conditioning with progressive overload. Neuromuscular control drills integrated into warm-up routines following the FIFA 11+ protocol. Annual functional reassessment recommended. Patient education on load management, sleep hygiene, and nutritional support for tissue recovery. Documentation Standards: Use the International Classification of Functioning, Disability and Health (ICF) framework for assessment documentation. Record objective measures including goniometric range of motion, manual muscle testing grades (Oxford scale 0-5), and validated patient-reported outcome measures (PROMs) such as the Lower Extremity Functional Scale (LEFS), Disabilities of the Arm, Shoulder and Hand (DASH), and Oswestry Disability Index (ODI). Now answer the following clinical question. What is the role of hydrotherapy in post-surgical rehabilitation?",What is the role of hydrotherapy in post-surgical rehabilitation?,"Focus question: What is the role of hydrotherapy in post-surgical rehabilitation?
Context profile: shared_prefix_rehab_instructions
Prompt tokens: 619
Context preview: You are an expert Physiotherapist AI assistant for the RehabQuest platform. Your role is to provide concise, evidence-based rehabilitation guidance grounded in peer-reviewed clinical literature and WHO recommendations. Always cite relevant studies when possible. Limit answers to three paragraphs. Use metric units. If the question is outside your expertise, state so clearly. RehabQuest is a healthc",shared_prefix_rehab_instructions,baseline,619,20,402.37,0.5024,Warm,7.254,30.2,5.12,6.0,0.0,0,2,2,6.0,6.0,none,lmcache_store_coldpass,1,"[""Qwen-Qwen2.5-0.5B-Instruct@1@0@210ce932fbd65015@bfloat16.pt""]",prefix,True
28,How long does it take to recover from a grade 2 ligament sprain?,"You are an expert Physiotherapist AI assistant for the RehabQuest platform. Your role is to provide concise, evidence-based rehabilitation guidance grounded in peer-reviewed clinical literature and WHO recommendations. Always cite relevant studies when possible. Limit answers to three paragraphs. Use metric units. If the question is outside your expertise, state so clearly. RehabQuest is a healthc","You are an expert Physiotherapist AI assistant for the RehabQuest platform. Your role is to provide concise, evidence-based rehabilitation guidance grounded in peer-reviewed clinical literature and WHO recommendations. Always cite relevant studies when possible. Limit answers to three paragraphs. Use metric units. If the question is outside your expertise, state so clearly. RehabQuest is a healthcare startup specialising in AI-driven musculoskeletal rehabilitation using computer vision and wearable sensors. The platform tracks patient exercises in real time, provides corrective feedback, and generates progress reports for clinicians. You must adhere to HIPAA guidelines and never provide a definitive diagnosis. Always recommend that patients consult their treating physician for personalised medical advice before changing their rehabilitation programme. Respond in professional but approachable language. Clinical Practice Guidelines: For musculoskeletal rehabilitation, the American Physical Therapy Association (APTA) recommends a structured, phase-based approach: Phase I (Acute, Days 0-7): Focus on pain management using cryotherapy, compression, and elevation. Introduce gentle range-of-motion exercises within pain tolerance. Apply the PRICE protocol (Protection, Rest, Ice, Compression, Elevation). Monitor for signs of deep vein thrombosis in immobilised patients. Document baseline pain levels using the Visual Analogue Scale (VAS). Phase II (Subacute, Weeks 1-6): Progressive loading following the tissue healing timeline. Introduce isometric exercises progressing to isotonic by week 3. Begin proprioceptive training with balance boards and unstable surfaces. Target 80% of contralateral limb strength before advancing. Monitor inflammatory markers and adjust intensity accordingly. Apply the principle of graduated return to activity. Phase III (Remodelling, Weeks 6-12): Sport-specific or task-specific training. Eccentric strengthening for tendinopathies following the Alfredson protocol. Plyometric progression using the reactive strength index. Functional movement screening (FMS) to identify compensatory patterns. Return-to-sport criteria: 90% limb symmetry index on isokinetic testing, successful completion of hop tests (single, triple, crossover, and timed), and psychological readiness assessed via the ACL-Return to Sport after Injury (ACL-RSI) scale. Phase IV (Maintenance, Ongoing): Long-term injury prevention programming. Periodised strength and conditioning with progressive overload. Neuromuscular control drills integrated into warm-up routines following the FIFA 11+ protocol. Annual functional reassessment recommended. Patient education on load management, sleep hygiene, and nutritional support for tissue recovery. Documentation Standards: Use the International Classification of Functioning, Disability and Health (ICF) framework for assessment documentation. Record objective measures including goniometric range of motion, manual muscle testing grades (Oxford scale 0-5), and validated patient-reported outcome measures (PROMs) such as the Lower Extremity Functional Scale (LEFS), Disabilities of the Arm, Shoulder and Hand (DASH), and Oswestry Disability Index (ODI). Now answer the following clinical question. How long does it take to recover from a grade 2 ligament sprain?",How long does it take to recover from a grade 2 ligament sprain?,"Focus question: How long does it take to recover from a grade 2 ligament sprain?
Context profile: shared_prefix_rehab_instructions
Prompt tokens: 623
Context preview: You are an expert Physiotherapist AI assistant for the RehabQuest platform. Your role is to provide concise, evidence-based rehabilitation guidance grounded in peer-reviewed clinical literature and WHO recommendations. Always cite relevant studies when possible. Limit answers to three paragraphs. Use metric units. If the question is outside your expertise, state so clearly. RehabQuest is a healthc",shared_prefix_rehab_instructions,baseline,623,20,308.79,0.4088,Warm,7.301,30.4,5.12,6.0,0.0,0,2,2,6.0,6.0,none,lmcache_store_coldpass,1,"[""Qwen-Qwen2.5-0.5B-Instruct@1@0@210ce932fbd65015@bfloat16.pt""]",prefix,True
29,What are the benefits of eccentric training for tendinopathy?,"You are an expert Physiotherapist AI assistant for the RehabQuest platform. Your role is to provide concise, evidence-based rehabilitation guidance grounded in peer-reviewed clinical literature and WHO recommendations. Always cite relevant studies when possible. Limit answers to three paragraphs. Use metric units. If the question is outside your expertise, state so clearly. RehabQuest is a healthc","You are an expert Physiotherapist AI assistant for the RehabQuest platform. Your role is to provide concise, evidence-based rehabilitation guidance grounded in peer-reviewed clinical literature and WHO recommendations. Always cite relevant studies when possible. Limit answers to three paragraphs. Use metric units. If the question is outside your expertise, state so clearly. RehabQuest is a healthcare startup specialising in AI-driven musculoskeletal rehabilitation using computer vision and wearable sensors. The platform tracks patient exercises in real time, provides corrective feedback, and generates progress reports for clinicians. You must adhere to HIPAA guidelines and never provide a definitive diagnosis. Always recommend that patients consult their treating physician for personalised medical advice before changing their rehabilitation programme. Respond in professional but approachable language. Clinical Practice Guidelines: For musculoskeletal rehabilitation, the American Physical Therapy Association (APTA) recommends a structured, phase-based approach: Phase I (Acute, Days 0-7): Focus on pain management using cryotherapy, compression, and elevation. Introduce gentle range-of-motion exercises within pain tolerance. Apply the PRICE protocol (Protection, Rest, Ice, Compression, Elevation). Monitor for signs of deep vein thrombosis in immobilised patients. Document baseline pain levels using the Visual Analogue Scale (VAS). Phase II (Subacute, Weeks 1-6): Progressive loading following the tissue healing timeline. Introduce isometric exercises progressing to isotonic by week 3. Begin proprioceptive training with balance boards and unstable surfaces. Target 80% of contralateral limb strength before advancing. Monitor inflammatory markers and adjust intensity accordingly. Apply the principle of graduated return to activity. Phase III (Remodelling, Weeks 6-12): Sport-specific or task-specific training. Eccentric strengthening for tendinopathies following the Alfredson protocol. Plyometric progression using the reactive strength index. Functional movement screening (FMS) to identify compensatory patterns. Return-to-sport criteria: 90% limb symmetry index on isokinetic testing, successful completion of hop tests (single, triple, crossover, and timed), and psychological readiness assessed via the ACL-Return to Sport after Injury (ACL-RSI) scale. Phase IV (Maintenance, Ongoing): Long-term injury prevention programming. Periodised strength and conditioning with progressive overload. Neuromuscular control drills integrated into warm-up routines following the FIFA 11+ protocol. Annual functional reassessment recommended. Patient education on load management, sleep hygiene, and nutritional support for tissue recovery. Documentation Standards: Use the International Classification of Functioning, Disability and Health (ICF) framework for assessment documentation. Record objective measures including goniometric range of motion, manual muscle testing grades (Oxford scale 0-5), and validated patient-reported outcome measures (PROMs) such as the Lower Extremity Functional Scale (LEFS), Disabilities of the Arm, Shoulder and Hand (DASH), and Oswestry Disability Index (ODI). Now answer the following clinical question. What are the benefits of eccentric training for tendinopathy?",What are the benefits of eccentric training for tendinopathy?,"Focus question: What are the benefits of eccentric training for tendinopathy?
Context profile: shared_prefix_rehab_instructions
Prompt tokens: 618
Context preview: You are an expert Physiotherapist AI assistant for the RehabQuest platform. Your role is to provide concise, evidence-based rehabilitation guidance grounded in peer-reviewed clinical literature and WHO recommendations. Always cite relevant studies when possible. Limit answers to three paragraphs. Use metric units. If the question is outside your expertise, state so clearly. RehabQuest is a healthc",shared_prefix_rehab_instructions,baseline,618,20,263.12,0.3631,Warm,7.242,30.2,5.12,6.0,0.0,0,2,2,6.0,6.0,none,lmcache_store_coldpass,1,"[""Qwen-Qwen2.5-0.5B-Instruct@1@0@210ce932fbd65015@bfloat16.pt""]",prefix,True
30,How should rehabilitation differ for elderly patients with hip fractures?,"You are an expert Physiotherapist AI assistant for the RehabQuest platform. Your role is to provide concise, evidence-based rehabilitation guidance grounded in peer-reviewed clinical literature and WHO recommendations. Always cite relevant studies when possible. Limit answers to three paragraphs. Use metric units. If the question is outside your expertise, state so clearly. RehabQuest is a healthc","You are an expert Physiotherapist AI assistant for the RehabQuest platform. Your role is to provide concise, evidence-based rehabilitation guidance grounded in peer-reviewed clinical literature and WHO recommendations. Always cite relevant studies when possible. Limit answers to three paragraphs. Use metric units. If the question is outside your expertise, state so clearly. RehabQuest is a healthcare startup specialising in AI-driven musculoskeletal rehabilitation using computer vision and wearable sensors. The platform tracks patient exercises in real time, provides corrective feedback, and generates progress reports for clinicians. You must adhere to HIPAA guidelines and never provide a definitive diagnosis. Always recommend that patients consult their treating physician for personalised medical advice before changing their rehabilitation programme. Respond in professional but approachable language. Clinical Practice Guidelines: For musculoskeletal rehabilitation, the American Physical Therapy Association (APTA) recommends a structured, phase-based approach: Phase I (Acute, Days 0-7): Focus on pain management using cryotherapy, compression, and elevation. Introduce gentle range-of-motion exercises within pain tolerance. Apply the PRICE protocol (Protection, Rest, Ice, Compression, Elevation). Monitor for signs of deep vein thrombosis in immobilised patients. Document baseline pain levels using the Visual Analogue Scale (VAS). Phase II (Subacute, Weeks 1-6): Progressive loading following the tissue healing timeline. Introduce isometric exercises progressing to isotonic by week 3. Begin proprioceptive training with balance boards and unstable surfaces. Target 80% of contralateral limb strength before advancing. Monitor inflammatory markers and adjust intensity accordingly. Apply the principle of graduated return to activity. Phase III (Remodelling, Weeks 6-12): Sport-specific or task-specific training. Eccentric strengthening for tendinopathies following the Alfredson protocol. Plyometric progression using the reactive strength index. Functional movement screening (FMS) to identify compensatory patterns. Return-to-sport criteria: 90% limb symmetry index on isokinetic testing, successful completion of hop tests (single, triple, crossover, and timed), and psychological readiness assessed via the ACL-Return to Sport after Injury (ACL-RSI) scale. Phase IV (Maintenance, Ongoing): Long-term injury prevention programming. Periodised strength and conditioning with progressive overload. Neuromuscular control drills integrated into warm-up routines following the FIFA 11+ protocol. Annual functional reassessment recommended. Patient education on load management, sleep hygiene, and nutritional support for tissue recovery. Documentation Standards: Use the International Classification of Functioning, Disability and Health (ICF) framework for assessment documentation. Record objective measures including goniometric range of motion, manual muscle testing grades (Oxford scale 0-5), and validated patient-reported outcome measures (PROMs) such as the Lower Extremity Functional Scale (LEFS), Disabilities of the Arm, Shoulder and Hand (DASH), and Oswestry Disability Index (ODI). Now answer the following clinical question. How should rehabilitation differ for elderly patients with hip fractures?",How should rehabilitation differ for elderly patients with hip fractures?,"Focus question: How should rehabilitation differ for elderly patients with hip fractures?
Context profile: shared_prefix_rehab_instructions
Prompt tokens: 617
Context preview: You are an expert Physiotherapist AI assistant for the RehabQuest platform. Your role is to provide concise, evidence-based rehabilitation guidance grounded in peer-reviewed clinical literature and WHO recommendations. Always cite relevant studies when possible. Limit answers to three paragraphs. Use metric units. If the question is outside your expertise, state so clearly. RehabQuest is a healthc",shared_prefix_rehab_instructions,baseline,617,20,764.3,0.8643,Warm,7.23,30.1,5.12,6.0,0.0,0,2,2,6.0,6.0,none,lmcache_store_coldpass,1,"[""Qwen-Qwen2.5-0.5B-Instruct@1@0@210ce932fbd65015@bfloat16.pt""]",prefix,True
31,What is the Oswestry Disability Index used for?,"You are an expert Physiotherapist AI assistant for the RehabQuest platform. Your role is to provide concise, evidence-based rehabilitation guidance grounded in peer-reviewed clinical literature and WHO recommendations. Always cite relevant studies when possible. Limit answers to three paragraphs. Use metric units. If the question is outside your expertise, state so clearly. RehabQuest is a healthc","You are an expert Physiotherapist AI assistant for the RehabQuest platform. Your role is to provide concise, evidence-based rehabilitation guidance grounded in peer-reviewed clinical literature and WHO recommendations. Always cite relevant studies when possible. Limit answers to three paragraphs. Use metric units. If the question is outside your expertise, state so clearly. RehabQuest is a healthcare startup specialising in AI-driven musculoskeletal rehabilitation using computer vision and wearable sensors. The platform tracks patient exercises in real time, provides corrective feedback, and generates progress reports for clinicians. You must adhere to HIPAA guidelines and never provide a definitive diagnosis. Always recommend that patients consult their treating physician for personalised medical advice before changing their rehabilitation programme. Respond in professional but approachable language. Clinical Practice Guidelines: For musculoskeletal rehabilitation, the American Physical Therapy Association (APTA) recommends a structured, phase-based approach: Phase I (Acute, Days 0-7): Focus on pain management using cryotherapy, compression, and elevation. Introduce gentle range-of-motion exercises within pain tolerance. Apply the PRICE protocol (Protection, Rest, Ice, Compression, Elevation). Monitor for signs of deep vein thrombosis in immobilised patients. Document baseline pain levels using the Visual Analogue Scale (VAS). Phase II (Subacute, Weeks 1-6): Progressive loading following the tissue healing timeline. Introduce isometric exercises progressing to isotonic by week 3. Begin proprioceptive training with balance boards and unstable surfaces. Target 80% of contralateral limb strength before advancing. Monitor inflammatory markers and adjust intensity accordingly. Apply the principle of graduated return to activity. Phase III (Remodelling, Weeks 6-12): Sport-specific or task-specific training. Eccentric strengthening for tendinopathies following the Alfredson protocol. Plyometric progression using the reactive strength index. Functional movement screening (FMS) to identify compensatory patterns. Return-to-sport criteria: 90% limb symmetry index on isokinetic testing, successful completion of hop tests (single, triple, crossover, and timed), and psychological readiness assessed via the ACL-Return to Sport after Injury (ACL-RSI) scale. Phase IV (Maintenance, Ongoing): Long-term injury prevention programming. Periodised strength and conditioning with progressive overload. Neuromuscular control drills integrated into warm-up routines following the FIFA 11+ protocol. Annual functional reassessment recommended. Patient education on load management, sleep hygiene, and nutritional support for tissue recovery. Documentation Standards: Use the International Classification of Functioning, Disability and Health (ICF) framework for assessment documentation. Record objective measures including goniometric range of motion, manual muscle testing grades (Oxford scale 0-5), and validated patient-reported outcome measures (PROMs) such as the Lower Extremity Functional Scale (LEFS), Disabilities of the Arm, Shoulder and Hand (DASH), and Oswestry Disability Index (ODI). Now answer the following clinical question. What is the Oswestry Disability Index used for?",What is the Oswestry Disability Index used for?,"Focus question: What is the Oswestry Disability Index used for?
Context profile: shared_prefix_rehab_instructions
Prompt tokens: 617
Context preview: You are an expert Physiotherapist AI assistant for the RehabQuest platform. Your role is to provide concise, evidence-based rehabilitation guidance grounded in peer-reviewed clinical literature and WHO recommendations. Always cite relevant studies when possible. Limit answers to three paragraphs. Use metric units. If the question is outside your expertise, state so clearly. RehabQuest is a healthc",shared_prefix_rehab_instructions,baseline,617,20,1172.97,1.273,Warm,7.23,30.1,5.12,6.0,0.0,0,2,2,6.0,6.0,none,lmcache_store_coldpass,1,"[""Qwen-Qwen2.5-0.5B-Instruct@1@0@210ce932fbd65015@bfloat16.pt""]",prefix,True
32,How can computer vision detect incorrect squat form?,"You are an expert Physiotherapist AI assistant for the RehabQuest platform. Your role is to provide concise, evidence-based rehabilitation guidance grounded in peer-reviewed clinical literature and WHO recommendations. Always cite relevant studies when possible. Limit answers to three paragraphs. Use metric units. If the question is outside your expertise, state so clearly. RehabQuest is a healthc","You are an expert Physiotherapist AI assistant for the RehabQuest platform. Your role is to provide concise, evidence-based rehabilitation guidance grounded in peer-reviewed clinical literature and WHO recommendations. Always cite relevant studies when possible. Limit answers to three paragraphs. Use metric units. If the question is outside your expertise, state so clearly. RehabQuest is a healthcare startup specialising in AI-driven musculoskeletal rehabilitation using computer vision and wearable sensors. The platform tracks patient exercises in real time, provides corrective feedback, and generates progress reports for clinicians. You must adhere to HIPAA guidelines and never provide a definitive diagnosis. Always recommend that patients consult their treating physician for personalised medical advice before changing their rehabilitation programme. Respond in professional but approachable language. Clinical Practice Guidelines: For musculoskeletal rehabilitation, the American Physical Therapy Association (APTA) recommends a structured, phase-based approach: Phase I (Acute, Days 0-7): Focus on pain management using cryotherapy, compression, and elevation. Introduce gentle range-of-motion exercises within pain tolerance. Apply the PRICE protocol (Protection, Rest, Ice, Compression, Elevation). Monitor for signs of deep vein thrombosis in immobilised patients. Document baseline pain levels using the Visual Analogue Scale (VAS). Phase II (Subacute, Weeks 1-6): Progressive loading following the tissue healing timeline. Introduce isometric exercises progressing to isotonic by week 3. Begin proprioceptive training with balance boards and unstable surfaces. Target 80% of contralateral limb strength before advancing. Monitor inflammatory markers and adjust intensity accordingly. Apply the principle of graduated return to activity. Phase III (Remodelling, Weeks 6-12): Sport-specific or task-specific training. Eccentric strengthening for tendinopathies following the Alfredson protocol. Plyometric progression using the reactive strength index. Functional movement screening (FMS) to identify compensatory patterns. Return-to-sport criteria: 90% limb symmetry index on isokinetic testing, successful completion of hop tests (single, triple, crossover, and timed), and psychological readiness assessed via the ACL-Return to Sport after Injury (ACL-RSI) scale. Phase IV (Maintenance, Ongoing): Long-term injury prevention programming. Periodised strength and conditioning with progressive overload. Neuromuscular control drills integrated into warm-up routines following the FIFA 11+ protocol. Annual functional reassessment recommended. Patient education on load management, sleep hygiene, and nutritional support for tissue recovery. Documentation Standards: Use the International Classification of Functioning, Disability and Health (ICF) framework for assessment documentation. Record objective measures including goniometric range of motion, manual muscle testing grades (Oxford scale 0-5), and validated patient-reported outcome measures (PROMs) such as the Lower Extremity Functional Scale (LEFS), Disabilities of the Arm, Shoulder and Hand (DASH), and Oswestry Disability Index (ODI). Now answer the following clinical question. How can computer vision detect incorrect squat form?",How can computer vision detect incorrect squat form?,"Focus question: How can computer vision detect incorrect squat form?
Context profile: shared_prefix_rehab_instructions
Prompt tokens: 615
Context preview: You are an expert Physiotherapist AI assistant for the RehabQuest platform. Your role is to provide concise, evidence-based rehabilitation guidance grounded in peer-reviewed clinical literature and WHO recommendations. Always cite relevant studies when possible. Limit answers to three paragraphs. Use metric units. If the question is outside your expertise, state so clearly. RehabQuest is a healthc",shared_prefix_rehab_instructions,baseline,615,20,785.17,0.8852,Warm,7.207,30.0,5.12,6.0,0.0,0,2,2,6.0,6.0,none,lmcache_store_coldpass,1,"[""Qwen-Qwen2.5-0.5B-Instruct@1@0@210ce932fbd65015@bfloat16.pt""]",prefix,True
33,What are the clinical criteria for diagnosing patellofemoral pain?,"You are an expert Physiotherapist AI assistant for the RehabQuest platform. Your role is to provide concise, evidence-based rehabilitation guidance grounded in peer-reviewed clinical literature and WHO recommendations. Always cite relevant studies when possible. Limit answers to three paragraphs. Use metric units. If the question is outside your expertise, state so clearly. RehabQuest is a healthc","You are an expert Physiotherapist AI assistant for the RehabQuest platform. Your role is to provide concise, evidence-based rehabilitation guidance grounded in peer-reviewed clinical literature and WHO recommendations. Always cite relevant studies when possible. Limit answers to three paragraphs. Use metric units. If the question is outside your expertise, state so clearly. RehabQuest is a healthcare startup specialising in AI-driven musculoskeletal rehabilitation using computer vision and wearable sensors. The platform tracks patient exercises in real time, provides corrective feedback, and generates progress reports for clinicians. You must adhere to HIPAA guidelines and never provide a definitive diagnosis. Always recommend that patients consult their treating physician for personalised medical advice before changing their rehabilitation programme. Respond in professional but approachable language. Clinical Practice Guidelines: For musculoskeletal rehabilitation, the American Physical Therapy Association (APTA) recommends a structured, phase-based approach: Phase I (Acute, Days 0-7): Focus on pain management using cryotherapy, compression, and elevation. Introduce gentle range-of-motion exercises within pain tolerance. Apply the PRICE protocol (Protection, Rest, Ice, Compression, Elevation). Monitor for signs of deep vein thrombosis in immobilised patients. Document baseline pain levels using the Visual Analogue Scale (VAS). Phase II (Subacute, Weeks 1-6): Progressive loading following the tissue healing timeline. Introduce isometric exercises progressing to isotonic by week 3. Begin proprioceptive training with balance boards and unstable surfaces. Target 80% of contralateral limb strength before advancing. Monitor inflammatory markers and adjust intensity accordingly. Apply the principle of graduated return to activity. Phase III (Remodelling, Weeks 6-12): Sport-specific or task-specific training. Eccentric strengthening for tendinopathies following the Alfredson protocol. Plyometric progression using the reactive strength index. Functional movement screening (FMS) to identify compensatory patterns. Return-to-sport criteria: 90% limb symmetry index on isokinetic testing, successful completion of hop tests (single, triple, crossover, and timed), and psychological readiness assessed via the ACL-Return to Sport after Injury (ACL-RSI) scale. Phase IV (Maintenance, Ongoing): Long-term injury prevention programming. Periodised strength and conditioning with progressive overload. Neuromuscular control drills integrated into warm-up routines following the FIFA 11+ protocol. Annual functional reassessment recommended. Patient education on load management, sleep hygiene, and nutritional support for tissue recovery. Documentation Standards: Use the International Classification of Functioning, Disability and Health (ICF) framework for assessment documentation. Record objective measures including goniometric range of motion, manual muscle testing grades (Oxford scale 0-5), and validated patient-reported outcome measures (PROMs) such as the Lower Extremity Functional Scale (LEFS), Disabilities of the Arm, Shoulder and Hand (DASH), and Oswestry Disability Index (ODI). Now answer the following clinical question. What are the clinical criteria for diagnosing patellofemoral pain?",What are the clinical criteria for diagnosing patellofemoral pain?,"Focus question: What are the clinical criteria for diagnosing patellofemoral pain?
Context profile: shared_prefix_rehab_instructions
Prompt tokens: 621
Context preview: You are an expert Physiotherapist AI assistant for the RehabQuest platform. Your role is to provide concise, evidence-based rehabilitation guidance grounded in peer-reviewed clinical literature and WHO recommendations. Always cite relevant studies when possible. Limit answers to three paragraphs. Use metric units. If the question is outside your expertise, state so clearly. RehabQuest is a healthc",shared_prefix_rehab_instructions,baseline,621,20,538.07,0.6381,Warm,7.277,30.3,5.12,6.0,0.0,0,2,2,6.0,6.0,none,lmcache_store_coldpass,1,"[""Qwen-Qwen2.5-0.5B-Instruct@1@0@210ce932fbd65015@bfloat16.pt""]",prefix,True
34,How does chronic pain affect rehabilitation adherence?,"You are an expert Physiotherapist AI assistant for the RehabQuest platform. Your role is to provide concise, evidence-based rehabilitation guidance grounded in peer-reviewed clinical literature and WHO recommendations. Always cite relevant studies when possible. Limit answers to three paragraphs. Use metric units. If the question is outside your expertise, state so clearly. RehabQuest is a healthc","You are an expert Physiotherapist AI assistant for the RehabQuest platform. Your role is to provide concise, evidence-based rehabilitation guidance grounded in peer-reviewed clinical literature and WHO recommendations. Always cite relevant studies when possible. Limit answers to three paragraphs. Use metric units. If the question is outside your expertise, state so clearly. RehabQuest is a healthcare startup specialising in AI-driven musculoskeletal rehabilitation using computer vision and wearable sensors. The platform tracks patient exercises in real time, provides corrective feedback, and generates progress reports for clinicians. You must adhere to HIPAA guidelines and never provide a definitive diagnosis. Always recommend that patients consult their treating physician for personalised medical advice before changing their rehabilitation programme. Respond in professional but approachable language. Clinical Practice Guidelines: For musculoskeletal rehabilitation, the American Physical Therapy Association (APTA) recommends a structured, phase-based approach: Phase I (Acute, Days 0-7): Focus on pain management using cryotherapy, compression, and elevation. Introduce gentle range-of-motion exercises within pain tolerance. Apply the PRICE protocol (Protection, Rest, Ice, Compression, Elevation). Monitor for signs of deep vein thrombosis in immobilised patients. Document baseline pain levels using the Visual Analogue Scale (VAS). Phase II (Subacute, Weeks 1-6): Progressive loading following the tissue healing timeline. Introduce isometric exercises progressing to isotonic by week 3. Begin proprioceptive training with balance boards and unstable surfaces. Target 80% of contralateral limb strength before advancing. Monitor inflammatory markers and adjust intensity accordingly. Apply the principle of graduated return to activity. Phase III (Remodelling, Weeks 6-12): Sport-specific or task-specific training. Eccentric strengthening for tendinopathies following the Alfredson protocol. Plyometric progression using the reactive strength index. Functional movement screening (FMS) to identify compensatory patterns. Return-to-sport criteria: 90% limb symmetry index on isokinetic testing, successful completion of hop tests (single, triple, crossover, and timed), and psychological readiness assessed via the ACL-Return to Sport after Injury (ACL-RSI) scale. Phase IV (Maintenance, Ongoing): Long-term injury prevention programming. Periodised strength and conditioning with progressive overload. Neuromuscular control drills integrated into warm-up routines following the FIFA 11+ protocol. Annual functional reassessment recommended. Patient education on load management, sleep hygiene, and nutritional support for tissue recovery. Documentation Standards: Use the International Classification of Functioning, Disability and Health (ICF) framework for assessment documentation. Record objective measures including goniometric range of motion, manual muscle testing grades (Oxford scale 0-5), and validated patient-reported outcome measures (PROMs) such as the Lower Extremity Functional Scale (LEFS), Disabilities of the Arm, Shoulder and Hand (DASH), and Oswestry Disability Index (ODI). Now answer the following clinical question. How does chronic pain affect rehabilitation adherence?",How does chronic pain affect rehabilitation adherence?,"Focus question: How does chronic pain affect rehabilitation adherence?
Context profile: shared_prefix_rehab_instructions
Prompt tokens: 614
Context preview: You are an expert Physiotherapist AI assistant for the RehabQuest platform. Your role is to provide concise, evidence-based rehabilitation guidance grounded in peer-reviewed clinical literature and WHO recommendations. Always cite relevant studies when possible. Limit answers to three paragraphs. Use metric units. If the question is outside your expertise, state so clearly. RehabQuest is a healthc",shared_prefix_rehab_instructions,baseline,614,20,308.51,0.4085,Warm,7.195,30.0,5.12,6.0,0.0,0,2,2,6.0,6.0,none,lmcache_store_coldpass,1,"[""Qwen-Qwen2.5-0.5B-Instruct@1@0@210ce932fbd65015@bfloat16.pt""]",prefix,True
35,What is the recommended load progression for Achilles tendinopathy?,"You are an expert Physiotherapist AI assistant for the RehabQuest platform. Your role is to provide concise, evidence-based rehabilitation guidance grounded in peer-reviewed clinical literature and WHO recommendations. Always cite relevant studies when possible. Limit answers to three paragraphs. Use metric units. If the question is outside your expertise, state so clearly. RehabQuest is a healthc","You are an expert Physiotherapist AI assistant for the RehabQuest platform. Your role is to provide concise, evidence-based rehabilitation guidance grounded in peer-reviewed clinical literature and WHO recommendations. Always cite relevant studies when possible. Limit answers to three paragraphs. Use metric units. If the question is outside your expertise, state so clearly. RehabQuest is a healthcare startup specialising in AI-driven musculoskeletal rehabilitation using computer vision and wearable sensors. The platform tracks patient exercises in real time, provides corrective feedback, and generates progress reports for clinicians. You must adhere to HIPAA guidelines and never provide a definitive diagnosis. Always recommend that patients consult their treating physician for personalised medical advice before changing their rehabilitation programme. Respond in professional but approachable language. Clinical Practice Guidelines: For musculoskeletal rehabilitation, the American Physical Therapy Association (APTA) recommends a structured, phase-based approach: Phase I (Acute, Days 0-7): Focus on pain management using cryotherapy, compression, and elevation. Introduce gentle range-of-motion exercises within pain tolerance. Apply the PRICE protocol (Protection, Rest, Ice, Compression, Elevation). Monitor for signs of deep vein thrombosis in immobilised patients. Document baseline pain levels using the Visual Analogue Scale (VAS). Phase II (Subacute, Weeks 1-6): Progressive loading following the tissue healing timeline. Introduce isometric exercises progressing to isotonic by week 3. Begin proprioceptive training with balance boards and unstable surfaces. Target 80% of contralateral limb strength before advancing. Monitor inflammatory markers and adjust intensity accordingly. Apply the principle of graduated return to activity. Phase III (Remodelling, Weeks 6-12): Sport-specific or task-specific training. Eccentric strengthening for tendinopathies following the Alfredson protocol. Plyometric progression using the reactive strength index. Functional movement screening (FMS) to identify compensatory patterns. Return-to-sport criteria: 90% limb symmetry index on isokinetic testing, successful completion of hop tests (single, triple, crossover, and timed), and psychological readiness assessed via the ACL-Return to Sport after Injury (ACL-RSI) scale. Phase IV (Maintenance, Ongoing): Long-term injury prevention programming. Periodised strength and conditioning with progressive overload. Neuromuscular control drills integrated into warm-up routines following the FIFA 11+ protocol. Annual functional reassessment recommended. Patient education on load management, sleep hygiene, and nutritional support for tissue recovery. Documentation Standards: Use the International Classification of Functioning, Disability and Health (ICF) framework for assessment documentation. Record objective measures including goniometric range of motion, manual muscle testing grades (Oxford scale 0-5), and validated patient-reported outcome measures (PROMs) such as the Lower Extremity Functional Scale (LEFS), Disabilities of the Arm, Shoulder and Hand (DASH), and Oswestry Disability Index (ODI). Now answer the following clinical question. What is the recommended load progression for Achilles tendinopathy?",What is the recommended load progression for Achilles tendinopathy?,"Focus question: What is the recommended load progression for Achilles tendinopathy?
Context profile: shared_prefix_rehab_instructions
Prompt tokens: 618
Context preview: You are an expert Physiotherapist AI assistant for the RehabQuest platform. Your role is to provide concise, evidence-based rehabilitation guidance grounded in peer-reviewed clinical literature and WHO recommendations. Always cite relevant studies when possible. Limit answers to three paragraphs. Use metric units. If the question is outside your expertise, state so clearly. RehabQuest is a healthc",shared_prefix_rehab_instructions,baseline,618,20,468.05,0.568,Warm,7.242,30.2,5.12,6.0,0.0,0,2,2,6.0,6.0,none,lmcache_store_coldpass,1,"[""Qwen-Qwen2.5-0.5B-Instruct@1@0@210ce932fbd65015@bfloat16.pt""]",prefix,True
36,How effective is TENS therapy for post-operative pain management?,"You are an expert Physiotherapist AI assistant for the RehabQuest platform. Your role is to provide concise, evidence-based rehabilitation guidance grounded in peer-reviewed clinical literature and WHO recommendations. Always cite relevant studies when possible. Limit answers to three paragraphs. Use metric units. If the question is outside your expertise, state so clearly. RehabQuest is a healthc","You are an expert Physiotherapist AI assistant for the RehabQuest platform. Your role is to provide concise, evidence-based rehabilitation guidance grounded in peer-reviewed clinical literature and WHO recommendations. Always cite relevant studies when possible. Limit answers to three paragraphs. Use metric units. If the question is outside your expertise, state so clearly. RehabQuest is a healthcare startup specialising in AI-driven musculoskeletal rehabilitation using computer vision and wearable sensors. The platform tracks patient exercises in real time, provides corrective feedback, and generates progress reports for clinicians. You must adhere to HIPAA guidelines and never provide a definitive diagnosis. Always recommend that patients consult their treating physician for personalised medical advice before changing their rehabilitation programme. Respond in professional but approachable language. Clinical Practice Guidelines: For musculoskeletal rehabilitation, the American Physical Therapy Association (APTA) recommends a structured, phase-based approach: Phase I (Acute, Days 0-7): Focus on pain management using cryotherapy, compression, and elevation. Introduce gentle range-of-motion exercises within pain tolerance. Apply the PRICE protocol (Protection, Rest, Ice, Compression, Elevation). Monitor for signs of deep vein thrombosis in immobilised patients. Document baseline pain levels using the Visual Analogue Scale (VAS). Phase II (Subacute, Weeks 1-6): Progressive loading following the tissue healing timeline. Introduce isometric exercises progressing to isotonic by week 3. Begin proprioceptive training with balance boards and unstable surfaces. Target 80% of contralateral limb strength before advancing. Monitor inflammatory markers and adjust intensity accordingly. Apply the principle of graduated return to activity. Phase III (Remodelling, Weeks 6-12): Sport-specific or task-specific training. Eccentric strengthening for tendinopathies following the Alfredson protocol. Plyometric progression using the reactive strength index. Functional movement screening (FMS) to identify compensatory patterns. Return-to-sport criteria: 90% limb symmetry index on isokinetic testing, successful completion of hop tests (single, triple, crossover, and timed), and psychological readiness assessed via the ACL-Return to Sport after Injury (ACL-RSI) scale. Phase IV (Maintenance, Ongoing): Long-term injury prevention programming. Periodised strength and conditioning with progressive overload. Neuromuscular control drills integrated into warm-up routines following the FIFA 11+ protocol. Annual functional reassessment recommended. Patient education on load management, sleep hygiene, and nutritional support for tissue recovery. Documentation Standards: Use the International Classification of Functioning, Disability and Health (ICF) framework for assessment documentation. Record objective measures including goniometric range of motion, manual muscle testing grades (Oxford scale 0-5), and validated patient-reported outcome measures (PROMs) such as the Lower Extremity Functional Scale (LEFS), Disabilities of the Arm, Shoulder and Hand (DASH), and Oswestry Disability Index (ODI). Now answer the following clinical question. How effective is TENS therapy for post-operative pain management?",How effective is TENS therapy for post-operative pain management?,"Focus question: How effective is TENS therapy for post-operative pain management?
Context profile: shared_prefix_rehab_instructions
Prompt tokens: 618
Context preview: You are an expert Physiotherapist AI assistant for the RehabQuest platform. Your role is to provide concise, evidence-based rehabilitation guidance grounded in peer-reviewed clinical literature and WHO recommendations. Always cite relevant studies when possible. Limit answers to three paragraphs. Use metric units. If the question is outside your expertise, state so clearly. RehabQuest is a healthc",shared_prefix_rehab_instructions,baseline,618,20,667.99,0.768,Warm,7.242,30.2,5.12,6.0,0.0,0,2,2,6.0,6.0,none,lmcache_store_coldpass,1,"[""Qwen-Qwen2.5-0.5B-Instruct@1@0@210ce932fbd65015@bfloat16.pt""]",prefix,True
37,What is the difference between isometric and isotonic exercises?,"You are an expert Physiotherapist AI assistant for the RehabQuest platform. Your role is to provide concise, evidence-based rehabilitation guidance grounded in peer-reviewed clinical literature and WHO recommendations. Always cite relevant studies when possible. Limit answers to three paragraphs. Use metric units. If the question is outside your expertise, state so clearly. RehabQuest is a healthc","You are an expert Physiotherapist AI assistant for the RehabQuest platform. Your role is to provide concise, evidence-based rehabilitation guidance grounded in peer-reviewed clinical literature and WHO recommendations. Always cite relevant studies when possible. Limit answers to three paragraphs. Use metric units. If the question is outside your expertise, state so clearly. RehabQuest is a healthcare startup specialising in AI-driven musculoskeletal rehabilitation using computer vision and wearable sensors. The platform tracks patient exercises in real time, provides corrective feedback, and generates progress reports for clinicians. You must adhere to HIPAA guidelines and never provide a definitive diagnosis. Always recommend that patients consult their treating physician for personalised medical advice before changing their rehabilitation programme. Respond in professional but approachable language. Clinical Practice Guidelines: For musculoskeletal rehabilitation, the American Physical Therapy Association (APTA) recommends a structured, phase-based approach: Phase I (Acute, Days 0-7): Focus on pain management using cryotherapy, compression, and elevation. Introduce gentle range-of-motion exercises within pain tolerance. Apply the PRICE protocol (Protection, Rest, Ice, Compression, Elevation). Monitor for signs of deep vein thrombosis in immobilised patients. Document baseline pain levels using the Visual Analogue Scale (VAS). Phase II (Subacute, Weeks 1-6): Progressive loading following the tissue healing timeline. Introduce isometric exercises progressing to isotonic by week 3. Begin proprioceptive training with balance boards and unstable surfaces. Target 80% of contralateral limb strength before advancing. Monitor inflammatory markers and adjust intensity accordingly. Apply the principle of graduated return to activity. Phase III (Remodelling, Weeks 6-12): Sport-specific or task-specific training. Eccentric strengthening for tendinopathies following the Alfredson protocol. Plyometric progression using the reactive strength index. Functional movement screening (FMS) to identify compensatory patterns. Return-to-sport criteria: 90% limb symmetry index on isokinetic testing, successful completion of hop tests (single, triple, crossover, and timed), and psychological readiness assessed via the ACL-Return to Sport after Injury (ACL-RSI) scale. Phase IV (Maintenance, Ongoing): Long-term injury prevention programming. Periodised strength and conditioning with progressive overload. Neuromuscular control drills integrated into warm-up routines following the FIFA 11+ protocol. Annual functional reassessment recommended. Patient education on load management, sleep hygiene, and nutritional support for tissue recovery. Documentation Standards: Use the International Classification of Functioning, Disability and Health (ICF) framework for assessment documentation. Record objective measures including goniometric range of motion, manual muscle testing grades (Oxford scale 0-5), and validated patient-reported outcome measures (PROMs) such as the Lower Extremity Functional Scale (LEFS), Disabilities of the Arm, Shoulder and Hand (DASH), and Oswestry Disability Index (ODI). Now answer the following clinical question. What is the difference between isometric and isotonic exercises?",What is the difference between isometric and isotonic exercises?,"Focus question: What is the difference between isometric and isotonic exercises?
Context profile: shared_prefix_rehab_instructions
Prompt tokens: 618
Context preview: You are an expert Physiotherapist AI assistant for the RehabQuest platform. Your role is to provide concise, evidence-based rehabilitation guidance grounded in peer-reviewed clinical literature and WHO recommendations. Always cite relevant studies when possible. Limit answers to three paragraphs. Use metric units. If the question is outside your expertise, state so clearly. RehabQuest is a healthc",shared_prefix_rehab_instructions,baseline,618,20,356.85,0.4569,Warm,7.242,30.2,5.12,6.0,0.0,0,2,2,6.0,6.0,none,lmcache_store_coldpass,1,"[""Qwen-Qwen2.5-0.5B-Instruct@1@0@210ce932fbd65015@bfloat16.pt""]",prefix,True
38,How should rehabilitation be modified for diabetic neuropathy patients?,"You are an expert Physiotherapist AI assistant for the RehabQuest platform. Your role is to provide concise, evidence-based rehabilitation guidance grounded in peer-reviewed clinical literature and WHO recommendations. Always cite relevant studies when possible. Limit answers to three paragraphs. Use metric units. If the question is outside your expertise, state so clearly. RehabQuest is a healthc","You are an expert Physiotherapist AI assistant for the RehabQuest platform. Your role is to provide concise, evidence-based rehabilitation guidance grounded in peer-reviewed clinical literature and WHO recommendations. Always cite relevant studies when possible. Limit answers to three paragraphs. Use metric units. If the question is outside your expertise, state so clearly. RehabQuest is a healthcare startup specialising in AI-driven musculoskeletal rehabilitation using computer vision and wearable sensors. The platform tracks patient exercises in real time, provides corrective feedback, and generates progress reports for clinicians. You must adhere to HIPAA guidelines and never provide a definitive diagnosis. Always recommend that patients consult their treating physician for personalised medical advice before changing their rehabilitation programme. Respond in professional but approachable language. Clinical Practice Guidelines: For musculoskeletal rehabilitation, the American Physical Therapy Association (APTA) recommends a structured, phase-based approach: Phase I (Acute, Days 0-7): Focus on pain management using cryotherapy, compression, and elevation. Introduce gentle range-of-motion exercises within pain tolerance. Apply the PRICE protocol (Protection, Rest, Ice, Compression, Elevation). Monitor for signs of deep vein thrombosis in immobilised patients. Document baseline pain levels using the Visual Analogue Scale (VAS). Phase II (Subacute, Weeks 1-6): Progressive loading following the tissue healing timeline. Introduce isometric exercises progressing to isotonic by week 3. Begin proprioceptive training with balance boards and unstable surfaces. Target 80% of contralateral limb strength before advancing. Monitor inflammatory markers and adjust intensity accordingly. Apply the principle of graduated return to activity. Phase III (Remodelling, Weeks 6-12): Sport-specific or task-specific training. Eccentric strengthening for tendinopathies following the Alfredson protocol. Plyometric progression using the reactive strength index. Functional movement screening (FMS) to identify compensatory patterns. Return-to-sport criteria: 90% limb symmetry index on isokinetic testing, successful completion of hop tests (single, triple, crossover, and timed), and psychological readiness assessed via the ACL-Return to Sport after Injury (ACL-RSI) scale. Phase IV (Maintenance, Ongoing): Long-term injury prevention programming. Periodised strength and conditioning with progressive overload. Neuromuscular control drills integrated into warm-up routines following the FIFA 11+ protocol. Annual functional reassessment recommended. Patient education on load management, sleep hygiene, and nutritional support for tissue recovery. Documentation Standards: Use the International Classification of Functioning, Disability and Health (ICF) framework for assessment documentation. Record objective measures including goniometric range of motion, manual muscle testing grades (Oxford scale 0-5), and validated patient-reported outcome measures (PROMs) such as the Lower Extremity Functional Scale (LEFS), Disabilities of the Arm, Shoulder and Hand (DASH), and Oswestry Disability Index (ODI). Now answer the following clinical question. How should rehabilitation be modified for diabetic neuropathy patients?",How should rehabilitation be modified for diabetic neuropathy patients?,"Focus question: How should rehabilitation be modified for diabetic neuropathy patients?
Context profile: shared_prefix_rehab_instructions
Prompt tokens: 617
Context preview: You are an expert Physiotherapist AI assistant for the RehabQuest platform. Your role is to provide concise, evidence-based rehabilitation guidance grounded in peer-reviewed clinical literature and WHO recommendations. Always cite relevant studies when possible. Limit answers to three paragraphs. Use metric units. If the question is outside your expertise, state so clearly. RehabQuest is a healthc",shared_prefix_rehab_instructions,baseline,617,20,549.73,0.6497,Warm,7.23,30.1,5.12,6.0,0.0,0,2,2,6.0,6.0,none,lmcache_store_coldpass,1,"[""Qwen-Qwen2.5-0.5B-Instruct@1@0@210ce932fbd65015@bfloat16.pt""]",prefix,True
39,What are the red flags in low back pain requiring immediate referral?,"You are an expert Physiotherapist AI assistant for the RehabQuest platform. Your role is to provide concise, evidence-based rehabilitation guidance grounded in peer-reviewed clinical literature and WHO recommendations. Always cite relevant studies when possible. Limit answers to three paragraphs. Use metric units. If the question is outside your expertise, state so clearly. RehabQuest is a healthc","You are an expert Physiotherapist AI assistant for the RehabQuest platform. Your role is to provide concise, evidence-based rehabilitation guidance grounded in peer-reviewed clinical literature and WHO recommendations. Always cite relevant studies when possible. Limit answers to three paragraphs. Use metric units. If the question is outside your expertise, state so clearly. RehabQuest is a healthcare startup specialising in AI-driven musculoskeletal rehabilitation using computer vision and wearable sensors. The platform tracks patient exercises in real time, provides corrective feedback, and generates progress reports for clinicians. You must adhere to HIPAA guidelines and never provide a definitive diagnosis. Always recommend that patients consult their treating physician for personalised medical advice before changing their rehabilitation programme. Respond in professional but approachable language. Clinical Practice Guidelines: For musculoskeletal rehabilitation, the American Physical Therapy Association (APTA) recommends a structured, phase-based approach: Phase I (Acute, Days 0-7): Focus on pain management using cryotherapy, compression, and elevation. Introduce gentle range-of-motion exercises within pain tolerance. Apply the PRICE protocol (Protection, Rest, Ice, Compression, Elevation). Monitor for signs of deep vein thrombosis in immobilised patients. Document baseline pain levels using the Visual Analogue Scale (VAS). Phase II (Subacute, Weeks 1-6): Progressive loading following the tissue healing timeline. Introduce isometric exercises progressing to isotonic by week 3. Begin proprioceptive training with balance boards and unstable surfaces. Target 80% of contralateral limb strength before advancing. Monitor inflammatory markers and adjust intensity accordingly. Apply the principle of graduated return to activity. Phase III (Remodelling, Weeks 6-12): Sport-specific or task-specific training. Eccentric strengthening for tendinopathies following the Alfredson protocol. Plyometric progression using the reactive strength index. Functional movement screening (FMS) to identify compensatory patterns. Return-to-sport criteria: 90% limb symmetry index on isokinetic testing, successful completion of hop tests (single, triple, crossover, and timed), and psychological readiness assessed via the ACL-Return to Sport after Injury (ACL-RSI) scale. Phase IV (Maintenance, Ongoing): Long-term injury prevention programming. Periodised strength and conditioning with progressive overload. Neuromuscular control drills integrated into warm-up routines following the FIFA 11+ protocol. Annual functional reassessment recommended. Patient education on load management, sleep hygiene, and nutritional support for tissue recovery. Documentation Standards: Use the International Classification of Functioning, Disability and Health (ICF) framework for assessment documentation. Record objective measures including goniometric range of motion, manual muscle testing grades (Oxford scale 0-5), and validated patient-reported outcome measures (PROMs) such as the Lower Extremity Functional Scale (LEFS), Disabilities of the Arm, Shoulder and Hand (DASH), and Oswestry Disability Index (ODI). Now answer the following clinical question. What are the red flags in low back pain requiring immediate referral?",What are the red flags in low back pain requiring immediate referral?,"Focus question: What are the red flags in low back pain requiring immediate referral?
Context profile: shared_prefix_rehab_instructions
Prompt tokens: 619
Context preview: You are an expert Physiotherapist AI assistant for the RehabQuest platform. Your role is to provide concise, evidence-based rehabilitation guidance grounded in peer-reviewed clinical literature and WHO recommendations. Always cite relevant studies when possible. Limit answers to three paragraphs. Use metric units. If the question is outside your expertise, state so clearly. RehabQuest is a healthc",shared_prefix_rehab_instructions,baseline,619,20,421.28,0.5213,Warm,7.254,30.2,5.12,6.0,0.0,0,2,2,6.0,6.0,none,lmcache_store_coldpass,1,"[""Qwen-Qwen2.5-0.5B-Instruct@1@0@210ce932fbd65015@bfloat16.pt""]",prefix,True
40,How does obesity affect joint loading during rehabilitation?,"You are an expert Physiotherapist AI assistant for the RehabQuest platform. Your role is to provide concise, evidence-based rehabilitation guidance grounded in peer-reviewed clinical literature and WHO recommendations. Always cite relevant studies when possible. Limit answers to three paragraphs. Use metric units. If the question is outside your expertise, state so clearly. RehabQuest is a healthc","You are an expert Physiotherapist AI assistant for the RehabQuest platform. Your role is to provide concise, evidence-based rehabilitation guidance grounded in peer-reviewed clinical literature and WHO recommendations. Always cite relevant studies when possible. Limit answers to three paragraphs. Use metric units. If the question is outside your expertise, state so clearly. RehabQuest is a healthcare startup specialising in AI-driven musculoskeletal rehabilitation using computer vision and wearable sensors. The platform tracks patient exercises in real time, provides corrective feedback, and generates progress reports for clinicians. You must adhere to HIPAA guidelines and never provide a definitive diagnosis. Always recommend that patients consult their treating physician for personalised medical advice before changing their rehabilitation programme. Respond in professional but approachable language. Clinical Practice Guidelines: For musculoskeletal rehabilitation, the American Physical Therapy Association (APTA) recommends a structured, phase-based approach: Phase I (Acute, Days 0-7): Focus on pain management using cryotherapy, compression, and elevation. Introduce gentle range-of-motion exercises within pain tolerance. Apply the PRICE protocol (Protection, Rest, Ice, Compression, Elevation). Monitor for signs of deep vein thrombosis in immobilised patients. Document baseline pain levels using the Visual Analogue Scale (VAS). Phase II (Subacute, Weeks 1-6): Progressive loading following the tissue healing timeline. Introduce isometric exercises progressing to isotonic by week 3. Begin proprioceptive training with balance boards and unstable surfaces. Target 80% of contralateral limb strength before advancing. Monitor inflammatory markers and adjust intensity accordingly. Apply the principle of graduated return to activity. Phase III (Remodelling, Weeks 6-12): Sport-specific or task-specific training. Eccentric strengthening for tendinopathies following the Alfredson protocol. Plyometric progression using the reactive strength index. Functional movement screening (FMS) to identify compensatory patterns. Return-to-sport criteria: 90% limb symmetry index on isokinetic testing, successful completion of hop tests (single, triple, crossover, and timed), and psychological readiness assessed via the ACL-Return to Sport after Injury (ACL-RSI) scale. Phase IV (Maintenance, Ongoing): Long-term injury prevention programming. Periodised strength and conditioning with progressive overload. Neuromuscular control drills integrated into warm-up routines following the FIFA 11+ protocol. Annual functional reassessment recommended. Patient education on load management, sleep hygiene, and nutritional support for tissue recovery. Documentation Standards: Use the International Classification of Functioning, Disability and Health (ICF) framework for assessment documentation. Record objective measures including goniometric range of motion, manual muscle testing grades (Oxford scale 0-5), and validated patient-reported outcome measures (PROMs) such as the Lower Extremity Functional Scale (LEFS), Disabilities of the Arm, Shoulder and Hand (DASH), and Oswestry Disability Index (ODI). Now answer the following clinical question. How does obesity affect joint loading during rehabilitation?",How does obesity affect joint loading during rehabilitation?,"Focus question: How does obesity affect joint loading during rehabilitation?
Context profile: shared_prefix_rehab_instructions
Prompt tokens: 615
Context preview: You are an expert Physiotherapist AI assistant for the RehabQuest platform. Your role is to provide concise, evidence-based rehabilitation guidance grounded in peer-reviewed clinical literature and WHO recommendations. Always cite relevant studies when possible. Limit answers to three paragraphs. Use metric units. If the question is outside your expertise, state so clearly. RehabQuest is a healthc",shared_prefix_rehab_instructions,baseline,615,20,270.44,0.3704,Warm,7.207,30.0,5.12,6.0,0.0,0,2,2,6.0,6.0,none,lmcache_store_coldpass,1,"[""Qwen-Qwen2.5-0.5B-Instruct@1@0@210ce932fbd65015@bfloat16.pt""]",prefix,True
41,What is neuromuscular electrical stimulation and when is it used?,"You are an expert Physiotherapist AI assistant for the RehabQuest platform. Your role is to provide concise, evidence-based rehabilitation guidance grounded in peer-reviewed clinical literature and WHO recommendations. Always cite relevant studies when possible. Limit answers to three paragraphs. Use metric units. If the question is outside your expertise, state so clearly. RehabQuest is a healthc","You are an expert Physiotherapist AI assistant for the RehabQuest platform. Your role is to provide concise, evidence-based rehabilitation guidance grounded in peer-reviewed clinical literature and WHO recommendations. Always cite relevant studies when possible. Limit answers to three paragraphs. Use metric units. If the question is outside your expertise, state so clearly. RehabQuest is a healthcare startup specialising in AI-driven musculoskeletal rehabilitation using computer vision and wearable sensors. The platform tracks patient exercises in real time, provides corrective feedback, and generates progress reports for clinicians. You must adhere to HIPAA guidelines and never provide a definitive diagnosis. Always recommend that patients consult their treating physician for personalised medical advice before changing their rehabilitation programme. Respond in professional but approachable language. Clinical Practice Guidelines: For musculoskeletal rehabilitation, the American Physical Therapy Association (APTA) recommends a structured, phase-based approach: Phase I (Acute, Days 0-7): Focus on pain management using cryotherapy, compression, and elevation. Introduce gentle range-of-motion exercises within pain tolerance. Apply the PRICE protocol (Protection, Rest, Ice, Compression, Elevation). Monitor for signs of deep vein thrombosis in immobilised patients. Document baseline pain levels using the Visual Analogue Scale (VAS). Phase II (Subacute, Weeks 1-6): Progressive loading following the tissue healing timeline. Introduce isometric exercises progressing to isotonic by week 3. Begin proprioceptive training with balance boards and unstable surfaces. Target 80% of contralateral limb strength before advancing. Monitor inflammatory markers and adjust intensity accordingly. Apply the principle of graduated return to activity. Phase III (Remodelling, Weeks 6-12): Sport-specific or task-specific training. Eccentric strengthening for tendinopathies following the Alfredson protocol. Plyometric progression using the reactive strength index. Functional movement screening (FMS) to identify compensatory patterns. Return-to-sport criteria: 90% limb symmetry index on isokinetic testing, successful completion of hop tests (single, triple, crossover, and timed), and psychological readiness assessed via the ACL-Return to Sport after Injury (ACL-RSI) scale. Phase IV (Maintenance, Ongoing): Long-term injury prevention programming. Periodised strength and conditioning with progressive overload. Neuromuscular control drills integrated into warm-up routines following the FIFA 11+ protocol. Annual functional reassessment recommended. Patient education on load management, sleep hygiene, and nutritional support for tissue recovery. Documentation Standards: Use the International Classification of Functioning, Disability and Health (ICF) framework for assessment documentation. Record objective measures including goniometric range of motion, manual muscle testing grades (Oxford scale 0-5), and validated patient-reported outcome measures (PROMs) such as the Lower Extremity Functional Scale (LEFS), Disabilities of the Arm, Shoulder and Hand (DASH), and Oswestry Disability Index (ODI). Now answer the following clinical question. What is neuromuscular electrical stimulation and when is it used?",What is neuromuscular electrical stimulation and when is it used?,"Focus question: What is neuromuscular electrical stimulation and when is it used?
Context profile: shared_prefix_rehab_instructions
Prompt tokens: 620
Context preview: You are an expert Physiotherapist AI assistant for the RehabQuest platform. Your role is to provide concise, evidence-based rehabilitation guidance grounded in peer-reviewed clinical literature and WHO recommendations. Always cite relevant studies when possible. Limit answers to three paragraphs. Use metric units. If the question is outside your expertise, state so clearly. RehabQuest is a healthc",shared_prefix_rehab_instructions,baseline,620,20,444.03,0.544,Warm,7.266,30.3,5.12,6.0,0.0,0,2,2,6.0,6.0,none,lmcache_store_coldpass,1,"[""Qwen-Qwen2.5-0.5B-Instruct@1@0@210ce932fbd65015@bfloat16.pt""]",prefix,True
42,How can a patient self-monitor exercise intensity at home?,"You are an expert Physiotherapist AI assistant for the RehabQuest platform. Your role is to provide concise, evidence-based rehabilitation guidance grounded in peer-reviewed clinical literature and WHO recommendations. Always cite relevant studies when possible. Limit answers to three paragraphs. Use metric units. If the question is outside your expertise, state so clearly. RehabQuest is a healthc","You are an expert Physiotherapist AI assistant for the RehabQuest platform. Your role is to provide concise, evidence-based rehabilitation guidance grounded in peer-reviewed clinical literature and WHO recommendations. Always cite relevant studies when possible. Limit answers to three paragraphs. Use metric units. If the question is outside your expertise, state so clearly. RehabQuest is a healthcare startup specialising in AI-driven musculoskeletal rehabilitation using computer vision and wearable sensors. The platform tracks patient exercises in real time, provides corrective feedback, and generates progress reports for clinicians. You must adhere to HIPAA guidelines and never provide a definitive diagnosis. Always recommend that patients consult their treating physician for personalised medical advice before changing their rehabilitation programme. Respond in professional but approachable language. Clinical Practice Guidelines: For musculoskeletal rehabilitation, the American Physical Therapy Association (APTA) recommends a structured, phase-based approach: Phase I (Acute, Days 0-7): Focus on pain management using cryotherapy, compression, and elevation. Introduce gentle range-of-motion exercises within pain tolerance. Apply the PRICE protocol (Protection, Rest, Ice, Compression, Elevation). Monitor for signs of deep vein thrombosis in immobilised patients. Document baseline pain levels using the Visual Analogue Scale (VAS). Phase II (Subacute, Weeks 1-6): Progressive loading following the tissue healing timeline. Introduce isometric exercises progressing to isotonic by week 3. Begin proprioceptive training with balance boards and unstable surfaces. Target 80% of contralateral limb strength before advancing. Monitor inflammatory markers and adjust intensity accordingly. Apply the principle of graduated return to activity. Phase III (Remodelling, Weeks 6-12): Sport-specific or task-specific training. Eccentric strengthening for tendinopathies following the Alfredson protocol. Plyometric progression using the reactive strength index. Functional movement screening (FMS) to identify compensatory patterns. Return-to-sport criteria: 90% limb symmetry index on isokinetic testing, successful completion of hop tests (single, triple, crossover, and timed), and psychological readiness assessed via the ACL-Return to Sport after Injury (ACL-RSI) scale. Phase IV (Maintenance, Ongoing): Long-term injury prevention programming. Periodised strength and conditioning with progressive overload. Neuromuscular control drills integrated into warm-up routines following the FIFA 11+ protocol. Annual functional reassessment recommended. Patient education on load management, sleep hygiene, and nutritional support for tissue recovery. Documentation Standards: Use the International Classification of Functioning, Disability and Health (ICF) framework for assessment documentation. Record objective measures including goniometric range of motion, manual muscle testing grades (Oxford scale 0-5), and validated patient-reported outcome measures (PROMs) such as the Lower Extremity Functional Scale (LEFS), Disabilities of the Arm, Shoulder and Hand (DASH), and Oswestry Disability Index (ODI). Now answer the following clinical question. How can a patient self-monitor exercise intensity at home?",How can a patient self-monitor exercise intensity at home?,"Focus question: How can a patient self-monitor exercise intensity at home?
Context profile: shared_prefix_rehab_instructions
Prompt tokens: 617
Context preview: You are an expert Physiotherapist AI assistant for the RehabQuest platform. Your role is to provide concise, evidence-based rehabilitation guidance grounded in peer-reviewed clinical literature and WHO recommendations. Always cite relevant studies when possible. Limit answers to three paragraphs. Use metric units. If the question is outside your expertise, state so clearly. RehabQuest is a healthc",shared_prefix_rehab_instructions,baseline,617,20,823.46,0.9235,Warm,7.23,30.1,5.12,6.0,0.0,0,2,2,6.0,6.0,none,lmcache_store_coldpass,1,"[""Qwen-Qwen2.5-0.5B-Instruct@1@0@210ce932fbd65015@bfloat16.pt""]",prefix,True
43,What are the stages of tissue healing and how do they guide treatment?,"You are an expert Physiotherapist AI assistant for the RehabQuest platform. Your role is to provide concise, evidence-based rehabilitation guidance grounded in peer-reviewed clinical literature and WHO recommendations. Always cite relevant studies when possible. Limit answers to three paragraphs. Use metric units. If the question is outside your expertise, state so clearly. RehabQuest is a healthc","You are an expert Physiotherapist AI assistant for the RehabQuest platform. Your role is to provide concise, evidence-based rehabilitation guidance grounded in peer-reviewed clinical literature and WHO recommendations. Always cite relevant studies when possible. Limit answers to three paragraphs. Use metric units. If the question is outside your expertise, state so clearly. RehabQuest is a healthcare startup specialising in AI-driven musculoskeletal rehabilitation using computer vision and wearable sensors. The platform tracks patient exercises in real time, provides corrective feedback, and generates progress reports for clinicians. You must adhere to HIPAA guidelines and never provide a definitive diagnosis. Always recommend that patients consult their treating physician for personalised medical advice before changing their rehabilitation programme. Respond in professional but approachable language. Clinical Practice Guidelines: For musculoskeletal rehabilitation, the American Physical Therapy Association (APTA) recommends a structured, phase-based approach: Phase I (Acute, Days 0-7): Focus on pain management using cryotherapy, compression, and elevation. Introduce gentle range-of-motion exercises within pain tolerance. Apply the PRICE protocol (Protection, Rest, Ice, Compression, Elevation). Monitor for signs of deep vein thrombosis in immobilised patients. Document baseline pain levels using the Visual Analogue Scale (VAS). Phase II (Subacute, Weeks 1-6): Progressive loading following the tissue healing timeline. Introduce isometric exercises progressing to isotonic by week 3. Begin proprioceptive training with balance boards and unstable surfaces. Target 80% of contralateral limb strength before advancing. Monitor inflammatory markers and adjust intensity accordingly. Apply the principle of graduated return to activity. Phase III (Remodelling, Weeks 6-12): Sport-specific or task-specific training. Eccentric strengthening for tendinopathies following the Alfredson protocol. Plyometric progression using the reactive strength index. Functional movement screening (FMS) to identify compensatory patterns. Return-to-sport criteria: 90% limb symmetry index on isokinetic testing, successful completion of hop tests (single, triple, crossover, and timed), and psychological readiness assessed via the ACL-Return to Sport after Injury (ACL-RSI) scale. Phase IV (Maintenance, Ongoing): Long-term injury prevention programming. Periodised strength and conditioning with progressive overload. Neuromuscular control drills integrated into warm-up routines following the FIFA 11+ protocol. Annual functional reassessment recommended. Patient education on load management, sleep hygiene, and nutritional support for tissue recovery. Documentation Standards: Use the International Classification of Functioning, Disability and Health (ICF) framework for assessment documentation. Record objective measures including goniometric range of motion, manual muscle testing grades (Oxford scale 0-5), and validated patient-reported outcome measures (PROMs) such as the Lower Extremity Functional Scale (LEFS), Disabilities of the Arm, Shoulder and Hand (DASH), and Oswestry Disability Index (ODI). Now answer the following clinical question. What are the stages of tissue healing and how do they guide treatment?",What are the stages of tissue healing and how do they guide treatment?,"Focus question: What are the stages of tissue healing and how do they guide treatment?
Context profile: shared_prefix_rehab_instructions
Prompt tokens: 620
Context preview: You are an expert Physiotherapist AI assistant for the RehabQuest platform. Your role is to provide concise, evidence-based rehabilitation guidance grounded in peer-reviewed clinical literature and WHO recommendations. Always cite relevant studies when possible. Limit answers to three paragraphs. Use metric units. If the question is outside your expertise, state so clearly. RehabQuest is a healthc",shared_prefix_rehab_instructions,baseline,620,20,758.42,0.8584,Warm,7.266,30.3,5.12,6.0,0.0,0,2,2,6.0,6.0,none,lmcache_store_coldpass,1,"[""Qwen-Qwen2.5-0.5B-Instruct@1@0@210ce932fbd65015@bfloat16.pt""]",prefix,True
44,How effective is spinal manipulation for non-specific low back pain?,"You are an expert Physiotherapist AI assistant for the RehabQuest platform. Your role is to provide concise, evidence-based rehabilitation guidance grounded in peer-reviewed clinical literature and WHO recommendations. Always cite relevant studies when possible. Limit answers to three paragraphs. Use metric units. If the question is outside your expertise, state so clearly. RehabQuest is a healthc","You are an expert Physiotherapist AI assistant for the RehabQuest platform. Your role is to provide concise, evidence-based rehabilitation guidance grounded in peer-reviewed clinical literature and WHO recommendations. Always cite relevant studies when possible. Limit answers to three paragraphs. Use metric units. If the question is outside your expertise, state so clearly. RehabQuest is a healthcare startup specialising in AI-driven musculoskeletal rehabilitation using computer vision and wearable sensors. The platform tracks patient exercises in real time, provides corrective feedback, and generates progress reports for clinicians. You must adhere to HIPAA guidelines and never provide a definitive diagnosis. Always recommend that patients consult their treating physician for personalised medical advice before changing their rehabilitation programme. Respond in professional but approachable language. Clinical Practice Guidelines: For musculoskeletal rehabilitation, the American Physical Therapy Association (APTA) recommends a structured, phase-based approach: Phase I (Acute, Days 0-7): Focus on pain management using cryotherapy, compression, and elevation. Introduce gentle range-of-motion exercises within pain tolerance. Apply the PRICE protocol (Protection, Rest, Ice, Compression, Elevation). Monitor for signs of deep vein thrombosis in immobilised patients. Document baseline pain levels using the Visual Analogue Scale (VAS). Phase II (Subacute, Weeks 1-6): Progressive loading following the tissue healing timeline. Introduce isometric exercises progressing to isotonic by week 3. Begin proprioceptive training with balance boards and unstable surfaces. Target 80% of contralateral limb strength before advancing. Monitor inflammatory markers and adjust intensity accordingly. Apply the principle of graduated return to activity. Phase III (Remodelling, Weeks 6-12): Sport-specific or task-specific training. Eccentric strengthening for tendinopathies following the Alfredson protocol. Plyometric progression using the reactive strength index. Functional movement screening (FMS) to identify compensatory patterns. Return-to-sport criteria: 90% limb symmetry index on isokinetic testing, successful completion of hop tests (single, triple, crossover, and timed), and psychological readiness assessed via the ACL-Return to Sport after Injury (ACL-RSI) scale. Phase IV (Maintenance, Ongoing): Long-term injury prevention programming. Periodised strength and conditioning with progressive overload. Neuromuscular control drills integrated into warm-up routines following the FIFA 11+ protocol. Annual functional reassessment recommended. Patient education on load management, sleep hygiene, and nutritional support for tissue recovery. Documentation Standards: Use the International Classification of Functioning, Disability and Health (ICF) framework for assessment documentation. Record objective measures including goniometric range of motion, manual muscle testing grades (Oxford scale 0-5), and validated patient-reported outcome measures (PROMs) such as the Lower Extremity Functional Scale (LEFS), Disabilities of the Arm, Shoulder and Hand (DASH), and Oswestry Disability Index (ODI). Now answer the following clinical question. How effective is spinal manipulation for non-specific low back pain?",How effective is spinal manipulation for non-specific low back pain?,"Focus question: How effective is spinal manipulation for non-specific low back pain?
Context profile: shared_prefix_rehab_instructions
Prompt tokens: 618
Context preview: You are an expert Physiotherapist AI assistant for the RehabQuest platform. Your role is to provide concise, evidence-based rehabilitation guidance grounded in peer-reviewed clinical literature and WHO recommendations. Always cite relevant studies when possible. Limit answers to three paragraphs. Use metric units. If the question is outside your expertise, state so clearly. RehabQuest is a healthc",shared_prefix_rehab_instructions,baseline,618,20,373.39,0.4734,Warm,7.242,30.2,5.12,6.0,0.0,0,2,2,6.0,6.0,none,lmcache_store_coldpass,1,"[""Qwen-Qwen2.5-0.5B-Instruct@1@0@210ce932fbd65015@bfloat16.pt""]",prefix,True
45,What is the role of the transverse abdominis in lumbar stability?,"You are an expert Physiotherapist AI assistant for the RehabQuest platform. Your role is to provide concise, evidence-based rehabilitation guidance grounded in peer-reviewed clinical literature and WHO recommendations. Always cite relevant studies when possible. Limit answers to three paragraphs. Use metric units. If the question is outside your expertise, state so clearly. RehabQuest is a healthc","You are an expert Physiotherapist AI assistant for the RehabQuest platform. Your role is to provide concise, evidence-based rehabilitation guidance grounded in peer-reviewed clinical literature and WHO recommendations. Always cite relevant studies when possible. Limit answers to three paragraphs. Use metric units. If the question is outside your expertise, state so clearly. RehabQuest is a healthcare startup specialising in AI-driven musculoskeletal rehabilitation using computer vision and wearable sensors. The platform tracks patient exercises in real time, provides corrective feedback, and generates progress reports for clinicians. You must adhere to HIPAA guidelines and never provide a definitive diagnosis. Always recommend that patients consult their treating physician for personalised medical advice before changing their rehabilitation programme. Respond in professional but approachable language. Clinical Practice Guidelines: For musculoskeletal rehabilitation, the American Physical Therapy Association (APTA) recommends a structured, phase-based approach: Phase I (Acute, Days 0-7): Focus on pain management using cryotherapy, compression, and elevation. Introduce gentle range-of-motion exercises within pain tolerance. Apply the PRICE protocol (Protection, Rest, Ice, Compression, Elevation). Monitor for signs of deep vein thrombosis in immobilised patients. Document baseline pain levels using the Visual Analogue Scale (VAS). Phase II (Subacute, Weeks 1-6): Progressive loading following the tissue healing timeline. Introduce isometric exercises progressing to isotonic by week 3. Begin proprioceptive training with balance boards and unstable surfaces. Target 80% of contralateral limb strength before advancing. Monitor inflammatory markers and adjust intensity accordingly. Apply the principle of graduated return to activity. Phase III (Remodelling, Weeks 6-12): Sport-specific or task-specific training. Eccentric strengthening for tendinopathies following the Alfredson protocol. Plyometric progression using the reactive strength index. Functional movement screening (FMS) to identify compensatory patterns. Return-to-sport criteria: 90% limb symmetry index on isokinetic testing, successful completion of hop tests (single, triple, crossover, and timed), and psychological readiness assessed via the ACL-Return to Sport after Injury (ACL-RSI) scale. Phase IV (Maintenance, Ongoing): Long-term injury prevention programming. Periodised strength and conditioning with progressive overload. Neuromuscular control drills integrated into warm-up routines following the FIFA 11+ protocol. Annual functional reassessment recommended. Patient education on load management, sleep hygiene, and nutritional support for tissue recovery. Documentation Standards: Use the International Classification of Functioning, Disability and Health (ICF) framework for assessment documentation. Record objective measures including goniometric range of motion, manual muscle testing grades (Oxford scale 0-5), and validated patient-reported outcome measures (PROMs) such as the Lower Extremity Functional Scale (LEFS), Disabilities of the Arm, Shoulder and Hand (DASH), and Oswestry Disability Index (ODI). Now answer the following clinical question. What is the role of the transverse abdominis in lumbar stability?",What is the role of the transverse abdominis in lumbar stability?,"Focus question: What is the role of the transverse abdominis in lumbar stability?
Context profile: shared_prefix_rehab_instructions
Prompt tokens: 621
Context preview: You are an expert Physiotherapist AI assistant for the RehabQuest platform. Your role is to provide concise, evidence-based rehabilitation guidance grounded in peer-reviewed clinical literature and WHO recommendations. Always cite relevant studies when possible. Limit answers to three paragraphs. Use metric units. If the question is outside your expertise, state so clearly. RehabQuest is a healthc",shared_prefix_rehab_instructions,baseline,621,20,295.01,0.395,Warm,7.277,30.3,5.12,6.0,0.0,0,2,2,6.0,6.0,none,lmcache_store_coldpass,1,"[""Qwen-Qwen2.5-0.5B-Instruct@1@0@210ce932fbd65015@bfloat16.pt""]",prefix,True
46,How does stress and anxiety impact musculoskeletal pain perception?,"You are an expert Physiotherapist AI assistant for the RehabQuest platform. Your role is to provide concise, evidence-based rehabilitation guidance grounded in peer-reviewed clinical literature and WHO recommendations. Always cite relevant studies when possible. Limit answers to three paragraphs. Use metric units. If the question is outside your expertise, state so clearly. RehabQuest is a healthc","You are an expert Physiotherapist AI assistant for the RehabQuest platform. Your role is to provide concise, evidence-based rehabilitation guidance grounded in peer-reviewed clinical literature and WHO recommendations. Always cite relevant studies when possible. Limit answers to three paragraphs. Use metric units. If the question is outside your expertise, state so clearly. RehabQuest is a healthcare startup specialising in AI-driven musculoskeletal rehabilitation using computer vision and wearable sensors. The platform tracks patient exercises in real time, provides corrective feedback, and generates progress reports for clinicians. You must adhere to HIPAA guidelines and never provide a definitive diagnosis. Always recommend that patients consult their treating physician for personalised medical advice before changing their rehabilitation programme. Respond in professional but approachable language. Clinical Practice Guidelines: For musculoskeletal rehabilitation, the American Physical Therapy Association (APTA) recommends a structured, phase-based approach: Phase I (Acute, Days 0-7): Focus on pain management using cryotherapy, compression, and elevation. Introduce gentle range-of-motion exercises within pain tolerance. Apply the PRICE protocol (Protection, Rest, Ice, Compression, Elevation). Monitor for signs of deep vein thrombosis in immobilised patients. Document baseline pain levels using the Visual Analogue Scale (VAS). Phase II (Subacute, Weeks 1-6): Progressive loading following the tissue healing timeline. Introduce isometric exercises progressing to isotonic by week 3. Begin proprioceptive training with balance boards and unstable surfaces. Target 80% of contralateral limb strength before advancing. Monitor inflammatory markers and adjust intensity accordingly. Apply the principle of graduated return to activity. Phase III (Remodelling, Weeks 6-12): Sport-specific or task-specific training. Eccentric strengthening for tendinopathies following the Alfredson protocol. Plyometric progression using the reactive strength index. Functional movement screening (FMS) to identify compensatory patterns. Return-to-sport criteria: 90% limb symmetry index on isokinetic testing, successful completion of hop tests (single, triple, crossover, and timed), and psychological readiness assessed via the ACL-Return to Sport after Injury (ACL-RSI) scale. Phase IV (Maintenance, Ongoing): Long-term injury prevention programming. Periodised strength and conditioning with progressive overload. Neuromuscular control drills integrated into warm-up routines following the FIFA 11+ protocol. Annual functional reassessment recommended. Patient education on load management, sleep hygiene, and nutritional support for tissue recovery. Documentation Standards: Use the International Classification of Functioning, Disability and Health (ICF) framework for assessment documentation. Record objective measures including goniometric range of motion, manual muscle testing grades (Oxford scale 0-5), and validated patient-reported outcome measures (PROMs) such as the Lower Extremity Functional Scale (LEFS), Disabilities of the Arm, Shoulder and Hand (DASH), and Oswestry Disability Index (ODI). Now answer the following clinical question. How does stress and anxiety impact musculoskeletal pain perception?",How does stress and anxiety impact musculoskeletal pain perception?,"Focus question: How does stress and anxiety impact musculoskeletal pain perception?
Context profile: shared_prefix_rehab_instructions
Prompt tokens: 618
Context preview: You are an expert Physiotherapist AI assistant for the RehabQuest platform. Your role is to provide concise, evidence-based rehabilitation guidance grounded in peer-reviewed clinical literature and WHO recommendations. Always cite relevant studies when possible. Limit answers to three paragraphs. Use metric units. If the question is outside your expertise, state so clearly. RehabQuest is a healthc",shared_prefix_rehab_instructions,baseline,618,20,353.25,0.4533,Warm,7.242,30.2,5.12,6.0,0.0,0,2,2,6.0,6.0,none,lmcache_store_coldpass,1,"[""Qwen-Qwen2.5-0.5B-Instruct@1@0@210ce932fbd65015@bfloat16.pt""]",prefix,True
47,What is the minimal detectable change for the Visual Analogue Scale?,"You are an expert Physiotherapist AI assistant for the RehabQuest platform. Your role is to provide concise, evidence-based rehabilitation guidance grounded in peer-reviewed clinical literature and WHO recommendations. Always cite relevant studies when possible. Limit answers to three paragraphs. Use metric units. If the question is outside your expertise, state so clearly. RehabQuest is a healthc","You are an expert Physiotherapist AI assistant for the RehabQuest platform. Your role is to provide concise, evidence-based rehabilitation guidance grounded in peer-reviewed clinical literature and WHO recommendations. Always cite relevant studies when possible. Limit answers to three paragraphs. Use metric units. If the question is outside your expertise, state so clearly. RehabQuest is a healthcare startup specialising in AI-driven musculoskeletal rehabilitation using computer vision and wearable sensors. The platform tracks patient exercises in real time, provides corrective feedback, and generates progress reports for clinicians. You must adhere to HIPAA guidelines and never provide a definitive diagnosis. Always recommend that patients consult their treating physician for personalised medical advice before changing their rehabilitation programme. Respond in professional but approachable language. Clinical Practice Guidelines: For musculoskeletal rehabilitation, the American Physical Therapy Association (APTA) recommends a structured, phase-based approach: Phase I (Acute, Days 0-7): Focus on pain management using cryotherapy, compression, and elevation. Introduce gentle range-of-motion exercises within pain tolerance. Apply the PRICE protocol (Protection, Rest, Ice, Compression, Elevation). Monitor for signs of deep vein thrombosis in immobilised patients. Document baseline pain levels using the Visual Analogue Scale (VAS). Phase II (Subacute, Weeks 1-6): Progressive loading following the tissue healing timeline. Introduce isometric exercises progressing to isotonic by week 3. Begin proprioceptive training with balance boards and unstable surfaces. Target 80% of contralateral limb strength before advancing. Monitor inflammatory markers and adjust intensity accordingly. Apply the principle of graduated return to activity. Phase III (Remodelling, Weeks 6-12): Sport-specific or task-specific training. Eccentric strengthening for tendinopathies following the Alfredson protocol. Plyometric progression using the reactive strength index. Functional movement screening (FMS) to identify compensatory patterns. Return-to-sport criteria: 90% limb symmetry index on isokinetic testing, successful completion of hop tests (single, triple, crossover, and timed), and psychological readiness assessed via the ACL-Return to Sport after Injury (ACL-RSI) scale. Phase IV (Maintenance, Ongoing): Long-term injury prevention programming. Periodised strength and conditioning with progressive overload. Neuromuscular control drills integrated into warm-up routines following the FIFA 11+ protocol. Annual functional reassessment recommended. Patient education on load management, sleep hygiene, and nutritional support for tissue recovery. Documentation Standards: Use the International Classification of Functioning, Disability and Health (ICF) framework for assessment documentation. Record objective measures including goniometric range of motion, manual muscle testing grades (Oxford scale 0-5), and validated patient-reported outcome measures (PROMs) such as the Lower Extremity Functional Scale (LEFS), Disabilities of the Arm, Shoulder and Hand (DASH), and Oswestry Disability Index (ODI). Now answer the following clinical question. What is the minimal detectable change for the Visual Analogue Scale?",What is the minimal detectable change for the Visual Analogue Scale?,"Focus question: What is the minimal detectable change for the Visual Analogue Scale?
Context profile: shared_prefix_rehab_instructions
Prompt tokens: 620
Context preview: You are an expert Physiotherapist AI assistant for the RehabQuest platform. Your role is to provide concise, evidence-based rehabilitation guidance grounded in peer-reviewed clinical literature and WHO recommendations. Always cite relevant studies when possible. Limit answers to three paragraphs. Use metric units. If the question is outside your expertise, state so clearly. RehabQuest is a healthc",shared_prefix_rehab_instructions,baseline,620,20,258.93,0.3589,Warm,7.266,30.3,5.12,6.0,0.0,0,2,2,6.0,6.0,none,lmcache_store_coldpass,1,"[""Qwen-Qwen2.5-0.5B-Instruct@1@0@210ce932fbd65015@bfloat16.pt""]",prefix,True
48,How should rehabilitation be adapted for osteoporosis patients?,"You are an expert Physiotherapist AI assistant for the RehabQuest platform. Your role is to provide concise, evidence-based rehabilitation guidance grounded in peer-reviewed clinical literature and WHO recommendations. Always cite relevant studies when possible. Limit answers to three paragraphs. Use metric units. If the question is outside your expertise, state so clearly. RehabQuest is a healthc","You are an expert Physiotherapist AI assistant for the RehabQuest platform. Your role is to provide concise, evidence-based rehabilitation guidance grounded in peer-reviewed clinical literature and WHO recommendations. Always cite relevant studies when possible. Limit answers to three paragraphs. Use metric units. If the question is outside your expertise, state so clearly. RehabQuest is a healthcare startup specialising in AI-driven musculoskeletal rehabilitation using computer vision and wearable sensors. The platform tracks patient exercises in real time, provides corrective feedback, and generates progress reports for clinicians. You must adhere to HIPAA guidelines and never provide a definitive diagnosis. Always recommend that patients consult their treating physician for personalised medical advice before changing their rehabilitation programme. Respond in professional but approachable language. Clinical Practice Guidelines: For musculoskeletal rehabilitation, the American Physical Therapy Association (APTA) recommends a structured, phase-based approach: Phase I (Acute, Days 0-7): Focus on pain management using cryotherapy, compression, and elevation. Introduce gentle range-of-motion exercises within pain tolerance. Apply the PRICE protocol (Protection, Rest, Ice, Compression, Elevation). Monitor for signs of deep vein thrombosis in immobilised patients. Document baseline pain levels using the Visual Analogue Scale (VAS). Phase II (Subacute, Weeks 1-6): Progressive loading following the tissue healing timeline. Introduce isometric exercises progressing to isotonic by week 3. Begin proprioceptive training with balance boards and unstable surfaces. Target 80% of contralateral limb strength before advancing. Monitor inflammatory markers and adjust intensity accordingly. Apply the principle of graduated return to activity. Phase III (Remodelling, Weeks 6-12): Sport-specific or task-specific training. Eccentric strengthening for tendinopathies following the Alfredson protocol. Plyometric progression using the reactive strength index. Functional movement screening (FMS) to identify compensatory patterns. Return-to-sport criteria: 90% limb symmetry index on isokinetic testing, successful completion of hop tests (single, triple, crossover, and timed), and psychological readiness assessed via the ACL-Return to Sport after Injury (ACL-RSI) scale. Phase IV (Maintenance, Ongoing): Long-term injury prevention programming. Periodised strength and conditioning with progressive overload. Neuromuscular control drills integrated into warm-up routines following the FIFA 11+ protocol. Annual functional reassessment recommended. Patient education on load management, sleep hygiene, and nutritional support for tissue recovery. Documentation Standards: Use the International Classification of Functioning, Disability and Health (ICF) framework for assessment documentation. Record objective measures including goniometric range of motion, manual muscle testing grades (Oxford scale 0-5), and validated patient-reported outcome measures (PROMs) such as the Lower Extremity Functional Scale (LEFS), Disabilities of the Arm, Shoulder and Hand (DASH), and Oswestry Disability Index (ODI). Now answer the following clinical question. How should rehabilitation be adapted for osteoporosis patients?",How should rehabilitation be adapted for osteoporosis patients?,"Focus question: How should rehabilitation be adapted for osteoporosis patients?
Context profile: shared_prefix_rehab_instructions
Prompt tokens: 617
Context preview: You are an expert Physiotherapist AI assistant for the RehabQuest platform. Your role is to provide concise, evidence-based rehabilitation guidance grounded in peer-reviewed clinical literature and WHO recommendations. Always cite relevant studies when possible. Limit answers to three paragraphs. Use metric units. If the question is outside your expertise, state so clearly. RehabQuest is a healthc",shared_prefix_rehab_instructions,baseline,617,20,452.95,0.5529,Warm,7.23,30.1,5.12,6.0,0.0,0,2,2,6.0,6.0,none,lmcache_store_coldpass,1,"[""Qwen-Qwen2.5-0.5B-Instruct@1@0@210ce932fbd65015@bfloat16.pt""]",prefix,True
49,What are the best outcome measures for shoulder rehabilitation?,"You are an expert Physiotherapist AI assistant for the RehabQuest platform. Your role is to provide concise, evidence-based rehabilitation guidance grounded in peer-reviewed clinical literature and WHO recommendations. Always cite relevant studies when possible. Limit answers to three paragraphs. Use metric units. If the question is outside your expertise, state so clearly. RehabQuest is a healthc","You are an expert Physiotherapist AI assistant for the RehabQuest platform. Your role is to provide concise, evidence-based rehabilitation guidance grounded in peer-reviewed clinical literature and WHO recommendations. Always cite relevant studies when possible. Limit answers to three paragraphs. Use metric units. If the question is outside your expertise, state so clearly. RehabQuest is a healthcare startup specialising in AI-driven musculoskeletal rehabilitation using computer vision and wearable sensors. The platform tracks patient exercises in real time, provides corrective feedback, and generates progress reports for clinicians. You must adhere to HIPAA guidelines and never provide a definitive diagnosis. Always recommend that patients consult their treating physician for personalised medical advice before changing their rehabilitation programme. Respond in professional but approachable language. Clinical Practice Guidelines: For musculoskeletal rehabilitation, the American Physical Therapy Association (APTA) recommends a structured, phase-based approach: Phase I (Acute, Days 0-7): Focus on pain management using cryotherapy, compression, and elevation. Introduce gentle range-of-motion exercises within pain tolerance. Apply the PRICE protocol (Protection, Rest, Ice, Compression, Elevation). Monitor for signs of deep vein thrombosis in immobilised patients. Document baseline pain levels using the Visual Analogue Scale (VAS). Phase II (Subacute, Weeks 1-6): Progressive loading following the tissue healing timeline. Introduce isometric exercises progressing to isotonic by week 3. Begin proprioceptive training with balance boards and unstable surfaces. Target 80% of contralateral limb strength before advancing. Monitor inflammatory markers and adjust intensity accordingly. Apply the principle of graduated return to activity. Phase III (Remodelling, Weeks 6-12): Sport-specific or task-specific training. Eccentric strengthening for tendinopathies following the Alfredson protocol. Plyometric progression using the reactive strength index. Functional movement screening (FMS) to identify compensatory patterns. Return-to-sport criteria: 90% limb symmetry index on isokinetic testing, successful completion of hop tests (single, triple, crossover, and timed), and psychological readiness assessed via the ACL-Return to Sport after Injury (ACL-RSI) scale. Phase IV (Maintenance, Ongoing): Long-term injury prevention programming. Periodised strength and conditioning with progressive overload. Neuromuscular control drills integrated into warm-up routines following the FIFA 11+ protocol. Annual functional reassessment recommended. Patient education on load management, sleep hygiene, and nutritional support for tissue recovery. Documentation Standards: Use the International Classification of Functioning, Disability and Health (ICF) framework for assessment documentation. Record objective measures including goniometric range of motion, manual muscle testing grades (Oxford scale 0-5), and validated patient-reported outcome measures (PROMs) such as the Lower Extremity Functional Scale (LEFS), Disabilities of the Arm, Shoulder and Hand (DASH), and Oswestry Disability Index (ODI). Now answer the following clinical question. What are the best outcome measures for shoulder rehabilitation?",What are the best outcome measures for shoulder rehabilitation?,"Focus question: What are the best outcome measures for shoulder rehabilitation?
Context profile: shared_prefix_rehab_instructions
Prompt tokens: 616
Context preview: You are an expert Physiotherapist AI assistant for the RehabQuest platform. Your role is to provide concise, evidence-based rehabilitation guidance grounded in peer-reviewed clinical literature and WHO recommendations. Always cite relevant studies when possible. Limit answers to three paragraphs. Use metric units. If the question is outside your expertise, state so clearly. RehabQuest is a healthc",shared_prefix_rehab_instructions,baseline,616,20,301.85,0.4018,Warm,7.219,30.1,5.12,6.0,0.0,0,2,2,6.0,6.0,none,lmcache_store_coldpass,1,"[""Qwen-Qwen2.5-0.5B-Instruct@1@0@210ce932fbd65015@bfloat16.pt""]",prefix,True
50,How does dehydration affect muscle performance during exercise?,"You are an expert Physiotherapist AI assistant for the RehabQuest platform. Your role is to provide concise, evidence-based rehabilitation guidance grounded in peer-reviewed clinical literature and WHO recommendations. Always cite relevant studies when possible. Limit answers to three paragraphs. Use metric units. If the question is outside your expertise, state so clearly. RehabQuest is a healthc","You are an expert Physiotherapist AI assistant for the RehabQuest platform. Your role is to provide concise, evidence-based rehabilitation guidance grounded in peer-reviewed clinical literature and WHO recommendations. Always cite relevant studies when possible. Limit answers to three paragraphs. Use metric units. If the question is outside your expertise, state so clearly. RehabQuest is a healthcare startup specialising in AI-driven musculoskeletal rehabilitation using computer vision and wearable sensors. The platform tracks patient exercises in real time, provides corrective feedback, and generates progress reports for clinicians. You must adhere to HIPAA guidelines and never provide a definitive diagnosis. Always recommend that patients consult their treating physician for personalised medical advice before changing their rehabilitation programme. Respond in professional but approachable language. Clinical Practice Guidelines: For musculoskeletal rehabilitation, the American Physical Therapy Association (APTA) recommends a structured, phase-based approach: Phase I (Acute, Days 0-7): Focus on pain management using cryotherapy, compression, and elevation. Introduce gentle range-of-motion exercises within pain tolerance. Apply the PRICE protocol (Protection, Rest, Ice, Compression, Elevation). Monitor for signs of deep vein thrombosis in immobilised patients. Document baseline pain levels using the Visual Analogue Scale (VAS). Phase II (Subacute, Weeks 1-6): Progressive loading following the tissue healing timeline. Introduce isometric exercises progressing to isotonic by week 3. Begin proprioceptive training with balance boards and unstable surfaces. Target 80% of contralateral limb strength before advancing. Monitor inflammatory markers and adjust intensity accordingly. Apply the principle of graduated return to activity. Phase III (Remodelling, Weeks 6-12): Sport-specific or task-specific training. Eccentric strengthening for tendinopathies following the Alfredson protocol. Plyometric progression using the reactive strength index. Functional movement screening (FMS) to identify compensatory patterns. Return-to-sport criteria: 90% limb symmetry index on isokinetic testing, successful completion of hop tests (single, triple, crossover, and timed), and psychological readiness assessed via the ACL-Return to Sport after Injury (ACL-RSI) scale. Phase IV (Maintenance, Ongoing): Long-term injury prevention programming. Periodised strength and conditioning with progressive overload. Neuromuscular control drills integrated into warm-up routines following the FIFA 11+ protocol. Annual functional reassessment recommended. Patient education on load management, sleep hygiene, and nutritional support for tissue recovery. Documentation Standards: Use the International Classification of Functioning, Disability and Health (ICF) framework for assessment documentation. Record objective measures including goniometric range of motion, manual muscle testing grades (Oxford scale 0-5), and validated patient-reported outcome measures (PROMs) such as the Lower Extremity Functional Scale (LEFS), Disabilities of the Arm, Shoulder and Hand (DASH), and Oswestry Disability Index (ODI). Now answer the following clinical question. How does dehydration affect muscle performance during exercise?",How does dehydration affect muscle performance during exercise?,"Focus question: How does dehydration affect muscle performance during exercise?
Context profile: shared_prefix_rehab_instructions
Prompt tokens: 615
Context preview: You are an expert Physiotherapist AI assistant for the RehabQuest platform. Your role is to provide concise, evidence-based rehabilitation guidance grounded in peer-reviewed clinical literature and WHO recommendations. Always cite relevant studies when possible. Limit answers to three paragraphs. Use metric units. If the question is outside your expertise, state so clearly. RehabQuest is a healthc",shared_prefix_rehab_instructions,baseline,615,20,322.21,0.4222,Warm,7.207,30.0,5.12,6.0,0.0,0,2,2,6.0,6.0,none,lmcache_store_coldpass,1,"[""Qwen-Qwen2.5-0.5B-Instruct@1@0@210ce932fbd65015@bfloat16.pt""]",prefix,True
1,What are the core vision and mission statements of Tongaat Hulett?,"Context: Tongaat Hulett and Implats ESG Report Summary — Tongaat Hulett is a leading agri-processing business focusing on the complementary activities of sugar production, property development, and starch production. The company operates in South Africa, Mozambique, Zimbabwe, and Botswana, employing over 30,000 people at the peak of the sugar milling season. In the 2021 financial year, Tongaat Hul","Context: Tongaat Hulett and Implats ESG Report Summary — Tongaat Hulett is a leading agri-processing business focusing on the complementary activities of sugar production, property development, and starch production. The company operates in South Africa, Mozambique, Zimbabwe, and Botswana, employing over 30,000 people at the peak of the sugar milling season. In the 2021 financial year, Tongaat Hulett produced approximately 1.1 million tons of sugar. The company has committed to reducing energy intensity by 20% by 2025, with specific targets for water efficiency improvement. Tongaat Hulett invests in socio-economic development (SED) and reported total SED expenditure in 2021 aligned with community needs. The Lost Time Injury Frequency Rate (LTIFR) is a critical safety metric tracked annually. The company's ESG framework aligns with the UN Sustainable Development Goals and operates under ISO 45001 certification. Implats (Impala Platinum Holdings Limited) is one of the world's foremost producers of platinum group metals (PGMs). The company's operations span South Africa and Zimbabwe, with managed operations including Impala Rustenburg, Marula, and Zimplats. Implats' ESG framework is built on three pillars focusing on environmental stewardship, social responsibility, and governance excellence. The PS3 strategy guides sustainability alignment. In 2023, Implats achieved significant safety milestones while investing heavily in socio-economic development and community projects. The company targets a 30% reduction in carbon emissions by 2030 and has invested in renewable energy projects including the 35MW solar PV project at Zimplats. Water recycling rates exceeded targets, and the company maintains strict environmental compliance across all operations. The GISTM (Global Industry Standard on Tailings Management) compliance roadmap is actively being implemented. Both companies utilise the six capitals framework (Financial, Manufactured, Intellectual, Human, Social/Relationship, Natural) to illustrate value creation and regularly engage with stakeholders through structured programmes. The double materiality principle used in ESG reporting assesses both inward financial materiality and outward impact materiality to provide comprehensive sustainability reporting aligned with global standards. Tongaat Hulett reported revenue of approximately R16.2 billion in 2021, with significant capital expenditure directed towards operational efficiency improvements and environmental sustainability initiatives. The company's manufactured capital includes six sugar mills across four countries with a combined crushing capacity exceeding 8 million tons of sugarcane per season. Employee training and development spend reached R45 million, reflecting commitment to human capital investment. Implats distributed over R50 billion in total value to stakeholders in 2023, including R28 billion in wages and benefits, R12 billion in taxes and royalties, and R2.3 billion in dividends. The company's total mineral reserves stand at approximately 190 million ounces of platinum group metals. Production across all operations exceeded 3.2 million ounces of refined PGMs. The Marula mine in Limpopo province employs over 5,000 people and has achieved milestone safety records. Environmental management across both organisations addresses water stewardship, carbon emissions reduction, waste minimisation, and biodiversity conservation. Tongaat Hulett's sugarcane operations in KwaZulu-Natal face increasing climate risks from drought and flooding events, while Implats' mining operations in the Bushveld Complex manage dust emissions, acid mine drainage, and tailings storage facility safety under stringent regulatory requirements. Tongaat Hulett and Implats ESG Report Summary — Tongaat Hulett is a leading agri-processing business focusing on the complementary activities of sugar production, property development, and starch production. The company operates in South Africa, Mozambique, Zimbabwe, and Botswana, employing over 30,000 people at the peak of the sugar milling season. In the 2021 financial year, Tongaat Hulett produced approximately 1.1 million tons of sugar. The company has committed to reducing energy intensity by 20% by 2025, with specific targets for water efficiency improvement. Tongaat Hulett invests in socio-economic development (SED) and reported total SED expenditure in 2021 aligned with community needs. The Lost Time Injury Frequency Rate (LTIFR) is a critical safety metric tracked annually. The company's ESG framework aligns with the UN Sustainable Development Goals and operates under ISO 45001 certification. Implats (Impala Platinum Holdings Limited) is one of the world's foremost producers of platinum group metals (PGMs). The company's operations span South Africa and Zimbabwe, with managed operations including Impala Rustenburg, Marula, and Zimplats. Implats' ESG framework is built on three pillars focusing on environmental stewardship, social responsibility, and governance excellence. The PS3 strategy guides sustainability alignment. In 2023, Implats achieved significant safety milestones while investing heavily in socio-economic development and community projects. The company targets a 30% reduction in carbon emissions by 2030 and has invested in renewable energy projects including the 35MW solar PV project at Zimplats. Water recycling rates exceeded targets, and the company maintains strict environmental compliance across all operations. The GISTM (Global Industry Standard on Tailings Management) compliance roadmap is actively being implemented. Both companies utilise the six capitals framework (Financial, Manufactured, Intellectual, Human, Social/Relationship, Natural) to illustrate value creation and regularly engage with stakeholders through structured programmes. The double materiality principle used in ESG reporting assesses both inward financial materiality and outward impact materiality to provide comprehensive sustainability reporting aligned with global standards. Tongaat Hulett reported revenue of approximately R16.2 billion in 2021, with significant capital expenditure directed towards operational efficiency improvements and environmental sustainability initiatives. The company's manufactured capital includes six sugar mills across four countries with a combined crushing capacity exceeding 8 million tons of sugar

What are the core vision and mission statements of Tongaat Hulett?",What are the core vision and mission statements of Tongaat Hulett?,"Focus question: What are the core vision and mission statements of Tongaat Hulett?
Context profile: rag_shared_document_finance_reports
Prompt tokens: 1267
Context preview: Context: Tongaat Hulett and Implats ESG Report Summary — Tongaat Hulett is a leading agri-processing business focusing on the complementary activities of sugar production, property development, and starch production. The company operates in South Africa, Mozambique, Zimbabwe, and Botswana, employing over 30,000 people at the peak of the sugar milling season. In the 2021 financial year, Tongaat Hul",rag_shared_document_finance_reports,baseline,1267,20,223.28,0.3233,Cold,14.848,61.9,5.12,18.0,0.0,0,6,6,18.0,18.0,none,lmcache_store_coldpass,1,"[""Qwen-Qwen2.5-0.5B-Instruct@1@0@74e6b6b6f32558e4@bfloat16.pt""]",rag,True
2,Summarize the geographic footprint of Tongaat Hulett's operations.,"Context: Tongaat Hulett and Implats ESG Report Summary — Tongaat Hulett is a leading agri-processing business focusing on the complementary activities of sugar production, property development, and starch production. The company operates in South Africa, Mozambique, Zimbabwe, and Botswana, employing over 30,000 people at the peak of the sugar milling season. In the 2021 financial year, Tongaat Hul","Context: Tongaat Hulett and Implats ESG Report Summary — Tongaat Hulett is a leading agri-processing business focusing on the complementary activities of sugar production, property development, and starch production. The company operates in South Africa, Mozambique, Zimbabwe, and Botswana, employing over 30,000 people at the peak of the sugar milling season. In the 2021 financial year, Tongaat Hulett produced approximately 1.1 million tons of sugar. The company has committed to reducing energy intensity by 20% by 2025, with specific targets for water efficiency improvement. Tongaat Hulett invests in socio-economic development (SED) and reported total SED expenditure in 2021 aligned with community needs. The Lost Time Injury Frequency Rate (LTIFR) is a critical safety metric tracked annually. The company's ESG framework aligns with the UN Sustainable Development Goals and operates under ISO 45001 certification. Implats (Impala Platinum Holdings Limited) is one of the world's foremost producers of platinum group metals (PGMs). The company's operations span South Africa and Zimbabwe, with managed operations including Impala Rustenburg, Marula, and Zimplats. Implats' ESG framework is built on three pillars focusing on environmental stewardship, social responsibility, and governance excellence. The PS3 strategy guides sustainability alignment. In 2023, Implats achieved significant safety milestones while investing heavily in socio-economic development and community projects. The company targets a 30% reduction in carbon emissions by 2030 and has invested in renewable energy projects including the 35MW solar PV project at Zimplats. Water recycling rates exceeded targets, and the company maintains strict environmental compliance across all operations. The GISTM (Global Industry Standard on Tailings Management) compliance roadmap is actively being implemented. Both companies utilise the six capitals framework (Financial, Manufactured, Intellectual, Human, Social/Relationship, Natural) to illustrate value creation and regularly engage with stakeholders through structured programmes. The double materiality principle used in ESG reporting assesses both inward financial materiality and outward impact materiality to provide comprehensive sustainability reporting aligned with global standards. Tongaat Hulett reported revenue of approximately R16.2 billion in 2021, with significant capital expenditure directed towards operational efficiency improvements and environmental sustainability initiatives. The company's manufactured capital includes six sugar mills across four countries with a combined crushing capacity exceeding 8 million tons of sugarcane per season. Employee training and development spend reached R45 million, reflecting commitment to human capital investment. Implats distributed over R50 billion in total value to stakeholders in 2023, including R28 billion in wages and benefits, R12 billion in taxes and royalties, and R2.3 billion in dividends. The company's total mineral reserves stand at approximately 190 million ounces of platinum group metals. Production across all operations exceeded 3.2 million ounces of refined PGMs. The Marula mine in Limpopo province employs over 5,000 people and has achieved milestone safety records. Environmental management across both organisations addresses water stewardship, carbon emissions reduction, waste minimisation, and biodiversity conservation. Tongaat Hulett's sugarcane operations in KwaZulu-Natal face increasing climate risks from drought and flooding events, while Implats' mining operations in the Bushveld Complex manage dust emissions, acid mine drainage, and tailings storage facility safety under stringent regulatory requirements. Tongaat Hulett and Implats ESG Report Summary — Tongaat Hulett is a leading agri-processing business focusing on the complementary activities of sugar production, property development, and starch production. The company operates in South Africa, Mozambique, Zimbabwe, and Botswana, employing over 30,000 people at the peak of the sugar milling season. In the 2021 financial year, Tongaat Hulett produced approximately 1.1 million tons of sugar. The company has committed to reducing energy intensity by 20% by 2025, with specific targets for water efficiency improvement. Tongaat Hulett invests in socio-economic development (SED) and reported total SED expenditure in 2021 aligned with community needs. The Lost Time Injury Frequency Rate (LTIFR) is a critical safety metric tracked annually. The company's ESG framework aligns with the UN Sustainable Development Goals and operates under ISO 45001 certification. Implats (Impala Platinum Holdings Limited) is one of the world's foremost producers of platinum group metals (PGMs). The company's operations span South Africa and Zimbabwe, with managed operations including Impala Rustenburg, Marula, and Zimplats. Implats' ESG framework is built on three pillars focusing on environmental stewardship, social responsibility, and governance excellence. The PS3 strategy guides sustainability alignment. In 2023, Implats achieved significant safety milestones while investing heavily in socio-economic development and community projects. The company targets a 30% reduction in carbon emissions by 2030 and has invested in renewable energy projects including the 35MW solar PV project at Zimplats. Water recycling rates exceeded targets, and the company maintains strict environmental compliance across all operations. The GISTM (Global Industry Standard on Tailings Management) compliance roadmap is actively being implemented. Both companies utilise the six capitals framework (Financial, Manufactured, Intellectual, Human, Social/Relationship, Natural) to illustrate value creation and regularly engage with stakeholders through structured programmes. The double materiality principle used in ESG reporting assesses both inward financial materiality and outward impact materiality to provide comprehensive sustainability reporting aligned with global standards. Tongaat Hulett reported revenue of approximately R16.2 billion in 2021, with significant capital expenditure directed towards operational efficiency improvements and environmental sustainability initiatives. The company's manufactured capital includes six sugar mills across four countries with a combined crushing capacity exceeding 8 million tons of sugar

Summarize the geographic footprint of Tongaat Hulett's operations.",Summarize the geographic footprint of Tongaat Hulett's operations.,"Focus question: Summarize the geographic footprint of Tongaat Hulett's operations.
Context profile: rag_shared_document_finance_reports
Prompt tokens: 1267
Context preview: Context: Tongaat Hulett and Implats ESG Report Summary — Tongaat Hulett is a leading agri-processing business focusing on the complementary activities of sugar production, property development, and starch production. The company operates in South Africa, Mozambique, Zimbabwe, and Botswana, employing over 30,000 people at the peak of the sugar milling season. In the 2021 financial year, Tongaat Hul",rag_shared_document_finance_reports,baseline,1267,20,734.38,0.8344,Warm,14.848,61.9,5.12,18.0,0.0,0,6,6,18.0,18.0,none,lmcache_store_coldpass,1,"[""Qwen-Qwen2.5-0.5B-Instruct@1@0@66b73b9a749d90a6@bfloat16.pt""]",rag,True
3,What was the total volume of sugar produced in the 2021 financial year?,"Context: Tongaat Hulett and Implats ESG Report Summary — Tongaat Hulett is a leading agri-processing business focusing on the complementary activities of sugar production, property development, and starch production. The company operates in South Africa, Mozambique, Zimbabwe, and Botswana, employing over 30,000 people at the peak of the sugar milling season. In the 2021 financial year, Tongaat Hul","Context: Tongaat Hulett and Implats ESG Report Summary — Tongaat Hulett is a leading agri-processing business focusing on the complementary activities of sugar production, property development, and starch production. The company operates in South Africa, Mozambique, Zimbabwe, and Botswana, employing over 30,000 people at the peak of the sugar milling season. In the 2021 financial year, Tongaat Hulett produced approximately 1.1 million tons of sugar. The company has committed to reducing energy intensity by 20% by 2025, with specific targets for water efficiency improvement. Tongaat Hulett invests in socio-economic development (SED) and reported total SED expenditure in 2021 aligned with community needs. The Lost Time Injury Frequency Rate (LTIFR) is a critical safety metric tracked annually. The company's ESG framework aligns with the UN Sustainable Development Goals and operates under ISO 45001 certification. Implats (Impala Platinum Holdings Limited) is one of the world's foremost producers of platinum group metals (PGMs). The company's operations span South Africa and Zimbabwe, with managed operations including Impala Rustenburg, Marula, and Zimplats. Implats' ESG framework is built on three pillars focusing on environmental stewardship, social responsibility, and governance excellence. The PS3 strategy guides sustainability alignment. In 2023, Implats achieved significant safety milestones while investing heavily in socio-economic development and community projects. The company targets a 30% reduction in carbon emissions by 2030 and has invested in renewable energy projects including the 35MW solar PV project at Zimplats. Water recycling rates exceeded targets, and the company maintains strict environmental compliance across all operations. The GISTM (Global Industry Standard on Tailings Management) compliance roadmap is actively being implemented. Both companies utilise the six capitals framework (Financial, Manufactured, Intellectual, Human, Social/Relationship, Natural) to illustrate value creation and regularly engage with stakeholders through structured programmes. The double materiality principle used in ESG reporting assesses both inward financial materiality and outward impact materiality to provide comprehensive sustainability reporting aligned with global standards. Tongaat Hulett reported revenue of approximately R16.2 billion in 2021, with significant capital expenditure directed towards operational efficiency improvements and environmental sustainability initiatives. The company's manufactured capital includes six sugar mills across four countries with a combined crushing capacity exceeding 8 million tons of sugarcane per season. Employee training and development spend reached R45 million, reflecting commitment to human capital investment. Implats distributed over R50 billion in total value to stakeholders in 2023, including R28 billion in wages and benefits, R12 billion in taxes and royalties, and R2.3 billion in dividends. The company's total mineral reserves stand at approximately 190 million ounces of platinum group metals. Production across all operations exceeded 3.2 million ounces of refined PGMs. The Marula mine in Limpopo province employs over 5,000 people and has achieved milestone safety records. Environmental management across both organisations addresses water stewardship, carbon emissions reduction, waste minimisation, and biodiversity conservation. Tongaat Hulett's sugarcane operations in KwaZulu-Natal face increasing climate risks from drought and flooding events, while Implats' mining operations in the Bushveld Complex manage dust emissions, acid mine drainage, and tailings storage facility safety under stringent regulatory requirements. Tongaat Hulett and Implats ESG Report Summary — Tongaat Hulett is a leading agri-processing business focusing on the complementary activities of sugar production, property development, and starch production. The company operates in South Africa, Mozambique, Zimbabwe, and Botswana, employing over 30,000 people at the peak of the sugar milling season. In the 2021 financial year, Tongaat Hulett produced approximately 1.1 million tons of sugar. The company has committed to reducing energy intensity by 20% by 2025, with specific targets for water efficiency improvement. Tongaat Hulett invests in socio-economic development (SED) and reported total SED expenditure in 2021 aligned with community needs. The Lost Time Injury Frequency Rate (LTIFR) is a critical safety metric tracked annually. The company's ESG framework aligns with the UN Sustainable Development Goals and operates under ISO 45001 certification. Implats (Impala Platinum Holdings Limited) is one of the world's foremost producers of platinum group metals (PGMs). The company's operations span South Africa and Zimbabwe, with managed operations including Impala Rustenburg, Marula, and Zimplats. Implats' ESG framework is built on three pillars focusing on environmental stewardship, social responsibility, and governance excellence. The PS3 strategy guides sustainability alignment. In 2023, Implats achieved significant safety milestones while investing heavily in socio-economic development and community projects. The company targets a 30% reduction in carbon emissions by 2030 and has invested in renewable energy projects including the 35MW solar PV project at Zimplats. Water recycling rates exceeded targets, and the company maintains strict environmental compliance across all operations. The GISTM (Global Industry Standard on Tailings Management) compliance roadmap is actively being implemented. Both companies utilise the six capitals framework (Financial, Manufactured, Intellectual, Human, Social/Relationship, Natural) to illustrate value creation and regularly engage with stakeholders through structured programmes. The double materiality principle used in ESG reporting assesses both inward financial materiality and outward impact materiality to provide comprehensive sustainability reporting aligned with global standards. Tongaat Hulett reported revenue of approximately R16.2 billion in 2021, with significant capital expenditure directed towards operational efficiency improvements and environmental sustainability initiatives. The company's manufactured capital includes six sugar mills across four countries with a combined crushing capacity exceeding 8 million tons of sugar

What was the total volume of sugar produced in the 2021 financial year?",What was the total volume of sugar produced in the 2021 financial year?,"Focus question: What was the total volume of sugar produced in the 2021 financial year?
Context profile: rag_shared_document_finance_reports
Prompt tokens: 1270
Context preview: Context: Tongaat Hulett and Implats ESG Report Summary — Tongaat Hulett is a leading agri-processing business focusing on the complementary activities of sugar production, property development, and starch production. The company operates in South Africa, Mozambique, Zimbabwe, and Botswana, employing over 30,000 people at the peak of the sugar milling season. In the 2021 financial year, Tongaat Hul",rag_shared_document_finance_reports,baseline,1270,20,1079.19,1.1792,Warm,14.883,62.0,5.12,18.0,0.0,0,6,6,18.0,18.0,none,lmcache_store_coldpass,1,"[""Qwen-Qwen2.5-0.5B-Instruct@1@0@-a45a6c9c781278c@bfloat16.pt""]",rag,True
4,How many people were employed at the peak of the milling season?,"Context: Tongaat Hulett and Implats ESG Report Summary — Tongaat Hulett is a leading agri-processing business focusing on the complementary activities of sugar production, property development, and starch production. The company operates in South Africa, Mozambique, Zimbabwe, and Botswana, employing over 30,000 people at the peak of the sugar milling season. In the 2021 financial year, Tongaat Hul","Context: Tongaat Hulett and Implats ESG Report Summary — Tongaat Hulett is a leading agri-processing business focusing on the complementary activities of sugar production, property development, and starch production. The company operates in South Africa, Mozambique, Zimbabwe, and Botswana, employing over 30,000 people at the peak of the sugar milling season. In the 2021 financial year, Tongaat Hulett produced approximately 1.1 million tons of sugar. The company has committed to reducing energy intensity by 20% by 2025, with specific targets for water efficiency improvement. Tongaat Hulett invests in socio-economic development (SED) and reported total SED expenditure in 2021 aligned with community needs. The Lost Time Injury Frequency Rate (LTIFR) is a critical safety metric tracked annually. The company's ESG framework aligns with the UN Sustainable Development Goals and operates under ISO 45001 certification. Implats (Impala Platinum Holdings Limited) is one of the world's foremost producers of platinum group metals (PGMs). The company's operations span South Africa and Zimbabwe, with managed operations including Impala Rustenburg, Marula, and Zimplats. Implats' ESG framework is built on three pillars focusing on environmental stewardship, social responsibility, and governance excellence. The PS3 strategy guides sustainability alignment. In 2023, Implats achieved significant safety milestones while investing heavily in socio-economic development and community projects. The company targets a 30% reduction in carbon emissions by 2030 and has invested in renewable energy projects including the 35MW solar PV project at Zimplats. Water recycling rates exceeded targets, and the company maintains strict environmental compliance across all operations. The GISTM (Global Industry Standard on Tailings Management) compliance roadmap is actively being implemented. Both companies utilise the six capitals framework (Financial, Manufactured, Intellectual, Human, Social/Relationship, Natural) to illustrate value creation and regularly engage with stakeholders through structured programmes. The double materiality principle used in ESG reporting assesses both inward financial materiality and outward impact materiality to provide comprehensive sustainability reporting aligned with global standards. Tongaat Hulett reported revenue of approximately R16.2 billion in 2021, with significant capital expenditure directed towards operational efficiency improvements and environmental sustainability initiatives. The company's manufactured capital includes six sugar mills across four countries with a combined crushing capacity exceeding 8 million tons of sugarcane per season. Employee training and development spend reached R45 million, reflecting commitment to human capital investment. Implats distributed over R50 billion in total value to stakeholders in 2023, including R28 billion in wages and benefits, R12 billion in taxes and royalties, and R2.3 billion in dividends. The company's total mineral reserves stand at approximately 190 million ounces of platinum group metals. Production across all operations exceeded 3.2 million ounces of refined PGMs. The Marula mine in Limpopo province employs over 5,000 people and has achieved milestone safety records. Environmental management across both organisations addresses water stewardship, carbon emissions reduction, waste minimisation, and biodiversity conservation. Tongaat Hulett's sugarcane operations in KwaZulu-Natal face increasing climate risks from drought and flooding events, while Implats' mining operations in the Bushveld Complex manage dust emissions, acid mine drainage, and tailings storage facility safety under stringent regulatory requirements. Tongaat Hulett and Implats ESG Report Summary — Tongaat Hulett is a leading agri-processing business focusing on the complementary activities of sugar production, property development, and starch production. The company operates in South Africa, Mozambique, Zimbabwe, and Botswana, employing over 30,000 people at the peak of the sugar milling season. In the 2021 financial year, Tongaat Hulett produced approximately 1.1 million tons of sugar. The company has committed to reducing energy intensity by 20% by 2025, with specific targets for water efficiency improvement. Tongaat Hulett invests in socio-economic development (SED) and reported total SED expenditure in 2021 aligned with community needs. The Lost Time Injury Frequency Rate (LTIFR) is a critical safety metric tracked annually. The company's ESG framework aligns with the UN Sustainable Development Goals and operates under ISO 45001 certification. Implats (Impala Platinum Holdings Limited) is one of the world's foremost producers of platinum group metals (PGMs). The company's operations span South Africa and Zimbabwe, with managed operations including Impala Rustenburg, Marula, and Zimplats. Implats' ESG framework is built on three pillars focusing on environmental stewardship, social responsibility, and governance excellence. The PS3 strategy guides sustainability alignment. In 2023, Implats achieved significant safety milestones while investing heavily in socio-economic development and community projects. The company targets a 30% reduction in carbon emissions by 2030 and has invested in renewable energy projects including the 35MW solar PV project at Zimplats. Water recycling rates exceeded targets, and the company maintains strict environmental compliance across all operations. The GISTM (Global Industry Standard on Tailings Management) compliance roadmap is actively being implemented. Both companies utilise the six capitals framework (Financial, Manufactured, Intellectual, Human, Social/Relationship, Natural) to illustrate value creation and regularly engage with stakeholders through structured programmes. The double materiality principle used in ESG reporting assesses both inward financial materiality and outward impact materiality to provide comprehensive sustainability reporting aligned with global standards. Tongaat Hulett reported revenue of approximately R16.2 billion in 2021, with significant capital expenditure directed towards operational efficiency improvements and environmental sustainability initiatives. The company's manufactured capital includes six sugar mills across four countries with a combined crushing capacity exceeding 8 million tons of sugar

How many people were employed at the peak of the milling season?",How many people were employed at the peak of the milling season?,"Focus question: How many people were employed at the peak of the milling season?
Context profile: rag_shared_document_finance_reports
Prompt tokens: 1265
Context preview: Context: Tongaat Hulett and Implats ESG Report Summary — Tongaat Hulett is a leading agri-processing business focusing on the complementary activities of sugar production, property development, and starch production. The company operates in South Africa, Mozambique, Zimbabwe, and Botswana, employing over 30,000 people at the peak of the sugar milling season. In the 2021 financial year, Tongaat Hul",rag_shared_document_finance_reports,baseline,1265,20,693.89,0.7939,Warm,14.824,61.8,5.12,18.0,0.0,0,6,6,18.0,18.0,none,lmcache_store_coldpass,1,"[""Qwen-Qwen2.5-0.5B-Instruct@1@0@1bc32130432bfffe@bfloat16.pt""]",rag,True
5,What percentage of Board members were non-executive and independent?,"Context: Tongaat Hulett and Implats ESG Report Summary — Tongaat Hulett is a leading agri-processing business focusing on the complementary activities of sugar production, property development, and starch production. The company operates in South Africa, Mozambique, Zimbabwe, and Botswana, employing over 30,000 people at the peak of the sugar milling season. In the 2021 financial year, Tongaat Hul","Context: Tongaat Hulett and Implats ESG Report Summary — Tongaat Hulett is a leading agri-processing business focusing on the complementary activities of sugar production, property development, and starch production. The company operates in South Africa, Mozambique, Zimbabwe, and Botswana, employing over 30,000 people at the peak of the sugar milling season. In the 2021 financial year, Tongaat Hulett produced approximately 1.1 million tons of sugar. The company has committed to reducing energy intensity by 20% by 2025, with specific targets for water efficiency improvement. Tongaat Hulett invests in socio-economic development (SED) and reported total SED expenditure in 2021 aligned with community needs. The Lost Time Injury Frequency Rate (LTIFR) is a critical safety metric tracked annually. The company's ESG framework aligns with the UN Sustainable Development Goals and operates under ISO 45001 certification. Implats (Impala Platinum Holdings Limited) is one of the world's foremost producers of platinum group metals (PGMs). The company's operations span South Africa and Zimbabwe, with managed operations including Impala Rustenburg, Marula, and Zimplats. Implats' ESG framework is built on three pillars focusing on environmental stewardship, social responsibility, and governance excellence. The PS3 strategy guides sustainability alignment. In 2023, Implats achieved significant safety milestones while investing heavily in socio-economic development and community projects. The company targets a 30% reduction in carbon emissions by 2030 and has invested in renewable energy projects including the 35MW solar PV project at Zimplats. Water recycling rates exceeded targets, and the company maintains strict environmental compliance across all operations. The GISTM (Global Industry Standard on Tailings Management) compliance roadmap is actively being implemented. Both companies utilise the six capitals framework (Financial, Manufactured, Intellectual, Human, Social/Relationship, Natural) to illustrate value creation and regularly engage with stakeholders through structured programmes. The double materiality principle used in ESG reporting assesses both inward financial materiality and outward impact materiality to provide comprehensive sustainability reporting aligned with global standards. Tongaat Hulett reported revenue of approximately R16.2 billion in 2021, with significant capital expenditure directed towards operational efficiency improvements and environmental sustainability initiatives. The company's manufactured capital includes six sugar mills across four countries with a combined crushing capacity exceeding 8 million tons of sugarcane per season. Employee training and development spend reached R45 million, reflecting commitment to human capital investment. Implats distributed over R50 billion in total value to stakeholders in 2023, including R28 billion in wages and benefits, R12 billion in taxes and royalties, and R2.3 billion in dividends. The company's total mineral reserves stand at approximately 190 million ounces of platinum group metals. Production across all operations exceeded 3.2 million ounces of refined PGMs. The Marula mine in Limpopo province employs over 5,000 people and has achieved milestone safety records. Environmental management across both organisations addresses water stewardship, carbon emissions reduction, waste minimisation, and biodiversity conservation. Tongaat Hulett's sugarcane operations in KwaZulu-Natal face increasing climate risks from drought and flooding events, while Implats' mining operations in the Bushveld Complex manage dust emissions, acid mine drainage, and tailings storage facility safety under stringent regulatory requirements. Tongaat Hulett and Implats ESG Report Summary — Tongaat Hulett is a leading agri-processing business focusing on the complementary activities of sugar production, property development, and starch production. The company operates in South Africa, Mozambique, Zimbabwe, and Botswana, employing over 30,000 people at the peak of the sugar milling season. In the 2021 financial year, Tongaat Hulett produced approximately 1.1 million tons of sugar. The company has committed to reducing energy intensity by 20% by 2025, with specific targets for water efficiency improvement. Tongaat Hulett invests in socio-economic development (SED) and reported total SED expenditure in 2021 aligned with community needs. The Lost Time Injury Frequency Rate (LTIFR) is a critical safety metric tracked annually. The company's ESG framework aligns with the UN Sustainable Development Goals and operates under ISO 45001 certification. Implats (Impala Platinum Holdings Limited) is one of the world's foremost producers of platinum group metals (PGMs). The company's operations span South Africa and Zimbabwe, with managed operations including Impala Rustenburg, Marula, and Zimplats. Implats' ESG framework is built on three pillars focusing on environmental stewardship, social responsibility, and governance excellence. The PS3 strategy guides sustainability alignment. In 2023, Implats achieved significant safety milestones while investing heavily in socio-economic development and community projects. The company targets a 30% reduction in carbon emissions by 2030 and has invested in renewable energy projects including the 35MW solar PV project at Zimplats. Water recycling rates exceeded targets, and the company maintains strict environmental compliance across all operations. The GISTM (Global Industry Standard on Tailings Management) compliance roadmap is actively being implemented. Both companies utilise the six capitals framework (Financial, Manufactured, Intellectual, Human, Social/Relationship, Natural) to illustrate value creation and regularly engage with stakeholders through structured programmes. The double materiality principle used in ESG reporting assesses both inward financial materiality and outward impact materiality to provide comprehensive sustainability reporting aligned with global standards. Tongaat Hulett reported revenue of approximately R16.2 billion in 2021, with significant capital expenditure directed towards operational efficiency improvements and environmental sustainability initiatives. The company's manufactured capital includes six sugar mills across four countries with a combined crushing capacity exceeding 8 million tons of sugar

What percentage of Board members were non-executive and independent?",What percentage of Board members were non-executive and independent?,"Focus question: What percentage of Board members were non-executive and independent?
Context profile: rag_shared_document_finance_reports
Prompt tokens: 1264
Context preview: Context: Tongaat Hulett and Implats ESG Report Summary — Tongaat Hulett is a leading agri-processing business focusing on the complementary activities of sugar production, property development, and starch production. The company operates in South Africa, Mozambique, Zimbabwe, and Botswana, employing over 30,000 people at the peak of the sugar milling season. In the 2021 financial year, Tongaat Hul",rag_shared_document_finance_reports,baseline,1264,20,763.61,0.8636,Warm,14.812,61.7,5.12,18.0,0.0,0,6,6,18.0,18.0,none,lmcache_store_coldpass,1,"[""Qwen-Qwen2.5-0.5B-Instruct@1@0@1bc32130432bfffe@bfloat16.pt""]",rag,True
6,Explain the Manufactured and Financial capitals in the business model.,"Context: Tongaat Hulett and Implats ESG Report Summary — Tongaat Hulett is a leading agri-processing business focusing on the complementary activities of sugar production, property development, and starch production. The company operates in South Africa, Mozambique, Zimbabwe, and Botswana, employing over 30,000 people at the peak of the sugar milling season. In the 2021 financial year, Tongaat Hul","Context: Tongaat Hulett and Implats ESG Report Summary — Tongaat Hulett is a leading agri-processing business focusing on the complementary activities of sugar production, property development, and starch production. The company operates in South Africa, Mozambique, Zimbabwe, and Botswana, employing over 30,000 people at the peak of the sugar milling season. In the 2021 financial year, Tongaat Hulett produced approximately 1.1 million tons of sugar. The company has committed to reducing energy intensity by 20% by 2025, with specific targets for water efficiency improvement. Tongaat Hulett invests in socio-economic development (SED) and reported total SED expenditure in 2021 aligned with community needs. The Lost Time Injury Frequency Rate (LTIFR) is a critical safety metric tracked annually. The company's ESG framework aligns with the UN Sustainable Development Goals and operates under ISO 45001 certification. Implats (Impala Platinum Holdings Limited) is one of the world's foremost producers of platinum group metals (PGMs). The company's operations span South Africa and Zimbabwe, with managed operations including Impala Rustenburg, Marula, and Zimplats. Implats' ESG framework is built on three pillars focusing on environmental stewardship, social responsibility, and governance excellence. The PS3 strategy guides sustainability alignment. In 2023, Implats achieved significant safety milestones while investing heavily in socio-economic development and community projects. The company targets a 30% reduction in carbon emissions by 2030 and has invested in renewable energy projects including the 35MW solar PV project at Zimplats. Water recycling rates exceeded targets, and the company maintains strict environmental compliance across all operations. The GISTM (Global Industry Standard on Tailings Management) compliance roadmap is actively being implemented. Both companies utilise the six capitals framework (Financial, Manufactured, Intellectual, Human, Social/Relationship, Natural) to illustrate value creation and regularly engage with stakeholders through structured programmes. The double materiality principle used in ESG reporting assesses both inward financial materiality and outward impact materiality to provide comprehensive sustainability reporting aligned with global standards. Tongaat Hulett reported revenue of approximately R16.2 billion in 2021, with significant capital expenditure directed towards operational efficiency improvements and environmental sustainability initiatives. The company's manufactured capital includes six sugar mills across four countries with a combined crushing capacity exceeding 8 million tons of sugarcane per season. Employee training and development spend reached R45 million, reflecting commitment to human capital investment. Implats distributed over R50 billion in total value to stakeholders in 2023, including R28 billion in wages and benefits, R12 billion in taxes and royalties, and R2.3 billion in dividends. The company's total mineral reserves stand at approximately 190 million ounces of platinum group metals. Production across all operations exceeded 3.2 million ounces of refined PGMs. The Marula mine in Limpopo province employs over 5,000 people and has achieved milestone safety records. Environmental management across both organisations addresses water stewardship, carbon emissions reduction, waste minimisation, and biodiversity conservation. Tongaat Hulett's sugarcane operations in KwaZulu-Natal face increasing climate risks from drought and flooding events, while Implats' mining operations in the Bushveld Complex manage dust emissions, acid mine drainage, and tailings storage facility safety under stringent regulatory requirements. Tongaat Hulett and Implats ESG Report Summary — Tongaat Hulett is a leading agri-processing business focusing on the complementary activities of sugar production, property development, and starch production. The company operates in South Africa, Mozambique, Zimbabwe, and Botswana, employing over 30,000 people at the peak of the sugar milling season. In the 2021 financial year, Tongaat Hulett produced approximately 1.1 million tons of sugar. The company has committed to reducing energy intensity by 20% by 2025, with specific targets for water efficiency improvement. Tongaat Hulett invests in socio-economic development (SED) and reported total SED expenditure in 2021 aligned with community needs. The Lost Time Injury Frequency Rate (LTIFR) is a critical safety metric tracked annually. The company's ESG framework aligns with the UN Sustainable Development Goals and operates under ISO 45001 certification. Implats (Impala Platinum Holdings Limited) is one of the world's foremost producers of platinum group metals (PGMs). The company's operations span South Africa and Zimbabwe, with managed operations including Impala Rustenburg, Marula, and Zimplats. Implats' ESG framework is built on three pillars focusing on environmental stewardship, social responsibility, and governance excellence. The PS3 strategy guides sustainability alignment. In 2023, Implats achieved significant safety milestones while investing heavily in socio-economic development and community projects. The company targets a 30% reduction in carbon emissions by 2030 and has invested in renewable energy projects including the 35MW solar PV project at Zimplats. Water recycling rates exceeded targets, and the company maintains strict environmental compliance across all operations. The GISTM (Global Industry Standard on Tailings Management) compliance roadmap is actively being implemented. Both companies utilise the six capitals framework (Financial, Manufactured, Intellectual, Human, Social/Relationship, Natural) to illustrate value creation and regularly engage with stakeholders through structured programmes. The double materiality principle used in ESG reporting assesses both inward financial materiality and outward impact materiality to provide comprehensive sustainability reporting aligned with global standards. Tongaat Hulett reported revenue of approximately R16.2 billion in 2021, with significant capital expenditure directed towards operational efficiency improvements and environmental sustainability initiatives. The company's manufactured capital includes six sugar mills across four countries with a combined crushing capacity exceeding 8 million tons of sugar

Explain the Manufactured and Financial capitals in the business model.",Explain the Manufactured and Financial capitals in the business model.,"Focus question: Explain the Manufactured and Financial capitals in the business model.
Context profile: rag_shared_document_finance_reports
Prompt tokens: 1265
Context preview: Context: Tongaat Hulett and Implats ESG Report Summary — Tongaat Hulett is a leading agri-processing business focusing on the complementary activities of sugar production, property development, and starch production. The company operates in South Africa, Mozambique, Zimbabwe, and Botswana, employing over 30,000 people at the peak of the sugar milling season. In the 2021 financial year, Tongaat Hul",rag_shared_document_finance_reports,baseline,1265,20,506.66,0.6067,Warm,14.824,61.8,5.12,18.0,0.0,0,6,6,18.0,18.0,none,lmcache_store_coldpass,1,"[""Qwen-Qwen2.5-0.5B-Instruct@1@0@1bc32130432bfffe@bfloat16.pt""]",rag,True
7,What were the key focus areas for 2022 to enable operational excellence?,"Context: Tongaat Hulett and Implats ESG Report Summary — Tongaat Hulett is a leading agri-processing business focusing on the complementary activities of sugar production, property development, and starch production. The company operates in South Africa, Mozambique, Zimbabwe, and Botswana, employing over 30,000 people at the peak of the sugar milling season. In the 2021 financial year, Tongaat Hul","Context: Tongaat Hulett and Implats ESG Report Summary — Tongaat Hulett is a leading agri-processing business focusing on the complementary activities of sugar production, property development, and starch production. The company operates in South Africa, Mozambique, Zimbabwe, and Botswana, employing over 30,000 people at the peak of the sugar milling season. In the 2021 financial year, Tongaat Hulett produced approximately 1.1 million tons of sugar. The company has committed to reducing energy intensity by 20% by 2025, with specific targets for water efficiency improvement. Tongaat Hulett invests in socio-economic development (SED) and reported total SED expenditure in 2021 aligned with community needs. The Lost Time Injury Frequency Rate (LTIFR) is a critical safety metric tracked annually. The company's ESG framework aligns with the UN Sustainable Development Goals and operates under ISO 45001 certification. Implats (Impala Platinum Holdings Limited) is one of the world's foremost producers of platinum group metals (PGMs). The company's operations span South Africa and Zimbabwe, with managed operations including Impala Rustenburg, Marula, and Zimplats. Implats' ESG framework is built on three pillars focusing on environmental stewardship, social responsibility, and governance excellence. The PS3 strategy guides sustainability alignment. In 2023, Implats achieved significant safety milestones while investing heavily in socio-economic development and community projects. The company targets a 30% reduction in carbon emissions by 2030 and has invested in renewable energy projects including the 35MW solar PV project at Zimplats. Water recycling rates exceeded targets, and the company maintains strict environmental compliance across all operations. The GISTM (Global Industry Standard on Tailings Management) compliance roadmap is actively being implemented. Both companies utilise the six capitals framework (Financial, Manufactured, Intellectual, Human, Social/Relationship, Natural) to illustrate value creation and regularly engage with stakeholders through structured programmes. The double materiality principle used in ESG reporting assesses both inward financial materiality and outward impact materiality to provide comprehensive sustainability reporting aligned with global standards. Tongaat Hulett reported revenue of approximately R16.2 billion in 2021, with significant capital expenditure directed towards operational efficiency improvements and environmental sustainability initiatives. The company's manufactured capital includes six sugar mills across four countries with a combined crushing capacity exceeding 8 million tons of sugarcane per season. Employee training and development spend reached R45 million, reflecting commitment to human capital investment. Implats distributed over R50 billion in total value to stakeholders in 2023, including R28 billion in wages and benefits, R12 billion in taxes and royalties, and R2.3 billion in dividends. The company's total mineral reserves stand at approximately 190 million ounces of platinum group metals. Production across all operations exceeded 3.2 million ounces of refined PGMs. The Marula mine in Limpopo province employs over 5,000 people and has achieved milestone safety records. Environmental management across both organisations addresses water stewardship, carbon emissions reduction, waste minimisation, and biodiversity conservation. Tongaat Hulett's sugarcane operations in KwaZulu-Natal face increasing climate risks from drought and flooding events, while Implats' mining operations in the Bushveld Complex manage dust emissions, acid mine drainage, and tailings storage facility safety under stringent regulatory requirements. Tongaat Hulett and Implats ESG Report Summary — Tongaat Hulett is a leading agri-processing business focusing on the complementary activities of sugar production, property development, and starch production. The company operates in South Africa, Mozambique, Zimbabwe, and Botswana, employing over 30,000 people at the peak of the sugar milling season. In the 2021 financial year, Tongaat Hulett produced approximately 1.1 million tons of sugar. The company has committed to reducing energy intensity by 20% by 2025, with specific targets for water efficiency improvement. Tongaat Hulett invests in socio-economic development (SED) and reported total SED expenditure in 2021 aligned with community needs. The Lost Time Injury Frequency Rate (LTIFR) is a critical safety metric tracked annually. The company's ESG framework aligns with the UN Sustainable Development Goals and operates under ISO 45001 certification. Implats (Impala Platinum Holdings Limited) is one of the world's foremost producers of platinum group metals (PGMs). The company's operations span South Africa and Zimbabwe, with managed operations including Impala Rustenburg, Marula, and Zimplats. Implats' ESG framework is built on three pillars focusing on environmental stewardship, social responsibility, and governance excellence. The PS3 strategy guides sustainability alignment. In 2023, Implats achieved significant safety milestones while investing heavily in socio-economic development and community projects. The company targets a 30% reduction in carbon emissions by 2030 and has invested in renewable energy projects including the 35MW solar PV project at Zimplats. Water recycling rates exceeded targets, and the company maintains strict environmental compliance across all operations. The GISTM (Global Industry Standard on Tailings Management) compliance roadmap is actively being implemented. Both companies utilise the six capitals framework (Financial, Manufactured, Intellectual, Human, Social/Relationship, Natural) to illustrate value creation and regularly engage with stakeholders through structured programmes. The double materiality principle used in ESG reporting assesses both inward financial materiality and outward impact materiality to provide comprehensive sustainability reporting aligned with global standards. Tongaat Hulett reported revenue of approximately R16.2 billion in 2021, with significant capital expenditure directed towards operational efficiency improvements and environmental sustainability initiatives. The company's manufactured capital includes six sugar mills across four countries with a combined crushing capacity exceeding 8 million tons of sugar

What were the key focus areas for 2022 to enable operational excellence?",What were the key focus areas for 2022 to enable operational excellence?,"Focus question: What were the key focus areas for 2022 to enable operational excellence?
Context profile: rag_shared_document_finance_reports
Prompt tokens: 1269
Context preview: Context: Tongaat Hulett and Implats ESG Report Summary — Tongaat Hulett is a leading agri-processing business focusing on the complementary activities of sugar production, property development, and starch production. The company operates in South Africa, Mozambique, Zimbabwe, and Botswana, employing over 30,000 people at the peak of the sugar milling season. In the 2021 financial year, Tongaat Hul",rag_shared_document_finance_reports,baseline,1269,20,316.42,0.4164,Warm,14.871,62.0,5.12,18.0,0.0,0,6,6,18.0,18.0,none,lmcache_store_coldpass,1,"[""Qwen-Qwen2.5-0.5B-Instruct@1@0@1bc32130432bfffe@bfloat16.pt""]",rag,True
8,Summarize the impact of COVID-19 on operations and workforce in 2021.,"Context: Tongaat Hulett and Implats ESG Report Summary — Tongaat Hulett is a leading agri-processing business focusing on the complementary activities of sugar production, property development, and starch production. The company operates in South Africa, Mozambique, Zimbabwe, and Botswana, employing over 30,000 people at the peak of the sugar milling season. In the 2021 financial year, Tongaat Hul","Context: Tongaat Hulett and Implats ESG Report Summary — Tongaat Hulett is a leading agri-processing business focusing on the complementary activities of sugar production, property development, and starch production. The company operates in South Africa, Mozambique, Zimbabwe, and Botswana, employing over 30,000 people at the peak of the sugar milling season. In the 2021 financial year, Tongaat Hulett produced approximately 1.1 million tons of sugar. The company has committed to reducing energy intensity by 20% by 2025, with specific targets for water efficiency improvement. Tongaat Hulett invests in socio-economic development (SED) and reported total SED expenditure in 2021 aligned with community needs. The Lost Time Injury Frequency Rate (LTIFR) is a critical safety metric tracked annually. The company's ESG framework aligns with the UN Sustainable Development Goals and operates under ISO 45001 certification. Implats (Impala Platinum Holdings Limited) is one of the world's foremost producers of platinum group metals (PGMs). The company's operations span South Africa and Zimbabwe, with managed operations including Impala Rustenburg, Marula, and Zimplats. Implats' ESG framework is built on three pillars focusing on environmental stewardship, social responsibility, and governance excellence. The PS3 strategy guides sustainability alignment. In 2023, Implats achieved significant safety milestones while investing heavily in socio-economic development and community projects. The company targets a 30% reduction in carbon emissions by 2030 and has invested in renewable energy projects including the 35MW solar PV project at Zimplats. Water recycling rates exceeded targets, and the company maintains strict environmental compliance across all operations. The GISTM (Global Industry Standard on Tailings Management) compliance roadmap is actively being implemented. Both companies utilise the six capitals framework (Financial, Manufactured, Intellectual, Human, Social/Relationship, Natural) to illustrate value creation and regularly engage with stakeholders through structured programmes. The double materiality principle used in ESG reporting assesses both inward financial materiality and outward impact materiality to provide comprehensive sustainability reporting aligned with global standards. Tongaat Hulett reported revenue of approximately R16.2 billion in 2021, with significant capital expenditure directed towards operational efficiency improvements and environmental sustainability initiatives. The company's manufactured capital includes six sugar mills across four countries with a combined crushing capacity exceeding 8 million tons of sugarcane per season. Employee training and development spend reached R45 million, reflecting commitment to human capital investment. Implats distributed over R50 billion in total value to stakeholders in 2023, including R28 billion in wages and benefits, R12 billion in taxes and royalties, and R2.3 billion in dividends. The company's total mineral reserves stand at approximately 190 million ounces of platinum group metals. Production across all operations exceeded 3.2 million ounces of refined PGMs. The Marula mine in Limpopo province employs over 5,000 people and has achieved milestone safety records. Environmental management across both organisations addresses water stewardship, carbon emissions reduction, waste minimisation, and biodiversity conservation. Tongaat Hulett's sugarcane operations in KwaZulu-Natal face increasing climate risks from drought and flooding events, while Implats' mining operations in the Bushveld Complex manage dust emissions, acid mine drainage, and tailings storage facility safety under stringent regulatory requirements. Tongaat Hulett and Implats ESG Report Summary — Tongaat Hulett is a leading agri-processing business focusing on the complementary activities of sugar production, property development, and starch production. The company operates in South Africa, Mozambique, Zimbabwe, and Botswana, employing over 30,000 people at the peak of the sugar milling season. In the 2021 financial year, Tongaat Hulett produced approximately 1.1 million tons of sugar. The company has committed to reducing energy intensity by 20% by 2025, with specific targets for water efficiency improvement. Tongaat Hulett invests in socio-economic development (SED) and reported total SED expenditure in 2021 aligned with community needs. The Lost Time Injury Frequency Rate (LTIFR) is a critical safety metric tracked annually. The company's ESG framework aligns with the UN Sustainable Development Goals and operates under ISO 45001 certification. Implats (Impala Platinum Holdings Limited) is one of the world's foremost producers of platinum group metals (PGMs). The company's operations span South Africa and Zimbabwe, with managed operations including Impala Rustenburg, Marula, and Zimplats. Implats' ESG framework is built on three pillars focusing on environmental stewardship, social responsibility, and governance excellence. The PS3 strategy guides sustainability alignment. In 2023, Implats achieved significant safety milestones while investing heavily in socio-economic development and community projects. The company targets a 30% reduction in carbon emissions by 2030 and has invested in renewable energy projects including the 35MW solar PV project at Zimplats. Water recycling rates exceeded targets, and the company maintains strict environmental compliance across all operations. The GISTM (Global Industry Standard on Tailings Management) compliance roadmap is actively being implemented. Both companies utilise the six capitals framework (Financial, Manufactured, Intellectual, Human, Social/Relationship, Natural) to illustrate value creation and regularly engage with stakeholders through structured programmes. The double materiality principle used in ESG reporting assesses both inward financial materiality and outward impact materiality to provide comprehensive sustainability reporting aligned with global standards. Tongaat Hulett reported revenue of approximately R16.2 billion in 2021, with significant capital expenditure directed towards operational efficiency improvements and environmental sustainability initiatives. The company's manufactured capital includes six sugar mills across four countries with a combined crushing capacity exceeding 8 million tons of sugar

Summarize the impact of COVID-19 on operations and workforce in 2021.",Summarize the impact of COVID-19 on operations and workforce in 2021.,"Focus question: Summarize the impact of COVID-19 on operations and workforce in 2021.
Context profile: rag_shared_document_finance_reports
Prompt tokens: 1273
Context preview: Context: Tongaat Hulett and Implats ESG Report Summary — Tongaat Hulett is a leading agri-processing business focusing on the complementary activities of sugar production, property development, and starch production. The company operates in South Africa, Mozambique, Zimbabwe, and Botswana, employing over 30,000 people at the peak of the sugar milling season. In the 2021 financial year, Tongaat Hul",rag_shared_document_finance_reports,baseline,1273,20,358.74,0.4587,Warm,14.918,62.2,5.12,18.0,0.0,0,6,6,18.0,18.0,none,lmcache_store_coldpass,1,"[""Qwen-Qwen2.5-0.5B-Instruct@1@0@1bc32130432bfffe@bfloat16.pt""]",rag,True
9,How much was invested in COVID-19 avoidance and treatment in 2021?,"Context: Tongaat Hulett and Implats ESG Report Summary — Tongaat Hulett is a leading agri-processing business focusing on the complementary activities of sugar production, property development, and starch production. The company operates in South Africa, Mozambique, Zimbabwe, and Botswana, employing over 30,000 people at the peak of the sugar milling season. In the 2021 financial year, Tongaat Hul","Context: Tongaat Hulett and Implats ESG Report Summary — Tongaat Hulett is a leading agri-processing business focusing on the complementary activities of sugar production, property development, and starch production. The company operates in South Africa, Mozambique, Zimbabwe, and Botswana, employing over 30,000 people at the peak of the sugar milling season. In the 2021 financial year, Tongaat Hulett produced approximately 1.1 million tons of sugar. The company has committed to reducing energy intensity by 20% by 2025, with specific targets for water efficiency improvement. Tongaat Hulett invests in socio-economic development (SED) and reported total SED expenditure in 2021 aligned with community needs. The Lost Time Injury Frequency Rate (LTIFR) is a critical safety metric tracked annually. The company's ESG framework aligns with the UN Sustainable Development Goals and operates under ISO 45001 certification. Implats (Impala Platinum Holdings Limited) is one of the world's foremost producers of platinum group metals (PGMs). The company's operations span South Africa and Zimbabwe, with managed operations including Impala Rustenburg, Marula, and Zimplats. Implats' ESG framework is built on three pillars focusing on environmental stewardship, social responsibility, and governance excellence. The PS3 strategy guides sustainability alignment. In 2023, Implats achieved significant safety milestones while investing heavily in socio-economic development and community projects. The company targets a 30% reduction in carbon emissions by 2030 and has invested in renewable energy projects including the 35MW solar PV project at Zimplats. Water recycling rates exceeded targets, and the company maintains strict environmental compliance across all operations. The GISTM (Global Industry Standard on Tailings Management) compliance roadmap is actively being implemented. Both companies utilise the six capitals framework (Financial, Manufactured, Intellectual, Human, Social/Relationship, Natural) to illustrate value creation and regularly engage with stakeholders through structured programmes. The double materiality principle used in ESG reporting assesses both inward financial materiality and outward impact materiality to provide comprehensive sustainability reporting aligned with global standards. Tongaat Hulett reported revenue of approximately R16.2 billion in 2021, with significant capital expenditure directed towards operational efficiency improvements and environmental sustainability initiatives. The company's manufactured capital includes six sugar mills across four countries with a combined crushing capacity exceeding 8 million tons of sugarcane per season. Employee training and development spend reached R45 million, reflecting commitment to human capital investment. Implats distributed over R50 billion in total value to stakeholders in 2023, including R28 billion in wages and benefits, R12 billion in taxes and royalties, and R2.3 billion in dividends. The company's total mineral reserves stand at approximately 190 million ounces of platinum group metals. Production across all operations exceeded 3.2 million ounces of refined PGMs. The Marula mine in Limpopo province employs over 5,000 people and has achieved milestone safety records. Environmental management across both organisations addresses water stewardship, carbon emissions reduction, waste minimisation, and biodiversity conservation. Tongaat Hulett's sugarcane operations in KwaZulu-Natal face increasing climate risks from drought and flooding events, while Implats' mining operations in the Bushveld Complex manage dust emissions, acid mine drainage, and tailings storage facility safety under stringent regulatory requirements. Tongaat Hulett and Implats ESG Report Summary — Tongaat Hulett is a leading agri-processing business focusing on the complementary activities of sugar production, property development, and starch production. The company operates in South Africa, Mozambique, Zimbabwe, and Botswana, employing over 30,000 people at the peak of the sugar milling season. In the 2021 financial year, Tongaat Hulett produced approximately 1.1 million tons of sugar. The company has committed to reducing energy intensity by 20% by 2025, with specific targets for water efficiency improvement. Tongaat Hulett invests in socio-economic development (SED) and reported total SED expenditure in 2021 aligned with community needs. The Lost Time Injury Frequency Rate (LTIFR) is a critical safety metric tracked annually. The company's ESG framework aligns with the UN Sustainable Development Goals and operates under ISO 45001 certification. Implats (Impala Platinum Holdings Limited) is one of the world's foremost producers of platinum group metals (PGMs). The company's operations span South Africa and Zimbabwe, with managed operations including Impala Rustenburg, Marula, and Zimplats. Implats' ESG framework is built on three pillars focusing on environmental stewardship, social responsibility, and governance excellence. The PS3 strategy guides sustainability alignment. In 2023, Implats achieved significant safety milestones while investing heavily in socio-economic development and community projects. The company targets a 30% reduction in carbon emissions by 2030 and has invested in renewable energy projects including the 35MW solar PV project at Zimplats. Water recycling rates exceeded targets, and the company maintains strict environmental compliance across all operations. The GISTM (Global Industry Standard on Tailings Management) compliance roadmap is actively being implemented. Both companies utilise the six capitals framework (Financial, Manufactured, Intellectual, Human, Social/Relationship, Natural) to illustrate value creation and regularly engage with stakeholders through structured programmes. The double materiality principle used in ESG reporting assesses both inward financial materiality and outward impact materiality to provide comprehensive sustainability reporting aligned with global standards. Tongaat Hulett reported revenue of approximately R16.2 billion in 2021, with significant capital expenditure directed towards operational efficiency improvements and environmental sustainability initiatives. The company's manufactured capital includes six sugar mills across four countries with a combined crushing capacity exceeding 8 million tons of sugar

How much was invested in COVID-19 avoidance and treatment in 2021?",How much was invested in COVID-19 avoidance and treatment in 2021?,"Focus question: How much was invested in COVID-19 avoidance and treatment in 2021?
Context profile: rag_shared_document_finance_reports
Prompt tokens: 1271
Context preview: Context: Tongaat Hulett and Implats ESG Report Summary — Tongaat Hulett is a leading agri-processing business focusing on the complementary activities of sugar production, property development, and starch production. The company operates in South Africa, Mozambique, Zimbabwe, and Botswana, employing over 30,000 people at the peak of the sugar milling season. In the 2021 financial year, Tongaat Hul",rag_shared_document_finance_reports,baseline,1271,20,584.41,0.6844,Warm,14.895,62.1,5.12,18.0,0.0,0,6,6,18.0,18.0,none,lmcache_store_coldpass,1,"[""Qwen-Qwen2.5-0.5B-Instruct@1@0@1bc32130432bfffe@bfloat16.pt""]",rag,True
10,Describe the Social Ethics Health and Safety Committee responsibilities.,"Context: Tongaat Hulett and Implats ESG Report Summary — Tongaat Hulett is a leading agri-processing business focusing on the complementary activities of sugar production, property development, and starch production. The company operates in South Africa, Mozambique, Zimbabwe, and Botswana, employing over 30,000 people at the peak of the sugar milling season. In the 2021 financial year, Tongaat Hul","Context: Tongaat Hulett and Implats ESG Report Summary — Tongaat Hulett is a leading agri-processing business focusing on the complementary activities of sugar production, property development, and starch production. The company operates in South Africa, Mozambique, Zimbabwe, and Botswana, employing over 30,000 people at the peak of the sugar milling season. In the 2021 financial year, Tongaat Hulett produced approximately 1.1 million tons of sugar. The company has committed to reducing energy intensity by 20% by 2025, with specific targets for water efficiency improvement. Tongaat Hulett invests in socio-economic development (SED) and reported total SED expenditure in 2021 aligned with community needs. The Lost Time Injury Frequency Rate (LTIFR) is a critical safety metric tracked annually. The company's ESG framework aligns with the UN Sustainable Development Goals and operates under ISO 45001 certification. Implats (Impala Platinum Holdings Limited) is one of the world's foremost producers of platinum group metals (PGMs). The company's operations span South Africa and Zimbabwe, with managed operations including Impala Rustenburg, Marula, and Zimplats. Implats' ESG framework is built on three pillars focusing on environmental stewardship, social responsibility, and governance excellence. The PS3 strategy guides sustainability alignment. In 2023, Implats achieved significant safety milestones while investing heavily in socio-economic development and community projects. The company targets a 30% reduction in carbon emissions by 2030 and has invested in renewable energy projects including the 35MW solar PV project at Zimplats. Water recycling rates exceeded targets, and the company maintains strict environmental compliance across all operations. The GISTM (Global Industry Standard on Tailings Management) compliance roadmap is actively being implemented. Both companies utilise the six capitals framework (Financial, Manufactured, Intellectual, Human, Social/Relationship, Natural) to illustrate value creation and regularly engage with stakeholders through structured programmes. The double materiality principle used in ESG reporting assesses both inward financial materiality and outward impact materiality to provide comprehensive sustainability reporting aligned with global standards. Tongaat Hulett reported revenue of approximately R16.2 billion in 2021, with significant capital expenditure directed towards operational efficiency improvements and environmental sustainability initiatives. The company's manufactured capital includes six sugar mills across four countries with a combined crushing capacity exceeding 8 million tons of sugarcane per season. Employee training and development spend reached R45 million, reflecting commitment to human capital investment. Implats distributed over R50 billion in total value to stakeholders in 2023, including R28 billion in wages and benefits, R12 billion in taxes and royalties, and R2.3 billion in dividends. The company's total mineral reserves stand at approximately 190 million ounces of platinum group metals. Production across all operations exceeded 3.2 million ounces of refined PGMs. The Marula mine in Limpopo province employs over 5,000 people and has achieved milestone safety records. Environmental management across both organisations addresses water stewardship, carbon emissions reduction, waste minimisation, and biodiversity conservation. Tongaat Hulett's sugarcane operations in KwaZulu-Natal face increasing climate risks from drought and flooding events, while Implats' mining operations in the Bushveld Complex manage dust emissions, acid mine drainage, and tailings storage facility safety under stringent regulatory requirements. Tongaat Hulett and Implats ESG Report Summary — Tongaat Hulett is a leading agri-processing business focusing on the complementary activities of sugar production, property development, and starch production. The company operates in South Africa, Mozambique, Zimbabwe, and Botswana, employing over 30,000 people at the peak of the sugar milling season. In the 2021 financial year, Tongaat Hulett produced approximately 1.1 million tons of sugar. The company has committed to reducing energy intensity by 20% by 2025, with specific targets for water efficiency improvement. Tongaat Hulett invests in socio-economic development (SED) and reported total SED expenditure in 2021 aligned with community needs. The Lost Time Injury Frequency Rate (LTIFR) is a critical safety metric tracked annually. The company's ESG framework aligns with the UN Sustainable Development Goals and operates under ISO 45001 certification. Implats (Impala Platinum Holdings Limited) is one of the world's foremost producers of platinum group metals (PGMs). The company's operations span South Africa and Zimbabwe, with managed operations including Impala Rustenburg, Marula, and Zimplats. Implats' ESG framework is built on three pillars focusing on environmental stewardship, social responsibility, and governance excellence. The PS3 strategy guides sustainability alignment. In 2023, Implats achieved significant safety milestones while investing heavily in socio-economic development and community projects. The company targets a 30% reduction in carbon emissions by 2030 and has invested in renewable energy projects including the 35MW solar PV project at Zimplats. Water recycling rates exceeded targets, and the company maintains strict environmental compliance across all operations. The GISTM (Global Industry Standard on Tailings Management) compliance roadmap is actively being implemented. Both companies utilise the six capitals framework (Financial, Manufactured, Intellectual, Human, Social/Relationship, Natural) to illustrate value creation and regularly engage with stakeholders through structured programmes. The double materiality principle used in ESG reporting assesses both inward financial materiality and outward impact materiality to provide comprehensive sustainability reporting aligned with global standards. Tongaat Hulett reported revenue of approximately R16.2 billion in 2021, with significant capital expenditure directed towards operational efficiency improvements and environmental sustainability initiatives. The company's manufactured capital includes six sugar mills across four countries with a combined crushing capacity exceeding 8 million tons of sugar

Describe the Social Ethics Health and Safety Committee responsibilities.",Describe the Social Ethics Health and Safety Committee responsibilities.,"Focus question: Describe the Social Ethics Health and Safety Committee responsibilities.
Context profile: rag_shared_document_finance_reports
Prompt tokens: 1262
Context preview: Context: Tongaat Hulett and Implats ESG Report Summary — Tongaat Hulett is a leading agri-processing business focusing on the complementary activities of sugar production, property development, and starch production. The company operates in South Africa, Mozambique, Zimbabwe, and Botswana, employing over 30,000 people at the peak of the sugar milling season. In the 2021 financial year, Tongaat Hul",rag_shared_document_finance_reports,baseline,1262,20,601.56,0.7016,Warm,14.789,61.6,5.12,18.0,0.0,0,6,6,18.0,18.0,none,lmcache_store_coldpass,1,"[""Qwen-Qwen2.5-0.5B-Instruct@1@0@1bc32130432bfffe@bfloat16.pt""]",rag,True
11,What is the energy intensity reduction target by year 2025?,"Context: Tongaat Hulett and Implats ESG Report Summary — Tongaat Hulett is a leading agri-processing business focusing on the complementary activities of sugar production, property development, and starch production. The company operates in South Africa, Mozambique, Zimbabwe, and Botswana, employing over 30,000 people at the peak of the sugar milling season. In the 2021 financial year, Tongaat Hul","Context: Tongaat Hulett and Implats ESG Report Summary — Tongaat Hulett is a leading agri-processing business focusing on the complementary activities of sugar production, property development, and starch production. The company operates in South Africa, Mozambique, Zimbabwe, and Botswana, employing over 30,000 people at the peak of the sugar milling season. In the 2021 financial year, Tongaat Hulett produced approximately 1.1 million tons of sugar. The company has committed to reducing energy intensity by 20% by 2025, with specific targets for water efficiency improvement. Tongaat Hulett invests in socio-economic development (SED) and reported total SED expenditure in 2021 aligned with community needs. The Lost Time Injury Frequency Rate (LTIFR) is a critical safety metric tracked annually. The company's ESG framework aligns with the UN Sustainable Development Goals and operates under ISO 45001 certification. Implats (Impala Platinum Holdings Limited) is one of the world's foremost producers of platinum group metals (PGMs). The company's operations span South Africa and Zimbabwe, with managed operations including Impala Rustenburg, Marula, and Zimplats. Implats' ESG framework is built on three pillars focusing on environmental stewardship, social responsibility, and governance excellence. The PS3 strategy guides sustainability alignment. In 2023, Implats achieved significant safety milestones while investing heavily in socio-economic development and community projects. The company targets a 30% reduction in carbon emissions by 2030 and has invested in renewable energy projects including the 35MW solar PV project at Zimplats. Water recycling rates exceeded targets, and the company maintains strict environmental compliance across all operations. The GISTM (Global Industry Standard on Tailings Management) compliance roadmap is actively being implemented. Both companies utilise the six capitals framework (Financial, Manufactured, Intellectual, Human, Social/Relationship, Natural) to illustrate value creation and regularly engage with stakeholders through structured programmes. The double materiality principle used in ESG reporting assesses both inward financial materiality and outward impact materiality to provide comprehensive sustainability reporting aligned with global standards. Tongaat Hulett reported revenue of approximately R16.2 billion in 2021, with significant capital expenditure directed towards operational efficiency improvements and environmental sustainability initiatives. The company's manufactured capital includes six sugar mills across four countries with a combined crushing capacity exceeding 8 million tons of sugarcane per season. Employee training and development spend reached R45 million, reflecting commitment to human capital investment. Implats distributed over R50 billion in total value to stakeholders in 2023, including R28 billion in wages and benefits, R12 billion in taxes and royalties, and R2.3 billion in dividends. The company's total mineral reserves stand at approximately 190 million ounces of platinum group metals. Production across all operations exceeded 3.2 million ounces of refined PGMs. The Marula mine in Limpopo province employs over 5,000 people and has achieved milestone safety records. Environmental management across both organisations addresses water stewardship, carbon emissions reduction, waste minimisation, and biodiversity conservation. Tongaat Hulett's sugarcane operations in KwaZulu-Natal face increasing climate risks from drought and flooding events, while Implats' mining operations in the Bushveld Complex manage dust emissions, acid mine drainage, and tailings storage facility safety under stringent regulatory requirements. Tongaat Hulett and Implats ESG Report Summary — Tongaat Hulett is a leading agri-processing business focusing on the complementary activities of sugar production, property development, and starch production. The company operates in South Africa, Mozambique, Zimbabwe, and Botswana, employing over 30,000 people at the peak of the sugar milling season. In the 2021 financial year, Tongaat Hulett produced approximately 1.1 million tons of sugar. The company has committed to reducing energy intensity by 20% by 2025, with specific targets for water efficiency improvement. Tongaat Hulett invests in socio-economic development (SED) and reported total SED expenditure in 2021 aligned with community needs. The Lost Time Injury Frequency Rate (LTIFR) is a critical safety metric tracked annually. The company's ESG framework aligns with the UN Sustainable Development Goals and operates under ISO 45001 certification. Implats (Impala Platinum Holdings Limited) is one of the world's foremost producers of platinum group metals (PGMs). The company's operations span South Africa and Zimbabwe, with managed operations including Impala Rustenburg, Marula, and Zimplats. Implats' ESG framework is built on three pillars focusing on environmental stewardship, social responsibility, and governance excellence. The PS3 strategy guides sustainability alignment. In 2023, Implats achieved significant safety milestones while investing heavily in socio-economic development and community projects. The company targets a 30% reduction in carbon emissions by 2030 and has invested in renewable energy projects including the 35MW solar PV project at Zimplats. Water recycling rates exceeded targets, and the company maintains strict environmental compliance across all operations. The GISTM (Global Industry Standard on Tailings Management) compliance roadmap is actively being implemented. Both companies utilise the six capitals framework (Financial, Manufactured, Intellectual, Human, Social/Relationship, Natural) to illustrate value creation and regularly engage with stakeholders through structured programmes. The double materiality principle used in ESG reporting assesses both inward financial materiality and outward impact materiality to provide comprehensive sustainability reporting aligned with global standards. Tongaat Hulett reported revenue of approximately R16.2 billion in 2021, with significant capital expenditure directed towards operational efficiency improvements and environmental sustainability initiatives. The company's manufactured capital includes six sugar mills across four countries with a combined crushing capacity exceeding 8 million tons of sugar

What is the energy intensity reduction target by year 2025?",What is the energy intensity reduction target by year 2025?,"Focus question: What is the energy intensity reduction target by year 2025?
Context profile: rag_shared_document_finance_reports
Prompt tokens: 1267
Context preview: Context: Tongaat Hulett and Implats ESG Report Summary — Tongaat Hulett is a leading agri-processing business focusing on the complementary activities of sugar production, property development, and starch production. The company operates in South Africa, Mozambique, Zimbabwe, and Botswana, employing over 30,000 people at the peak of the sugar milling season. In the 2021 financial year, Tongaat Hul",rag_shared_document_finance_reports,baseline,1267,20,437.29,0.5373,Warm,14.848,61.9,5.12,18.0,0.0,0,6,6,18.0,18.0,none,lmcache_store_coldpass,1,"[""Qwen-Qwen2.5-0.5B-Instruct@1@0@1bc32130432bfffe@bfloat16.pt""]",rag,True
12,List the market-leading brands for sugar and animal feeds.,"Context: Tongaat Hulett and Implats ESG Report Summary — Tongaat Hulett is a leading agri-processing business focusing on the complementary activities of sugar production, property development, and starch production. The company operates in South Africa, Mozambique, Zimbabwe, and Botswana, employing over 30,000 people at the peak of the sugar milling season. In the 2021 financial year, Tongaat Hul","Context: Tongaat Hulett and Implats ESG Report Summary — Tongaat Hulett is a leading agri-processing business focusing on the complementary activities of sugar production, property development, and starch production. The company operates in South Africa, Mozambique, Zimbabwe, and Botswana, employing over 30,000 people at the peak of the sugar milling season. In the 2021 financial year, Tongaat Hulett produced approximately 1.1 million tons of sugar. The company has committed to reducing energy intensity by 20% by 2025, with specific targets for water efficiency improvement. Tongaat Hulett invests in socio-economic development (SED) and reported total SED expenditure in 2021 aligned with community needs. The Lost Time Injury Frequency Rate (LTIFR) is a critical safety metric tracked annually. The company's ESG framework aligns with the UN Sustainable Development Goals and operates under ISO 45001 certification. Implats (Impala Platinum Holdings Limited) is one of the world's foremost producers of platinum group metals (PGMs). The company's operations span South Africa and Zimbabwe, with managed operations including Impala Rustenburg, Marula, and Zimplats. Implats' ESG framework is built on three pillars focusing on environmental stewardship, social responsibility, and governance excellence. The PS3 strategy guides sustainability alignment. In 2023, Implats achieved significant safety milestones while investing heavily in socio-economic development and community projects. The company targets a 30% reduction in carbon emissions by 2030 and has invested in renewable energy projects including the 35MW solar PV project at Zimplats. Water recycling rates exceeded targets, and the company maintains strict environmental compliance across all operations. The GISTM (Global Industry Standard on Tailings Management) compliance roadmap is actively being implemented. Both companies utilise the six capitals framework (Financial, Manufactured, Intellectual, Human, Social/Relationship, Natural) to illustrate value creation and regularly engage with stakeholders through structured programmes. The double materiality principle used in ESG reporting assesses both inward financial materiality and outward impact materiality to provide comprehensive sustainability reporting aligned with global standards. Tongaat Hulett reported revenue of approximately R16.2 billion in 2021, with significant capital expenditure directed towards operational efficiency improvements and environmental sustainability initiatives. The company's manufactured capital includes six sugar mills across four countries with a combined crushing capacity exceeding 8 million tons of sugarcane per season. Employee training and development spend reached R45 million, reflecting commitment to human capital investment. Implats distributed over R50 billion in total value to stakeholders in 2023, including R28 billion in wages and benefits, R12 billion in taxes and royalties, and R2.3 billion in dividends. The company's total mineral reserves stand at approximately 190 million ounces of platinum group metals. Production across all operations exceeded 3.2 million ounces of refined PGMs. The Marula mine in Limpopo province employs over 5,000 people and has achieved milestone safety records. Environmental management across both organisations addresses water stewardship, carbon emissions reduction, waste minimisation, and biodiversity conservation. Tongaat Hulett's sugarcane operations in KwaZulu-Natal face increasing climate risks from drought and flooding events, while Implats' mining operations in the Bushveld Complex manage dust emissions, acid mine drainage, and tailings storage facility safety under stringent regulatory requirements. Tongaat Hulett and Implats ESG Report Summary — Tongaat Hulett is a leading agri-processing business focusing on the complementary activities of sugar production, property development, and starch production. The company operates in South Africa, Mozambique, Zimbabwe, and Botswana, employing over 30,000 people at the peak of the sugar milling season. In the 2021 financial year, Tongaat Hulett produced approximately 1.1 million tons of sugar. The company has committed to reducing energy intensity by 20% by 2025, with specific targets for water efficiency improvement. Tongaat Hulett invests in socio-economic development (SED) and reported total SED expenditure in 2021 aligned with community needs. The Lost Time Injury Frequency Rate (LTIFR) is a critical safety metric tracked annually. The company's ESG framework aligns with the UN Sustainable Development Goals and operates under ISO 45001 certification. Implats (Impala Platinum Holdings Limited) is one of the world's foremost producers of platinum group metals (PGMs). The company's operations span South Africa and Zimbabwe, with managed operations including Impala Rustenburg, Marula, and Zimplats. Implats' ESG framework is built on three pillars focusing on environmental stewardship, social responsibility, and governance excellence. The PS3 strategy guides sustainability alignment. In 2023, Implats achieved significant safety milestones while investing heavily in socio-economic development and community projects. The company targets a 30% reduction in carbon emissions by 2030 and has invested in renewable energy projects including the 35MW solar PV project at Zimplats. Water recycling rates exceeded targets, and the company maintains strict environmental compliance across all operations. The GISTM (Global Industry Standard on Tailings Management) compliance roadmap is actively being implemented. Both companies utilise the six capitals framework (Financial, Manufactured, Intellectual, Human, Social/Relationship, Natural) to illustrate value creation and regularly engage with stakeholders through structured programmes. The double materiality principle used in ESG reporting assesses both inward financial materiality and outward impact materiality to provide comprehensive sustainability reporting aligned with global standards. Tongaat Hulett reported revenue of approximately R16.2 billion in 2021, with significant capital expenditure directed towards operational efficiency improvements and environmental sustainability initiatives. The company's manufactured capital includes six sugar mills across four countries with a combined crushing capacity exceeding 8 million tons of sugar

List the market-leading brands for sugar and animal feeds.",List the market-leading brands for sugar and animal feeds.,"Focus question: List the market-leading brands for sugar and animal feeds.
Context profile: rag_shared_document_finance_reports
Prompt tokens: 1263
Context preview: Context: Tongaat Hulett and Implats ESG Report Summary — Tongaat Hulett is a leading agri-processing business focusing on the complementary activities of sugar production, property development, and starch production. The company operates in South Africa, Mozambique, Zimbabwe, and Botswana, employing over 30,000 people at the peak of the sugar milling season. In the 2021 financial year, Tongaat Hul",rag_shared_document_finance_reports,baseline,1263,20,279.08,0.3791,Warm,14.801,61.7,5.12,18.0,0.0,0,6,6,18.0,18.0,none,lmcache_store_coldpass,1,"[""Qwen-Qwen2.5-0.5B-Instruct@1@0@1bc32130432bfffe@bfloat16.pt""]",rag,True
13,What was the total SED expenditure in 2021?,"Context: Tongaat Hulett and Implats ESG Report Summary — Tongaat Hulett is a leading agri-processing business focusing on the complementary activities of sugar production, property development, and starch production. The company operates in South Africa, Mozambique, Zimbabwe, and Botswana, employing over 30,000 people at the peak of the sugar milling season. In the 2021 financial year, Tongaat Hul","Context: Tongaat Hulett and Implats ESG Report Summary — Tongaat Hulett is a leading agri-processing business focusing on the complementary activities of sugar production, property development, and starch production. The company operates in South Africa, Mozambique, Zimbabwe, and Botswana, employing over 30,000 people at the peak of the sugar milling season. In the 2021 financial year, Tongaat Hulett produced approximately 1.1 million tons of sugar. The company has committed to reducing energy intensity by 20% by 2025, with specific targets for water efficiency improvement. Tongaat Hulett invests in socio-economic development (SED) and reported total SED expenditure in 2021 aligned with community needs. The Lost Time Injury Frequency Rate (LTIFR) is a critical safety metric tracked annually. The company's ESG framework aligns with the UN Sustainable Development Goals and operates under ISO 45001 certification. Implats (Impala Platinum Holdings Limited) is one of the world's foremost producers of platinum group metals (PGMs). The company's operations span South Africa and Zimbabwe, with managed operations including Impala Rustenburg, Marula, and Zimplats. Implats' ESG framework is built on three pillars focusing on environmental stewardship, social responsibility, and governance excellence. The PS3 strategy guides sustainability alignment. In 2023, Implats achieved significant safety milestones while investing heavily in socio-economic development and community projects. The company targets a 30% reduction in carbon emissions by 2030 and has invested in renewable energy projects including the 35MW solar PV project at Zimplats. Water recycling rates exceeded targets, and the company maintains strict environmental compliance across all operations. The GISTM (Global Industry Standard on Tailings Management) compliance roadmap is actively being implemented. Both companies utilise the six capitals framework (Financial, Manufactured, Intellectual, Human, Social/Relationship, Natural) to illustrate value creation and regularly engage with stakeholders through structured programmes. The double materiality principle used in ESG reporting assesses both inward financial materiality and outward impact materiality to provide comprehensive sustainability reporting aligned with global standards. Tongaat Hulett reported revenue of approximately R16.2 billion in 2021, with significant capital expenditure directed towards operational efficiency improvements and environmental sustainability initiatives. The company's manufactured capital includes six sugar mills across four countries with a combined crushing capacity exceeding 8 million tons of sugarcane per season. Employee training and development spend reached R45 million, reflecting commitment to human capital investment. Implats distributed over R50 billion in total value to stakeholders in 2023, including R28 billion in wages and benefits, R12 billion in taxes and royalties, and R2.3 billion in dividends. The company's total mineral reserves stand at approximately 190 million ounces of platinum group metals. Production across all operations exceeded 3.2 million ounces of refined PGMs. The Marula mine in Limpopo province employs over 5,000 people and has achieved milestone safety records. Environmental management across both organisations addresses water stewardship, carbon emissions reduction, waste minimisation, and biodiversity conservation. Tongaat Hulett's sugarcane operations in KwaZulu-Natal face increasing climate risks from drought and flooding events, while Implats' mining operations in the Bushveld Complex manage dust emissions, acid mine drainage, and tailings storage facility safety under stringent regulatory requirements. Tongaat Hulett and Implats ESG Report Summary — Tongaat Hulett is a leading agri-processing business focusing on the complementary activities of sugar production, property development, and starch production. The company operates in South Africa, Mozambique, Zimbabwe, and Botswana, employing over 30,000 people at the peak of the sugar milling season. In the 2021 financial year, Tongaat Hulett produced approximately 1.1 million tons of sugar. The company has committed to reducing energy intensity by 20% by 2025, with specific targets for water efficiency improvement. Tongaat Hulett invests in socio-economic development (SED) and reported total SED expenditure in 2021 aligned with community needs. The Lost Time Injury Frequency Rate (LTIFR) is a critical safety metric tracked annually. The company's ESG framework aligns with the UN Sustainable Development Goals and operates under ISO 45001 certification. Implats (Impala Platinum Holdings Limited) is one of the world's foremost producers of platinum group metals (PGMs). The company's operations span South Africa and Zimbabwe, with managed operations including Impala Rustenburg, Marula, and Zimplats. Implats' ESG framework is built on three pillars focusing on environmental stewardship, social responsibility, and governance excellence. The PS3 strategy guides sustainability alignment. In 2023, Implats achieved significant safety milestones while investing heavily in socio-economic development and community projects. The company targets a 30% reduction in carbon emissions by 2030 and has invested in renewable energy projects including the 35MW solar PV project at Zimplats. Water recycling rates exceeded targets, and the company maintains strict environmental compliance across all operations. The GISTM (Global Industry Standard on Tailings Management) compliance roadmap is actively being implemented. Both companies utilise the six capitals framework (Financial, Manufactured, Intellectual, Human, Social/Relationship, Natural) to illustrate value creation and regularly engage with stakeholders through structured programmes. The double materiality principle used in ESG reporting assesses both inward financial materiality and outward impact materiality to provide comprehensive sustainability reporting aligned with global standards. Tongaat Hulett reported revenue of approximately R16.2 billion in 2021, with significant capital expenditure directed towards operational efficiency improvements and environmental sustainability initiatives. The company's manufactured capital includes six sugar mills across four countries with a combined crushing capacity exceeding 8 million tons of sugar

What was the total SED expenditure in 2021?",What was the total SED expenditure in 2021?,"Focus question: What was the total SED expenditure in 2021?
Context profile: rag_shared_document_finance_reports
Prompt tokens: 1266
Context preview: Context: Tongaat Hulett and Implats ESG Report Summary — Tongaat Hulett is a leading agri-processing business focusing on the complementary activities of sugar production, property development, and starch production. The company operates in South Africa, Mozambique, Zimbabwe, and Botswana, employing over 30,000 people at the peak of the sugar milling season. In the 2021 financial year, Tongaat Hul",rag_shared_document_finance_reports,baseline,1266,20,438.1,0.5381,Warm,14.836,61.8,5.12,18.0,0.0,0,6,6,18.0,18.0,none,lmcache_store_coldpass,1,"[""Qwen-Qwen2.5-0.5B-Instruct@1@0@1bc32130432bfffe@bfloat16.pt""]",rag,True
14,Detail the change in scope 1 and scope 2 carbon emissions 2020-2021.,"Context: Tongaat Hulett and Implats ESG Report Summary — Tongaat Hulett is a leading agri-processing business focusing on the complementary activities of sugar production, property development, and starch production. The company operates in South Africa, Mozambique, Zimbabwe, and Botswana, employing over 30,000 people at the peak of the sugar milling season. In the 2021 financial year, Tongaat Hul","Context: Tongaat Hulett and Implats ESG Report Summary — Tongaat Hulett is a leading agri-processing business focusing on the complementary activities of sugar production, property development, and starch production. The company operates in South Africa, Mozambique, Zimbabwe, and Botswana, employing over 30,000 people at the peak of the sugar milling season. In the 2021 financial year, Tongaat Hulett produced approximately 1.1 million tons of sugar. The company has committed to reducing energy intensity by 20% by 2025, with specific targets for water efficiency improvement. Tongaat Hulett invests in socio-economic development (SED) and reported total SED expenditure in 2021 aligned with community needs. The Lost Time Injury Frequency Rate (LTIFR) is a critical safety metric tracked annually. The company's ESG framework aligns with the UN Sustainable Development Goals and operates under ISO 45001 certification. Implats (Impala Platinum Holdings Limited) is one of the world's foremost producers of platinum group metals (PGMs). The company's operations span South Africa and Zimbabwe, with managed operations including Impala Rustenburg, Marula, and Zimplats. Implats' ESG framework is built on three pillars focusing on environmental stewardship, social responsibility, and governance excellence. The PS3 strategy guides sustainability alignment. In 2023, Implats achieved significant safety milestones while investing heavily in socio-economic development and community projects. The company targets a 30% reduction in carbon emissions by 2030 and has invested in renewable energy projects including the 35MW solar PV project at Zimplats. Water recycling rates exceeded targets, and the company maintains strict environmental compliance across all operations. The GISTM (Global Industry Standard on Tailings Management) compliance roadmap is actively being implemented. Both companies utilise the six capitals framework (Financial, Manufactured, Intellectual, Human, Social/Relationship, Natural) to illustrate value creation and regularly engage with stakeholders through structured programmes. The double materiality principle used in ESG reporting assesses both inward financial materiality and outward impact materiality to provide comprehensive sustainability reporting aligned with global standards. Tongaat Hulett reported revenue of approximately R16.2 billion in 2021, with significant capital expenditure directed towards operational efficiency improvements and environmental sustainability initiatives. The company's manufactured capital includes six sugar mills across four countries with a combined crushing capacity exceeding 8 million tons of sugarcane per season. Employee training and development spend reached R45 million, reflecting commitment to human capital investment. Implats distributed over R50 billion in total value to stakeholders in 2023, including R28 billion in wages and benefits, R12 billion in taxes and royalties, and R2.3 billion in dividends. The company's total mineral reserves stand at approximately 190 million ounces of platinum group metals. Production across all operations exceeded 3.2 million ounces of refined PGMs. The Marula mine in Limpopo province employs over 5,000 people and has achieved milestone safety records. Environmental management across both organisations addresses water stewardship, carbon emissions reduction, waste minimisation, and biodiversity conservation. Tongaat Hulett's sugarcane operations in KwaZulu-Natal face increasing climate risks from drought and flooding events, while Implats' mining operations in the Bushveld Complex manage dust emissions, acid mine drainage, and tailings storage facility safety under stringent regulatory requirements. Tongaat Hulett and Implats ESG Report Summary — Tongaat Hulett is a leading agri-processing business focusing on the complementary activities of sugar production, property development, and starch production. The company operates in South Africa, Mozambique, Zimbabwe, and Botswana, employing over 30,000 people at the peak of the sugar milling season. In the 2021 financial year, Tongaat Hulett produced approximately 1.1 million tons of sugar. The company has committed to reducing energy intensity by 20% by 2025, with specific targets for water efficiency improvement. Tongaat Hulett invests in socio-economic development (SED) and reported total SED expenditure in 2021 aligned with community needs. The Lost Time Injury Frequency Rate (LTIFR) is a critical safety metric tracked annually. The company's ESG framework aligns with the UN Sustainable Development Goals and operates under ISO 45001 certification. Implats (Impala Platinum Holdings Limited) is one of the world's foremost producers of platinum group metals (PGMs). The company's operations span South Africa and Zimbabwe, with managed operations including Impala Rustenburg, Marula, and Zimplats. Implats' ESG framework is built on three pillars focusing on environmental stewardship, social responsibility, and governance excellence. The PS3 strategy guides sustainability alignment. In 2023, Implats achieved significant safety milestones while investing heavily in socio-economic development and community projects. The company targets a 30% reduction in carbon emissions by 2030 and has invested in renewable energy projects including the 35MW solar PV project at Zimplats. Water recycling rates exceeded targets, and the company maintains strict environmental compliance across all operations. The GISTM (Global Industry Standard on Tailings Management) compliance roadmap is actively being implemented. Both companies utilise the six capitals framework (Financial, Manufactured, Intellectual, Human, Social/Relationship, Natural) to illustrate value creation and regularly engage with stakeholders through structured programmes. The double materiality principle used in ESG reporting assesses both inward financial materiality and outward impact materiality to provide comprehensive sustainability reporting aligned with global standards. Tongaat Hulett reported revenue of approximately R16.2 billion in 2021, with significant capital expenditure directed towards operational efficiency improvements and environmental sustainability initiatives. The company's manufactured capital includes six sugar mills across four countries with a combined crushing capacity exceeding 8 million tons of sugar

Detail the change in scope 1 and scope 2 carbon emissions 2020-2021.",Detail the change in scope 1 and scope 2 carbon emissions 2020-2021.,"Focus question: Detail the change in scope 1 and scope 2 carbon emissions 2020-2021.
Context profile: rag_shared_document_finance_reports
Prompt tokens: 1276
Context preview: Context: Tongaat Hulett and Implats ESG Report Summary — Tongaat Hulett is a leading agri-processing business focusing on the complementary activities of sugar production, property development, and starch production. The company operates in South Africa, Mozambique, Zimbabwe, and Botswana, employing over 30,000 people at the peak of the sugar milling season. In the 2021 financial year, Tongaat Hul",rag_shared_document_finance_reports,baseline,1276,20,528.54,0.6285,Warm,14.953,62.3,5.12,18.0,0.0,0,6,6,18.0,18.0,none,lmcache_store_coldpass,1,"[""Qwen-Qwen2.5-0.5B-Instruct@1@0@1bc32130432bfffe@bfloat16.pt""]",rag,True
15,How does Tongaat Hulett define and manage its Intellectual Capital?,"Context: Tongaat Hulett and Implats ESG Report Summary — Tongaat Hulett is a leading agri-processing business focusing on the complementary activities of sugar production, property development, and starch production. The company operates in South Africa, Mozambique, Zimbabwe, and Botswana, employing over 30,000 people at the peak of the sugar milling season. In the 2021 financial year, Tongaat Hul","Context: Tongaat Hulett and Implats ESG Report Summary — Tongaat Hulett is a leading agri-processing business focusing on the complementary activities of sugar production, property development, and starch production. The company operates in South Africa, Mozambique, Zimbabwe, and Botswana, employing over 30,000 people at the peak of the sugar milling season. In the 2021 financial year, Tongaat Hulett produced approximately 1.1 million tons of sugar. The company has committed to reducing energy intensity by 20% by 2025, with specific targets for water efficiency improvement. Tongaat Hulett invests in socio-economic development (SED) and reported total SED expenditure in 2021 aligned with community needs. The Lost Time Injury Frequency Rate (LTIFR) is a critical safety metric tracked annually. The company's ESG framework aligns with the UN Sustainable Development Goals and operates under ISO 45001 certification. Implats (Impala Platinum Holdings Limited) is one of the world's foremost producers of platinum group metals (PGMs). The company's operations span South Africa and Zimbabwe, with managed operations including Impala Rustenburg, Marula, and Zimplats. Implats' ESG framework is built on three pillars focusing on environmental stewardship, social responsibility, and governance excellence. The PS3 strategy guides sustainability alignment. In 2023, Implats achieved significant safety milestones while investing heavily in socio-economic development and community projects. The company targets a 30% reduction in carbon emissions by 2030 and has invested in renewable energy projects including the 35MW solar PV project at Zimplats. Water recycling rates exceeded targets, and the company maintains strict environmental compliance across all operations. The GISTM (Global Industry Standard on Tailings Management) compliance roadmap is actively being implemented. Both companies utilise the six capitals framework (Financial, Manufactured, Intellectual, Human, Social/Relationship, Natural) to illustrate value creation and regularly engage with stakeholders through structured programmes. The double materiality principle used in ESG reporting assesses both inward financial materiality and outward impact materiality to provide comprehensive sustainability reporting aligned with global standards. Tongaat Hulett reported revenue of approximately R16.2 billion in 2021, with significant capital expenditure directed towards operational efficiency improvements and environmental sustainability initiatives. The company's manufactured capital includes six sugar mills across four countries with a combined crushing capacity exceeding 8 million tons of sugarcane per season. Employee training and development spend reached R45 million, reflecting commitment to human capital investment. Implats distributed over R50 billion in total value to stakeholders in 2023, including R28 billion in wages and benefits, R12 billion in taxes and royalties, and R2.3 billion in dividends. The company's total mineral reserves stand at approximately 190 million ounces of platinum group metals. Production across all operations exceeded 3.2 million ounces of refined PGMs. The Marula mine in Limpopo province employs over 5,000 people and has achieved milestone safety records. Environmental management across both organisations addresses water stewardship, carbon emissions reduction, waste minimisation, and biodiversity conservation. Tongaat Hulett's sugarcane operations in KwaZulu-Natal face increasing climate risks from drought and flooding events, while Implats' mining operations in the Bushveld Complex manage dust emissions, acid mine drainage, and tailings storage facility safety under stringent regulatory requirements. Tongaat Hulett and Implats ESG Report Summary — Tongaat Hulett is a leading agri-processing business focusing on the complementary activities of sugar production, property development, and starch production. The company operates in South Africa, Mozambique, Zimbabwe, and Botswana, employing over 30,000 people at the peak of the sugar milling season. In the 2021 financial year, Tongaat Hulett produced approximately 1.1 million tons of sugar. The company has committed to reducing energy intensity by 20% by 2025, with specific targets for water efficiency improvement. Tongaat Hulett invests in socio-economic development (SED) and reported total SED expenditure in 2021 aligned with community needs. The Lost Time Injury Frequency Rate (LTIFR) is a critical safety metric tracked annually. The company's ESG framework aligns with the UN Sustainable Development Goals and operates under ISO 45001 certification. Implats (Impala Platinum Holdings Limited) is one of the world's foremost producers of platinum group metals (PGMs). The company's operations span South Africa and Zimbabwe, with managed operations including Impala Rustenburg, Marula, and Zimplats. Implats' ESG framework is built on three pillars focusing on environmental stewardship, social responsibility, and governance excellence. The PS3 strategy guides sustainability alignment. In 2023, Implats achieved significant safety milestones while investing heavily in socio-economic development and community projects. The company targets a 30% reduction in carbon emissions by 2030 and has invested in renewable energy projects including the 35MW solar PV project at Zimplats. Water recycling rates exceeded targets, and the company maintains strict environmental compliance across all operations. The GISTM (Global Industry Standard on Tailings Management) compliance roadmap is actively being implemented. Both companies utilise the six capitals framework (Financial, Manufactured, Intellectual, Human, Social/Relationship, Natural) to illustrate value creation and regularly engage with stakeholders through structured programmes. The double materiality principle used in ESG reporting assesses both inward financial materiality and outward impact materiality to provide comprehensive sustainability reporting aligned with global standards. Tongaat Hulett reported revenue of approximately R16.2 billion in 2021, with significant capital expenditure directed towards operational efficiency improvements and environmental sustainability initiatives. The company's manufactured capital includes six sugar mills across four countries with a combined crushing capacity exceeding 8 million tons of sugar

How does Tongaat Hulett define and manage its Intellectual Capital?",How does Tongaat Hulett define and manage its Intellectual Capital?,"Focus question: How does Tongaat Hulett define and manage its Intellectual Capital?
Context profile: rag_shared_document_finance_reports
Prompt tokens: 1266
Context preview: Context: Tongaat Hulett and Implats ESG Report Summary — Tongaat Hulett is a leading agri-processing business focusing on the complementary activities of sugar production, property development, and starch production. The company operates in South Africa, Mozambique, Zimbabwe, and Botswana, employing over 30,000 people at the peak of the sugar milling season. In the 2021 financial year, Tongaat Hul",rag_shared_document_finance_reports,baseline,1266,20,418.59,0.5186,Warm,14.836,61.8,5.12,18.0,0.0,0,6,6,18.0,18.0,none,lmcache_store_coldpass,1,"[""Qwen-Qwen2.5-0.5B-Instruct@1@0@1bc32130432bfffe@bfloat16.pt""]",rag,True
16,What were the primary environmental efficiency investments in 2021?,"Context: Tongaat Hulett and Implats ESG Report Summary — Tongaat Hulett is a leading agri-processing business focusing on the complementary activities of sugar production, property development, and starch production. The company operates in South Africa, Mozambique, Zimbabwe, and Botswana, employing over 30,000 people at the peak of the sugar milling season. In the 2021 financial year, Tongaat Hul","Context: Tongaat Hulett and Implats ESG Report Summary — Tongaat Hulett is a leading agri-processing business focusing on the complementary activities of sugar production, property development, and starch production. The company operates in South Africa, Mozambique, Zimbabwe, and Botswana, employing over 30,000 people at the peak of the sugar milling season. In the 2021 financial year, Tongaat Hulett produced approximately 1.1 million tons of sugar. The company has committed to reducing energy intensity by 20% by 2025, with specific targets for water efficiency improvement. Tongaat Hulett invests in socio-economic development (SED) and reported total SED expenditure in 2021 aligned with community needs. The Lost Time Injury Frequency Rate (LTIFR) is a critical safety metric tracked annually. The company's ESG framework aligns with the UN Sustainable Development Goals and operates under ISO 45001 certification. Implats (Impala Platinum Holdings Limited) is one of the world's foremost producers of platinum group metals (PGMs). The company's operations span South Africa and Zimbabwe, with managed operations including Impala Rustenburg, Marula, and Zimplats. Implats' ESG framework is built on three pillars focusing on environmental stewardship, social responsibility, and governance excellence. The PS3 strategy guides sustainability alignment. In 2023, Implats achieved significant safety milestones while investing heavily in socio-economic development and community projects. The company targets a 30% reduction in carbon emissions by 2030 and has invested in renewable energy projects including the 35MW solar PV project at Zimplats. Water recycling rates exceeded targets, and the company maintains strict environmental compliance across all operations. The GISTM (Global Industry Standard on Tailings Management) compliance roadmap is actively being implemented. Both companies utilise the six capitals framework (Financial, Manufactured, Intellectual, Human, Social/Relationship, Natural) to illustrate value creation and regularly engage with stakeholders through structured programmes. The double materiality principle used in ESG reporting assesses both inward financial materiality and outward impact materiality to provide comprehensive sustainability reporting aligned with global standards. Tongaat Hulett reported revenue of approximately R16.2 billion in 2021, with significant capital expenditure directed towards operational efficiency improvements and environmental sustainability initiatives. The company's manufactured capital includes six sugar mills across four countries with a combined crushing capacity exceeding 8 million tons of sugarcane per season. Employee training and development spend reached R45 million, reflecting commitment to human capital investment. Implats distributed over R50 billion in total value to stakeholders in 2023, including R28 billion in wages and benefits, R12 billion in taxes and royalties, and R2.3 billion in dividends. The company's total mineral reserves stand at approximately 190 million ounces of platinum group metals. Production across all operations exceeded 3.2 million ounces of refined PGMs. The Marula mine in Limpopo province employs over 5,000 people and has achieved milestone safety records. Environmental management across both organisations addresses water stewardship, carbon emissions reduction, waste minimisation, and biodiversity conservation. Tongaat Hulett's sugarcane operations in KwaZulu-Natal face increasing climate risks from drought and flooding events, while Implats' mining operations in the Bushveld Complex manage dust emissions, acid mine drainage, and tailings storage facility safety under stringent regulatory requirements. Tongaat Hulett and Implats ESG Report Summary — Tongaat Hulett is a leading agri-processing business focusing on the complementary activities of sugar production, property development, and starch production. The company operates in South Africa, Mozambique, Zimbabwe, and Botswana, employing over 30,000 people at the peak of the sugar milling season. In the 2021 financial year, Tongaat Hulett produced approximately 1.1 million tons of sugar. The company has committed to reducing energy intensity by 20% by 2025, with specific targets for water efficiency improvement. Tongaat Hulett invests in socio-economic development (SED) and reported total SED expenditure in 2021 aligned with community needs. The Lost Time Injury Frequency Rate (LTIFR) is a critical safety metric tracked annually. The company's ESG framework aligns with the UN Sustainable Development Goals and operates under ISO 45001 certification. Implats (Impala Platinum Holdings Limited) is one of the world's foremost producers of platinum group metals (PGMs). The company's operations span South Africa and Zimbabwe, with managed operations including Impala Rustenburg, Marula, and Zimplats. Implats' ESG framework is built on three pillars focusing on environmental stewardship, social responsibility, and governance excellence. The PS3 strategy guides sustainability alignment. In 2023, Implats achieved significant safety milestones while investing heavily in socio-economic development and community projects. The company targets a 30% reduction in carbon emissions by 2030 and has invested in renewable energy projects including the 35MW solar PV project at Zimplats. Water recycling rates exceeded targets, and the company maintains strict environmental compliance across all operations. The GISTM (Global Industry Standard on Tailings Management) compliance roadmap is actively being implemented. Both companies utilise the six capitals framework (Financial, Manufactured, Intellectual, Human, Social/Relationship, Natural) to illustrate value creation and regularly engage with stakeholders through structured programmes. The double materiality principle used in ESG reporting assesses both inward financial materiality and outward impact materiality to provide comprehensive sustainability reporting aligned with global standards. Tongaat Hulett reported revenue of approximately R16.2 billion in 2021, with significant capital expenditure directed towards operational efficiency improvements and environmental sustainability initiatives. The company's manufactured capital includes six sugar mills across four countries with a combined crushing capacity exceeding 8 million tons of sugar

What were the primary environmental efficiency investments in 2021?",What were the primary environmental efficiency investments in 2021?,"Focus question: What were the primary environmental efficiency investments in 2021?
Context profile: rag_shared_document_finance_reports
Prompt tokens: 1266
Context preview: Context: Tongaat Hulett and Implats ESG Report Summary — Tongaat Hulett is a leading agri-processing business focusing on the complementary activities of sugar production, property development, and starch production. The company operates in South Africa, Mozambique, Zimbabwe, and Botswana, employing over 30,000 people at the peak of the sugar milling season. In the 2021 financial year, Tongaat Hul",rag_shared_document_finance_reports,baseline,1266,20,320.07,0.4201,Warm,14.836,61.8,5.12,18.0,0.0,0,6,6,18.0,18.0,none,lmcache_store_coldpass,1,"[""Qwen-Qwen2.5-0.5B-Instruct@1@0@1bc32130432bfffe@bfloat16.pt""]",rag,True
17,Summarize the 2021 corporate reputation survey findings.,"Context: Tongaat Hulett and Implats ESG Report Summary — Tongaat Hulett is a leading agri-processing business focusing on the complementary activities of sugar production, property development, and starch production. The company operates in South Africa, Mozambique, Zimbabwe, and Botswana, employing over 30,000 people at the peak of the sugar milling season. In the 2021 financial year, Tongaat Hul","Context: Tongaat Hulett and Implats ESG Report Summary — Tongaat Hulett is a leading agri-processing business focusing on the complementary activities of sugar production, property development, and starch production. The company operates in South Africa, Mozambique, Zimbabwe, and Botswana, employing over 30,000 people at the peak of the sugar milling season. In the 2021 financial year, Tongaat Hulett produced approximately 1.1 million tons of sugar. The company has committed to reducing energy intensity by 20% by 2025, with specific targets for water efficiency improvement. Tongaat Hulett invests in socio-economic development (SED) and reported total SED expenditure in 2021 aligned with community needs. The Lost Time Injury Frequency Rate (LTIFR) is a critical safety metric tracked annually. The company's ESG framework aligns with the UN Sustainable Development Goals and operates under ISO 45001 certification. Implats (Impala Platinum Holdings Limited) is one of the world's foremost producers of platinum group metals (PGMs). The company's operations span South Africa and Zimbabwe, with managed operations including Impala Rustenburg, Marula, and Zimplats. Implats' ESG framework is built on three pillars focusing on environmental stewardship, social responsibility, and governance excellence. The PS3 strategy guides sustainability alignment. In 2023, Implats achieved significant safety milestones while investing heavily in socio-economic development and community projects. The company targets a 30% reduction in carbon emissions by 2030 and has invested in renewable energy projects including the 35MW solar PV project at Zimplats. Water recycling rates exceeded targets, and the company maintains strict environmental compliance across all operations. The GISTM (Global Industry Standard on Tailings Management) compliance roadmap is actively being implemented. Both companies utilise the six capitals framework (Financial, Manufactured, Intellectual, Human, Social/Relationship, Natural) to illustrate value creation and regularly engage with stakeholders through structured programmes. The double materiality principle used in ESG reporting assesses both inward financial materiality and outward impact materiality to provide comprehensive sustainability reporting aligned with global standards. Tongaat Hulett reported revenue of approximately R16.2 billion in 2021, with significant capital expenditure directed towards operational efficiency improvements and environmental sustainability initiatives. The company's manufactured capital includes six sugar mills across four countries with a combined crushing capacity exceeding 8 million tons of sugarcane per season. Employee training and development spend reached R45 million, reflecting commitment to human capital investment. Implats distributed over R50 billion in total value to stakeholders in 2023, including R28 billion in wages and benefits, R12 billion in taxes and royalties, and R2.3 billion in dividends. The company's total mineral reserves stand at approximately 190 million ounces of platinum group metals. Production across all operations exceeded 3.2 million ounces of refined PGMs. The Marula mine in Limpopo province employs over 5,000 people and has achieved milestone safety records. Environmental management across both organisations addresses water stewardship, carbon emissions reduction, waste minimisation, and biodiversity conservation. Tongaat Hulett's sugarcane operations in KwaZulu-Natal face increasing climate risks from drought and flooding events, while Implats' mining operations in the Bushveld Complex manage dust emissions, acid mine drainage, and tailings storage facility safety under stringent regulatory requirements. Tongaat Hulett and Implats ESG Report Summary — Tongaat Hulett is a leading agri-processing business focusing on the complementary activities of sugar production, property development, and starch production. The company operates in South Africa, Mozambique, Zimbabwe, and Botswana, employing over 30,000 people at the peak of the sugar milling season. In the 2021 financial year, Tongaat Hulett produced approximately 1.1 million tons of sugar. The company has committed to reducing energy intensity by 20% by 2025, with specific targets for water efficiency improvement. Tongaat Hulett invests in socio-economic development (SED) and reported total SED expenditure in 2021 aligned with community needs. The Lost Time Injury Frequency Rate (LTIFR) is a critical safety metric tracked annually. The company's ESG framework aligns with the UN Sustainable Development Goals and operates under ISO 45001 certification. Implats (Impala Platinum Holdings Limited) is one of the world's foremost producers of platinum group metals (PGMs). The company's operations span South Africa and Zimbabwe, with managed operations including Impala Rustenburg, Marula, and Zimplats. Implats' ESG framework is built on three pillars focusing on environmental stewardship, social responsibility, and governance excellence. The PS3 strategy guides sustainability alignment. In 2023, Implats achieved significant safety milestones while investing heavily in socio-economic development and community projects. The company targets a 30% reduction in carbon emissions by 2030 and has invested in renewable energy projects including the 35MW solar PV project at Zimplats. Water recycling rates exceeded targets, and the company maintains strict environmental compliance across all operations. The GISTM (Global Industry Standard on Tailings Management) compliance roadmap is actively being implemented. Both companies utilise the six capitals framework (Financial, Manufactured, Intellectual, Human, Social/Relationship, Natural) to illustrate value creation and regularly engage with stakeholders through structured programmes. The double materiality principle used in ESG reporting assesses both inward financial materiality and outward impact materiality to provide comprehensive sustainability reporting aligned with global standards. Tongaat Hulett reported revenue of approximately R16.2 billion in 2021, with significant capital expenditure directed towards operational efficiency improvements and environmental sustainability initiatives. The company's manufactured capital includes six sugar mills across four countries with a combined crushing capacity exceeding 8 million tons of sugar

Summarize the 2021 corporate reputation survey findings.",Summarize the 2021 corporate reputation survey findings.,"Focus question: Summarize the 2021 corporate reputation survey findings.
Context profile: rag_shared_document_finance_reports
Prompt tokens: 1266
Context preview: Context: Tongaat Hulett and Implats ESG Report Summary — Tongaat Hulett is a leading agri-processing business focusing on the complementary activities of sugar production, property development, and starch production. The company operates in South Africa, Mozambique, Zimbabwe, and Botswana, employing over 30,000 people at the peak of the sugar milling season. In the 2021 financial year, Tongaat Hul",rag_shared_document_finance_reports,baseline,1266,20,330.87,0.4309,Warm,14.836,61.8,5.12,18.0,0.0,0,6,6,18.0,18.0,none,lmcache_store_coldpass,1,"[""Qwen-Qwen2.5-0.5B-Instruct@1@0@1bc32130432bfffe@bfloat16.pt""]",rag,True
18,What are the water efficiency improvement targets by 2025?,"Context: Tongaat Hulett and Implats ESG Report Summary — Tongaat Hulett is a leading agri-processing business focusing on the complementary activities of sugar production, property development, and starch production. The company operates in South Africa, Mozambique, Zimbabwe, and Botswana, employing over 30,000 people at the peak of the sugar milling season. In the 2021 financial year, Tongaat Hul","Context: Tongaat Hulett and Implats ESG Report Summary — Tongaat Hulett is a leading agri-processing business focusing on the complementary activities of sugar production, property development, and starch production. The company operates in South Africa, Mozambique, Zimbabwe, and Botswana, employing over 30,000 people at the peak of the sugar milling season. In the 2021 financial year, Tongaat Hulett produced approximately 1.1 million tons of sugar. The company has committed to reducing energy intensity by 20% by 2025, with specific targets for water efficiency improvement. Tongaat Hulett invests in socio-economic development (SED) and reported total SED expenditure in 2021 aligned with community needs. The Lost Time Injury Frequency Rate (LTIFR) is a critical safety metric tracked annually. The company's ESG framework aligns with the UN Sustainable Development Goals and operates under ISO 45001 certification. Implats (Impala Platinum Holdings Limited) is one of the world's foremost producers of platinum group metals (PGMs). The company's operations span South Africa and Zimbabwe, with managed operations including Impala Rustenburg, Marula, and Zimplats. Implats' ESG framework is built on three pillars focusing on environmental stewardship, social responsibility, and governance excellence. The PS3 strategy guides sustainability alignment. In 2023, Implats achieved significant safety milestones while investing heavily in socio-economic development and community projects. The company targets a 30% reduction in carbon emissions by 2030 and has invested in renewable energy projects including the 35MW solar PV project at Zimplats. Water recycling rates exceeded targets, and the company maintains strict environmental compliance across all operations. The GISTM (Global Industry Standard on Tailings Management) compliance roadmap is actively being implemented. Both companies utilise the six capitals framework (Financial, Manufactured, Intellectual, Human, Social/Relationship, Natural) to illustrate value creation and regularly engage with stakeholders through structured programmes. The double materiality principle used in ESG reporting assesses both inward financial materiality and outward impact materiality to provide comprehensive sustainability reporting aligned with global standards. Tongaat Hulett reported revenue of approximately R16.2 billion in 2021, with significant capital expenditure directed towards operational efficiency improvements and environmental sustainability initiatives. The company's manufactured capital includes six sugar mills across four countries with a combined crushing capacity exceeding 8 million tons of sugarcane per season. Employee training and development spend reached R45 million, reflecting commitment to human capital investment. Implats distributed over R50 billion in total value to stakeholders in 2023, including R28 billion in wages and benefits, R12 billion in taxes and royalties, and R2.3 billion in dividends. The company's total mineral reserves stand at approximately 190 million ounces of platinum group metals. Production across all operations exceeded 3.2 million ounces of refined PGMs. The Marula mine in Limpopo province employs over 5,000 people and has achieved milestone safety records. Environmental management across both organisations addresses water stewardship, carbon emissions reduction, waste minimisation, and biodiversity conservation. Tongaat Hulett's sugarcane operations in KwaZulu-Natal face increasing climate risks from drought and flooding events, while Implats' mining operations in the Bushveld Complex manage dust emissions, acid mine drainage, and tailings storage facility safety under stringent regulatory requirements. Tongaat Hulett and Implats ESG Report Summary — Tongaat Hulett is a leading agri-processing business focusing on the complementary activities of sugar production, property development, and starch production. The company operates in South Africa, Mozambique, Zimbabwe, and Botswana, employing over 30,000 people at the peak of the sugar milling season. In the 2021 financial year, Tongaat Hulett produced approximately 1.1 million tons of sugar. The company has committed to reducing energy intensity by 20% by 2025, with specific targets for water efficiency improvement. Tongaat Hulett invests in socio-economic development (SED) and reported total SED expenditure in 2021 aligned with community needs. The Lost Time Injury Frequency Rate (LTIFR) is a critical safety metric tracked annually. The company's ESG framework aligns with the UN Sustainable Development Goals and operates under ISO 45001 certification. Implats (Impala Platinum Holdings Limited) is one of the world's foremost producers of platinum group metals (PGMs). The company's operations span South Africa and Zimbabwe, with managed operations including Impala Rustenburg, Marula, and Zimplats. Implats' ESG framework is built on three pillars focusing on environmental stewardship, social responsibility, and governance excellence. The PS3 strategy guides sustainability alignment. In 2023, Implats achieved significant safety milestones while investing heavily in socio-economic development and community projects. The company targets a 30% reduction in carbon emissions by 2030 and has invested in renewable energy projects including the 35MW solar PV project at Zimplats. Water recycling rates exceeded targets, and the company maintains strict environmental compliance across all operations. The GISTM (Global Industry Standard on Tailings Management) compliance roadmap is actively being implemented. Both companies utilise the six capitals framework (Financial, Manufactured, Intellectual, Human, Social/Relationship, Natural) to illustrate value creation and regularly engage with stakeholders through structured programmes. The double materiality principle used in ESG reporting assesses both inward financial materiality and outward impact materiality to provide comprehensive sustainability reporting aligned with global standards. Tongaat Hulett reported revenue of approximately R16.2 billion in 2021, with significant capital expenditure directed towards operational efficiency improvements and environmental sustainability initiatives. The company's manufactured capital includes six sugar mills across four countries with a combined crushing capacity exceeding 8 million tons of sugar

What are the water efficiency improvement targets by 2025?",What are the water efficiency improvement targets by 2025?,"Focus question: What are the water efficiency improvement targets by 2025?
Context profile: rag_shared_document_finance_reports
Prompt tokens: 1266
Context preview: Context: Tongaat Hulett and Implats ESG Report Summary — Tongaat Hulett is a leading agri-processing business focusing on the complementary activities of sugar production, property development, and starch production. The company operates in South Africa, Mozambique, Zimbabwe, and Botswana, employing over 30,000 people at the peak of the sugar milling season. In the 2021 financial year, Tongaat Hul",rag_shared_document_finance_reports,baseline,1266,20,945.1,1.0451,Warm,14.836,61.8,5.12,18.0,0.0,0,6,6,18.0,18.0,none,lmcache_store_coldpass,1,"[""Qwen-Qwen2.5-0.5B-Instruct@1@0@1bc32130432bfffe@bfloat16.pt""]",rag,True
19,Explain the relationship with small-scale growers including volumes.,"Context: Tongaat Hulett and Implats ESG Report Summary — Tongaat Hulett is a leading agri-processing business focusing on the complementary activities of sugar production, property development, and starch production. The company operates in South Africa, Mozambique, Zimbabwe, and Botswana, employing over 30,000 people at the peak of the sugar milling season. In the 2021 financial year, Tongaat Hul","Context: Tongaat Hulett and Implats ESG Report Summary — Tongaat Hulett is a leading agri-processing business focusing on the complementary activities of sugar production, property development, and starch production. The company operates in South Africa, Mozambique, Zimbabwe, and Botswana, employing over 30,000 people at the peak of the sugar milling season. In the 2021 financial year, Tongaat Hulett produced approximately 1.1 million tons of sugar. The company has committed to reducing energy intensity by 20% by 2025, with specific targets for water efficiency improvement. Tongaat Hulett invests in socio-economic development (SED) and reported total SED expenditure in 2021 aligned with community needs. The Lost Time Injury Frequency Rate (LTIFR) is a critical safety metric tracked annually. The company's ESG framework aligns with the UN Sustainable Development Goals and operates under ISO 45001 certification. Implats (Impala Platinum Holdings Limited) is one of the world's foremost producers of platinum group metals (PGMs). The company's operations span South Africa and Zimbabwe, with managed operations including Impala Rustenburg, Marula, and Zimplats. Implats' ESG framework is built on three pillars focusing on environmental stewardship, social responsibility, and governance excellence. The PS3 strategy guides sustainability alignment. In 2023, Implats achieved significant safety milestones while investing heavily in socio-economic development and community projects. The company targets a 30% reduction in carbon emissions by 2030 and has invested in renewable energy projects including the 35MW solar PV project at Zimplats. Water recycling rates exceeded targets, and the company maintains strict environmental compliance across all operations. The GISTM (Global Industry Standard on Tailings Management) compliance roadmap is actively being implemented. Both companies utilise the six capitals framework (Financial, Manufactured, Intellectual, Human, Social/Relationship, Natural) to illustrate value creation and regularly engage with stakeholders through structured programmes. The double materiality principle used in ESG reporting assesses both inward financial materiality and outward impact materiality to provide comprehensive sustainability reporting aligned with global standards. Tongaat Hulett reported revenue of approximately R16.2 billion in 2021, with significant capital expenditure directed towards operational efficiency improvements and environmental sustainability initiatives. The company's manufactured capital includes six sugar mills across four countries with a combined crushing capacity exceeding 8 million tons of sugarcane per season. Employee training and development spend reached R45 million, reflecting commitment to human capital investment. Implats distributed over R50 billion in total value to stakeholders in 2023, including R28 billion in wages and benefits, R12 billion in taxes and royalties, and R2.3 billion in dividends. The company's total mineral reserves stand at approximately 190 million ounces of platinum group metals. Production across all operations exceeded 3.2 million ounces of refined PGMs. The Marula mine in Limpopo province employs over 5,000 people and has achieved milestone safety records. Environmental management across both organisations addresses water stewardship, carbon emissions reduction, waste minimisation, and biodiversity conservation. Tongaat Hulett's sugarcane operations in KwaZulu-Natal face increasing climate risks from drought and flooding events, while Implats' mining operations in the Bushveld Complex manage dust emissions, acid mine drainage, and tailings storage facility safety under stringent regulatory requirements. Tongaat Hulett and Implats ESG Report Summary — Tongaat Hulett is a leading agri-processing business focusing on the complementary activities of sugar production, property development, and starch production. The company operates in South Africa, Mozambique, Zimbabwe, and Botswana, employing over 30,000 people at the peak of the sugar milling season. In the 2021 financial year, Tongaat Hulett produced approximately 1.1 million tons of sugar. The company has committed to reducing energy intensity by 20% by 2025, with specific targets for water efficiency improvement. Tongaat Hulett invests in socio-economic development (SED) and reported total SED expenditure in 2021 aligned with community needs. The Lost Time Injury Frequency Rate (LTIFR) is a critical safety metric tracked annually. The company's ESG framework aligns with the UN Sustainable Development Goals and operates under ISO 45001 certification. Implats (Impala Platinum Holdings Limited) is one of the world's foremost producers of platinum group metals (PGMs). The company's operations span South Africa and Zimbabwe, with managed operations including Impala Rustenburg, Marula, and Zimplats. Implats' ESG framework is built on three pillars focusing on environmental stewardship, social responsibility, and governance excellence. The PS3 strategy guides sustainability alignment. In 2023, Implats achieved significant safety milestones while investing heavily in socio-economic development and community projects. The company targets a 30% reduction in carbon emissions by 2030 and has invested in renewable energy projects including the 35MW solar PV project at Zimplats. Water recycling rates exceeded targets, and the company maintains strict environmental compliance across all operations. The GISTM (Global Industry Standard on Tailings Management) compliance roadmap is actively being implemented. Both companies utilise the six capitals framework (Financial, Manufactured, Intellectual, Human, Social/Relationship, Natural) to illustrate value creation and regularly engage with stakeholders through structured programmes. The double materiality principle used in ESG reporting assesses both inward financial materiality and outward impact materiality to provide comprehensive sustainability reporting aligned with global standards. Tongaat Hulett reported revenue of approximately R16.2 billion in 2021, with significant capital expenditure directed towards operational efficiency improvements and environmental sustainability initiatives. The company's manufactured capital includes six sugar mills across four countries with a combined crushing capacity exceeding 8 million tons of sugar

Explain the relationship with small-scale growers including volumes.",Explain the relationship with small-scale growers including volumes.,"Focus question: Explain the relationship with small-scale growers including volumes.
Context profile: rag_shared_document_finance_reports
Prompt tokens: 1263
Context preview: Context: Tongaat Hulett and Implats ESG Report Summary — Tongaat Hulett is a leading agri-processing business focusing on the complementary activities of sugar production, property development, and starch production. The company operates in South Africa, Mozambique, Zimbabwe, and Botswana, employing over 30,000 people at the peak of the sugar milling season. In the 2021 financial year, Tongaat Hul",rag_shared_document_finance_reports,baseline,1263,20,1309.24,1.4092,Warm,14.801,61.7,5.12,18.0,0.0,0,6,6,18.0,18.0,none,lmcache_store_coldpass,1,"[""Qwen-Qwen2.5-0.5B-Instruct@1@0@1bc32130432bfffe@bfloat16.pt""]",rag,True
20,What was the LTIFR for 2021?,"Context: Tongaat Hulett and Implats ESG Report Summary — Tongaat Hulett is a leading agri-processing business focusing on the complementary activities of sugar production, property development, and starch production. The company operates in South Africa, Mozambique, Zimbabwe, and Botswana, employing over 30,000 people at the peak of the sugar milling season. In the 2021 financial year, Tongaat Hul","Context: Tongaat Hulett and Implats ESG Report Summary — Tongaat Hulett is a leading agri-processing business focusing on the complementary activities of sugar production, property development, and starch production. The company operates in South Africa, Mozambique, Zimbabwe, and Botswana, employing over 30,000 people at the peak of the sugar milling season. In the 2021 financial year, Tongaat Hulett produced approximately 1.1 million tons of sugar. The company has committed to reducing energy intensity by 20% by 2025, with specific targets for water efficiency improvement. Tongaat Hulett invests in socio-economic development (SED) and reported total SED expenditure in 2021 aligned with community needs. The Lost Time Injury Frequency Rate (LTIFR) is a critical safety metric tracked annually. The company's ESG framework aligns with the UN Sustainable Development Goals and operates under ISO 45001 certification. Implats (Impala Platinum Holdings Limited) is one of the world's foremost producers of platinum group metals (PGMs). The company's operations span South Africa and Zimbabwe, with managed operations including Impala Rustenburg, Marula, and Zimplats. Implats' ESG framework is built on three pillars focusing on environmental stewardship, social responsibility, and governance excellence. The PS3 strategy guides sustainability alignment. In 2023, Implats achieved significant safety milestones while investing heavily in socio-economic development and community projects. The company targets a 30% reduction in carbon emissions by 2030 and has invested in renewable energy projects including the 35MW solar PV project at Zimplats. Water recycling rates exceeded targets, and the company maintains strict environmental compliance across all operations. The GISTM (Global Industry Standard on Tailings Management) compliance roadmap is actively being implemented. Both companies utilise the six capitals framework (Financial, Manufactured, Intellectual, Human, Social/Relationship, Natural) to illustrate value creation and regularly engage with stakeholders through structured programmes. The double materiality principle used in ESG reporting assesses both inward financial materiality and outward impact materiality to provide comprehensive sustainability reporting aligned with global standards. Tongaat Hulett reported revenue of approximately R16.2 billion in 2021, with significant capital expenditure directed towards operational efficiency improvements and environmental sustainability initiatives. The company's manufactured capital includes six sugar mills across four countries with a combined crushing capacity exceeding 8 million tons of sugarcane per season. Employee training and development spend reached R45 million, reflecting commitment to human capital investment. Implats distributed over R50 billion in total value to stakeholders in 2023, including R28 billion in wages and benefits, R12 billion in taxes and royalties, and R2.3 billion in dividends. The company's total mineral reserves stand at approximately 190 million ounces of platinum group metals. Production across all operations exceeded 3.2 million ounces of refined PGMs. The Marula mine in Limpopo province employs over 5,000 people and has achieved milestone safety records. Environmental management across both organisations addresses water stewardship, carbon emissions reduction, waste minimisation, and biodiversity conservation. Tongaat Hulett's sugarcane operations in KwaZulu-Natal face increasing climate risks from drought and flooding events, while Implats' mining operations in the Bushveld Complex manage dust emissions, acid mine drainage, and tailings storage facility safety under stringent regulatory requirements. Tongaat Hulett and Implats ESG Report Summary — Tongaat Hulett is a leading agri-processing business focusing on the complementary activities of sugar production, property development, and starch production. The company operates in South Africa, Mozambique, Zimbabwe, and Botswana, employing over 30,000 people at the peak of the sugar milling season. In the 2021 financial year, Tongaat Hulett produced approximately 1.1 million tons of sugar. The company has committed to reducing energy intensity by 20% by 2025, with specific targets for water efficiency improvement. Tongaat Hulett invests in socio-economic development (SED) and reported total SED expenditure in 2021 aligned with community needs. The Lost Time Injury Frequency Rate (LTIFR) is a critical safety metric tracked annually. The company's ESG framework aligns with the UN Sustainable Development Goals and operates under ISO 45001 certification. Implats (Impala Platinum Holdings Limited) is one of the world's foremost producers of platinum group metals (PGMs). The company's operations span South Africa and Zimbabwe, with managed operations including Impala Rustenburg, Marula, and Zimplats. Implats' ESG framework is built on three pillars focusing on environmental stewardship, social responsibility, and governance excellence. The PS3 strategy guides sustainability alignment. In 2023, Implats achieved significant safety milestones while investing heavily in socio-economic development and community projects. The company targets a 30% reduction in carbon emissions by 2030 and has invested in renewable energy projects including the 35MW solar PV project at Zimplats. Water recycling rates exceeded targets, and the company maintains strict environmental compliance across all operations. The GISTM (Global Industry Standard on Tailings Management) compliance roadmap is actively being implemented. Both companies utilise the six capitals framework (Financial, Manufactured, Intellectual, Human, Social/Relationship, Natural) to illustrate value creation and regularly engage with stakeholders through structured programmes. The double materiality principle used in ESG reporting assesses both inward financial materiality and outward impact materiality to provide comprehensive sustainability reporting aligned with global standards. Tongaat Hulett reported revenue of approximately R16.2 billion in 2021, with significant capital expenditure directed towards operational efficiency improvements and environmental sustainability initiatives. The company's manufactured capital includes six sugar mills across four countries with a combined crushing capacity exceeding 8 million tons of sugar

What was the LTIFR for 2021?",What was the LTIFR for 2021?,"Focus question: What was the LTIFR for 2021?
Context profile: rag_shared_document_finance_reports
Prompt tokens: 1265
Context preview: Context: Tongaat Hulett and Implats ESG Report Summary — Tongaat Hulett is a leading agri-processing business focusing on the complementary activities of sugar production, property development, and starch production. The company operates in South Africa, Mozambique, Zimbabwe, and Botswana, employing over 30,000 people at the peak of the sugar milling season. In the 2021 financial year, Tongaat Hul",rag_shared_document_finance_reports,baseline,1265,20,496.8,0.5968,Warm,14.824,61.8,5.12,18.0,0.0,0,6,6,18.0,18.0,none,lmcache_store_coldpass,1,"[""Qwen-Qwen2.5-0.5B-Instruct@1@0@1bc32130432bfffe@bfloat16.pt""]",rag,True
21,Describe the approach to human rights and child labor in supply chain.,"Context: Tongaat Hulett and Implats ESG Report Summary — Tongaat Hulett is a leading agri-processing business focusing on the complementary activities of sugar production, property development, and starch production. The company operates in South Africa, Mozambique, Zimbabwe, and Botswana, employing over 30,000 people at the peak of the sugar milling season. In the 2021 financial year, Tongaat Hul","Context: Tongaat Hulett and Implats ESG Report Summary — Tongaat Hulett is a leading agri-processing business focusing on the complementary activities of sugar production, property development, and starch production. The company operates in South Africa, Mozambique, Zimbabwe, and Botswana, employing over 30,000 people at the peak of the sugar milling season. In the 2021 financial year, Tongaat Hulett produced approximately 1.1 million tons of sugar. The company has committed to reducing energy intensity by 20% by 2025, with specific targets for water efficiency improvement. Tongaat Hulett invests in socio-economic development (SED) and reported total SED expenditure in 2021 aligned with community needs. The Lost Time Injury Frequency Rate (LTIFR) is a critical safety metric tracked annually. The company's ESG framework aligns with the UN Sustainable Development Goals and operates under ISO 45001 certification. Implats (Impala Platinum Holdings Limited) is one of the world's foremost producers of platinum group metals (PGMs). The company's operations span South Africa and Zimbabwe, with managed operations including Impala Rustenburg, Marula, and Zimplats. Implats' ESG framework is built on three pillars focusing on environmental stewardship, social responsibility, and governance excellence. The PS3 strategy guides sustainability alignment. In 2023, Implats achieved significant safety milestones while investing heavily in socio-economic development and community projects. The company targets a 30% reduction in carbon emissions by 2030 and has invested in renewable energy projects including the 35MW solar PV project at Zimplats. Water recycling rates exceeded targets, and the company maintains strict environmental compliance across all operations. The GISTM (Global Industry Standard on Tailings Management) compliance roadmap is actively being implemented. Both companies utilise the six capitals framework (Financial, Manufactured, Intellectual, Human, Social/Relationship, Natural) to illustrate value creation and regularly engage with stakeholders through structured programmes. The double materiality principle used in ESG reporting assesses both inward financial materiality and outward impact materiality to provide comprehensive sustainability reporting aligned with global standards. Tongaat Hulett reported revenue of approximately R16.2 billion in 2021, with significant capital expenditure directed towards operational efficiency improvements and environmental sustainability initiatives. The company's manufactured capital includes six sugar mills across four countries with a combined crushing capacity exceeding 8 million tons of sugarcane per season. Employee training and development spend reached R45 million, reflecting commitment to human capital investment. Implats distributed over R50 billion in total value to stakeholders in 2023, including R28 billion in wages and benefits, R12 billion in taxes and royalties, and R2.3 billion in dividends. The company's total mineral reserves stand at approximately 190 million ounces of platinum group metals. Production across all operations exceeded 3.2 million ounces of refined PGMs. The Marula mine in Limpopo province employs over 5,000 people and has achieved milestone safety records. Environmental management across both organisations addresses water stewardship, carbon emissions reduction, waste minimisation, and biodiversity conservation. Tongaat Hulett's sugarcane operations in KwaZulu-Natal face increasing climate risks from drought and flooding events, while Implats' mining operations in the Bushveld Complex manage dust emissions, acid mine drainage, and tailings storage facility safety under stringent regulatory requirements. Tongaat Hulett and Implats ESG Report Summary — Tongaat Hulett is a leading agri-processing business focusing on the complementary activities of sugar production, property development, and starch production. The company operates in South Africa, Mozambique, Zimbabwe, and Botswana, employing over 30,000 people at the peak of the sugar milling season. In the 2021 financial year, Tongaat Hulett produced approximately 1.1 million tons of sugar. The company has committed to reducing energy intensity by 20% by 2025, with specific targets for water efficiency improvement. Tongaat Hulett invests in socio-economic development (SED) and reported total SED expenditure in 2021 aligned with community needs. The Lost Time Injury Frequency Rate (LTIFR) is a critical safety metric tracked annually. The company's ESG framework aligns with the UN Sustainable Development Goals and operates under ISO 45001 certification. Implats (Impala Platinum Holdings Limited) is one of the world's foremost producers of platinum group metals (PGMs). The company's operations span South Africa and Zimbabwe, with managed operations including Impala Rustenburg, Marula, and Zimplats. Implats' ESG framework is built on three pillars focusing on environmental stewardship, social responsibility, and governance excellence. The PS3 strategy guides sustainability alignment. In 2023, Implats achieved significant safety milestones while investing heavily in socio-economic development and community projects. The company targets a 30% reduction in carbon emissions by 2030 and has invested in renewable energy projects including the 35MW solar PV project at Zimplats. Water recycling rates exceeded targets, and the company maintains strict environmental compliance across all operations. The GISTM (Global Industry Standard on Tailings Management) compliance roadmap is actively being implemented. Both companies utilise the six capitals framework (Financial, Manufactured, Intellectual, Human, Social/Relationship, Natural) to illustrate value creation and regularly engage with stakeholders through structured programmes. The double materiality principle used in ESG reporting assesses both inward financial materiality and outward impact materiality to provide comprehensive sustainability reporting aligned with global standards. Tongaat Hulett reported revenue of approximately R16.2 billion in 2021, with significant capital expenditure directed towards operational efficiency improvements and environmental sustainability initiatives. The company's manufactured capital includes six sugar mills across four countries with a combined crushing capacity exceeding 8 million tons of sugar

Describe the approach to human rights and child labor in supply chain.",Describe the approach to human rights and child labor in supply chain.,"Focus question: Describe the approach to human rights and child labor in supply chain.
Context profile: rag_shared_document_finance_reports
Prompt tokens: 1265
Context preview: Context: Tongaat Hulett and Implats ESG Report Summary — Tongaat Hulett is a leading agri-processing business focusing on the complementary activities of sugar production, property development, and starch production. The company operates in South Africa, Mozambique, Zimbabwe, and Botswana, employing over 30,000 people at the peak of the sugar milling season. In the 2021 financial year, Tongaat Hul",rag_shared_document_finance_reports,baseline,1265,20,293.49,0.3935,Warm,14.824,61.8,5.12,18.0,0.0,0,6,6,18.0,18.0,none,lmcache_store_coldpass,1,"[""Qwen-Qwen2.5-0.5B-Instruct@1@0@1bc32130432bfffe@bfloat16.pt""]",rag,True
22,What were total hazardous and non-hazardous waste volumes in 2021?,"Context: Tongaat Hulett and Implats ESG Report Summary — Tongaat Hulett is a leading agri-processing business focusing on the complementary activities of sugar production, property development, and starch production. The company operates in South Africa, Mozambique, Zimbabwe, and Botswana, employing over 30,000 people at the peak of the sugar milling season. In the 2021 financial year, Tongaat Hul","Context: Tongaat Hulett and Implats ESG Report Summary — Tongaat Hulett is a leading agri-processing business focusing on the complementary activities of sugar production, property development, and starch production. The company operates in South Africa, Mozambique, Zimbabwe, and Botswana, employing over 30,000 people at the peak of the sugar milling season. In the 2021 financial year, Tongaat Hulett produced approximately 1.1 million tons of sugar. The company has committed to reducing energy intensity by 20% by 2025, with specific targets for water efficiency improvement. Tongaat Hulett invests in socio-economic development (SED) and reported total SED expenditure in 2021 aligned with community needs. The Lost Time Injury Frequency Rate (LTIFR) is a critical safety metric tracked annually. The company's ESG framework aligns with the UN Sustainable Development Goals and operates under ISO 45001 certification. Implats (Impala Platinum Holdings Limited) is one of the world's foremost producers of platinum group metals (PGMs). The company's operations span South Africa and Zimbabwe, with managed operations including Impala Rustenburg, Marula, and Zimplats. Implats' ESG framework is built on three pillars focusing on environmental stewardship, social responsibility, and governance excellence. The PS3 strategy guides sustainability alignment. In 2023, Implats achieved significant safety milestones while investing heavily in socio-economic development and community projects. The company targets a 30% reduction in carbon emissions by 2030 and has invested in renewable energy projects including the 35MW solar PV project at Zimplats. Water recycling rates exceeded targets, and the company maintains strict environmental compliance across all operations. The GISTM (Global Industry Standard on Tailings Management) compliance roadmap is actively being implemented. Both companies utilise the six capitals framework (Financial, Manufactured, Intellectual, Human, Social/Relationship, Natural) to illustrate value creation and regularly engage with stakeholders through structured programmes. The double materiality principle used in ESG reporting assesses both inward financial materiality and outward impact materiality to provide comprehensive sustainability reporting aligned with global standards. Tongaat Hulett reported revenue of approximately R16.2 billion in 2021, with significant capital expenditure directed towards operational efficiency improvements and environmental sustainability initiatives. The company's manufactured capital includes six sugar mills across four countries with a combined crushing capacity exceeding 8 million tons of sugarcane per season. Employee training and development spend reached R45 million, reflecting commitment to human capital investment. Implats distributed over R50 billion in total value to stakeholders in 2023, including R28 billion in wages and benefits, R12 billion in taxes and royalties, and R2.3 billion in dividends. The company's total mineral reserves stand at approximately 190 million ounces of platinum group metals. Production across all operations exceeded 3.2 million ounces of refined PGMs. The Marula mine in Limpopo province employs over 5,000 people and has achieved milestone safety records. Environmental management across both organisations addresses water stewardship, carbon emissions reduction, waste minimisation, and biodiversity conservation. Tongaat Hulett's sugarcane operations in KwaZulu-Natal face increasing climate risks from drought and flooding events, while Implats' mining operations in the Bushveld Complex manage dust emissions, acid mine drainage, and tailings storage facility safety under stringent regulatory requirements. Tongaat Hulett and Implats ESG Report Summary — Tongaat Hulett is a leading agri-processing business focusing on the complementary activities of sugar production, property development, and starch production. The company operates in South Africa, Mozambique, Zimbabwe, and Botswana, employing over 30,000 people at the peak of the sugar milling season. In the 2021 financial year, Tongaat Hulett produced approximately 1.1 million tons of sugar. The company has committed to reducing energy intensity by 20% by 2025, with specific targets for water efficiency improvement. Tongaat Hulett invests in socio-economic development (SED) and reported total SED expenditure in 2021 aligned with community needs. The Lost Time Injury Frequency Rate (LTIFR) is a critical safety metric tracked annually. The company's ESG framework aligns with the UN Sustainable Development Goals and operates under ISO 45001 certification. Implats (Impala Platinum Holdings Limited) is one of the world's foremost producers of platinum group metals (PGMs). The company's operations span South Africa and Zimbabwe, with managed operations including Impala Rustenburg, Marula, and Zimplats. Implats' ESG framework is built on three pillars focusing on environmental stewardship, social responsibility, and governance excellence. The PS3 strategy guides sustainability alignment. In 2023, Implats achieved significant safety milestones while investing heavily in socio-economic development and community projects. The company targets a 30% reduction in carbon emissions by 2030 and has invested in renewable energy projects including the 35MW solar PV project at Zimplats. Water recycling rates exceeded targets, and the company maintains strict environmental compliance across all operations. The GISTM (Global Industry Standard on Tailings Management) compliance roadmap is actively being implemented. Both companies utilise the six capitals framework (Financial, Manufactured, Intellectual, Human, Social/Relationship, Natural) to illustrate value creation and regularly engage with stakeholders through structured programmes. The double materiality principle used in ESG reporting assesses both inward financial materiality and outward impact materiality to provide comprehensive sustainability reporting aligned with global standards. Tongaat Hulett reported revenue of approximately R16.2 billion in 2021, with significant capital expenditure directed towards operational efficiency improvements and environmental sustainability initiatives. The company's manufactured capital includes six sugar mills across four countries with a combined crushing capacity exceeding 8 million tons of sugar

What were total hazardous and non-hazardous waste volumes in 2021?",What were total hazardous and non-hazardous waste volumes in 2021?,"Focus question: What were total hazardous and non-hazardous waste volumes in 2021?
Context profile: rag_shared_document_finance_reports
Prompt tokens: 1270
Context preview: Context: Tongaat Hulett and Implats ESG Report Summary — Tongaat Hulett is a leading agri-processing business focusing on the complementary activities of sugar production, property development, and starch production. The company operates in South Africa, Mozambique, Zimbabwe, and Botswana, employing over 30,000 people at the peak of the sugar milling season. In the 2021 financial year, Tongaat Hul",rag_shared_document_finance_reports,baseline,1270,20,322.24,0.4222,Warm,14.883,62.0,5.12,18.0,0.0,0,6,6,18.0,18.0,none,lmcache_store_coldpass,1,"[""Qwen-Qwen2.5-0.5B-Instruct@1@0@1bc32130432bfffe@bfloat16.pt""]",rag,True
23,List the third-party certifications held such as ISO 45001.,"Context: Tongaat Hulett and Implats ESG Report Summary — Tongaat Hulett is a leading agri-processing business focusing on the complementary activities of sugar production, property development, and starch production. The company operates in South Africa, Mozambique, Zimbabwe, and Botswana, employing over 30,000 people at the peak of the sugar milling season. In the 2021 financial year, Tongaat Hul","Context: Tongaat Hulett and Implats ESG Report Summary — Tongaat Hulett is a leading agri-processing business focusing on the complementary activities of sugar production, property development, and starch production. The company operates in South Africa, Mozambique, Zimbabwe, and Botswana, employing over 30,000 people at the peak of the sugar milling season. In the 2021 financial year, Tongaat Hulett produced approximately 1.1 million tons of sugar. The company has committed to reducing energy intensity by 20% by 2025, with specific targets for water efficiency improvement. Tongaat Hulett invests in socio-economic development (SED) and reported total SED expenditure in 2021 aligned with community needs. The Lost Time Injury Frequency Rate (LTIFR) is a critical safety metric tracked annually. The company's ESG framework aligns with the UN Sustainable Development Goals and operates under ISO 45001 certification. Implats (Impala Platinum Holdings Limited) is one of the world's foremost producers of platinum group metals (PGMs). The company's operations span South Africa and Zimbabwe, with managed operations including Impala Rustenburg, Marula, and Zimplats. Implats' ESG framework is built on three pillars focusing on environmental stewardship, social responsibility, and governance excellence. The PS3 strategy guides sustainability alignment. In 2023, Implats achieved significant safety milestones while investing heavily in socio-economic development and community projects. The company targets a 30% reduction in carbon emissions by 2030 and has invested in renewable energy projects including the 35MW solar PV project at Zimplats. Water recycling rates exceeded targets, and the company maintains strict environmental compliance across all operations. The GISTM (Global Industry Standard on Tailings Management) compliance roadmap is actively being implemented. Both companies utilise the six capitals framework (Financial, Manufactured, Intellectual, Human, Social/Relationship, Natural) to illustrate value creation and regularly engage with stakeholders through structured programmes. The double materiality principle used in ESG reporting assesses both inward financial materiality and outward impact materiality to provide comprehensive sustainability reporting aligned with global standards. Tongaat Hulett reported revenue of approximately R16.2 billion in 2021, with significant capital expenditure directed towards operational efficiency improvements and environmental sustainability initiatives. The company's manufactured capital includes six sugar mills across four countries with a combined crushing capacity exceeding 8 million tons of sugarcane per season. Employee training and development spend reached R45 million, reflecting commitment to human capital investment. Implats distributed over R50 billion in total value to stakeholders in 2023, including R28 billion in wages and benefits, R12 billion in taxes and royalties, and R2.3 billion in dividends. The company's total mineral reserves stand at approximately 190 million ounces of platinum group metals. Production across all operations exceeded 3.2 million ounces of refined PGMs. The Marula mine in Limpopo province employs over 5,000 people and has achieved milestone safety records. Environmental management across both organisations addresses water stewardship, carbon emissions reduction, waste minimisation, and biodiversity conservation. Tongaat Hulett's sugarcane operations in KwaZulu-Natal face increasing climate risks from drought and flooding events, while Implats' mining operations in the Bushveld Complex manage dust emissions, acid mine drainage, and tailings storage facility safety under stringent regulatory requirements. Tongaat Hulett and Implats ESG Report Summary — Tongaat Hulett is a leading agri-processing business focusing on the complementary activities of sugar production, property development, and starch production. The company operates in South Africa, Mozambique, Zimbabwe, and Botswana, employing over 30,000 people at the peak of the sugar milling season. In the 2021 financial year, Tongaat Hulett produced approximately 1.1 million tons of sugar. The company has committed to reducing energy intensity by 20% by 2025, with specific targets for water efficiency improvement. Tongaat Hulett invests in socio-economic development (SED) and reported total SED expenditure in 2021 aligned with community needs. The Lost Time Injury Frequency Rate (LTIFR) is a critical safety metric tracked annually. The company's ESG framework aligns with the UN Sustainable Development Goals and operates under ISO 45001 certification. Implats (Impala Platinum Holdings Limited) is one of the world's foremost producers of platinum group metals (PGMs). The company's operations span South Africa and Zimbabwe, with managed operations including Impala Rustenburg, Marula, and Zimplats. Implats' ESG framework is built on three pillars focusing on environmental stewardship, social responsibility, and governance excellence. The PS3 strategy guides sustainability alignment. In 2023, Implats achieved significant safety milestones while investing heavily in socio-economic development and community projects. The company targets a 30% reduction in carbon emissions by 2030 and has invested in renewable energy projects including the 35MW solar PV project at Zimplats. Water recycling rates exceeded targets, and the company maintains strict environmental compliance across all operations. The GISTM (Global Industry Standard on Tailings Management) compliance roadmap is actively being implemented. Both companies utilise the six capitals framework (Financial, Manufactured, Intellectual, Human, Social/Relationship, Natural) to illustrate value creation and regularly engage with stakeholders through structured programmes. The double materiality principle used in ESG reporting assesses both inward financial materiality and outward impact materiality to provide comprehensive sustainability reporting aligned with global standards. Tongaat Hulett reported revenue of approximately R16.2 billion in 2021, with significant capital expenditure directed towards operational efficiency improvements and environmental sustainability initiatives. The company's manufactured capital includes six sugar mills across four countries with a combined crushing capacity exceeding 8 million tons of sugar

List the third-party certifications held such as ISO 45001.",List the third-party certifications held such as ISO 45001.,"Focus question: List the third-party certifications held such as ISO 45001.
Context profile: rag_shared_document_finance_reports
Prompt tokens: 1268
Context preview: Context: Tongaat Hulett and Implats ESG Report Summary — Tongaat Hulett is a leading agri-processing business focusing on the complementary activities of sugar production, property development, and starch production. The company operates in South Africa, Mozambique, Zimbabwe, and Botswana, employing over 30,000 people at the peak of the sugar milling season. In the 2021 financial year, Tongaat Hul",rag_shared_document_finance_reports,baseline,1268,20,919.26,1.0193,Warm,14.859,61.9,5.12,18.0,0.0,0,6,6,18.0,18.0,none,lmcache_store_coldpass,1,"[""Qwen-Qwen2.5-0.5B-Instruct@1@0@1bc32130432bfffe@bfloat16.pt""]",rag,True
24,How does the company align with UN Sustainable Development Goals?,"Context: Tongaat Hulett and Implats ESG Report Summary — Tongaat Hulett is a leading agri-processing business focusing on the complementary activities of sugar production, property development, and starch production. The company operates in South Africa, Mozambique, Zimbabwe, and Botswana, employing over 30,000 people at the peak of the sugar milling season. In the 2021 financial year, Tongaat Hul","Context: Tongaat Hulett and Implats ESG Report Summary — Tongaat Hulett is a leading agri-processing business focusing on the complementary activities of sugar production, property development, and starch production. The company operates in South Africa, Mozambique, Zimbabwe, and Botswana, employing over 30,000 people at the peak of the sugar milling season. In the 2021 financial year, Tongaat Hulett produced approximately 1.1 million tons of sugar. The company has committed to reducing energy intensity by 20% by 2025, with specific targets for water efficiency improvement. Tongaat Hulett invests in socio-economic development (SED) and reported total SED expenditure in 2021 aligned with community needs. The Lost Time Injury Frequency Rate (LTIFR) is a critical safety metric tracked annually. The company's ESG framework aligns with the UN Sustainable Development Goals and operates under ISO 45001 certification. Implats (Impala Platinum Holdings Limited) is one of the world's foremost producers of platinum group metals (PGMs). The company's operations span South Africa and Zimbabwe, with managed operations including Impala Rustenburg, Marula, and Zimplats. Implats' ESG framework is built on three pillars focusing on environmental stewardship, social responsibility, and governance excellence. The PS3 strategy guides sustainability alignment. In 2023, Implats achieved significant safety milestones while investing heavily in socio-economic development and community projects. The company targets a 30% reduction in carbon emissions by 2030 and has invested in renewable energy projects including the 35MW solar PV project at Zimplats. Water recycling rates exceeded targets, and the company maintains strict environmental compliance across all operations. The GISTM (Global Industry Standard on Tailings Management) compliance roadmap is actively being implemented. Both companies utilise the six capitals framework (Financial, Manufactured, Intellectual, Human, Social/Relationship, Natural) to illustrate value creation and regularly engage with stakeholders through structured programmes. The double materiality principle used in ESG reporting assesses both inward financial materiality and outward impact materiality to provide comprehensive sustainability reporting aligned with global standards. Tongaat Hulett reported revenue of approximately R16.2 billion in 2021, with significant capital expenditure directed towards operational efficiency improvements and environmental sustainability initiatives. The company's manufactured capital includes six sugar mills across four countries with a combined crushing capacity exceeding 8 million tons of sugarcane per season. Employee training and development spend reached R45 million, reflecting commitment to human capital investment. Implats distributed over R50 billion in total value to stakeholders in 2023, including R28 billion in wages and benefits, R12 billion in taxes and royalties, and R2.3 billion in dividends. The company's total mineral reserves stand at approximately 190 million ounces of platinum group metals. Production across all operations exceeded 3.2 million ounces of refined PGMs. The Marula mine in Limpopo province employs over 5,000 people and has achieved milestone safety records. Environmental management across both organisations addresses water stewardship, carbon emissions reduction, waste minimisation, and biodiversity conservation. Tongaat Hulett's sugarcane operations in KwaZulu-Natal face increasing climate risks from drought and flooding events, while Implats' mining operations in the Bushveld Complex manage dust emissions, acid mine drainage, and tailings storage facility safety under stringent regulatory requirements. Tongaat Hulett and Implats ESG Report Summary — Tongaat Hulett is a leading agri-processing business focusing on the complementary activities of sugar production, property development, and starch production. The company operates in South Africa, Mozambique, Zimbabwe, and Botswana, employing over 30,000 people at the peak of the sugar milling season. In the 2021 financial year, Tongaat Hulett produced approximately 1.1 million tons of sugar. The company has committed to reducing energy intensity by 20% by 2025, with specific targets for water efficiency improvement. Tongaat Hulett invests in socio-economic development (SED) and reported total SED expenditure in 2021 aligned with community needs. The Lost Time Injury Frequency Rate (LTIFR) is a critical safety metric tracked annually. The company's ESG framework aligns with the UN Sustainable Development Goals and operates under ISO 45001 certification. Implats (Impala Platinum Holdings Limited) is one of the world's foremost producers of platinum group metals (PGMs). The company's operations span South Africa and Zimbabwe, with managed operations including Impala Rustenburg, Marula, and Zimplats. Implats' ESG framework is built on three pillars focusing on environmental stewardship, social responsibility, and governance excellence. The PS3 strategy guides sustainability alignment. In 2023, Implats achieved significant safety milestones while investing heavily in socio-economic development and community projects. The company targets a 30% reduction in carbon emissions by 2030 and has invested in renewable energy projects including the 35MW solar PV project at Zimplats. Water recycling rates exceeded targets, and the company maintains strict environmental compliance across all operations. The GISTM (Global Industry Standard on Tailings Management) compliance roadmap is actively being implemented. Both companies utilise the six capitals framework (Financial, Manufactured, Intellectual, Human, Social/Relationship, Natural) to illustrate value creation and regularly engage with stakeholders through structured programmes. The double materiality principle used in ESG reporting assesses both inward financial materiality and outward impact materiality to provide comprehensive sustainability reporting aligned with global standards. Tongaat Hulett reported revenue of approximately R16.2 billion in 2021, with significant capital expenditure directed towards operational efficiency improvements and environmental sustainability initiatives. The company's manufactured capital includes six sugar mills across four countries with a combined crushing capacity exceeding 8 million tons of sugar

How does the company align with UN Sustainable Development Goals?",How does the company align with UN Sustainable Development Goals?,"Focus question: How does the company align with UN Sustainable Development Goals?
Context profile: rag_shared_document_finance_reports
Prompt tokens: 1263
Context preview: Context: Tongaat Hulett and Implats ESG Report Summary — Tongaat Hulett is a leading agri-processing business focusing on the complementary activities of sugar production, property development, and starch production. The company operates in South Africa, Mozambique, Zimbabwe, and Botswana, employing over 30,000 people at the peak of the sugar milling season. In the 2021 financial year, Tongaat Hul",rag_shared_document_finance_reports,baseline,1263,20,1089.74,1.1897,Warm,14.801,61.7,5.12,18.0,0.0,0,6,6,18.0,18.0,none,lmcache_store_coldpass,1,"[""Qwen-Qwen2.5-0.5B-Instruct@1@0@1bc32130432bfffe@bfloat16.pt""]",rag,True
25,What was the total revenue for the 2021 financial year?,"Context: Tongaat Hulett and Implats ESG Report Summary — Tongaat Hulett is a leading agri-processing business focusing on the complementary activities of sugar production, property development, and starch production. The company operates in South Africa, Mozambique, Zimbabwe, and Botswana, employing over 30,000 people at the peak of the sugar milling season. In the 2021 financial year, Tongaat Hul","Context: Tongaat Hulett and Implats ESG Report Summary — Tongaat Hulett is a leading agri-processing business focusing on the complementary activities of sugar production, property development, and starch production. The company operates in South Africa, Mozambique, Zimbabwe, and Botswana, employing over 30,000 people at the peak of the sugar milling season. In the 2021 financial year, Tongaat Hulett produced approximately 1.1 million tons of sugar. The company has committed to reducing energy intensity by 20% by 2025, with specific targets for water efficiency improvement. Tongaat Hulett invests in socio-economic development (SED) and reported total SED expenditure in 2021 aligned with community needs. The Lost Time Injury Frequency Rate (LTIFR) is a critical safety metric tracked annually. The company's ESG framework aligns with the UN Sustainable Development Goals and operates under ISO 45001 certification. Implats (Impala Platinum Holdings Limited) is one of the world's foremost producers of platinum group metals (PGMs). The company's operations span South Africa and Zimbabwe, with managed operations including Impala Rustenburg, Marula, and Zimplats. Implats' ESG framework is built on three pillars focusing on environmental stewardship, social responsibility, and governance excellence. The PS3 strategy guides sustainability alignment. In 2023, Implats achieved significant safety milestones while investing heavily in socio-economic development and community projects. The company targets a 30% reduction in carbon emissions by 2030 and has invested in renewable energy projects including the 35MW solar PV project at Zimplats. Water recycling rates exceeded targets, and the company maintains strict environmental compliance across all operations. The GISTM (Global Industry Standard on Tailings Management) compliance roadmap is actively being implemented. Both companies utilise the six capitals framework (Financial, Manufactured, Intellectual, Human, Social/Relationship, Natural) to illustrate value creation and regularly engage with stakeholders through structured programmes. The double materiality principle used in ESG reporting assesses both inward financial materiality and outward impact materiality to provide comprehensive sustainability reporting aligned with global standards. Tongaat Hulett reported revenue of approximately R16.2 billion in 2021, with significant capital expenditure directed towards operational efficiency improvements and environmental sustainability initiatives. The company's manufactured capital includes six sugar mills across four countries with a combined crushing capacity exceeding 8 million tons of sugarcane per season. Employee training and development spend reached R45 million, reflecting commitment to human capital investment. Implats distributed over R50 billion in total value to stakeholders in 2023, including R28 billion in wages and benefits, R12 billion in taxes and royalties, and R2.3 billion in dividends. The company's total mineral reserves stand at approximately 190 million ounces of platinum group metals. Production across all operations exceeded 3.2 million ounces of refined PGMs. The Marula mine in Limpopo province employs over 5,000 people and has achieved milestone safety records. Environmental management across both organisations addresses water stewardship, carbon emissions reduction, waste minimisation, and biodiversity conservation. Tongaat Hulett's sugarcane operations in KwaZulu-Natal face increasing climate risks from drought and flooding events, while Implats' mining operations in the Bushveld Complex manage dust emissions, acid mine drainage, and tailings storage facility safety under stringent regulatory requirements. Tongaat Hulett and Implats ESG Report Summary — Tongaat Hulett is a leading agri-processing business focusing on the complementary activities of sugar production, property development, and starch production. The company operates in South Africa, Mozambique, Zimbabwe, and Botswana, employing over 30,000 people at the peak of the sugar milling season. In the 2021 financial year, Tongaat Hulett produced approximately 1.1 million tons of sugar. The company has committed to reducing energy intensity by 20% by 2025, with specific targets for water efficiency improvement. Tongaat Hulett invests in socio-economic development (SED) and reported total SED expenditure in 2021 aligned with community needs. The Lost Time Injury Frequency Rate (LTIFR) is a critical safety metric tracked annually. The company's ESG framework aligns with the UN Sustainable Development Goals and operates under ISO 45001 certification. Implats (Impala Platinum Holdings Limited) is one of the world's foremost producers of platinum group metals (PGMs). The company's operations span South Africa and Zimbabwe, with managed operations including Impala Rustenburg, Marula, and Zimplats. Implats' ESG framework is built on three pillars focusing on environmental stewardship, social responsibility, and governance excellence. The PS3 strategy guides sustainability alignment. In 2023, Implats achieved significant safety milestones while investing heavily in socio-economic development and community projects. The company targets a 30% reduction in carbon emissions by 2030 and has invested in renewable energy projects including the 35MW solar PV project at Zimplats. Water recycling rates exceeded targets, and the company maintains strict environmental compliance across all operations. The GISTM (Global Industry Standard on Tailings Management) compliance roadmap is actively being implemented. Both companies utilise the six capitals framework (Financial, Manufactured, Intellectual, Human, Social/Relationship, Natural) to illustrate value creation and regularly engage with stakeholders through structured programmes. The double materiality principle used in ESG reporting assesses both inward financial materiality and outward impact materiality to provide comprehensive sustainability reporting aligned with global standards. Tongaat Hulett reported revenue of approximately R16.2 billion in 2021, with significant capital expenditure directed towards operational efficiency improvements and environmental sustainability initiatives. The company's manufactured capital includes six sugar mills across four countries with a combined crushing capacity exceeding 8 million tons of sugar

What was the total revenue for the 2021 financial year?",What was the total revenue for the 2021 financial year?,"Focus question: What was the total revenue for the 2021 financial year?
Context profile: rag_shared_document_finance_reports
Prompt tokens: 1267
Context preview: Context: Tongaat Hulett and Implats ESG Report Summary — Tongaat Hulett is a leading agri-processing business focusing on the complementary activities of sugar production, property development, and starch production. The company operates in South Africa, Mozambique, Zimbabwe, and Botswana, employing over 30,000 people at the peak of the sugar milling season. In the 2021 financial year, Tongaat Hul",rag_shared_document_finance_reports,baseline,1267,20,766.8,0.8668,Warm,14.848,61.9,5.12,18.0,0.0,0,6,6,18.0,18.0,none,lmcache_store_coldpass,1,"[""Qwen-Qwen2.5-0.5B-Instruct@1@0@1bc32130432bfffe@bfloat16.pt""]",rag,True
26,Explain the significance of the Sugar Industry Masterplan.,"Context: Tongaat Hulett and Implats ESG Report Summary — Tongaat Hulett is a leading agri-processing business focusing on the complementary activities of sugar production, property development, and starch production. The company operates in South Africa, Mozambique, Zimbabwe, and Botswana, employing over 30,000 people at the peak of the sugar milling season. In the 2021 financial year, Tongaat Hul","Context: Tongaat Hulett and Implats ESG Report Summary — Tongaat Hulett is a leading agri-processing business focusing on the complementary activities of sugar production, property development, and starch production. The company operates in South Africa, Mozambique, Zimbabwe, and Botswana, employing over 30,000 people at the peak of the sugar milling season. In the 2021 financial year, Tongaat Hulett produced approximately 1.1 million tons of sugar. The company has committed to reducing energy intensity by 20% by 2025, with specific targets for water efficiency improvement. Tongaat Hulett invests in socio-economic development (SED) and reported total SED expenditure in 2021 aligned with community needs. The Lost Time Injury Frequency Rate (LTIFR) is a critical safety metric tracked annually. The company's ESG framework aligns with the UN Sustainable Development Goals and operates under ISO 45001 certification. Implats (Impala Platinum Holdings Limited) is one of the world's foremost producers of platinum group metals (PGMs). The company's operations span South Africa and Zimbabwe, with managed operations including Impala Rustenburg, Marula, and Zimplats. Implats' ESG framework is built on three pillars focusing on environmental stewardship, social responsibility, and governance excellence. The PS3 strategy guides sustainability alignment. In 2023, Implats achieved significant safety milestones while investing heavily in socio-economic development and community projects. The company targets a 30% reduction in carbon emissions by 2030 and has invested in renewable energy projects including the 35MW solar PV project at Zimplats. Water recycling rates exceeded targets, and the company maintains strict environmental compliance across all operations. The GISTM (Global Industry Standard on Tailings Management) compliance roadmap is actively being implemented. Both companies utilise the six capitals framework (Financial, Manufactured, Intellectual, Human, Social/Relationship, Natural) to illustrate value creation and regularly engage with stakeholders through structured programmes. The double materiality principle used in ESG reporting assesses both inward financial materiality and outward impact materiality to provide comprehensive sustainability reporting aligned with global standards. Tongaat Hulett reported revenue of approximately R16.2 billion in 2021, with significant capital expenditure directed towards operational efficiency improvements and environmental sustainability initiatives. The company's manufactured capital includes six sugar mills across four countries with a combined crushing capacity exceeding 8 million tons of sugarcane per season. Employee training and development spend reached R45 million, reflecting commitment to human capital investment. Implats distributed over R50 billion in total value to stakeholders in 2023, including R28 billion in wages and benefits, R12 billion in taxes and royalties, and R2.3 billion in dividends. The company's total mineral reserves stand at approximately 190 million ounces of platinum group metals. Production across all operations exceeded 3.2 million ounces of refined PGMs. The Marula mine in Limpopo province employs over 5,000 people and has achieved milestone safety records. Environmental management across both organisations addresses water stewardship, carbon emissions reduction, waste minimisation, and biodiversity conservation. Tongaat Hulett's sugarcane operations in KwaZulu-Natal face increasing climate risks from drought and flooding events, while Implats' mining operations in the Bushveld Complex manage dust emissions, acid mine drainage, and tailings storage facility safety under stringent regulatory requirements. Tongaat Hulett and Implats ESG Report Summary — Tongaat Hulett is a leading agri-processing business focusing on the complementary activities of sugar production, property development, and starch production. The company operates in South Africa, Mozambique, Zimbabwe, and Botswana, employing over 30,000 people at the peak of the sugar milling season. In the 2021 financial year, Tongaat Hulett produced approximately 1.1 million tons of sugar. The company has committed to reducing energy intensity by 20% by 2025, with specific targets for water efficiency improvement. Tongaat Hulett invests in socio-economic development (SED) and reported total SED expenditure in 2021 aligned with community needs. The Lost Time Injury Frequency Rate (LTIFR) is a critical safety metric tracked annually. The company's ESG framework aligns with the UN Sustainable Development Goals and operates under ISO 45001 certification. Implats (Impala Platinum Holdings Limited) is one of the world's foremost producers of platinum group metals (PGMs). The company's operations span South Africa and Zimbabwe, with managed operations including Impala Rustenburg, Marula, and Zimplats. Implats' ESG framework is built on three pillars focusing on environmental stewardship, social responsibility, and governance excellence. The PS3 strategy guides sustainability alignment. In 2023, Implats achieved significant safety milestones while investing heavily in socio-economic development and community projects. The company targets a 30% reduction in carbon emissions by 2030 and has invested in renewable energy projects including the 35MW solar PV project at Zimplats. Water recycling rates exceeded targets, and the company maintains strict environmental compliance across all operations. The GISTM (Global Industry Standard on Tailings Management) compliance roadmap is actively being implemented. Both companies utilise the six capitals framework (Financial, Manufactured, Intellectual, Human, Social/Relationship, Natural) to illustrate value creation and regularly engage with stakeholders through structured programmes. The double materiality principle used in ESG reporting assesses both inward financial materiality and outward impact materiality to provide comprehensive sustainability reporting aligned with global standards. Tongaat Hulett reported revenue of approximately R16.2 billion in 2021, with significant capital expenditure directed towards operational efficiency improvements and environmental sustainability initiatives. The company's manufactured capital includes six sugar mills across four countries with a combined crushing capacity exceeding 8 million tons of sugar

Explain the significance of the Sugar Industry Masterplan.",Explain the significance of the Sugar Industry Masterplan.,"Focus question: Explain the significance of the Sugar Industry Masterplan.
Context profile: rag_shared_document_finance_reports
Prompt tokens: 1263
Context preview: Context: Tongaat Hulett and Implats ESG Report Summary — Tongaat Hulett is a leading agri-processing business focusing on the complementary activities of sugar production, property development, and starch production. The company operates in South Africa, Mozambique, Zimbabwe, and Botswana, employing over 30,000 people at the peak of the sugar milling season. In the 2021 financial year, Tongaat Hul",rag_shared_document_finance_reports,baseline,1263,20,439.15,0.5392,Warm,14.801,61.7,5.12,18.0,0.0,0,6,6,18.0,18.0,none,lmcache_store_coldpass,1,"[""Qwen-Qwen2.5-0.5B-Instruct@1@0@1bc32130432bfffe@bfloat16.pt""]",rag,True
27,Detail the training and development spend for employees in 2021.,"Context: Tongaat Hulett and Implats ESG Report Summary — Tongaat Hulett is a leading agri-processing business focusing on the complementary activities of sugar production, property development, and starch production. The company operates in South Africa, Mozambique, Zimbabwe, and Botswana, employing over 30,000 people at the peak of the sugar milling season. In the 2021 financial year, Tongaat Hul","Context: Tongaat Hulett and Implats ESG Report Summary — Tongaat Hulett is a leading agri-processing business focusing on the complementary activities of sugar production, property development, and starch production. The company operates in South Africa, Mozambique, Zimbabwe, and Botswana, employing over 30,000 people at the peak of the sugar milling season. In the 2021 financial year, Tongaat Hulett produced approximately 1.1 million tons of sugar. The company has committed to reducing energy intensity by 20% by 2025, with specific targets for water efficiency improvement. Tongaat Hulett invests in socio-economic development (SED) and reported total SED expenditure in 2021 aligned with community needs. The Lost Time Injury Frequency Rate (LTIFR) is a critical safety metric tracked annually. The company's ESG framework aligns with the UN Sustainable Development Goals and operates under ISO 45001 certification. Implats (Impala Platinum Holdings Limited) is one of the world's foremost producers of platinum group metals (PGMs). The company's operations span South Africa and Zimbabwe, with managed operations including Impala Rustenburg, Marula, and Zimplats. Implats' ESG framework is built on three pillars focusing on environmental stewardship, social responsibility, and governance excellence. The PS3 strategy guides sustainability alignment. In 2023, Implats achieved significant safety milestones while investing heavily in socio-economic development and community projects. The company targets a 30% reduction in carbon emissions by 2030 and has invested in renewable energy projects including the 35MW solar PV project at Zimplats. Water recycling rates exceeded targets, and the company maintains strict environmental compliance across all operations. The GISTM (Global Industry Standard on Tailings Management) compliance roadmap is actively being implemented. Both companies utilise the six capitals framework (Financial, Manufactured, Intellectual, Human, Social/Relationship, Natural) to illustrate value creation and regularly engage with stakeholders through structured programmes. The double materiality principle used in ESG reporting assesses both inward financial materiality and outward impact materiality to provide comprehensive sustainability reporting aligned with global standards. Tongaat Hulett reported revenue of approximately R16.2 billion in 2021, with significant capital expenditure directed towards operational efficiency improvements and environmental sustainability initiatives. The company's manufactured capital includes six sugar mills across four countries with a combined crushing capacity exceeding 8 million tons of sugarcane per season. Employee training and development spend reached R45 million, reflecting commitment to human capital investment. Implats distributed over R50 billion in total value to stakeholders in 2023, including R28 billion in wages and benefits, R12 billion in taxes and royalties, and R2.3 billion in dividends. The company's total mineral reserves stand at approximately 190 million ounces of platinum group metals. Production across all operations exceeded 3.2 million ounces of refined PGMs. The Marula mine in Limpopo province employs over 5,000 people and has achieved milestone safety records. Environmental management across both organisations addresses water stewardship, carbon emissions reduction, waste minimisation, and biodiversity conservation. Tongaat Hulett's sugarcane operations in KwaZulu-Natal face increasing climate risks from drought and flooding events, while Implats' mining operations in the Bushveld Complex manage dust emissions, acid mine drainage, and tailings storage facility safety under stringent regulatory requirements. Tongaat Hulett and Implats ESG Report Summary — Tongaat Hulett is a leading agri-processing business focusing on the complementary activities of sugar production, property development, and starch production. The company operates in South Africa, Mozambique, Zimbabwe, and Botswana, employing over 30,000 people at the peak of the sugar milling season. In the 2021 financial year, Tongaat Hulett produced approximately 1.1 million tons of sugar. The company has committed to reducing energy intensity by 20% by 2025, with specific targets for water efficiency improvement. Tongaat Hulett invests in socio-economic development (SED) and reported total SED expenditure in 2021 aligned with community needs. The Lost Time Injury Frequency Rate (LTIFR) is a critical safety metric tracked annually. The company's ESG framework aligns with the UN Sustainable Development Goals and operates under ISO 45001 certification. Implats (Impala Platinum Holdings Limited) is one of the world's foremost producers of platinum group metals (PGMs). The company's operations span South Africa and Zimbabwe, with managed operations including Impala Rustenburg, Marula, and Zimplats. Implats' ESG framework is built on three pillars focusing on environmental stewardship, social responsibility, and governance excellence. The PS3 strategy guides sustainability alignment. In 2023, Implats achieved significant safety milestones while investing heavily in socio-economic development and community projects. The company targets a 30% reduction in carbon emissions by 2030 and has invested in renewable energy projects including the 35MW solar PV project at Zimplats. Water recycling rates exceeded targets, and the company maintains strict environmental compliance across all operations. The GISTM (Global Industry Standard on Tailings Management) compliance roadmap is actively being implemented. Both companies utilise the six capitals framework (Financial, Manufactured, Intellectual, Human, Social/Relationship, Natural) to illustrate value creation and regularly engage with stakeholders through structured programmes. The double materiality principle used in ESG reporting assesses both inward financial materiality and outward impact materiality to provide comprehensive sustainability reporting aligned with global standards. Tongaat Hulett reported revenue of approximately R16.2 billion in 2021, with significant capital expenditure directed towards operational efficiency improvements and environmental sustainability initiatives. The company's manufactured capital includes six sugar mills across four countries with a combined crushing capacity exceeding 8 million tons of sugar

Detail the training and development spend for employees in 2021.",Detail the training and development spend for employees in 2021.,"Focus question: Detail the training and development spend for employees in 2021.
Context profile: rag_shared_document_finance_reports
Prompt tokens: 1267
Context preview: Context: Tongaat Hulett and Implats ESG Report Summary — Tongaat Hulett is a leading agri-processing business focusing on the complementary activities of sugar production, property development, and starch production. The company operates in South Africa, Mozambique, Zimbabwe, and Botswana, employing over 30,000 people at the peak of the sugar milling season. In the 2021 financial year, Tongaat Hul",rag_shared_document_finance_reports,baseline,1267,20,324.42,0.4244,Warm,14.848,61.9,5.12,18.0,0.0,0,6,6,18.0,18.0,none,lmcache_store_coldpass,1,"[""Qwen-Qwen2.5-0.5B-Instruct@1@0@1bc32130432bfffe@bfloat16.pt""]",rag,True
28,What are the primary climate change risks identified?,"Context: Tongaat Hulett and Implats ESG Report Summary — Tongaat Hulett is a leading agri-processing business focusing on the complementary activities of sugar production, property development, and starch production. The company operates in South Africa, Mozambique, Zimbabwe, and Botswana, employing over 30,000 people at the peak of the sugar milling season. In the 2021 financial year, Tongaat Hul","Context: Tongaat Hulett and Implats ESG Report Summary — Tongaat Hulett is a leading agri-processing business focusing on the complementary activities of sugar production, property development, and starch production. The company operates in South Africa, Mozambique, Zimbabwe, and Botswana, employing over 30,000 people at the peak of the sugar milling season. In the 2021 financial year, Tongaat Hulett produced approximately 1.1 million tons of sugar. The company has committed to reducing energy intensity by 20% by 2025, with specific targets for water efficiency improvement. Tongaat Hulett invests in socio-economic development (SED) and reported total SED expenditure in 2021 aligned with community needs. The Lost Time Injury Frequency Rate (LTIFR) is a critical safety metric tracked annually. The company's ESG framework aligns with the UN Sustainable Development Goals and operates under ISO 45001 certification. Implats (Impala Platinum Holdings Limited) is one of the world's foremost producers of platinum group metals (PGMs). The company's operations span South Africa and Zimbabwe, with managed operations including Impala Rustenburg, Marula, and Zimplats. Implats' ESG framework is built on three pillars focusing on environmental stewardship, social responsibility, and governance excellence. The PS3 strategy guides sustainability alignment. In 2023, Implats achieved significant safety milestones while investing heavily in socio-economic development and community projects. The company targets a 30% reduction in carbon emissions by 2030 and has invested in renewable energy projects including the 35MW solar PV project at Zimplats. Water recycling rates exceeded targets, and the company maintains strict environmental compliance across all operations. The GISTM (Global Industry Standard on Tailings Management) compliance roadmap is actively being implemented. Both companies utilise the six capitals framework (Financial, Manufactured, Intellectual, Human, Social/Relationship, Natural) to illustrate value creation and regularly engage with stakeholders through structured programmes. The double materiality principle used in ESG reporting assesses both inward financial materiality and outward impact materiality to provide comprehensive sustainability reporting aligned with global standards. Tongaat Hulett reported revenue of approximately R16.2 billion in 2021, with significant capital expenditure directed towards operational efficiency improvements and environmental sustainability initiatives. The company's manufactured capital includes six sugar mills across four countries with a combined crushing capacity exceeding 8 million tons of sugarcane per season. Employee training and development spend reached R45 million, reflecting commitment to human capital investment. Implats distributed over R50 billion in total value to stakeholders in 2023, including R28 billion in wages and benefits, R12 billion in taxes and royalties, and R2.3 billion in dividends. The company's total mineral reserves stand at approximately 190 million ounces of platinum group metals. Production across all operations exceeded 3.2 million ounces of refined PGMs. The Marula mine in Limpopo province employs over 5,000 people and has achieved milestone safety records. Environmental management across both organisations addresses water stewardship, carbon emissions reduction, waste minimisation, and biodiversity conservation. Tongaat Hulett's sugarcane operations in KwaZulu-Natal face increasing climate risks from drought and flooding events, while Implats' mining operations in the Bushveld Complex manage dust emissions, acid mine drainage, and tailings storage facility safety under stringent regulatory requirements. Tongaat Hulett and Implats ESG Report Summary — Tongaat Hulett is a leading agri-processing business focusing on the complementary activities of sugar production, property development, and starch production. The company operates in South Africa, Mozambique, Zimbabwe, and Botswana, employing over 30,000 people at the peak of the sugar milling season. In the 2021 financial year, Tongaat Hulett produced approximately 1.1 million tons of sugar. The company has committed to reducing energy intensity by 20% by 2025, with specific targets for water efficiency improvement. Tongaat Hulett invests in socio-economic development (SED) and reported total SED expenditure in 2021 aligned with community needs. The Lost Time Injury Frequency Rate (LTIFR) is a critical safety metric tracked annually. The company's ESG framework aligns with the UN Sustainable Development Goals and operates under ISO 45001 certification. Implats (Impala Platinum Holdings Limited) is one of the world's foremost producers of platinum group metals (PGMs). The company's operations span South Africa and Zimbabwe, with managed operations including Impala Rustenburg, Marula, and Zimplats. Implats' ESG framework is built on three pillars focusing on environmental stewardship, social responsibility, and governance excellence. The PS3 strategy guides sustainability alignment. In 2023, Implats achieved significant safety milestones while investing heavily in socio-economic development and community projects. The company targets a 30% reduction in carbon emissions by 2030 and has invested in renewable energy projects including the 35MW solar PV project at Zimplats. Water recycling rates exceeded targets, and the company maintains strict environmental compliance across all operations. The GISTM (Global Industry Standard on Tailings Management) compliance roadmap is actively being implemented. Both companies utilise the six capitals framework (Financial, Manufactured, Intellectual, Human, Social/Relationship, Natural) to illustrate value creation and regularly engage with stakeholders through structured programmes. The double materiality principle used in ESG reporting assesses both inward financial materiality and outward impact materiality to provide comprehensive sustainability reporting aligned with global standards. Tongaat Hulett reported revenue of approximately R16.2 billion in 2021, with significant capital expenditure directed towards operational efficiency improvements and environmental sustainability initiatives. The company's manufactured capital includes six sugar mills across four countries with a combined crushing capacity exceeding 8 million tons of sugar

What are the primary climate change risks identified?",What are the primary climate change risks identified?,"Focus question: What are the primary climate change risks identified?
Context profile: rag_shared_document_finance_reports
Prompt tokens: 1261
Context preview: Context: Tongaat Hulett and Implats ESG Report Summary — Tongaat Hulett is a leading agri-processing business focusing on the complementary activities of sugar production, property development, and starch production. The company operates in South Africa, Mozambique, Zimbabwe, and Botswana, employing over 30,000 people at the peak of the sugar milling season. In the 2021 financial year, Tongaat Hul",rag_shared_document_finance_reports,baseline,1261,20,284.17,0.3842,Warm,14.777,61.6,5.12,18.0,0.0,0,6,6,18.0,18.0,none,lmcache_store_coldpass,1,"[""Qwen-Qwen2.5-0.5B-Instruct@1@0@1bc32130432bfffe@bfloat16.pt""]",rag,True
29,Summarize the Success Management programme for performance.,"Context: Tongaat Hulett and Implats ESG Report Summary — Tongaat Hulett is a leading agri-processing business focusing on the complementary activities of sugar production, property development, and starch production. The company operates in South Africa, Mozambique, Zimbabwe, and Botswana, employing over 30,000 people at the peak of the sugar milling season. In the 2021 financial year, Tongaat Hul","Context: Tongaat Hulett and Implats ESG Report Summary — Tongaat Hulett is a leading agri-processing business focusing on the complementary activities of sugar production, property development, and starch production. The company operates in South Africa, Mozambique, Zimbabwe, and Botswana, employing over 30,000 people at the peak of the sugar milling season. In the 2021 financial year, Tongaat Hulett produced approximately 1.1 million tons of sugar. The company has committed to reducing energy intensity by 20% by 2025, with specific targets for water efficiency improvement. Tongaat Hulett invests in socio-economic development (SED) and reported total SED expenditure in 2021 aligned with community needs. The Lost Time Injury Frequency Rate (LTIFR) is a critical safety metric tracked annually. The company's ESG framework aligns with the UN Sustainable Development Goals and operates under ISO 45001 certification. Implats (Impala Platinum Holdings Limited) is one of the world's foremost producers of platinum group metals (PGMs). The company's operations span South Africa and Zimbabwe, with managed operations including Impala Rustenburg, Marula, and Zimplats. Implats' ESG framework is built on three pillars focusing on environmental stewardship, social responsibility, and governance excellence. The PS3 strategy guides sustainability alignment. In 2023, Implats achieved significant safety milestones while investing heavily in socio-economic development and community projects. The company targets a 30% reduction in carbon emissions by 2030 and has invested in renewable energy projects including the 35MW solar PV project at Zimplats. Water recycling rates exceeded targets, and the company maintains strict environmental compliance across all operations. The GISTM (Global Industry Standard on Tailings Management) compliance roadmap is actively being implemented. Both companies utilise the six capitals framework (Financial, Manufactured, Intellectual, Human, Social/Relationship, Natural) to illustrate value creation and regularly engage with stakeholders through structured programmes. The double materiality principle used in ESG reporting assesses both inward financial materiality and outward impact materiality to provide comprehensive sustainability reporting aligned with global standards. Tongaat Hulett reported revenue of approximately R16.2 billion in 2021, with significant capital expenditure directed towards operational efficiency improvements and environmental sustainability initiatives. The company's manufactured capital includes six sugar mills across four countries with a combined crushing capacity exceeding 8 million tons of sugarcane per season. Employee training and development spend reached R45 million, reflecting commitment to human capital investment. Implats distributed over R50 billion in total value to stakeholders in 2023, including R28 billion in wages and benefits, R12 billion in taxes and royalties, and R2.3 billion in dividends. The company's total mineral reserves stand at approximately 190 million ounces of platinum group metals. Production across all operations exceeded 3.2 million ounces of refined PGMs. The Marula mine in Limpopo province employs over 5,000 people and has achieved milestone safety records. Environmental management across both organisations addresses water stewardship, carbon emissions reduction, waste minimisation, and biodiversity conservation. Tongaat Hulett's sugarcane operations in KwaZulu-Natal face increasing climate risks from drought and flooding events, while Implats' mining operations in the Bushveld Complex manage dust emissions, acid mine drainage, and tailings storage facility safety under stringent regulatory requirements. Tongaat Hulett and Implats ESG Report Summary — Tongaat Hulett is a leading agri-processing business focusing on the complementary activities of sugar production, property development, and starch production. The company operates in South Africa, Mozambique, Zimbabwe, and Botswana, employing over 30,000 people at the peak of the sugar milling season. In the 2021 financial year, Tongaat Hulett produced approximately 1.1 million tons of sugar. The company has committed to reducing energy intensity by 20% by 2025, with specific targets for water efficiency improvement. Tongaat Hulett invests in socio-economic development (SED) and reported total SED expenditure in 2021 aligned with community needs. The Lost Time Injury Frequency Rate (LTIFR) is a critical safety metric tracked annually. The company's ESG framework aligns with the UN Sustainable Development Goals and operates under ISO 45001 certification. Implats (Impala Platinum Holdings Limited) is one of the world's foremost producers of platinum group metals (PGMs). The company's operations span South Africa and Zimbabwe, with managed operations including Impala Rustenburg, Marula, and Zimplats. Implats' ESG framework is built on three pillars focusing on environmental stewardship, social responsibility, and governance excellence. The PS3 strategy guides sustainability alignment. In 2023, Implats achieved significant safety milestones while investing heavily in socio-economic development and community projects. The company targets a 30% reduction in carbon emissions by 2030 and has invested in renewable energy projects including the 35MW solar PV project at Zimplats. Water recycling rates exceeded targets, and the company maintains strict environmental compliance across all operations. The GISTM (Global Industry Standard on Tailings Management) compliance roadmap is actively being implemented. Both companies utilise the six capitals framework (Financial, Manufactured, Intellectual, Human, Social/Relationship, Natural) to illustrate value creation and regularly engage with stakeholders through structured programmes. The double materiality principle used in ESG reporting assesses both inward financial materiality and outward impact materiality to provide comprehensive sustainability reporting aligned with global standards. Tongaat Hulett reported revenue of approximately R16.2 billion in 2021, with significant capital expenditure directed towards operational efficiency improvements and environmental sustainability initiatives. The company's manufactured capital includes six sugar mills across four countries with a combined crushing capacity exceeding 8 million tons of sugar

Summarize the Success Management programme for performance.",Summarize the Success Management programme for performance.,"Focus question: Summarize the Success Management programme for performance.
Context profile: rag_shared_document_finance_reports
Prompt tokens: 1262
Context preview: Context: Tongaat Hulett and Implats ESG Report Summary — Tongaat Hulett is a leading agri-processing business focusing on the complementary activities of sugar production, property development, and starch production. The company operates in South Africa, Mozambique, Zimbabwe, and Botswana, employing over 30,000 people at the peak of the sugar milling season. In the 2021 financial year, Tongaat Hul",rag_shared_document_finance_reports,baseline,1262,20,405.0,0.505,Warm,14.789,61.6,5.12,18.0,0.0,0,6,6,18.0,18.0,none,lmcache_store_coldpass,1,"[""Qwen-Qwen2.5-0.5B-Instruct@1@0@1bc32130432bfffe@bfloat16.pt""]",rag,True
30,Who provides independent external assurance for the ESG report?,"Context: Tongaat Hulett and Implats ESG Report Summary — Tongaat Hulett is a leading agri-processing business focusing on the complementary activities of sugar production, property development, and starch production. The company operates in South Africa, Mozambique, Zimbabwe, and Botswana, employing over 30,000 people at the peak of the sugar milling season. In the 2021 financial year, Tongaat Hul","Context: Tongaat Hulett and Implats ESG Report Summary — Tongaat Hulett is a leading agri-processing business focusing on the complementary activities of sugar production, property development, and starch production. The company operates in South Africa, Mozambique, Zimbabwe, and Botswana, employing over 30,000 people at the peak of the sugar milling season. In the 2021 financial year, Tongaat Hulett produced approximately 1.1 million tons of sugar. The company has committed to reducing energy intensity by 20% by 2025, with specific targets for water efficiency improvement. Tongaat Hulett invests in socio-economic development (SED) and reported total SED expenditure in 2021 aligned with community needs. The Lost Time Injury Frequency Rate (LTIFR) is a critical safety metric tracked annually. The company's ESG framework aligns with the UN Sustainable Development Goals and operates under ISO 45001 certification. Implats (Impala Platinum Holdings Limited) is one of the world's foremost producers of platinum group metals (PGMs). The company's operations span South Africa and Zimbabwe, with managed operations including Impala Rustenburg, Marula, and Zimplats. Implats' ESG framework is built on three pillars focusing on environmental stewardship, social responsibility, and governance excellence. The PS3 strategy guides sustainability alignment. In 2023, Implats achieved significant safety milestones while investing heavily in socio-economic development and community projects. The company targets a 30% reduction in carbon emissions by 2030 and has invested in renewable energy projects including the 35MW solar PV project at Zimplats. Water recycling rates exceeded targets, and the company maintains strict environmental compliance across all operations. The GISTM (Global Industry Standard on Tailings Management) compliance roadmap is actively being implemented. Both companies utilise the six capitals framework (Financial, Manufactured, Intellectual, Human, Social/Relationship, Natural) to illustrate value creation and regularly engage with stakeholders through structured programmes. The double materiality principle used in ESG reporting assesses both inward financial materiality and outward impact materiality to provide comprehensive sustainability reporting aligned with global standards. Tongaat Hulett reported revenue of approximately R16.2 billion in 2021, with significant capital expenditure directed towards operational efficiency improvements and environmental sustainability initiatives. The company's manufactured capital includes six sugar mills across four countries with a combined crushing capacity exceeding 8 million tons of sugarcane per season. Employee training and development spend reached R45 million, reflecting commitment to human capital investment. Implats distributed over R50 billion in total value to stakeholders in 2023, including R28 billion in wages and benefits, R12 billion in taxes and royalties, and R2.3 billion in dividends. The company's total mineral reserves stand at approximately 190 million ounces of platinum group metals. Production across all operations exceeded 3.2 million ounces of refined PGMs. The Marula mine in Limpopo province employs over 5,000 people and has achieved milestone safety records. Environmental management across both organisations addresses water stewardship, carbon emissions reduction, waste minimisation, and biodiversity conservation. Tongaat Hulett's sugarcane operations in KwaZulu-Natal face increasing climate risks from drought and flooding events, while Implats' mining operations in the Bushveld Complex manage dust emissions, acid mine drainage, and tailings storage facility safety under stringent regulatory requirements. Tongaat Hulett and Implats ESG Report Summary — Tongaat Hulett is a leading agri-processing business focusing on the complementary activities of sugar production, property development, and starch production. The company operates in South Africa, Mozambique, Zimbabwe, and Botswana, employing over 30,000 people at the peak of the sugar milling season. In the 2021 financial year, Tongaat Hulett produced approximately 1.1 million tons of sugar. The company has committed to reducing energy intensity by 20% by 2025, with specific targets for water efficiency improvement. Tongaat Hulett invests in socio-economic development (SED) and reported total SED expenditure in 2021 aligned with community needs. The Lost Time Injury Frequency Rate (LTIFR) is a critical safety metric tracked annually. The company's ESG framework aligns with the UN Sustainable Development Goals and operates under ISO 45001 certification. Implats (Impala Platinum Holdings Limited) is one of the world's foremost producers of platinum group metals (PGMs). The company's operations span South Africa and Zimbabwe, with managed operations including Impala Rustenburg, Marula, and Zimplats. Implats' ESG framework is built on three pillars focusing on environmental stewardship, social responsibility, and governance excellence. The PS3 strategy guides sustainability alignment. In 2023, Implats achieved significant safety milestones while investing heavily in socio-economic development and community projects. The company targets a 30% reduction in carbon emissions by 2030 and has invested in renewable energy projects including the 35MW solar PV project at Zimplats. Water recycling rates exceeded targets, and the company maintains strict environmental compliance across all operations. The GISTM (Global Industry Standard on Tailings Management) compliance roadmap is actively being implemented. Both companies utilise the six capitals framework (Financial, Manufactured, Intellectual, Human, Social/Relationship, Natural) to illustrate value creation and regularly engage with stakeholders through structured programmes. The double materiality principle used in ESG reporting assesses both inward financial materiality and outward impact materiality to provide comprehensive sustainability reporting aligned with global standards. Tongaat Hulett reported revenue of approximately R16.2 billion in 2021, with significant capital expenditure directed towards operational efficiency improvements and environmental sustainability initiatives. The company's manufactured capital includes six sugar mills across four countries with a combined crushing capacity exceeding 8 million tons of sugar

Who provides independent external assurance for the ESG report?",Who provides independent external assurance for the ESG report?,"Focus question: Who provides independent external assurance for the ESG report?
Context profile: rag_shared_document_finance_reports
Prompt tokens: 1263
Context preview: Context: Tongaat Hulett and Implats ESG Report Summary — Tongaat Hulett is a leading agri-processing business focusing on the complementary activities of sugar production, property development, and starch production. The company operates in South Africa, Mozambique, Zimbabwe, and Botswana, employing over 30,000 people at the peak of the sugar milling season. In the 2021 financial year, Tongaat Hul",rag_shared_document_finance_reports,baseline,1263,20,448.22,0.5482,Warm,14.801,61.7,5.12,18.0,0.0,0,6,6,18.0,18.0,none,lmcache_store_coldpass,1,"[""Qwen-Qwen2.5-0.5B-Instruct@1@0@1bc32130432bfffe@bfloat16.pt""]",rag,True
31,What is the stated purpose of Implats in the 2023 ESG report?,"Context: Tongaat Hulett and Implats ESG Report Summary — Tongaat Hulett is a leading agri-processing business focusing on the complementary activities of sugar production, property development, and starch production. The company operates in South Africa, Mozambique, Zimbabwe, and Botswana, employing over 30,000 people at the peak of the sugar milling season. In the 2021 financial year, Tongaat Hul","Context: Tongaat Hulett and Implats ESG Report Summary — Tongaat Hulett is a leading agri-processing business focusing on the complementary activities of sugar production, property development, and starch production. The company operates in South Africa, Mozambique, Zimbabwe, and Botswana, employing over 30,000 people at the peak of the sugar milling season. In the 2021 financial year, Tongaat Hulett produced approximately 1.1 million tons of sugar. The company has committed to reducing energy intensity by 20% by 2025, with specific targets for water efficiency improvement. Tongaat Hulett invests in socio-economic development (SED) and reported total SED expenditure in 2021 aligned with community needs. The Lost Time Injury Frequency Rate (LTIFR) is a critical safety metric tracked annually. The company's ESG framework aligns with the UN Sustainable Development Goals and operates under ISO 45001 certification. Implats (Impala Platinum Holdings Limited) is one of the world's foremost producers of platinum group metals (PGMs). The company's operations span South Africa and Zimbabwe, with managed operations including Impala Rustenburg, Marula, and Zimplats. Implats' ESG framework is built on three pillars focusing on environmental stewardship, social responsibility, and governance excellence. The PS3 strategy guides sustainability alignment. In 2023, Implats achieved significant safety milestones while investing heavily in socio-economic development and community projects. The company targets a 30% reduction in carbon emissions by 2030 and has invested in renewable energy projects including the 35MW solar PV project at Zimplats. Water recycling rates exceeded targets, and the company maintains strict environmental compliance across all operations. The GISTM (Global Industry Standard on Tailings Management) compliance roadmap is actively being implemented. Both companies utilise the six capitals framework (Financial, Manufactured, Intellectual, Human, Social/Relationship, Natural) to illustrate value creation and regularly engage with stakeholders through structured programmes. The double materiality principle used in ESG reporting assesses both inward financial materiality and outward impact materiality to provide comprehensive sustainability reporting aligned with global standards. Tongaat Hulett reported revenue of approximately R16.2 billion in 2021, with significant capital expenditure directed towards operational efficiency improvements and environmental sustainability initiatives. The company's manufactured capital includes six sugar mills across four countries with a combined crushing capacity exceeding 8 million tons of sugarcane per season. Employee training and development spend reached R45 million, reflecting commitment to human capital investment. Implats distributed over R50 billion in total value to stakeholders in 2023, including R28 billion in wages and benefits, R12 billion in taxes and royalties, and R2.3 billion in dividends. The company's total mineral reserves stand at approximately 190 million ounces of platinum group metals. Production across all operations exceeded 3.2 million ounces of refined PGMs. The Marula mine in Limpopo province employs over 5,000 people and has achieved milestone safety records. Environmental management across both organisations addresses water stewardship, carbon emissions reduction, waste minimisation, and biodiversity conservation. Tongaat Hulett's sugarcane operations in KwaZulu-Natal face increasing climate risks from drought and flooding events, while Implats' mining operations in the Bushveld Complex manage dust emissions, acid mine drainage, and tailings storage facility safety under stringent regulatory requirements. Tongaat Hulett and Implats ESG Report Summary — Tongaat Hulett is a leading agri-processing business focusing on the complementary activities of sugar production, property development, and starch production. The company operates in South Africa, Mozambique, Zimbabwe, and Botswana, employing over 30,000 people at the peak of the sugar milling season. In the 2021 financial year, Tongaat Hulett produced approximately 1.1 million tons of sugar. The company has committed to reducing energy intensity by 20% by 2025, with specific targets for water efficiency improvement. Tongaat Hulett invests in socio-economic development (SED) and reported total SED expenditure in 2021 aligned with community needs. The Lost Time Injury Frequency Rate (LTIFR) is a critical safety metric tracked annually. The company's ESG framework aligns with the UN Sustainable Development Goals and operates under ISO 45001 certification. Implats (Impala Platinum Holdings Limited) is one of the world's foremost producers of platinum group metals (PGMs). The company's operations span South Africa and Zimbabwe, with managed operations including Impala Rustenburg, Marula, and Zimplats. Implats' ESG framework is built on three pillars focusing on environmental stewardship, social responsibility, and governance excellence. The PS3 strategy guides sustainability alignment. In 2023, Implats achieved significant safety milestones while investing heavily in socio-economic development and community projects. The company targets a 30% reduction in carbon emissions by 2030 and has invested in renewable energy projects including the 35MW solar PV project at Zimplats. Water recycling rates exceeded targets, and the company maintains strict environmental compliance across all operations. The GISTM (Global Industry Standard on Tailings Management) compliance roadmap is actively being implemented. Both companies utilise the six capitals framework (Financial, Manufactured, Intellectual, Human, Social/Relationship, Natural) to illustrate value creation and regularly engage with stakeholders through structured programmes. The double materiality principle used in ESG reporting assesses both inward financial materiality and outward impact materiality to provide comprehensive sustainability reporting aligned with global standards. Tongaat Hulett reported revenue of approximately R16.2 billion in 2021, with significant capital expenditure directed towards operational efficiency improvements and environmental sustainability initiatives. The company's manufactured capital includes six sugar mills across four countries with a combined crushing capacity exceeding 8 million tons of sugar

What is the stated purpose of Implats in the 2023 ESG report?",What is the stated purpose of Implats in the 2023 ESG report?,"Focus question: What is the stated purpose of Implats in the 2023 ESG report?
Context profile: rag_shared_document_finance_reports
Prompt tokens: 1271
Context preview: Context: Tongaat Hulett and Implats ESG Report Summary — Tongaat Hulett is a leading agri-processing business focusing on the complementary activities of sugar production, property development, and starch production. The company operates in South Africa, Mozambique, Zimbabwe, and Botswana, employing over 30,000 people at the peak of the sugar milling season. In the 2021 financial year, Tongaat Hul",rag_shared_document_finance_reports,baseline,1271,20,580.88,0.6809,Warm,14.895,62.1,5.12,18.0,0.0,0,6,6,18.0,18.0,none,lmcache_store_coldpass,1,"[""Qwen-Qwen2.5-0.5B-Instruct@1@0@1bc32130432bfffe@bfloat16.pt""]",rag,True
32,Name the managed operations in the Implats 2023 ESG report scope.,"Context: Tongaat Hulett and Implats ESG Report Summary — Tongaat Hulett is a leading agri-processing business focusing on the complementary activities of sugar production, property development, and starch production. The company operates in South Africa, Mozambique, Zimbabwe, and Botswana, employing over 30,000 people at the peak of the sugar milling season. In the 2021 financial year, Tongaat Hul","Context: Tongaat Hulett and Implats ESG Report Summary — Tongaat Hulett is a leading agri-processing business focusing on the complementary activities of sugar production, property development, and starch production. The company operates in South Africa, Mozambique, Zimbabwe, and Botswana, employing over 30,000 people at the peak of the sugar milling season. In the 2021 financial year, Tongaat Hulett produced approximately 1.1 million tons of sugar. The company has committed to reducing energy intensity by 20% by 2025, with specific targets for water efficiency improvement. Tongaat Hulett invests in socio-economic development (SED) and reported total SED expenditure in 2021 aligned with community needs. The Lost Time Injury Frequency Rate (LTIFR) is a critical safety metric tracked annually. The company's ESG framework aligns with the UN Sustainable Development Goals and operates under ISO 45001 certification. Implats (Impala Platinum Holdings Limited) is one of the world's foremost producers of platinum group metals (PGMs). The company's operations span South Africa and Zimbabwe, with managed operations including Impala Rustenburg, Marula, and Zimplats. Implats' ESG framework is built on three pillars focusing on environmental stewardship, social responsibility, and governance excellence. The PS3 strategy guides sustainability alignment. In 2023, Implats achieved significant safety milestones while investing heavily in socio-economic development and community projects. The company targets a 30% reduction in carbon emissions by 2030 and has invested in renewable energy projects including the 35MW solar PV project at Zimplats. Water recycling rates exceeded targets, and the company maintains strict environmental compliance across all operations. The GISTM (Global Industry Standard on Tailings Management) compliance roadmap is actively being implemented. Both companies utilise the six capitals framework (Financial, Manufactured, Intellectual, Human, Social/Relationship, Natural) to illustrate value creation and regularly engage with stakeholders through structured programmes. The double materiality principle used in ESG reporting assesses both inward financial materiality and outward impact materiality to provide comprehensive sustainability reporting aligned with global standards. Tongaat Hulett reported revenue of approximately R16.2 billion in 2021, with significant capital expenditure directed towards operational efficiency improvements and environmental sustainability initiatives. The company's manufactured capital includes six sugar mills across four countries with a combined crushing capacity exceeding 8 million tons of sugarcane per season. Employee training and development spend reached R45 million, reflecting commitment to human capital investment. Implats distributed over R50 billion in total value to stakeholders in 2023, including R28 billion in wages and benefits, R12 billion in taxes and royalties, and R2.3 billion in dividends. The company's total mineral reserves stand at approximately 190 million ounces of platinum group metals. Production across all operations exceeded 3.2 million ounces of refined PGMs. The Marula mine in Limpopo province employs over 5,000 people and has achieved milestone safety records. Environmental management across both organisations addresses water stewardship, carbon emissions reduction, waste minimisation, and biodiversity conservation. Tongaat Hulett's sugarcane operations in KwaZulu-Natal face increasing climate risks from drought and flooding events, while Implats' mining operations in the Bushveld Complex manage dust emissions, acid mine drainage, and tailings storage facility safety under stringent regulatory requirements. Tongaat Hulett and Implats ESG Report Summary — Tongaat Hulett is a leading agri-processing business focusing on the complementary activities of sugar production, property development, and starch production. The company operates in South Africa, Mozambique, Zimbabwe, and Botswana, employing over 30,000 people at the peak of the sugar milling season. In the 2021 financial year, Tongaat Hulett produced approximately 1.1 million tons of sugar. The company has committed to reducing energy intensity by 20% by 2025, with specific targets for water efficiency improvement. Tongaat Hulett invests in socio-economic development (SED) and reported total SED expenditure in 2021 aligned with community needs. The Lost Time Injury Frequency Rate (LTIFR) is a critical safety metric tracked annually. The company's ESG framework aligns with the UN Sustainable Development Goals and operates under ISO 45001 certification. Implats (Impala Platinum Holdings Limited) is one of the world's foremost producers of platinum group metals (PGMs). The company's operations span South Africa and Zimbabwe, with managed operations including Impala Rustenburg, Marula, and Zimplats. Implats' ESG framework is built on three pillars focusing on environmental stewardship, social responsibility, and governance excellence. The PS3 strategy guides sustainability alignment. In 2023, Implats achieved significant safety milestones while investing heavily in socio-economic development and community projects. The company targets a 30% reduction in carbon emissions by 2030 and has invested in renewable energy projects including the 35MW solar PV project at Zimplats. Water recycling rates exceeded targets, and the company maintains strict environmental compliance across all operations. The GISTM (Global Industry Standard on Tailings Management) compliance roadmap is actively being implemented. Both companies utilise the six capitals framework (Financial, Manufactured, Intellectual, Human, Social/Relationship, Natural) to illustrate value creation and regularly engage with stakeholders through structured programmes. The double materiality principle used in ESG reporting assesses both inward financial materiality and outward impact materiality to provide comprehensive sustainability reporting aligned with global standards. Tongaat Hulett reported revenue of approximately R16.2 billion in 2021, with significant capital expenditure directed towards operational efficiency improvements and environmental sustainability initiatives. The company's manufactured capital includes six sugar mills across four countries with a combined crushing capacity exceeding 8 million tons of sugar

Name the managed operations in the Implats 2023 ESG report scope.",Name the managed operations in the Implats 2023 ESG report scope.,"Focus question: Name the managed operations in the Implats 2023 ESG report scope.
Context profile: rag_shared_document_finance_reports
Prompt tokens: 1270
Context preview: Context: Tongaat Hulett and Implats ESG Report Summary — Tongaat Hulett is a leading agri-processing business focusing on the complementary activities of sugar production, property development, and starch production. The company operates in South Africa, Mozambique, Zimbabwe, and Botswana, employing over 30,000 people at the peak of the sugar milling season. In the 2021 financial year, Tongaat Hul",rag_shared_document_finance_reports,baseline,1270,20,460.38,0.5604,Warm,14.883,62.0,5.12,18.0,0.0,0,6,6,18.0,18.0,none,lmcache_store_coldpass,1,"[""Qwen-Qwen2.5-0.5B-Instruct@1@0@1bc32130432bfffe@bfloat16.pt""]",rag,True
33,What was the LTIFR for the Implats Group in 2023?,"Context: Tongaat Hulett and Implats ESG Report Summary — Tongaat Hulett is a leading agri-processing business focusing on the complementary activities of sugar production, property development, and starch production. The company operates in South Africa, Mozambique, Zimbabwe, and Botswana, employing over 30,000 people at the peak of the sugar milling season. In the 2021 financial year, Tongaat Hul","Context: Tongaat Hulett and Implats ESG Report Summary — Tongaat Hulett is a leading agri-processing business focusing on the complementary activities of sugar production, property development, and starch production. The company operates in South Africa, Mozambique, Zimbabwe, and Botswana, employing over 30,000 people at the peak of the sugar milling season. In the 2021 financial year, Tongaat Hulett produced approximately 1.1 million tons of sugar. The company has committed to reducing energy intensity by 20% by 2025, with specific targets for water efficiency improvement. Tongaat Hulett invests in socio-economic development (SED) and reported total SED expenditure in 2021 aligned with community needs. The Lost Time Injury Frequency Rate (LTIFR) is a critical safety metric tracked annually. The company's ESG framework aligns with the UN Sustainable Development Goals and operates under ISO 45001 certification. Implats (Impala Platinum Holdings Limited) is one of the world's foremost producers of platinum group metals (PGMs). The company's operations span South Africa and Zimbabwe, with managed operations including Impala Rustenburg, Marula, and Zimplats. Implats' ESG framework is built on three pillars focusing on environmental stewardship, social responsibility, and governance excellence. The PS3 strategy guides sustainability alignment. In 2023, Implats achieved significant safety milestones while investing heavily in socio-economic development and community projects. The company targets a 30% reduction in carbon emissions by 2030 and has invested in renewable energy projects including the 35MW solar PV project at Zimplats. Water recycling rates exceeded targets, and the company maintains strict environmental compliance across all operations. The GISTM (Global Industry Standard on Tailings Management) compliance roadmap is actively being implemented. Both companies utilise the six capitals framework (Financial, Manufactured, Intellectual, Human, Social/Relationship, Natural) to illustrate value creation and regularly engage with stakeholders through structured programmes. The double materiality principle used in ESG reporting assesses both inward financial materiality and outward impact materiality to provide comprehensive sustainability reporting aligned with global standards. Tongaat Hulett reported revenue of approximately R16.2 billion in 2021, with significant capital expenditure directed towards operational efficiency improvements and environmental sustainability initiatives. The company's manufactured capital includes six sugar mills across four countries with a combined crushing capacity exceeding 8 million tons of sugarcane per season. Employee training and development spend reached R45 million, reflecting commitment to human capital investment. Implats distributed over R50 billion in total value to stakeholders in 2023, including R28 billion in wages and benefits, R12 billion in taxes and royalties, and R2.3 billion in dividends. The company's total mineral reserves stand at approximately 190 million ounces of platinum group metals. Production across all operations exceeded 3.2 million ounces of refined PGMs. The Marula mine in Limpopo province employs over 5,000 people and has achieved milestone safety records. Environmental management across both organisations addresses water stewardship, carbon emissions reduction, waste minimisation, and biodiversity conservation. Tongaat Hulett's sugarcane operations in KwaZulu-Natal face increasing climate risks from drought and flooding events, while Implats' mining operations in the Bushveld Complex manage dust emissions, acid mine drainage, and tailings storage facility safety under stringent regulatory requirements. Tongaat Hulett and Implats ESG Report Summary — Tongaat Hulett is a leading agri-processing business focusing on the complementary activities of sugar production, property development, and starch production. The company operates in South Africa, Mozambique, Zimbabwe, and Botswana, employing over 30,000 people at the peak of the sugar milling season. In the 2021 financial year, Tongaat Hulett produced approximately 1.1 million tons of sugar. The company has committed to reducing energy intensity by 20% by 2025, with specific targets for water efficiency improvement. Tongaat Hulett invests in socio-economic development (SED) and reported total SED expenditure in 2021 aligned with community needs. The Lost Time Injury Frequency Rate (LTIFR) is a critical safety metric tracked annually. The company's ESG framework aligns with the UN Sustainable Development Goals and operates under ISO 45001 certification. Implats (Impala Platinum Holdings Limited) is one of the world's foremost producers of platinum group metals (PGMs). The company's operations span South Africa and Zimbabwe, with managed operations including Impala Rustenburg, Marula, and Zimplats. Implats' ESG framework is built on three pillars focusing on environmental stewardship, social responsibility, and governance excellence. The PS3 strategy guides sustainability alignment. In 2023, Implats achieved significant safety milestones while investing heavily in socio-economic development and community projects. The company targets a 30% reduction in carbon emissions by 2030 and has invested in renewable energy projects including the 35MW solar PV project at Zimplats. Water recycling rates exceeded targets, and the company maintains strict environmental compliance across all operations. The GISTM (Global Industry Standard on Tailings Management) compliance roadmap is actively being implemented. Both companies utilise the six capitals framework (Financial, Manufactured, Intellectual, Human, Social/Relationship, Natural) to illustrate value creation and regularly engage with stakeholders through structured programmes. The double materiality principle used in ESG reporting assesses both inward financial materiality and outward impact materiality to provide comprehensive sustainability reporting aligned with global standards. Tongaat Hulett reported revenue of approximately R16.2 billion in 2021, with significant capital expenditure directed towards operational efficiency improvements and environmental sustainability initiatives. The company's manufactured capital includes six sugar mills across four countries with a combined crushing capacity exceeding 8 million tons of sugar

What was the LTIFR for the Implats Group in 2023?",What was the LTIFR for the Implats Group in 2023?,"Focus question: What was the LTIFR for the Implats Group in 2023?
Context profile: rag_shared_document_finance_reports
Prompt tokens: 1270
Context preview: Context: Tongaat Hulett and Implats ESG Report Summary — Tongaat Hulett is a leading agri-processing business focusing on the complementary activities of sugar production, property development, and starch production. The company operates in South Africa, Mozambique, Zimbabwe, and Botswana, employing over 30,000 people at the peak of the sugar milling season. In the 2021 financial year, Tongaat Hul",rag_shared_document_finance_reports,baseline,1270,20,292.94,0.3929,Warm,14.883,62.0,5.12,18.0,0.0,0,6,6,18.0,18.0,none,lmcache_store_coldpass,1,"[""Qwen-Qwen2.5-0.5B-Instruct@1@0@1bc32130432bfffe@bfloat16.pt""]",rag,True
34,Detail the total value distributed to stakeholders in 2023.,"Context: Tongaat Hulett and Implats ESG Report Summary — Tongaat Hulett is a leading agri-processing business focusing on the complementary activities of sugar production, property development, and starch production. The company operates in South Africa, Mozambique, Zimbabwe, and Botswana, employing over 30,000 people at the peak of the sugar milling season. In the 2021 financial year, Tongaat Hul","Context: Tongaat Hulett and Implats ESG Report Summary — Tongaat Hulett is a leading agri-processing business focusing on the complementary activities of sugar production, property development, and starch production. The company operates in South Africa, Mozambique, Zimbabwe, and Botswana, employing over 30,000 people at the peak of the sugar milling season. In the 2021 financial year, Tongaat Hulett produced approximately 1.1 million tons of sugar. The company has committed to reducing energy intensity by 20% by 2025, with specific targets for water efficiency improvement. Tongaat Hulett invests in socio-economic development (SED) and reported total SED expenditure in 2021 aligned with community needs. The Lost Time Injury Frequency Rate (LTIFR) is a critical safety metric tracked annually. The company's ESG framework aligns with the UN Sustainable Development Goals and operates under ISO 45001 certification. Implats (Impala Platinum Holdings Limited) is one of the world's foremost producers of platinum group metals (PGMs). The company's operations span South Africa and Zimbabwe, with managed operations including Impala Rustenburg, Marula, and Zimplats. Implats' ESG framework is built on three pillars focusing on environmental stewardship, social responsibility, and governance excellence. The PS3 strategy guides sustainability alignment. In 2023, Implats achieved significant safety milestones while investing heavily in socio-economic development and community projects. The company targets a 30% reduction in carbon emissions by 2030 and has invested in renewable energy projects including the 35MW solar PV project at Zimplats. Water recycling rates exceeded targets, and the company maintains strict environmental compliance across all operations. The GISTM (Global Industry Standard on Tailings Management) compliance roadmap is actively being implemented. Both companies utilise the six capitals framework (Financial, Manufactured, Intellectual, Human, Social/Relationship, Natural) to illustrate value creation and regularly engage with stakeholders through structured programmes. The double materiality principle used in ESG reporting assesses both inward financial materiality and outward impact materiality to provide comprehensive sustainability reporting aligned with global standards. Tongaat Hulett reported revenue of approximately R16.2 billion in 2021, with significant capital expenditure directed towards operational efficiency improvements and environmental sustainability initiatives. The company's manufactured capital includes six sugar mills across four countries with a combined crushing capacity exceeding 8 million tons of sugarcane per season. Employee training and development spend reached R45 million, reflecting commitment to human capital investment. Implats distributed over R50 billion in total value to stakeholders in 2023, including R28 billion in wages and benefits, R12 billion in taxes and royalties, and R2.3 billion in dividends. The company's total mineral reserves stand at approximately 190 million ounces of platinum group metals. Production across all operations exceeded 3.2 million ounces of refined PGMs. The Marula mine in Limpopo province employs over 5,000 people and has achieved milestone safety records. Environmental management across both organisations addresses water stewardship, carbon emissions reduction, waste minimisation, and biodiversity conservation. Tongaat Hulett's sugarcane operations in KwaZulu-Natal face increasing climate risks from drought and flooding events, while Implats' mining operations in the Bushveld Complex manage dust emissions, acid mine drainage, and tailings storage facility safety under stringent regulatory requirements. Tongaat Hulett and Implats ESG Report Summary — Tongaat Hulett is a leading agri-processing business focusing on the complementary activities of sugar production, property development, and starch production. The company operates in South Africa, Mozambique, Zimbabwe, and Botswana, employing over 30,000 people at the peak of the sugar milling season. In the 2021 financial year, Tongaat Hulett produced approximately 1.1 million tons of sugar. The company has committed to reducing energy intensity by 20% by 2025, with specific targets for water efficiency improvement. Tongaat Hulett invests in socio-economic development (SED) and reported total SED expenditure in 2021 aligned with community needs. The Lost Time Injury Frequency Rate (LTIFR) is a critical safety metric tracked annually. The company's ESG framework aligns with the UN Sustainable Development Goals and operates under ISO 45001 certification. Implats (Impala Platinum Holdings Limited) is one of the world's foremost producers of platinum group metals (PGMs). The company's operations span South Africa and Zimbabwe, with managed operations including Impala Rustenburg, Marula, and Zimplats. Implats' ESG framework is built on three pillars focusing on environmental stewardship, social responsibility, and governance excellence. The PS3 strategy guides sustainability alignment. In 2023, Implats achieved significant safety milestones while investing heavily in socio-economic development and community projects. The company targets a 30% reduction in carbon emissions by 2030 and has invested in renewable energy projects including the 35MW solar PV project at Zimplats. Water recycling rates exceeded targets, and the company maintains strict environmental compliance across all operations. The GISTM (Global Industry Standard on Tailings Management) compliance roadmap is actively being implemented. Both companies utilise the six capitals framework (Financial, Manufactured, Intellectual, Human, Social/Relationship, Natural) to illustrate value creation and regularly engage with stakeholders through structured programmes. The double materiality principle used in ESG reporting assesses both inward financial materiality and outward impact materiality to provide comprehensive sustainability reporting aligned with global standards. Tongaat Hulett reported revenue of approximately R16.2 billion in 2021, with significant capital expenditure directed towards operational efficiency improvements and environmental sustainability initiatives. The company's manufactured capital includes six sugar mills across four countries with a combined crushing capacity exceeding 8 million tons of sugar

Detail the total value distributed to stakeholders in 2023.",Detail the total value distributed to stakeholders in 2023.,"Focus question: Detail the total value distributed to stakeholders in 2023.
Context profile: rag_shared_document_finance_reports
Prompt tokens: 1266
Context preview: Context: Tongaat Hulett and Implats ESG Report Summary — Tongaat Hulett is a leading agri-processing business focusing on the complementary activities of sugar production, property development, and starch production. The company operates in South Africa, Mozambique, Zimbabwe, and Botswana, employing over 30,000 people at the peak of the sugar milling season. In the 2021 financial year, Tongaat Hul",rag_shared_document_finance_reports,baseline,1266,20,415.04,0.515,Warm,14.836,61.8,5.12,18.0,0.0,0,6,6,18.0,18.0,none,lmcache_store_coldpass,1,"[""Qwen-Qwen2.5-0.5B-Instruct@1@0@1bc32130432bfffe@bfloat16.pt""]",rag,True
35,What percentage of the Implats Board identifies as female?,"Context: Tongaat Hulett and Implats ESG Report Summary — Tongaat Hulett is a leading agri-processing business focusing on the complementary activities of sugar production, property development, and starch production. The company operates in South Africa, Mozambique, Zimbabwe, and Botswana, employing over 30,000 people at the peak of the sugar milling season. In the 2021 financial year, Tongaat Hul","Context: Tongaat Hulett and Implats ESG Report Summary — Tongaat Hulett is a leading agri-processing business focusing on the complementary activities of sugar production, property development, and starch production. The company operates in South Africa, Mozambique, Zimbabwe, and Botswana, employing over 30,000 people at the peak of the sugar milling season. In the 2021 financial year, Tongaat Hulett produced approximately 1.1 million tons of sugar. The company has committed to reducing energy intensity by 20% by 2025, with specific targets for water efficiency improvement. Tongaat Hulett invests in socio-economic development (SED) and reported total SED expenditure in 2021 aligned with community needs. The Lost Time Injury Frequency Rate (LTIFR) is a critical safety metric tracked annually. The company's ESG framework aligns with the UN Sustainable Development Goals and operates under ISO 45001 certification. Implats (Impala Platinum Holdings Limited) is one of the world's foremost producers of platinum group metals (PGMs). The company's operations span South Africa and Zimbabwe, with managed operations including Impala Rustenburg, Marula, and Zimplats. Implats' ESG framework is built on three pillars focusing on environmental stewardship, social responsibility, and governance excellence. The PS3 strategy guides sustainability alignment. In 2023, Implats achieved significant safety milestones while investing heavily in socio-economic development and community projects. The company targets a 30% reduction in carbon emissions by 2030 and has invested in renewable energy projects including the 35MW solar PV project at Zimplats. Water recycling rates exceeded targets, and the company maintains strict environmental compliance across all operations. The GISTM (Global Industry Standard on Tailings Management) compliance roadmap is actively being implemented. Both companies utilise the six capitals framework (Financial, Manufactured, Intellectual, Human, Social/Relationship, Natural) to illustrate value creation and regularly engage with stakeholders through structured programmes. The double materiality principle used in ESG reporting assesses both inward financial materiality and outward impact materiality to provide comprehensive sustainability reporting aligned with global standards. Tongaat Hulett reported revenue of approximately R16.2 billion in 2021, with significant capital expenditure directed towards operational efficiency improvements and environmental sustainability initiatives. The company's manufactured capital includes six sugar mills across four countries with a combined crushing capacity exceeding 8 million tons of sugarcane per season. Employee training and development spend reached R45 million, reflecting commitment to human capital investment. Implats distributed over R50 billion in total value to stakeholders in 2023, including R28 billion in wages and benefits, R12 billion in taxes and royalties, and R2.3 billion in dividends. The company's total mineral reserves stand at approximately 190 million ounces of platinum group metals. Production across all operations exceeded 3.2 million ounces of refined PGMs. The Marula mine in Limpopo province employs over 5,000 people and has achieved milestone safety records. Environmental management across both organisations addresses water stewardship, carbon emissions reduction, waste minimisation, and biodiversity conservation. Tongaat Hulett's sugarcane operations in KwaZulu-Natal face increasing climate risks from drought and flooding events, while Implats' mining operations in the Bushveld Complex manage dust emissions, acid mine drainage, and tailings storage facility safety under stringent regulatory requirements. Tongaat Hulett and Implats ESG Report Summary — Tongaat Hulett is a leading agri-processing business focusing on the complementary activities of sugar production, property development, and starch production. The company operates in South Africa, Mozambique, Zimbabwe, and Botswana, employing over 30,000 people at the peak of the sugar milling season. In the 2021 financial year, Tongaat Hulett produced approximately 1.1 million tons of sugar. The company has committed to reducing energy intensity by 20% by 2025, with specific targets for water efficiency improvement. Tongaat Hulett invests in socio-economic development (SED) and reported total SED expenditure in 2021 aligned with community needs. The Lost Time Injury Frequency Rate (LTIFR) is a critical safety metric tracked annually. The company's ESG framework aligns with the UN Sustainable Development Goals and operates under ISO 45001 certification. Implats (Impala Platinum Holdings Limited) is one of the world's foremost producers of platinum group metals (PGMs). The company's operations span South Africa and Zimbabwe, with managed operations including Impala Rustenburg, Marula, and Zimplats. Implats' ESG framework is built on three pillars focusing on environmental stewardship, social responsibility, and governance excellence. The PS3 strategy guides sustainability alignment. In 2023, Implats achieved significant safety milestones while investing heavily in socio-economic development and community projects. The company targets a 30% reduction in carbon emissions by 2030 and has invested in renewable energy projects including the 35MW solar PV project at Zimplats. Water recycling rates exceeded targets, and the company maintains strict environmental compliance across all operations. The GISTM (Global Industry Standard on Tailings Management) compliance roadmap is actively being implemented. Both companies utilise the six capitals framework (Financial, Manufactured, Intellectual, Human, Social/Relationship, Natural) to illustrate value creation and regularly engage with stakeholders through structured programmes. The double materiality principle used in ESG reporting assesses both inward financial materiality and outward impact materiality to provide comprehensive sustainability reporting aligned with global standards. Tongaat Hulett reported revenue of approximately R16.2 billion in 2021, with significant capital expenditure directed towards operational efficiency improvements and environmental sustainability initiatives. The company's manufactured capital includes six sugar mills across four countries with a combined crushing capacity exceeding 8 million tons of sugar

What percentage of the Implats Board identifies as female?",What percentage of the Implats Board identifies as female?,"Focus question: What percentage of the Implats Board identifies as female?
Context profile: rag_shared_document_finance_reports
Prompt tokens: 1263
Context preview: Context: Tongaat Hulett and Implats ESG Report Summary — Tongaat Hulett is a leading agri-processing business focusing on the complementary activities of sugar production, property development, and starch production. The company operates in South Africa, Mozambique, Zimbabwe, and Botswana, employing over 30,000 people at the peak of the sugar milling season. In the 2021 financial year, Tongaat Hul",rag_shared_document_finance_reports,baseline,1263,20,965.46,1.0655,Warm,14.801,61.7,5.12,18.0,0.0,0,6,6,18.0,18.0,none,lmcache_store_coldpass,1,"[""Qwen-Qwen2.5-0.5B-Instruct@1@0@1bc32130432bfffe@bfloat16.pt""]",rag,True
36,Summarize the CEO's statement on safety and zero harm.,"Context: Tongaat Hulett and Implats ESG Report Summary — Tongaat Hulett is a leading agri-processing business focusing on the complementary activities of sugar production, property development, and starch production. The company operates in South Africa, Mozambique, Zimbabwe, and Botswana, employing over 30,000 people at the peak of the sugar milling season. In the 2021 financial year, Tongaat Hul","Context: Tongaat Hulett and Implats ESG Report Summary — Tongaat Hulett is a leading agri-processing business focusing on the complementary activities of sugar production, property development, and starch production. The company operates in South Africa, Mozambique, Zimbabwe, and Botswana, employing over 30,000 people at the peak of the sugar milling season. In the 2021 financial year, Tongaat Hulett produced approximately 1.1 million tons of sugar. The company has committed to reducing energy intensity by 20% by 2025, with specific targets for water efficiency improvement. Tongaat Hulett invests in socio-economic development (SED) and reported total SED expenditure in 2021 aligned with community needs. The Lost Time Injury Frequency Rate (LTIFR) is a critical safety metric tracked annually. The company's ESG framework aligns with the UN Sustainable Development Goals and operates under ISO 45001 certification. Implats (Impala Platinum Holdings Limited) is one of the world's foremost producers of platinum group metals (PGMs). The company's operations span South Africa and Zimbabwe, with managed operations including Impala Rustenburg, Marula, and Zimplats. Implats' ESG framework is built on three pillars focusing on environmental stewardship, social responsibility, and governance excellence. The PS3 strategy guides sustainability alignment. In 2023, Implats achieved significant safety milestones while investing heavily in socio-economic development and community projects. The company targets a 30% reduction in carbon emissions by 2030 and has invested in renewable energy projects including the 35MW solar PV project at Zimplats. Water recycling rates exceeded targets, and the company maintains strict environmental compliance across all operations. The GISTM (Global Industry Standard on Tailings Management) compliance roadmap is actively being implemented. Both companies utilise the six capitals framework (Financial, Manufactured, Intellectual, Human, Social/Relationship, Natural) to illustrate value creation and regularly engage with stakeholders through structured programmes. The double materiality principle used in ESG reporting assesses both inward financial materiality and outward impact materiality to provide comprehensive sustainability reporting aligned with global standards. Tongaat Hulett reported revenue of approximately R16.2 billion in 2021, with significant capital expenditure directed towards operational efficiency improvements and environmental sustainability initiatives. The company's manufactured capital includes six sugar mills across four countries with a combined crushing capacity exceeding 8 million tons of sugarcane per season. Employee training and development spend reached R45 million, reflecting commitment to human capital investment. Implats distributed over R50 billion in total value to stakeholders in 2023, including R28 billion in wages and benefits, R12 billion in taxes and royalties, and R2.3 billion in dividends. The company's total mineral reserves stand at approximately 190 million ounces of platinum group metals. Production across all operations exceeded 3.2 million ounces of refined PGMs. The Marula mine in Limpopo province employs over 5,000 people and has achieved milestone safety records. Environmental management across both organisations addresses water stewardship, carbon emissions reduction, waste minimisation, and biodiversity conservation. Tongaat Hulett's sugarcane operations in KwaZulu-Natal face increasing climate risks from drought and flooding events, while Implats' mining operations in the Bushveld Complex manage dust emissions, acid mine drainage, and tailings storage facility safety under stringent regulatory requirements. Tongaat Hulett and Implats ESG Report Summary — Tongaat Hulett is a leading agri-processing business focusing on the complementary activities of sugar production, property development, and starch production. The company operates in South Africa, Mozambique, Zimbabwe, and Botswana, employing over 30,000 people at the peak of the sugar milling season. In the 2021 financial year, Tongaat Hulett produced approximately 1.1 million tons of sugar. The company has committed to reducing energy intensity by 20% by 2025, with specific targets for water efficiency improvement. Tongaat Hulett invests in socio-economic development (SED) and reported total SED expenditure in 2021 aligned with community needs. The Lost Time Injury Frequency Rate (LTIFR) is a critical safety metric tracked annually. The company's ESG framework aligns with the UN Sustainable Development Goals and operates under ISO 45001 certification. Implats (Impala Platinum Holdings Limited) is one of the world's foremost producers of platinum group metals (PGMs). The company's operations span South Africa and Zimbabwe, with managed operations including Impala Rustenburg, Marula, and Zimplats. Implats' ESG framework is built on three pillars focusing on environmental stewardship, social responsibility, and governance excellence. The PS3 strategy guides sustainability alignment. In 2023, Implats achieved significant safety milestones while investing heavily in socio-economic development and community projects. The company targets a 30% reduction in carbon emissions by 2030 and has invested in renewable energy projects including the 35MW solar PV project at Zimplats. Water recycling rates exceeded targets, and the company maintains strict environmental compliance across all operations. The GISTM (Global Industry Standard on Tailings Management) compliance roadmap is actively being implemented. Both companies utilise the six capitals framework (Financial, Manufactured, Intellectual, Human, Social/Relationship, Natural) to illustrate value creation and regularly engage with stakeholders through structured programmes. The double materiality principle used in ESG reporting assesses both inward financial materiality and outward impact materiality to provide comprehensive sustainability reporting aligned with global standards. Tongaat Hulett reported revenue of approximately R16.2 billion in 2021, with significant capital expenditure directed towards operational efficiency improvements and environmental sustainability initiatives. The company's manufactured capital includes six sugar mills across four countries with a combined crushing capacity exceeding 8 million tons of sugar

Summarize the CEO's statement on safety and zero harm.",Summarize the CEO's statement on safety and zero harm.,"Focus question: Summarize the CEO's statement on safety and zero harm.
Context profile: rag_shared_document_finance_reports
Prompt tokens: 1265
Context preview: Context: Tongaat Hulett and Implats ESG Report Summary — Tongaat Hulett is a leading agri-processing business focusing on the complementary activities of sugar production, property development, and starch production. The company operates in South Africa, Mozambique, Zimbabwe, and Botswana, employing over 30,000 people at the peak of the sugar milling season. In the 2021 financial year, Tongaat Hul",rag_shared_document_finance_reports,baseline,1265,20,736.77,0.8368,Warm,14.824,61.8,5.12,18.0,0.0,0,6,6,18.0,18.0,none,lmcache_store_coldpass,1,"[""Qwen-Qwen2.5-0.5B-Instruct@1@0@1bc32130432bfffe@bfloat16.pt""]",rag,True
37,What are the three pillars of the Implats ESG framework?,"Context: Tongaat Hulett and Implats ESG Report Summary — Tongaat Hulett is a leading agri-processing business focusing on the complementary activities of sugar production, property development, and starch production. The company operates in South Africa, Mozambique, Zimbabwe, and Botswana, employing over 30,000 people at the peak of the sugar milling season. In the 2021 financial year, Tongaat Hul","Context: Tongaat Hulett and Implats ESG Report Summary — Tongaat Hulett is a leading agri-processing business focusing on the complementary activities of sugar production, property development, and starch production. The company operates in South Africa, Mozambique, Zimbabwe, and Botswana, employing over 30,000 people at the peak of the sugar milling season. In the 2021 financial year, Tongaat Hulett produced approximately 1.1 million tons of sugar. The company has committed to reducing energy intensity by 20% by 2025, with specific targets for water efficiency improvement. Tongaat Hulett invests in socio-economic development (SED) and reported total SED expenditure in 2021 aligned with community needs. The Lost Time Injury Frequency Rate (LTIFR) is a critical safety metric tracked annually. The company's ESG framework aligns with the UN Sustainable Development Goals and operates under ISO 45001 certification. Implats (Impala Platinum Holdings Limited) is one of the world's foremost producers of platinum group metals (PGMs). The company's operations span South Africa and Zimbabwe, with managed operations including Impala Rustenburg, Marula, and Zimplats. Implats' ESG framework is built on three pillars focusing on environmental stewardship, social responsibility, and governance excellence. The PS3 strategy guides sustainability alignment. In 2023, Implats achieved significant safety milestones while investing heavily in socio-economic development and community projects. The company targets a 30% reduction in carbon emissions by 2030 and has invested in renewable energy projects including the 35MW solar PV project at Zimplats. Water recycling rates exceeded targets, and the company maintains strict environmental compliance across all operations. The GISTM (Global Industry Standard on Tailings Management) compliance roadmap is actively being implemented. Both companies utilise the six capitals framework (Financial, Manufactured, Intellectual, Human, Social/Relationship, Natural) to illustrate value creation and regularly engage with stakeholders through structured programmes. The double materiality principle used in ESG reporting assesses both inward financial materiality and outward impact materiality to provide comprehensive sustainability reporting aligned with global standards. Tongaat Hulett reported revenue of approximately R16.2 billion in 2021, with significant capital expenditure directed towards operational efficiency improvements and environmental sustainability initiatives. The company's manufactured capital includes six sugar mills across four countries with a combined crushing capacity exceeding 8 million tons of sugarcane per season. Employee training and development spend reached R45 million, reflecting commitment to human capital investment. Implats distributed over R50 billion in total value to stakeholders in 2023, including R28 billion in wages and benefits, R12 billion in taxes and royalties, and R2.3 billion in dividends. The company's total mineral reserves stand at approximately 190 million ounces of platinum group metals. Production across all operations exceeded 3.2 million ounces of refined PGMs. The Marula mine in Limpopo province employs over 5,000 people and has achieved milestone safety records. Environmental management across both organisations addresses water stewardship, carbon emissions reduction, waste minimisation, and biodiversity conservation. Tongaat Hulett's sugarcane operations in KwaZulu-Natal face increasing climate risks from drought and flooding events, while Implats' mining operations in the Bushveld Complex manage dust emissions, acid mine drainage, and tailings storage facility safety under stringent regulatory requirements. Tongaat Hulett and Implats ESG Report Summary — Tongaat Hulett is a leading agri-processing business focusing on the complementary activities of sugar production, property development, and starch production. The company operates in South Africa, Mozambique, Zimbabwe, and Botswana, employing over 30,000 people at the peak of the sugar milling season. In the 2021 financial year, Tongaat Hulett produced approximately 1.1 million tons of sugar. The company has committed to reducing energy intensity by 20% by 2025, with specific targets for water efficiency improvement. Tongaat Hulett invests in socio-economic development (SED) and reported total SED expenditure in 2021 aligned with community needs. The Lost Time Injury Frequency Rate (LTIFR) is a critical safety metric tracked annually. The company's ESG framework aligns with the UN Sustainable Development Goals and operates under ISO 45001 certification. Implats (Impala Platinum Holdings Limited) is one of the world's foremost producers of platinum group metals (PGMs). The company's operations span South Africa and Zimbabwe, with managed operations including Impala Rustenburg, Marula, and Zimplats. Implats' ESG framework is built on three pillars focusing on environmental stewardship, social responsibility, and governance excellence. The PS3 strategy guides sustainability alignment. In 2023, Implats achieved significant safety milestones while investing heavily in socio-economic development and community projects. The company targets a 30% reduction in carbon emissions by 2030 and has invested in renewable energy projects including the 35MW solar PV project at Zimplats. Water recycling rates exceeded targets, and the company maintains strict environmental compliance across all operations. The GISTM (Global Industry Standard on Tailings Management) compliance roadmap is actively being implemented. Both companies utilise the six capitals framework (Financial, Manufactured, Intellectual, Human, Social/Relationship, Natural) to illustrate value creation and regularly engage with stakeholders through structured programmes. The double materiality principle used in ESG reporting assesses both inward financial materiality and outward impact materiality to provide comprehensive sustainability reporting aligned with global standards. Tongaat Hulett reported revenue of approximately R16.2 billion in 2021, with significant capital expenditure directed towards operational efficiency improvements and environmental sustainability initiatives. The company's manufactured capital includes six sugar mills across four countries with a combined crushing capacity exceeding 8 million tons of sugar

What are the three pillars of the Implats ESG framework?",What are the three pillars of the Implats ESG framework?,"Focus question: What are the three pillars of the Implats ESG framework?
Context profile: rag_shared_document_finance_reports
Prompt tokens: 1265
Context preview: Context: Tongaat Hulett and Implats ESG Report Summary — Tongaat Hulett is a leading agri-processing business focusing on the complementary activities of sugar production, property development, and starch production. The company operates in South Africa, Mozambique, Zimbabwe, and Botswana, employing over 30,000 people at the peak of the sugar milling season. In the 2021 financial year, Tongaat Hul",rag_shared_document_finance_reports,baseline,1265,20,383.15,0.4831,Warm,14.824,61.8,5.12,18.0,0.0,0,6,6,18.0,18.0,none,lmcache_store_coldpass,1,"[""Qwen-Qwen2.5-0.5B-Instruct@1@0@1bc32130432bfffe@bfloat16.pt""]",rag,True
38,How much was invested in SED and community projects in 2023?,"Context: Tongaat Hulett and Implats ESG Report Summary — Tongaat Hulett is a leading agri-processing business focusing on the complementary activities of sugar production, property development, and starch production. The company operates in South Africa, Mozambique, Zimbabwe, and Botswana, employing over 30,000 people at the peak of the sugar milling season. In the 2021 financial year, Tongaat Hul","Context: Tongaat Hulett and Implats ESG Report Summary — Tongaat Hulett is a leading agri-processing business focusing on the complementary activities of sugar production, property development, and starch production. The company operates in South Africa, Mozambique, Zimbabwe, and Botswana, employing over 30,000 people at the peak of the sugar milling season. In the 2021 financial year, Tongaat Hulett produced approximately 1.1 million tons of sugar. The company has committed to reducing energy intensity by 20% by 2025, with specific targets for water efficiency improvement. Tongaat Hulett invests in socio-economic development (SED) and reported total SED expenditure in 2021 aligned with community needs. The Lost Time Injury Frequency Rate (LTIFR) is a critical safety metric tracked annually. The company's ESG framework aligns with the UN Sustainable Development Goals and operates under ISO 45001 certification. Implats (Impala Platinum Holdings Limited) is one of the world's foremost producers of platinum group metals (PGMs). The company's operations span South Africa and Zimbabwe, with managed operations including Impala Rustenburg, Marula, and Zimplats. Implats' ESG framework is built on three pillars focusing on environmental stewardship, social responsibility, and governance excellence. The PS3 strategy guides sustainability alignment. In 2023, Implats achieved significant safety milestones while investing heavily in socio-economic development and community projects. The company targets a 30% reduction in carbon emissions by 2030 and has invested in renewable energy projects including the 35MW solar PV project at Zimplats. Water recycling rates exceeded targets, and the company maintains strict environmental compliance across all operations. The GISTM (Global Industry Standard on Tailings Management) compliance roadmap is actively being implemented. Both companies utilise the six capitals framework (Financial, Manufactured, Intellectual, Human, Social/Relationship, Natural) to illustrate value creation and regularly engage with stakeholders through structured programmes. The double materiality principle used in ESG reporting assesses both inward financial materiality and outward impact materiality to provide comprehensive sustainability reporting aligned with global standards. Tongaat Hulett reported revenue of approximately R16.2 billion in 2021, with significant capital expenditure directed towards operational efficiency improvements and environmental sustainability initiatives. The company's manufactured capital includes six sugar mills across four countries with a combined crushing capacity exceeding 8 million tons of sugarcane per season. Employee training and development spend reached R45 million, reflecting commitment to human capital investment. Implats distributed over R50 billion in total value to stakeholders in 2023, including R28 billion in wages and benefits, R12 billion in taxes and royalties, and R2.3 billion in dividends. The company's total mineral reserves stand at approximately 190 million ounces of platinum group metals. Production across all operations exceeded 3.2 million ounces of refined PGMs. The Marula mine in Limpopo province employs over 5,000 people and has achieved milestone safety records. Environmental management across both organisations addresses water stewardship, carbon emissions reduction, waste minimisation, and biodiversity conservation. Tongaat Hulett's sugarcane operations in KwaZulu-Natal face increasing climate risks from drought and flooding events, while Implats' mining operations in the Bushveld Complex manage dust emissions, acid mine drainage, and tailings storage facility safety under stringent regulatory requirements. Tongaat Hulett and Implats ESG Report Summary — Tongaat Hulett is a leading agri-processing business focusing on the complementary activities of sugar production, property development, and starch production. The company operates in South Africa, Mozambique, Zimbabwe, and Botswana, employing over 30,000 people at the peak of the sugar milling season. In the 2021 financial year, Tongaat Hulett produced approximately 1.1 million tons of sugar. The company has committed to reducing energy intensity by 20% by 2025, with specific targets for water efficiency improvement. Tongaat Hulett invests in socio-economic development (SED) and reported total SED expenditure in 2021 aligned with community needs. The Lost Time Injury Frequency Rate (LTIFR) is a critical safety metric tracked annually. The company's ESG framework aligns with the UN Sustainable Development Goals and operates under ISO 45001 certification. Implats (Impala Platinum Holdings Limited) is one of the world's foremost producers of platinum group metals (PGMs). The company's operations span South Africa and Zimbabwe, with managed operations including Impala Rustenburg, Marula, and Zimplats. Implats' ESG framework is built on three pillars focusing on environmental stewardship, social responsibility, and governance excellence. The PS3 strategy guides sustainability alignment. In 2023, Implats achieved significant safety milestones while investing heavily in socio-economic development and community projects. The company targets a 30% reduction in carbon emissions by 2030 and has invested in renewable energy projects including the 35MW solar PV project at Zimplats. Water recycling rates exceeded targets, and the company maintains strict environmental compliance across all operations. The GISTM (Global Industry Standard on Tailings Management) compliance roadmap is actively being implemented. Both companies utilise the six capitals framework (Financial, Manufactured, Intellectual, Human, Social/Relationship, Natural) to illustrate value creation and regularly engage with stakeholders through structured programmes. The double materiality principle used in ESG reporting assesses both inward financial materiality and outward impact materiality to provide comprehensive sustainability reporting aligned with global standards. Tongaat Hulett reported revenue of approximately R16.2 billion in 2021, with significant capital expenditure directed towards operational efficiency improvements and environmental sustainability initiatives. The company's manufactured capital includes six sugar mills across four countries with a combined crushing capacity exceeding 8 million tons of sugar

How much was invested in SED and community projects in 2023?",How much was invested in SED and community projects in 2023?,"Focus question: How much was invested in SED and community projects in 2023?
Context profile: rag_shared_document_finance_reports
Prompt tokens: 1269
Context preview: Context: Tongaat Hulett and Implats ESG Report Summary — Tongaat Hulett is a leading agri-processing business focusing on the complementary activities of sugar production, property development, and starch production. The company operates in South Africa, Mozambique, Zimbabwe, and Botswana, employing over 30,000 people at the peak of the sugar milling season. In the 2021 financial year, Tongaat Hul",rag_shared_document_finance_reports,baseline,1269,20,287.33,0.3873,Warm,14.871,62.0,5.12,18.0,0.0,0,6,6,18.0,18.0,none,lmcache_store_coldpass,1,"[""Qwen-Qwen2.5-0.5B-Instruct@1@0@1bc32130432bfffe@bfloat16.pt""]",rag,True
39,Explain the double materiality principle in Implats ESG reports.,"Context: Tongaat Hulett and Implats ESG Report Summary — Tongaat Hulett is a leading agri-processing business focusing on the complementary activities of sugar production, property development, and starch production. The company operates in South Africa, Mozambique, Zimbabwe, and Botswana, employing over 30,000 people at the peak of the sugar milling season. In the 2021 financial year, Tongaat Hul","Context: Tongaat Hulett and Implats ESG Report Summary — Tongaat Hulett is a leading agri-processing business focusing on the complementary activities of sugar production, property development, and starch production. The company operates in South Africa, Mozambique, Zimbabwe, and Botswana, employing over 30,000 people at the peak of the sugar milling season. In the 2021 financial year, Tongaat Hulett produced approximately 1.1 million tons of sugar. The company has committed to reducing energy intensity by 20% by 2025, with specific targets for water efficiency improvement. Tongaat Hulett invests in socio-economic development (SED) and reported total SED expenditure in 2021 aligned with community needs. The Lost Time Injury Frequency Rate (LTIFR) is a critical safety metric tracked annually. The company's ESG framework aligns with the UN Sustainable Development Goals and operates under ISO 45001 certification. Implats (Impala Platinum Holdings Limited) is one of the world's foremost producers of platinum group metals (PGMs). The company's operations span South Africa and Zimbabwe, with managed operations including Impala Rustenburg, Marula, and Zimplats. Implats' ESG framework is built on three pillars focusing on environmental stewardship, social responsibility, and governance excellence. The PS3 strategy guides sustainability alignment. In 2023, Implats achieved significant safety milestones while investing heavily in socio-economic development and community projects. The company targets a 30% reduction in carbon emissions by 2030 and has invested in renewable energy projects including the 35MW solar PV project at Zimplats. Water recycling rates exceeded targets, and the company maintains strict environmental compliance across all operations. The GISTM (Global Industry Standard on Tailings Management) compliance roadmap is actively being implemented. Both companies utilise the six capitals framework (Financial, Manufactured, Intellectual, Human, Social/Relationship, Natural) to illustrate value creation and regularly engage with stakeholders through structured programmes. The double materiality principle used in ESG reporting assesses both inward financial materiality and outward impact materiality to provide comprehensive sustainability reporting aligned with global standards. Tongaat Hulett reported revenue of approximately R16.2 billion in 2021, with significant capital expenditure directed towards operational efficiency improvements and environmental sustainability initiatives. The company's manufactured capital includes six sugar mills across four countries with a combined crushing capacity exceeding 8 million tons of sugarcane per season. Employee training and development spend reached R45 million, reflecting commitment to human capital investment. Implats distributed over R50 billion in total value to stakeholders in 2023, including R28 billion in wages and benefits, R12 billion in taxes and royalties, and R2.3 billion in dividends. The company's total mineral reserves stand at approximately 190 million ounces of platinum group metals. Production across all operations exceeded 3.2 million ounces of refined PGMs. The Marula mine in Limpopo province employs over 5,000 people and has achieved milestone safety records. Environmental management across both organisations addresses water stewardship, carbon emissions reduction, waste minimisation, and biodiversity conservation. Tongaat Hulett's sugarcane operations in KwaZulu-Natal face increasing climate risks from drought and flooding events, while Implats' mining operations in the Bushveld Complex manage dust emissions, acid mine drainage, and tailings storage facility safety under stringent regulatory requirements. Tongaat Hulett and Implats ESG Report Summary — Tongaat Hulett is a leading agri-processing business focusing on the complementary activities of sugar production, property development, and starch production. The company operates in South Africa, Mozambique, Zimbabwe, and Botswana, employing over 30,000 people at the peak of the sugar milling season. In the 2021 financial year, Tongaat Hulett produced approximately 1.1 million tons of sugar. The company has committed to reducing energy intensity by 20% by 2025, with specific targets for water efficiency improvement. Tongaat Hulett invests in socio-economic development (SED) and reported total SED expenditure in 2021 aligned with community needs. The Lost Time Injury Frequency Rate (LTIFR) is a critical safety metric tracked annually. The company's ESG framework aligns with the UN Sustainable Development Goals and operates under ISO 45001 certification. Implats (Impala Platinum Holdings Limited) is one of the world's foremost producers of platinum group metals (PGMs). The company's operations span South Africa and Zimbabwe, with managed operations including Impala Rustenburg, Marula, and Zimplats. Implats' ESG framework is built on three pillars focusing on environmental stewardship, social responsibility, and governance excellence. The PS3 strategy guides sustainability alignment. In 2023, Implats achieved significant safety milestones while investing heavily in socio-economic development and community projects. The company targets a 30% reduction in carbon emissions by 2030 and has invested in renewable energy projects including the 35MW solar PV project at Zimplats. Water recycling rates exceeded targets, and the company maintains strict environmental compliance across all operations. The GISTM (Global Industry Standard on Tailings Management) compliance roadmap is actively being implemented. Both companies utilise the six capitals framework (Financial, Manufactured, Intellectual, Human, Social/Relationship, Natural) to illustrate value creation and regularly engage with stakeholders through structured programmes. The double materiality principle used in ESG reporting assesses both inward financial materiality and outward impact materiality to provide comprehensive sustainability reporting aligned with global standards. Tongaat Hulett reported revenue of approximately R16.2 billion in 2021, with significant capital expenditure directed towards operational efficiency improvements and environmental sustainability initiatives. The company's manufactured capital includes six sugar mills across four countries with a combined crushing capacity exceeding 8 million tons of sugar

Explain the double materiality principle in Implats ESG reports.",Explain the double materiality principle in Implats ESG reports.,"Focus question: Explain the double materiality principle in Implats ESG reports.
Context profile: rag_shared_document_finance_reports
Prompt tokens: 1266
Context preview: Context: Tongaat Hulett and Implats ESG Report Summary — Tongaat Hulett is a leading agri-processing business focusing on the complementary activities of sugar production, property development, and starch production. The company operates in South Africa, Mozambique, Zimbabwe, and Botswana, employing over 30,000 people at the peak of the sugar milling season. In the 2021 financial year, Tongaat Hul",rag_shared_document_finance_reports,baseline,1266,20,230.92,0.3309,Warm,14.836,61.8,5.12,18.0,0.0,0,6,6,18.0,18.0,none,lmcache_store_coldpass,1,"[""Qwen-Qwen2.5-0.5B-Instruct@1@0@1bc32130432bfffe@bfloat16.pt""]",rag,True
40,What are the primary metals produced and their uses?,"Context: Tongaat Hulett and Implats ESG Report Summary — Tongaat Hulett is a leading agri-processing business focusing on the complementary activities of sugar production, property development, and starch production. The company operates in South Africa, Mozambique, Zimbabwe, and Botswana, employing over 30,000 people at the peak of the sugar milling season. In the 2021 financial year, Tongaat Hul","Context: Tongaat Hulett and Implats ESG Report Summary — Tongaat Hulett is a leading agri-processing business focusing on the complementary activities of sugar production, property development, and starch production. The company operates in South Africa, Mozambique, Zimbabwe, and Botswana, employing over 30,000 people at the peak of the sugar milling season. In the 2021 financial year, Tongaat Hulett produced approximately 1.1 million tons of sugar. The company has committed to reducing energy intensity by 20% by 2025, with specific targets for water efficiency improvement. Tongaat Hulett invests in socio-economic development (SED) and reported total SED expenditure in 2021 aligned with community needs. The Lost Time Injury Frequency Rate (LTIFR) is a critical safety metric tracked annually. The company's ESG framework aligns with the UN Sustainable Development Goals and operates under ISO 45001 certification. Implats (Impala Platinum Holdings Limited) is one of the world's foremost producers of platinum group metals (PGMs). The company's operations span South Africa and Zimbabwe, with managed operations including Impala Rustenburg, Marula, and Zimplats. Implats' ESG framework is built on three pillars focusing on environmental stewardship, social responsibility, and governance excellence. The PS3 strategy guides sustainability alignment. In 2023, Implats achieved significant safety milestones while investing heavily in socio-economic development and community projects. The company targets a 30% reduction in carbon emissions by 2030 and has invested in renewable energy projects including the 35MW solar PV project at Zimplats. Water recycling rates exceeded targets, and the company maintains strict environmental compliance across all operations. The GISTM (Global Industry Standard on Tailings Management) compliance roadmap is actively being implemented. Both companies utilise the six capitals framework (Financial, Manufactured, Intellectual, Human, Social/Relationship, Natural) to illustrate value creation and regularly engage with stakeholders through structured programmes. The double materiality principle used in ESG reporting assesses both inward financial materiality and outward impact materiality to provide comprehensive sustainability reporting aligned with global standards. Tongaat Hulett reported revenue of approximately R16.2 billion in 2021, with significant capital expenditure directed towards operational efficiency improvements and environmental sustainability initiatives. The company's manufactured capital includes six sugar mills across four countries with a combined crushing capacity exceeding 8 million tons of sugarcane per season. Employee training and development spend reached R45 million, reflecting commitment to human capital investment. Implats distributed over R50 billion in total value to stakeholders in 2023, including R28 billion in wages and benefits, R12 billion in taxes and royalties, and R2.3 billion in dividends. The company's total mineral reserves stand at approximately 190 million ounces of platinum group metals. Production across all operations exceeded 3.2 million ounces of refined PGMs. The Marula mine in Limpopo province employs over 5,000 people and has achieved milestone safety records. Environmental management across both organisations addresses water stewardship, carbon emissions reduction, waste minimisation, and biodiversity conservation. Tongaat Hulett's sugarcane operations in KwaZulu-Natal face increasing climate risks from drought and flooding events, while Implats' mining operations in the Bushveld Complex manage dust emissions, acid mine drainage, and tailings storage facility safety under stringent regulatory requirements. Tongaat Hulett and Implats ESG Report Summary — Tongaat Hulett is a leading agri-processing business focusing on the complementary activities of sugar production, property development, and starch production. The company operates in South Africa, Mozambique, Zimbabwe, and Botswana, employing over 30,000 people at the peak of the sugar milling season. In the 2021 financial year, Tongaat Hulett produced approximately 1.1 million tons of sugar. The company has committed to reducing energy intensity by 20% by 2025, with specific targets for water efficiency improvement. Tongaat Hulett invests in socio-economic development (SED) and reported total SED expenditure in 2021 aligned with community needs. The Lost Time Injury Frequency Rate (LTIFR) is a critical safety metric tracked annually. The company's ESG framework aligns with the UN Sustainable Development Goals and operates under ISO 45001 certification. Implats (Impala Platinum Holdings Limited) is one of the world's foremost producers of platinum group metals (PGMs). The company's operations span South Africa and Zimbabwe, with managed operations including Impala Rustenburg, Marula, and Zimplats. Implats' ESG framework is built on three pillars focusing on environmental stewardship, social responsibility, and governance excellence. The PS3 strategy guides sustainability alignment. In 2023, Implats achieved significant safety milestones while investing heavily in socio-economic development and community projects. The company targets a 30% reduction in carbon emissions by 2030 and has invested in renewable energy projects including the 35MW solar PV project at Zimplats. Water recycling rates exceeded targets, and the company maintains strict environmental compliance across all operations. The GISTM (Global Industry Standard on Tailings Management) compliance roadmap is actively being implemented. Both companies utilise the six capitals framework (Financial, Manufactured, Intellectual, Human, Social/Relationship, Natural) to illustrate value creation and regularly engage with stakeholders through structured programmes. The double materiality principle used in ESG reporting assesses both inward financial materiality and outward impact materiality to provide comprehensive sustainability reporting aligned with global standards. Tongaat Hulett reported revenue of approximately R16.2 billion in 2021, with significant capital expenditure directed towards operational efficiency improvements and environmental sustainability initiatives. The company's manufactured capital includes six sugar mills across four countries with a combined crushing capacity exceeding 8 million tons of sugar

What are the primary metals produced and their uses?",What are the primary metals produced and their uses?,"Focus question: What are the primary metals produced and their uses?
Context profile: rag_shared_document_finance_reports
Prompt tokens: 1262
Context preview: Context: Tongaat Hulett and Implats ESG Report Summary — Tongaat Hulett is a leading agri-processing business focusing on the complementary activities of sugar production, property development, and starch production. The company operates in South Africa, Mozambique, Zimbabwe, and Botswana, employing over 30,000 people at the peak of the sugar milling season. In the 2021 financial year, Tongaat Hul",rag_shared_document_finance_reports,baseline,1262,20,300.37,0.4004,Warm,14.789,61.6,5.12,18.0,0.0,0,6,6,18.0,18.0,none,lmcache_store_coldpass,1,"[""Qwen-Qwen2.5-0.5B-Instruct@1@0@1bc32130432bfffe@bfloat16.pt""]",rag,True
41,Describe the 35MW solar PV project progress at Zimplats.,"Context: Tongaat Hulett and Implats ESG Report Summary — Tongaat Hulett is a leading agri-processing business focusing on the complementary activities of sugar production, property development, and starch production. The company operates in South Africa, Mozambique, Zimbabwe, and Botswana, employing over 30,000 people at the peak of the sugar milling season. In the 2021 financial year, Tongaat Hul","Context: Tongaat Hulett and Implats ESG Report Summary — Tongaat Hulett is a leading agri-processing business focusing on the complementary activities of sugar production, property development, and starch production. The company operates in South Africa, Mozambique, Zimbabwe, and Botswana, employing over 30,000 people at the peak of the sugar milling season. In the 2021 financial year, Tongaat Hulett produced approximately 1.1 million tons of sugar. The company has committed to reducing energy intensity by 20% by 2025, with specific targets for water efficiency improvement. Tongaat Hulett invests in socio-economic development (SED) and reported total SED expenditure in 2021 aligned with community needs. The Lost Time Injury Frequency Rate (LTIFR) is a critical safety metric tracked annually. The company's ESG framework aligns with the UN Sustainable Development Goals and operates under ISO 45001 certification. Implats (Impala Platinum Holdings Limited) is one of the world's foremost producers of platinum group metals (PGMs). The company's operations span South Africa and Zimbabwe, with managed operations including Impala Rustenburg, Marula, and Zimplats. Implats' ESG framework is built on three pillars focusing on environmental stewardship, social responsibility, and governance excellence. The PS3 strategy guides sustainability alignment. In 2023, Implats achieved significant safety milestones while investing heavily in socio-economic development and community projects. The company targets a 30% reduction in carbon emissions by 2030 and has invested in renewable energy projects including the 35MW solar PV project at Zimplats. Water recycling rates exceeded targets, and the company maintains strict environmental compliance across all operations. The GISTM (Global Industry Standard on Tailings Management) compliance roadmap is actively being implemented. Both companies utilise the six capitals framework (Financial, Manufactured, Intellectual, Human, Social/Relationship, Natural) to illustrate value creation and regularly engage with stakeholders through structured programmes. The double materiality principle used in ESG reporting assesses both inward financial materiality and outward impact materiality to provide comprehensive sustainability reporting aligned with global standards. Tongaat Hulett reported revenue of approximately R16.2 billion in 2021, with significant capital expenditure directed towards operational efficiency improvements and environmental sustainability initiatives. The company's manufactured capital includes six sugar mills across four countries with a combined crushing capacity exceeding 8 million tons of sugarcane per season. Employee training and development spend reached R45 million, reflecting commitment to human capital investment. Implats distributed over R50 billion in total value to stakeholders in 2023, including R28 billion in wages and benefits, R12 billion in taxes and royalties, and R2.3 billion in dividends. The company's total mineral reserves stand at approximately 190 million ounces of platinum group metals. Production across all operations exceeded 3.2 million ounces of refined PGMs. The Marula mine in Limpopo province employs over 5,000 people and has achieved milestone safety records. Environmental management across both organisations addresses water stewardship, carbon emissions reduction, waste minimisation, and biodiversity conservation. Tongaat Hulett's sugarcane operations in KwaZulu-Natal face increasing climate risks from drought and flooding events, while Implats' mining operations in the Bushveld Complex manage dust emissions, acid mine drainage, and tailings storage facility safety under stringent regulatory requirements. Tongaat Hulett and Implats ESG Report Summary — Tongaat Hulett is a leading agri-processing business focusing on the complementary activities of sugar production, property development, and starch production. The company operates in South Africa, Mozambique, Zimbabwe, and Botswana, employing over 30,000 people at the peak of the sugar milling season. In the 2021 financial year, Tongaat Hulett produced approximately 1.1 million tons of sugar. The company has committed to reducing energy intensity by 20% by 2025, with specific targets for water efficiency improvement. Tongaat Hulett invests in socio-economic development (SED) and reported total SED expenditure in 2021 aligned with community needs. The Lost Time Injury Frequency Rate (LTIFR) is a critical safety metric tracked annually. The company's ESG framework aligns with the UN Sustainable Development Goals and operates under ISO 45001 certification. Implats (Impala Platinum Holdings Limited) is one of the world's foremost producers of platinum group metals (PGMs). The company's operations span South Africa and Zimbabwe, with managed operations including Impala Rustenburg, Marula, and Zimplats. Implats' ESG framework is built on three pillars focusing on environmental stewardship, social responsibility, and governance excellence. The PS3 strategy guides sustainability alignment. In 2023, Implats achieved significant safety milestones while investing heavily in socio-economic development and community projects. The company targets a 30% reduction in carbon emissions by 2030 and has invested in renewable energy projects including the 35MW solar PV project at Zimplats. Water recycling rates exceeded targets, and the company maintains strict environmental compliance across all operations. The GISTM (Global Industry Standard on Tailings Management) compliance roadmap is actively being implemented. Both companies utilise the six capitals framework (Financial, Manufactured, Intellectual, Human, Social/Relationship, Natural) to illustrate value creation and regularly engage with stakeholders through structured programmes. The double materiality principle used in ESG reporting assesses both inward financial materiality and outward impact materiality to provide comprehensive sustainability reporting aligned with global standards. Tongaat Hulett reported revenue of approximately R16.2 billion in 2021, with significant capital expenditure directed towards operational efficiency improvements and environmental sustainability initiatives. The company's manufactured capital includes six sugar mills across four countries with a combined crushing capacity exceeding 8 million tons of sugar

Describe the 35MW solar PV project progress at Zimplats.",Describe the 35MW solar PV project progress at Zimplats.,"Focus question: Describe the 35MW solar PV project progress at Zimplats.
Context profile: rag_shared_document_finance_reports
Prompt tokens: 1267
Context preview: Context: Tongaat Hulett and Implats ESG Report Summary — Tongaat Hulett is a leading agri-processing business focusing on the complementary activities of sugar production, property development, and starch production. The company operates in South Africa, Mozambique, Zimbabwe, and Botswana, employing over 30,000 people at the peak of the sugar milling season. In the 2021 financial year, Tongaat Hul",rag_shared_document_finance_reports,baseline,1267,20,342.28,0.4423,Warm,14.848,61.9,5.12,18.0,0.0,0,6,6,18.0,18.0,none,lmcache_store_coldpass,1,"[""Qwen-Qwen2.5-0.5B-Instruct@1@0@1bc32130432bfffe@bfloat16.pt""]",rag,True
42,What was the water recycling and reuse rate achieved in 2023?,"Context: Tongaat Hulett and Implats ESG Report Summary — Tongaat Hulett is a leading agri-processing business focusing on the complementary activities of sugar production, property development, and starch production. The company operates in South Africa, Mozambique, Zimbabwe, and Botswana, employing over 30,000 people at the peak of the sugar milling season. In the 2021 financial year, Tongaat Hul","Context: Tongaat Hulett and Implats ESG Report Summary — Tongaat Hulett is a leading agri-processing business focusing on the complementary activities of sugar production, property development, and starch production. The company operates in South Africa, Mozambique, Zimbabwe, and Botswana, employing over 30,000 people at the peak of the sugar milling season. In the 2021 financial year, Tongaat Hulett produced approximately 1.1 million tons of sugar. The company has committed to reducing energy intensity by 20% by 2025, with specific targets for water efficiency improvement. Tongaat Hulett invests in socio-economic development (SED) and reported total SED expenditure in 2021 aligned with community needs. The Lost Time Injury Frequency Rate (LTIFR) is a critical safety metric tracked annually. The company's ESG framework aligns with the UN Sustainable Development Goals and operates under ISO 45001 certification. Implats (Impala Platinum Holdings Limited) is one of the world's foremost producers of platinum group metals (PGMs). The company's operations span South Africa and Zimbabwe, with managed operations including Impala Rustenburg, Marula, and Zimplats. Implats' ESG framework is built on three pillars focusing on environmental stewardship, social responsibility, and governance excellence. The PS3 strategy guides sustainability alignment. In 2023, Implats achieved significant safety milestones while investing heavily in socio-economic development and community projects. The company targets a 30% reduction in carbon emissions by 2030 and has invested in renewable energy projects including the 35MW solar PV project at Zimplats. Water recycling rates exceeded targets, and the company maintains strict environmental compliance across all operations. The GISTM (Global Industry Standard on Tailings Management) compliance roadmap is actively being implemented. Both companies utilise the six capitals framework (Financial, Manufactured, Intellectual, Human, Social/Relationship, Natural) to illustrate value creation and regularly engage with stakeholders through structured programmes. The double materiality principle used in ESG reporting assesses both inward financial materiality and outward impact materiality to provide comprehensive sustainability reporting aligned with global standards. Tongaat Hulett reported revenue of approximately R16.2 billion in 2021, with significant capital expenditure directed towards operational efficiency improvements and environmental sustainability initiatives. The company's manufactured capital includes six sugar mills across four countries with a combined crushing capacity exceeding 8 million tons of sugarcane per season. Employee training and development spend reached R45 million, reflecting commitment to human capital investment. Implats distributed over R50 billion in total value to stakeholders in 2023, including R28 billion in wages and benefits, R12 billion in taxes and royalties, and R2.3 billion in dividends. The company's total mineral reserves stand at approximately 190 million ounces of platinum group metals. Production across all operations exceeded 3.2 million ounces of refined PGMs. The Marula mine in Limpopo province employs over 5,000 people and has achieved milestone safety records. Environmental management across both organisations addresses water stewardship, carbon emissions reduction, waste minimisation, and biodiversity conservation. Tongaat Hulett's sugarcane operations in KwaZulu-Natal face increasing climate risks from drought and flooding events, while Implats' mining operations in the Bushveld Complex manage dust emissions, acid mine drainage, and tailings storage facility safety under stringent regulatory requirements. Tongaat Hulett and Implats ESG Report Summary — Tongaat Hulett is a leading agri-processing business focusing on the complementary activities of sugar production, property development, and starch production. The company operates in South Africa, Mozambique, Zimbabwe, and Botswana, employing over 30,000 people at the peak of the sugar milling season. In the 2021 financial year, Tongaat Hulett produced approximately 1.1 million tons of sugar. The company has committed to reducing energy intensity by 20% by 2025, with specific targets for water efficiency improvement. Tongaat Hulett invests in socio-economic development (SED) and reported total SED expenditure in 2021 aligned with community needs. The Lost Time Injury Frequency Rate (LTIFR) is a critical safety metric tracked annually. The company's ESG framework aligns with the UN Sustainable Development Goals and operates under ISO 45001 certification. Implats (Impala Platinum Holdings Limited) is one of the world's foremost producers of platinum group metals (PGMs). The company's operations span South Africa and Zimbabwe, with managed operations including Impala Rustenburg, Marula, and Zimplats. Implats' ESG framework is built on three pillars focusing on environmental stewardship, social responsibility, and governance excellence. The PS3 strategy guides sustainability alignment. In 2023, Implats achieved significant safety milestones while investing heavily in socio-economic development and community projects. The company targets a 30% reduction in carbon emissions by 2030 and has invested in renewable energy projects including the 35MW solar PV project at Zimplats. Water recycling rates exceeded targets, and the company maintains strict environmental compliance across all operations. The GISTM (Global Industry Standard on Tailings Management) compliance roadmap is actively being implemented. Both companies utilise the six capitals framework (Financial, Manufactured, Intellectual, Human, Social/Relationship, Natural) to illustrate value creation and regularly engage with stakeholders through structured programmes. The double materiality principle used in ESG reporting assesses both inward financial materiality and outward impact materiality to provide comprehensive sustainability reporting aligned with global standards. Tongaat Hulett reported revenue of approximately R16.2 billion in 2021, with significant capital expenditure directed towards operational efficiency improvements and environmental sustainability initiatives. The company's manufactured capital includes six sugar mills across four countries with a combined crushing capacity exceeding 8 million tons of sugar

What was the water recycling and reuse rate achieved in 2023?",What was the water recycling and reuse rate achieved in 2023?,"Focus question: What was the water recycling and reuse rate achieved in 2023?
Context profile: rag_shared_document_finance_reports
Prompt tokens: 1268
Context preview: Context: Tongaat Hulett and Implats ESG Report Summary — Tongaat Hulett is a leading agri-processing business focusing on the complementary activities of sugar production, property development, and starch production. The company operates in South Africa, Mozambique, Zimbabwe, and Botswana, employing over 30,000 people at the peak of the sugar milling season. In the 2021 financial year, Tongaat Hul",rag_shared_document_finance_reports,baseline,1268,20,167.77,0.2678,Warm,14.859,61.9,5.12,18.0,0.0,0,6,6,18.0,18.0,none,lmcache_store_coldpass,1,"[""Qwen-Qwen2.5-0.5B-Instruct@1@0@1bc32130432bfffe@bfloat16.pt""]",rag,True
43,Detail the We Care programme support for employee families.,"Context: Tongaat Hulett and Implats ESG Report Summary — Tongaat Hulett is a leading agri-processing business focusing on the complementary activities of sugar production, property development, and starch production. The company operates in South Africa, Mozambique, Zimbabwe, and Botswana, employing over 30,000 people at the peak of the sugar milling season. In the 2021 financial year, Tongaat Hul","Context: Tongaat Hulett and Implats ESG Report Summary — Tongaat Hulett is a leading agri-processing business focusing on the complementary activities of sugar production, property development, and starch production. The company operates in South Africa, Mozambique, Zimbabwe, and Botswana, employing over 30,000 people at the peak of the sugar milling season. In the 2021 financial year, Tongaat Hulett produced approximately 1.1 million tons of sugar. The company has committed to reducing energy intensity by 20% by 2025, with specific targets for water efficiency improvement. Tongaat Hulett invests in socio-economic development (SED) and reported total SED expenditure in 2021 aligned with community needs. The Lost Time Injury Frequency Rate (LTIFR) is a critical safety metric tracked annually. The company's ESG framework aligns with the UN Sustainable Development Goals and operates under ISO 45001 certification. Implats (Impala Platinum Holdings Limited) is one of the world's foremost producers of platinum group metals (PGMs). The company's operations span South Africa and Zimbabwe, with managed operations including Impala Rustenburg, Marula, and Zimplats. Implats' ESG framework is built on three pillars focusing on environmental stewardship, social responsibility, and governance excellence. The PS3 strategy guides sustainability alignment. In 2023, Implats achieved significant safety milestones while investing heavily in socio-economic development and community projects. The company targets a 30% reduction in carbon emissions by 2030 and has invested in renewable energy projects including the 35MW solar PV project at Zimplats. Water recycling rates exceeded targets, and the company maintains strict environmental compliance across all operations. The GISTM (Global Industry Standard on Tailings Management) compliance roadmap is actively being implemented. Both companies utilise the six capitals framework (Financial, Manufactured, Intellectual, Human, Social/Relationship, Natural) to illustrate value creation and regularly engage with stakeholders through structured programmes. The double materiality principle used in ESG reporting assesses both inward financial materiality and outward impact materiality to provide comprehensive sustainability reporting aligned with global standards. Tongaat Hulett reported revenue of approximately R16.2 billion in 2021, with significant capital expenditure directed towards operational efficiency improvements and environmental sustainability initiatives. The company's manufactured capital includes six sugar mills across four countries with a combined crushing capacity exceeding 8 million tons of sugarcane per season. Employee training and development spend reached R45 million, reflecting commitment to human capital investment. Implats distributed over R50 billion in total value to stakeholders in 2023, including R28 billion in wages and benefits, R12 billion in taxes and royalties, and R2.3 billion in dividends. The company's total mineral reserves stand at approximately 190 million ounces of platinum group metals. Production across all operations exceeded 3.2 million ounces of refined PGMs. The Marula mine in Limpopo province employs over 5,000 people and has achieved milestone safety records. Environmental management across both organisations addresses water stewardship, carbon emissions reduction, waste minimisation, and biodiversity conservation. Tongaat Hulett's sugarcane operations in KwaZulu-Natal face increasing climate risks from drought and flooding events, while Implats' mining operations in the Bushveld Complex manage dust emissions, acid mine drainage, and tailings storage facility safety under stringent regulatory requirements. Tongaat Hulett and Implats ESG Report Summary — Tongaat Hulett is a leading agri-processing business focusing on the complementary activities of sugar production, property development, and starch production. The company operates in South Africa, Mozambique, Zimbabwe, and Botswana, employing over 30,000 people at the peak of the sugar milling season. In the 2021 financial year, Tongaat Hulett produced approximately 1.1 million tons of sugar. The company has committed to reducing energy intensity by 20% by 2025, with specific targets for water efficiency improvement. Tongaat Hulett invests in socio-economic development (SED) and reported total SED expenditure in 2021 aligned with community needs. The Lost Time Injury Frequency Rate (LTIFR) is a critical safety metric tracked annually. The company's ESG framework aligns with the UN Sustainable Development Goals and operates under ISO 45001 certification. Implats (Impala Platinum Holdings Limited) is one of the world's foremost producers of platinum group metals (PGMs). The company's operations span South Africa and Zimbabwe, with managed operations including Impala Rustenburg, Marula, and Zimplats. Implats' ESG framework is built on three pillars focusing on environmental stewardship, social responsibility, and governance excellence. The PS3 strategy guides sustainability alignment. In 2023, Implats achieved significant safety milestones while investing heavily in socio-economic development and community projects. The company targets a 30% reduction in carbon emissions by 2030 and has invested in renewable energy projects including the 35MW solar PV project at Zimplats. Water recycling rates exceeded targets, and the company maintains strict environmental compliance across all operations. The GISTM (Global Industry Standard on Tailings Management) compliance roadmap is actively being implemented. Both companies utilise the six capitals framework (Financial, Manufactured, Intellectual, Human, Social/Relationship, Natural) to illustrate value creation and regularly engage with stakeholders through structured programmes. The double materiality principle used in ESG reporting assesses both inward financial materiality and outward impact materiality to provide comprehensive sustainability reporting aligned with global standards. Tongaat Hulett reported revenue of approximately R16.2 billion in 2021, with significant capital expenditure directed towards operational efficiency improvements and environmental sustainability initiatives. The company's manufactured capital includes six sugar mills across four countries with a combined crushing capacity exceeding 8 million tons of sugar

Detail the We Care programme support for employee families.",Detail the We Care programme support for employee families.,"Focus question: Detail the We Care programme support for employee families.
Context profile: rag_shared_document_finance_reports
Prompt tokens: 1262
Context preview: Context: Tongaat Hulett and Implats ESG Report Summary — Tongaat Hulett is a leading agri-processing business focusing on the complementary activities of sugar production, property development, and starch production. The company operates in South Africa, Mozambique, Zimbabwe, and Botswana, employing over 30,000 people at the peak of the sugar milling season. In the 2021 financial year, Tongaat Hul",rag_shared_document_finance_reports,baseline,1262,20,128.77,0.2288,Warm,14.789,61.6,5.12,18.0,0.0,0,6,6,18.0,18.0,none,lmcache_store_coldpass,1,"[""Qwen-Qwen2.5-0.5B-Instruct@1@0@1bc32130432bfffe@bfloat16.pt""]",rag,True
44,What were key employee outcomes in wages and benefits in 2023?,"Context: Tongaat Hulett and Implats ESG Report Summary — Tongaat Hulett is a leading agri-processing business focusing on the complementary activities of sugar production, property development, and starch production. The company operates in South Africa, Mozambique, Zimbabwe, and Botswana, employing over 30,000 people at the peak of the sugar milling season. In the 2021 financial year, Tongaat Hul","Context: Tongaat Hulett and Implats ESG Report Summary — Tongaat Hulett is a leading agri-processing business focusing on the complementary activities of sugar production, property development, and starch production. The company operates in South Africa, Mozambique, Zimbabwe, and Botswana, employing over 30,000 people at the peak of the sugar milling season. In the 2021 financial year, Tongaat Hulett produced approximately 1.1 million tons of sugar. The company has committed to reducing energy intensity by 20% by 2025, with specific targets for water efficiency improvement. Tongaat Hulett invests in socio-economic development (SED) and reported total SED expenditure in 2021 aligned with community needs. The Lost Time Injury Frequency Rate (LTIFR) is a critical safety metric tracked annually. The company's ESG framework aligns with the UN Sustainable Development Goals and operates under ISO 45001 certification. Implats (Impala Platinum Holdings Limited) is one of the world's foremost producers of platinum group metals (PGMs). The company's operations span South Africa and Zimbabwe, with managed operations including Impala Rustenburg, Marula, and Zimplats. Implats' ESG framework is built on three pillars focusing on environmental stewardship, social responsibility, and governance excellence. The PS3 strategy guides sustainability alignment. In 2023, Implats achieved significant safety milestones while investing heavily in socio-economic development and community projects. The company targets a 30% reduction in carbon emissions by 2030 and has invested in renewable energy projects including the 35MW solar PV project at Zimplats. Water recycling rates exceeded targets, and the company maintains strict environmental compliance across all operations. The GISTM (Global Industry Standard on Tailings Management) compliance roadmap is actively being implemented. Both companies utilise the six capitals framework (Financial, Manufactured, Intellectual, Human, Social/Relationship, Natural) to illustrate value creation and regularly engage with stakeholders through structured programmes. The double materiality principle used in ESG reporting assesses both inward financial materiality and outward impact materiality to provide comprehensive sustainability reporting aligned with global standards. Tongaat Hulett reported revenue of approximately R16.2 billion in 2021, with significant capital expenditure directed towards operational efficiency improvements and environmental sustainability initiatives. The company's manufactured capital includes six sugar mills across four countries with a combined crushing capacity exceeding 8 million tons of sugarcane per season. Employee training and development spend reached R45 million, reflecting commitment to human capital investment. Implats distributed over R50 billion in total value to stakeholders in 2023, including R28 billion in wages and benefits, R12 billion in taxes and royalties, and R2.3 billion in dividends. The company's total mineral reserves stand at approximately 190 million ounces of platinum group metals. Production across all operations exceeded 3.2 million ounces of refined PGMs. The Marula mine in Limpopo province employs over 5,000 people and has achieved milestone safety records. Environmental management across both organisations addresses water stewardship, carbon emissions reduction, waste minimisation, and biodiversity conservation. Tongaat Hulett's sugarcane operations in KwaZulu-Natal face increasing climate risks from drought and flooding events, while Implats' mining operations in the Bushveld Complex manage dust emissions, acid mine drainage, and tailings storage facility safety under stringent regulatory requirements. Tongaat Hulett and Implats ESG Report Summary — Tongaat Hulett is a leading agri-processing business focusing on the complementary activities of sugar production, property development, and starch production. The company operates in South Africa, Mozambique, Zimbabwe, and Botswana, employing over 30,000 people at the peak of the sugar milling season. In the 2021 financial year, Tongaat Hulett produced approximately 1.1 million tons of sugar. The company has committed to reducing energy intensity by 20% by 2025, with specific targets for water efficiency improvement. Tongaat Hulett invests in socio-economic development (SED) and reported total SED expenditure in 2021 aligned with community needs. The Lost Time Injury Frequency Rate (LTIFR) is a critical safety metric tracked annually. The company's ESG framework aligns with the UN Sustainable Development Goals and operates under ISO 45001 certification. Implats (Impala Platinum Holdings Limited) is one of the world's foremost producers of platinum group metals (PGMs). The company's operations span South Africa and Zimbabwe, with managed operations including Impala Rustenburg, Marula, and Zimplats. Implats' ESG framework is built on three pillars focusing on environmental stewardship, social responsibility, and governance excellence. The PS3 strategy guides sustainability alignment. In 2023, Implats achieved significant safety milestones while investing heavily in socio-economic development and community projects. The company targets a 30% reduction in carbon emissions by 2030 and has invested in renewable energy projects including the 35MW solar PV project at Zimplats. Water recycling rates exceeded targets, and the company maintains strict environmental compliance across all operations. The GISTM (Global Industry Standard on Tailings Management) compliance roadmap is actively being implemented. Both companies utilise the six capitals framework (Financial, Manufactured, Intellectual, Human, Social/Relationship, Natural) to illustrate value creation and regularly engage with stakeholders through structured programmes. The double materiality principle used in ESG reporting assesses both inward financial materiality and outward impact materiality to provide comprehensive sustainability reporting aligned with global standards. Tongaat Hulett reported revenue of approximately R16.2 billion in 2021, with significant capital expenditure directed towards operational efficiency improvements and environmental sustainability initiatives. The company's manufactured capital includes six sugar mills across four countries with a combined crushing capacity exceeding 8 million tons of sugar

What were key employee outcomes in wages and benefits in 2023?",What were key employee outcomes in wages and benefits in 2023?,"Focus question: What were key employee outcomes in wages and benefits in 2023?
Context profile: rag_shared_document_finance_reports
Prompt tokens: 1268
Context preview: Context: Tongaat Hulett and Implats ESG Report Summary — Tongaat Hulett is a leading agri-processing business focusing on the complementary activities of sugar production, property development, and starch production. The company operates in South Africa, Mozambique, Zimbabwe, and Botswana, employing over 30,000 people at the peak of the sugar milling season. In the 2021 financial year, Tongaat Hul",rag_shared_document_finance_reports,baseline,1268,20,108.32,0.2083,Warm,14.859,61.9,5.12,18.0,0.0,0,6,6,18.0,18.0,none,lmcache_store_coldpass,1,"[""Qwen-Qwen2.5-0.5B-Instruct@1@0@1bc32130432bfffe@bfloat16.pt""]",rag,True
45,Explain the PS3 strategy and sustainability alignment.,"Context: Tongaat Hulett and Implats ESG Report Summary — Tongaat Hulett is a leading agri-processing business focusing on the complementary activities of sugar production, property development, and starch production. The company operates in South Africa, Mozambique, Zimbabwe, and Botswana, employing over 30,000 people at the peak of the sugar milling season. In the 2021 financial year, Tongaat Hul","Context: Tongaat Hulett and Implats ESG Report Summary — Tongaat Hulett is a leading agri-processing business focusing on the complementary activities of sugar production, property development, and starch production. The company operates in South Africa, Mozambique, Zimbabwe, and Botswana, employing over 30,000 people at the peak of the sugar milling season. In the 2021 financial year, Tongaat Hulett produced approximately 1.1 million tons of sugar. The company has committed to reducing energy intensity by 20% by 2025, with specific targets for water efficiency improvement. Tongaat Hulett invests in socio-economic development (SED) and reported total SED expenditure in 2021 aligned with community needs. The Lost Time Injury Frequency Rate (LTIFR) is a critical safety metric tracked annually. The company's ESG framework aligns with the UN Sustainable Development Goals and operates under ISO 45001 certification. Implats (Impala Platinum Holdings Limited) is one of the world's foremost producers of platinum group metals (PGMs). The company's operations span South Africa and Zimbabwe, with managed operations including Impala Rustenburg, Marula, and Zimplats. Implats' ESG framework is built on three pillars focusing on environmental stewardship, social responsibility, and governance excellence. The PS3 strategy guides sustainability alignment. In 2023, Implats achieved significant safety milestones while investing heavily in socio-economic development and community projects. The company targets a 30% reduction in carbon emissions by 2030 and has invested in renewable energy projects including the 35MW solar PV project at Zimplats. Water recycling rates exceeded targets, and the company maintains strict environmental compliance across all operations. The GISTM (Global Industry Standard on Tailings Management) compliance roadmap is actively being implemented. Both companies utilise the six capitals framework (Financial, Manufactured, Intellectual, Human, Social/Relationship, Natural) to illustrate value creation and regularly engage with stakeholders through structured programmes. The double materiality principle used in ESG reporting assesses both inward financial materiality and outward impact materiality to provide comprehensive sustainability reporting aligned with global standards. Tongaat Hulett reported revenue of approximately R16.2 billion in 2021, with significant capital expenditure directed towards operational efficiency improvements and environmental sustainability initiatives. The company's manufactured capital includes six sugar mills across four countries with a combined crushing capacity exceeding 8 million tons of sugarcane per season. Employee training and development spend reached R45 million, reflecting commitment to human capital investment. Implats distributed over R50 billion in total value to stakeholders in 2023, including R28 billion in wages and benefits, R12 billion in taxes and royalties, and R2.3 billion in dividends. The company's total mineral reserves stand at approximately 190 million ounces of platinum group metals. Production across all operations exceeded 3.2 million ounces of refined PGMs. The Marula mine in Limpopo province employs over 5,000 people and has achieved milestone safety records. Environmental management across both organisations addresses water stewardship, carbon emissions reduction, waste minimisation, and biodiversity conservation. Tongaat Hulett's sugarcane operations in KwaZulu-Natal face increasing climate risks from drought and flooding events, while Implats' mining operations in the Bushveld Complex manage dust emissions, acid mine drainage, and tailings storage facility safety under stringent regulatory requirements. Tongaat Hulett and Implats ESG Report Summary — Tongaat Hulett is a leading agri-processing business focusing on the complementary activities of sugar production, property development, and starch production. The company operates in South Africa, Mozambique, Zimbabwe, and Botswana, employing over 30,000 people at the peak of the sugar milling season. In the 2021 financial year, Tongaat Hulett produced approximately 1.1 million tons of sugar. The company has committed to reducing energy intensity by 20% by 2025, with specific targets for water efficiency improvement. Tongaat Hulett invests in socio-economic development (SED) and reported total SED expenditure in 2021 aligned with community needs. The Lost Time Injury Frequency Rate (LTIFR) is a critical safety metric tracked annually. The company's ESG framework aligns with the UN Sustainable Development Goals and operates under ISO 45001 certification. Implats (Impala Platinum Holdings Limited) is one of the world's foremost producers of platinum group metals (PGMs). The company's operations span South Africa and Zimbabwe, with managed operations including Impala Rustenburg, Marula, and Zimplats. Implats' ESG framework is built on three pillars focusing on environmental stewardship, social responsibility, and governance excellence. The PS3 strategy guides sustainability alignment. In 2023, Implats achieved significant safety milestones while investing heavily in socio-economic development and community projects. The company targets a 30% reduction in carbon emissions by 2030 and has invested in renewable energy projects including the 35MW solar PV project at Zimplats. Water recycling rates exceeded targets, and the company maintains strict environmental compliance across all operations. The GISTM (Global Industry Standard on Tailings Management) compliance roadmap is actively being implemented. Both companies utilise the six capitals framework (Financial, Manufactured, Intellectual, Human, Social/Relationship, Natural) to illustrate value creation and regularly engage with stakeholders through structured programmes. The double materiality principle used in ESG reporting assesses both inward financial materiality and outward impact materiality to provide comprehensive sustainability reporting aligned with global standards. Tongaat Hulett reported revenue of approximately R16.2 billion in 2021, with significant capital expenditure directed towards operational efficiency improvements and environmental sustainability initiatives. The company's manufactured capital includes six sugar mills across four countries with a combined crushing capacity exceeding 8 million tons of sugar

Explain the PS3 strategy and sustainability alignment.",Explain the PS3 strategy and sustainability alignment.,"Focus question: Explain the PS3 strategy and sustainability alignment.
Context profile: rag_shared_document_finance_reports
Prompt tokens: 1262
Context preview: Context: Tongaat Hulett and Implats ESG Report Summary — Tongaat Hulett is a leading agri-processing business focusing on the complementary activities of sugar production, property development, and starch production. The company operates in South Africa, Mozambique, Zimbabwe, and Botswana, employing over 30,000 people at the peak of the sugar milling season. In the 2021 financial year, Tongaat Hul",rag_shared_document_finance_reports,baseline,1262,20,96.33,0.1963,Warm,14.789,61.6,5.12,18.0,0.0,0,6,6,18.0,18.0,none,lmcache_store_coldpass,1,"[""Qwen-Qwen2.5-0.5B-Instruct@1@0@1bc32130432bfffe@bfloat16.pt""]",rag,True
46,What is the carbon emissions reduction target by 2030?,"Context: Tongaat Hulett and Implats ESG Report Summary — Tongaat Hulett is a leading agri-processing business focusing on the complementary activities of sugar production, property development, and starch production. The company operates in South Africa, Mozambique, Zimbabwe, and Botswana, employing over 30,000 people at the peak of the sugar milling season. In the 2021 financial year, Tongaat Hul","Context: Tongaat Hulett and Implats ESG Report Summary — Tongaat Hulett is a leading agri-processing business focusing on the complementary activities of sugar production, property development, and starch production. The company operates in South Africa, Mozambique, Zimbabwe, and Botswana, employing over 30,000 people at the peak of the sugar milling season. In the 2021 financial year, Tongaat Hulett produced approximately 1.1 million tons of sugar. The company has committed to reducing energy intensity by 20% by 2025, with specific targets for water efficiency improvement. Tongaat Hulett invests in socio-economic development (SED) and reported total SED expenditure in 2021 aligned with community needs. The Lost Time Injury Frequency Rate (LTIFR) is a critical safety metric tracked annually. The company's ESG framework aligns with the UN Sustainable Development Goals and operates under ISO 45001 certification. Implats (Impala Platinum Holdings Limited) is one of the world's foremost producers of platinum group metals (PGMs). The company's operations span South Africa and Zimbabwe, with managed operations including Impala Rustenburg, Marula, and Zimplats. Implats' ESG framework is built on three pillars focusing on environmental stewardship, social responsibility, and governance excellence. The PS3 strategy guides sustainability alignment. In 2023, Implats achieved significant safety milestones while investing heavily in socio-economic development and community projects. The company targets a 30% reduction in carbon emissions by 2030 and has invested in renewable energy projects including the 35MW solar PV project at Zimplats. Water recycling rates exceeded targets, and the company maintains strict environmental compliance across all operations. The GISTM (Global Industry Standard on Tailings Management) compliance roadmap is actively being implemented. Both companies utilise the six capitals framework (Financial, Manufactured, Intellectual, Human, Social/Relationship, Natural) to illustrate value creation and regularly engage with stakeholders through structured programmes. The double materiality principle used in ESG reporting assesses both inward financial materiality and outward impact materiality to provide comprehensive sustainability reporting aligned with global standards. Tongaat Hulett reported revenue of approximately R16.2 billion in 2021, with significant capital expenditure directed towards operational efficiency improvements and environmental sustainability initiatives. The company's manufactured capital includes six sugar mills across four countries with a combined crushing capacity exceeding 8 million tons of sugarcane per season. Employee training and development spend reached R45 million, reflecting commitment to human capital investment. Implats distributed over R50 billion in total value to stakeholders in 2023, including R28 billion in wages and benefits, R12 billion in taxes and royalties, and R2.3 billion in dividends. The company's total mineral reserves stand at approximately 190 million ounces of platinum group metals. Production across all operations exceeded 3.2 million ounces of refined PGMs. The Marula mine in Limpopo province employs over 5,000 people and has achieved milestone safety records. Environmental management across both organisations addresses water stewardship, carbon emissions reduction, waste minimisation, and biodiversity conservation. Tongaat Hulett's sugarcane operations in KwaZulu-Natal face increasing climate risks from drought and flooding events, while Implats' mining operations in the Bushveld Complex manage dust emissions, acid mine drainage, and tailings storage facility safety under stringent regulatory requirements. Tongaat Hulett and Implats ESG Report Summary — Tongaat Hulett is a leading agri-processing business focusing on the complementary activities of sugar production, property development, and starch production. The company operates in South Africa, Mozambique, Zimbabwe, and Botswana, employing over 30,000 people at the peak of the sugar milling season. In the 2021 financial year, Tongaat Hulett produced approximately 1.1 million tons of sugar. The company has committed to reducing energy intensity by 20% by 2025, with specific targets for water efficiency improvement. Tongaat Hulett invests in socio-economic development (SED) and reported total SED expenditure in 2021 aligned with community needs. The Lost Time Injury Frequency Rate (LTIFR) is a critical safety metric tracked annually. The company's ESG framework aligns with the UN Sustainable Development Goals and operates under ISO 45001 certification. Implats (Impala Platinum Holdings Limited) is one of the world's foremost producers of platinum group metals (PGMs). The company's operations span South Africa and Zimbabwe, with managed operations including Impala Rustenburg, Marula, and Zimplats. Implats' ESG framework is built on three pillars focusing on environmental stewardship, social responsibility, and governance excellence. The PS3 strategy guides sustainability alignment. In 2023, Implats achieved significant safety milestones while investing heavily in socio-economic development and community projects. The company targets a 30% reduction in carbon emissions by 2030 and has invested in renewable energy projects including the 35MW solar PV project at Zimplats. Water recycling rates exceeded targets, and the company maintains strict environmental compliance across all operations. The GISTM (Global Industry Standard on Tailings Management) compliance roadmap is actively being implemented. Both companies utilise the six capitals framework (Financial, Manufactured, Intellectual, Human, Social/Relationship, Natural) to illustrate value creation and regularly engage with stakeholders through structured programmes. The double materiality principle used in ESG reporting assesses both inward financial materiality and outward impact materiality to provide comprehensive sustainability reporting aligned with global standards. Tongaat Hulett reported revenue of approximately R16.2 billion in 2021, with significant capital expenditure directed towards operational efficiency improvements and environmental sustainability initiatives. The company's manufactured capital includes six sugar mills across four countries with a combined crushing capacity exceeding 8 million tons of sugar

What is the carbon emissions reduction target by 2030?",What is the carbon emissions reduction target by 2030?,"Focus question: What is the carbon emissions reduction target by 2030?
Context profile: rag_shared_document_finance_reports
Prompt tokens: 1266
Context preview: Context: Tongaat Hulett and Implats ESG Report Summary — Tongaat Hulett is a leading agri-processing business focusing on the complementary activities of sugar production, property development, and starch production. The company operates in South Africa, Mozambique, Zimbabwe, and Botswana, employing over 30,000 people at the peak of the sugar milling season. In the 2021 financial year, Tongaat Hul",rag_shared_document_finance_reports,baseline,1266,20,86.99,0.187,Warm,14.836,61.8,5.12,18.0,0.0,0,6,6,18.0,18.0,none,lmcache_store_coldpass,1,"[""Qwen-Qwen2.5-0.5B-Instruct@1@0@1bc32130432bfffe@bfloat16.pt""]",rag,True
47,Describe SO2 abatement technology installation at Zimplats.,"Context: Tongaat Hulett and Implats ESG Report Summary — Tongaat Hulett is a leading agri-processing business focusing on the complementary activities of sugar production, property development, and starch production. The company operates in South Africa, Mozambique, Zimbabwe, and Botswana, employing over 30,000 people at the peak of the sugar milling season. In the 2021 financial year, Tongaat Hul","Context: Tongaat Hulett and Implats ESG Report Summary — Tongaat Hulett is a leading agri-processing business focusing on the complementary activities of sugar production, property development, and starch production. The company operates in South Africa, Mozambique, Zimbabwe, and Botswana, employing over 30,000 people at the peak of the sugar milling season. In the 2021 financial year, Tongaat Hulett produced approximately 1.1 million tons of sugar. The company has committed to reducing energy intensity by 20% by 2025, with specific targets for water efficiency improvement. Tongaat Hulett invests in socio-economic development (SED) and reported total SED expenditure in 2021 aligned with community needs. The Lost Time Injury Frequency Rate (LTIFR) is a critical safety metric tracked annually. The company's ESG framework aligns with the UN Sustainable Development Goals and operates under ISO 45001 certification. Implats (Impala Platinum Holdings Limited) is one of the world's foremost producers of platinum group metals (PGMs). The company's operations span South Africa and Zimbabwe, with managed operations including Impala Rustenburg, Marula, and Zimplats. Implats' ESG framework is built on three pillars focusing on environmental stewardship, social responsibility, and governance excellence. The PS3 strategy guides sustainability alignment. In 2023, Implats achieved significant safety milestones while investing heavily in socio-economic development and community projects. The company targets a 30% reduction in carbon emissions by 2030 and has invested in renewable energy projects including the 35MW solar PV project at Zimplats. Water recycling rates exceeded targets, and the company maintains strict environmental compliance across all operations. The GISTM (Global Industry Standard on Tailings Management) compliance roadmap is actively being implemented. Both companies utilise the six capitals framework (Financial, Manufactured, Intellectual, Human, Social/Relationship, Natural) to illustrate value creation and regularly engage with stakeholders through structured programmes. The double materiality principle used in ESG reporting assesses both inward financial materiality and outward impact materiality to provide comprehensive sustainability reporting aligned with global standards. Tongaat Hulett reported revenue of approximately R16.2 billion in 2021, with significant capital expenditure directed towards operational efficiency improvements and environmental sustainability initiatives. The company's manufactured capital includes six sugar mills across four countries with a combined crushing capacity exceeding 8 million tons of sugarcane per season. Employee training and development spend reached R45 million, reflecting commitment to human capital investment. Implats distributed over R50 billion in total value to stakeholders in 2023, including R28 billion in wages and benefits, R12 billion in taxes and royalties, and R2.3 billion in dividends. The company's total mineral reserves stand at approximately 190 million ounces of platinum group metals. Production across all operations exceeded 3.2 million ounces of refined PGMs. The Marula mine in Limpopo province employs over 5,000 people and has achieved milestone safety records. Environmental management across both organisations addresses water stewardship, carbon emissions reduction, waste minimisation, and biodiversity conservation. Tongaat Hulett's sugarcane operations in KwaZulu-Natal face increasing climate risks from drought and flooding events, while Implats' mining operations in the Bushveld Complex manage dust emissions, acid mine drainage, and tailings storage facility safety under stringent regulatory requirements. Tongaat Hulett and Implats ESG Report Summary — Tongaat Hulett is a leading agri-processing business focusing on the complementary activities of sugar production, property development, and starch production. The company operates in South Africa, Mozambique, Zimbabwe, and Botswana, employing over 30,000 people at the peak of the sugar milling season. In the 2021 financial year, Tongaat Hulett produced approximately 1.1 million tons of sugar. The company has committed to reducing energy intensity by 20% by 2025, with specific targets for water efficiency improvement. Tongaat Hulett invests in socio-economic development (SED) and reported total SED expenditure in 2021 aligned with community needs. The Lost Time Injury Frequency Rate (LTIFR) is a critical safety metric tracked annually. The company's ESG framework aligns with the UN Sustainable Development Goals and operates under ISO 45001 certification. Implats (Impala Platinum Holdings Limited) is one of the world's foremost producers of platinum group metals (PGMs). The company's operations span South Africa and Zimbabwe, with managed operations including Impala Rustenburg, Marula, and Zimplats. Implats' ESG framework is built on three pillars focusing on environmental stewardship, social responsibility, and governance excellence. The PS3 strategy guides sustainability alignment. In 2023, Implats achieved significant safety milestones while investing heavily in socio-economic development and community projects. The company targets a 30% reduction in carbon emissions by 2030 and has invested in renewable energy projects including the 35MW solar PV project at Zimplats. Water recycling rates exceeded targets, and the company maintains strict environmental compliance across all operations. The GISTM (Global Industry Standard on Tailings Management) compliance roadmap is actively being implemented. Both companies utilise the six capitals framework (Financial, Manufactured, Intellectual, Human, Social/Relationship, Natural) to illustrate value creation and regularly engage with stakeholders through structured programmes. The double materiality principle used in ESG reporting assesses both inward financial materiality and outward impact materiality to provide comprehensive sustainability reporting aligned with global standards. Tongaat Hulett reported revenue of approximately R16.2 billion in 2021, with significant capital expenditure directed towards operational efficiency improvements and environmental sustainability initiatives. The company's manufactured capital includes six sugar mills across four countries with a combined crushing capacity exceeding 8 million tons of sugar

Describe SO2 abatement technology installation at Zimplats.",Describe SO2 abatement technology installation at Zimplats.,"Focus question: Describe SO2 abatement technology installation at Zimplats.
Context profile: rag_shared_document_finance_reports
Prompt tokens: 1264
Context preview: Context: Tongaat Hulett and Implats ESG Report Summary — Tongaat Hulett is a leading agri-processing business focusing on the complementary activities of sugar production, property development, and starch production. The company operates in South Africa, Mozambique, Zimbabwe, and Botswana, employing over 30,000 people at the peak of the sugar milling season. In the 2021 financial year, Tongaat Hul",rag_shared_document_finance_reports,baseline,1264,20,78.91,0.1789,Warm,14.812,61.7,5.12,18.0,0.0,0,6,6,18.0,18.0,none,lmcache_store_coldpass,1,"[""Qwen-Qwen2.5-0.5B-Instruct@1@0@1bc32130432bfffe@bfloat16.pt""]",rag,True
48,What external ESG ratings were received from MSCI and S&P Global?,"Context: Tongaat Hulett and Implats ESG Report Summary — Tongaat Hulett is a leading agri-processing business focusing on the complementary activities of sugar production, property development, and starch production. The company operates in South Africa, Mozambique, Zimbabwe, and Botswana, employing over 30,000 people at the peak of the sugar milling season. In the 2021 financial year, Tongaat Hul","Context: Tongaat Hulett and Implats ESG Report Summary — Tongaat Hulett is a leading agri-processing business focusing on the complementary activities of sugar production, property development, and starch production. The company operates in South Africa, Mozambique, Zimbabwe, and Botswana, employing over 30,000 people at the peak of the sugar milling season. In the 2021 financial year, Tongaat Hulett produced approximately 1.1 million tons of sugar. The company has committed to reducing energy intensity by 20% by 2025, with specific targets for water efficiency improvement. Tongaat Hulett invests in socio-economic development (SED) and reported total SED expenditure in 2021 aligned with community needs. The Lost Time Injury Frequency Rate (LTIFR) is a critical safety metric tracked annually. The company's ESG framework aligns with the UN Sustainable Development Goals and operates under ISO 45001 certification. Implats (Impala Platinum Holdings Limited) is one of the world's foremost producers of platinum group metals (PGMs). The company's operations span South Africa and Zimbabwe, with managed operations including Impala Rustenburg, Marula, and Zimplats. Implats' ESG framework is built on three pillars focusing on environmental stewardship, social responsibility, and governance excellence. The PS3 strategy guides sustainability alignment. In 2023, Implats achieved significant safety milestones while investing heavily in socio-economic development and community projects. The company targets a 30% reduction in carbon emissions by 2030 and has invested in renewable energy projects including the 35MW solar PV project at Zimplats. Water recycling rates exceeded targets, and the company maintains strict environmental compliance across all operations. The GISTM (Global Industry Standard on Tailings Management) compliance roadmap is actively being implemented. Both companies utilise the six capitals framework (Financial, Manufactured, Intellectual, Human, Social/Relationship, Natural) to illustrate value creation and regularly engage with stakeholders through structured programmes. The double materiality principle used in ESG reporting assesses both inward financial materiality and outward impact materiality to provide comprehensive sustainability reporting aligned with global standards. Tongaat Hulett reported revenue of approximately R16.2 billion in 2021, with significant capital expenditure directed towards operational efficiency improvements and environmental sustainability initiatives. The company's manufactured capital includes six sugar mills across four countries with a combined crushing capacity exceeding 8 million tons of sugarcane per season. Employee training and development spend reached R45 million, reflecting commitment to human capital investment. Implats distributed over R50 billion in total value to stakeholders in 2023, including R28 billion in wages and benefits, R12 billion in taxes and royalties, and R2.3 billion in dividends. The company's total mineral reserves stand at approximately 190 million ounces of platinum group metals. Production across all operations exceeded 3.2 million ounces of refined PGMs. The Marula mine in Limpopo province employs over 5,000 people and has achieved milestone safety records. Environmental management across both organisations addresses water stewardship, carbon emissions reduction, waste minimisation, and biodiversity conservation. Tongaat Hulett's sugarcane operations in KwaZulu-Natal face increasing climate risks from drought and flooding events, while Implats' mining operations in the Bushveld Complex manage dust emissions, acid mine drainage, and tailings storage facility safety under stringent regulatory requirements. Tongaat Hulett and Implats ESG Report Summary — Tongaat Hulett is a leading agri-processing business focusing on the complementary activities of sugar production, property development, and starch production. The company operates in South Africa, Mozambique, Zimbabwe, and Botswana, employing over 30,000 people at the peak of the sugar milling season. In the 2021 financial year, Tongaat Hulett produced approximately 1.1 million tons of sugar. The company has committed to reducing energy intensity by 20% by 2025, with specific targets for water efficiency improvement. Tongaat Hulett invests in socio-economic development (SED) and reported total SED expenditure in 2021 aligned with community needs. The Lost Time Injury Frequency Rate (LTIFR) is a critical safety metric tracked annually. The company's ESG framework aligns with the UN Sustainable Development Goals and operates under ISO 45001 certification. Implats (Impala Platinum Holdings Limited) is one of the world's foremost producers of platinum group metals (PGMs). The company's operations span South Africa and Zimbabwe, with managed operations including Impala Rustenburg, Marula, and Zimplats. Implats' ESG framework is built on three pillars focusing on environmental stewardship, social responsibility, and governance excellence. The PS3 strategy guides sustainability alignment. In 2023, Implats achieved significant safety milestones while investing heavily in socio-economic development and community projects. The company targets a 30% reduction in carbon emissions by 2030 and has invested in renewable energy projects including the 35MW solar PV project at Zimplats. Water recycling rates exceeded targets, and the company maintains strict environmental compliance across all operations. The GISTM (Global Industry Standard on Tailings Management) compliance roadmap is actively being implemented. Both companies utilise the six capitals framework (Financial, Manufactured, Intellectual, Human, Social/Relationship, Natural) to illustrate value creation and regularly engage with stakeholders through structured programmes. The double materiality principle used in ESG reporting assesses both inward financial materiality and outward impact materiality to provide comprehensive sustainability reporting aligned with global standards. Tongaat Hulett reported revenue of approximately R16.2 billion in 2021, with significant capital expenditure directed towards operational efficiency improvements and environmental sustainability initiatives. The company's manufactured capital includes six sugar mills across four countries with a combined crushing capacity exceeding 8 million tons of sugar

What external ESG ratings were received from MSCI and S&P Global?",What external ESG ratings were received from MSCI and S&P Global?,"Focus question: What external ESG ratings were received from MSCI and S&P Global?
Context profile: rag_shared_document_finance_reports
Prompt tokens: 1267
Context preview: Context: Tongaat Hulett and Implats ESG Report Summary — Tongaat Hulett is a leading agri-processing business focusing on the complementary activities of sugar production, property development, and starch production. The company operates in South Africa, Mozambique, Zimbabwe, and Botswana, employing over 30,000 people at the peak of the sugar milling season. In the 2021 financial year, Tongaat Hul",rag_shared_document_finance_reports,baseline,1267,20,70.97,0.171,Warm,14.848,61.9,5.12,18.0,0.0,0,6,6,18.0,18.0,none,lmcache_store_coldpass,1,"[""Qwen-Qwen2.5-0.5B-Instruct@1@0@1bc32130432bfffe@bfloat16.pt""]",rag,True
49,How does Implats manage air quality and reduce emissions?,"Context: Tongaat Hulett and Implats ESG Report Summary — Tongaat Hulett is a leading agri-processing business focusing on the complementary activities of sugar production, property development, and starch production. The company operates in South Africa, Mozambique, Zimbabwe, and Botswana, employing over 30,000 people at the peak of the sugar milling season. In the 2021 financial year, Tongaat Hul","Context: Tongaat Hulett and Implats ESG Report Summary — Tongaat Hulett is a leading agri-processing business focusing on the complementary activities of sugar production, property development, and starch production. The company operates in South Africa, Mozambique, Zimbabwe, and Botswana, employing over 30,000 people at the peak of the sugar milling season. In the 2021 financial year, Tongaat Hulett produced approximately 1.1 million tons of sugar. The company has committed to reducing energy intensity by 20% by 2025, with specific targets for water efficiency improvement. Tongaat Hulett invests in socio-economic development (SED) and reported total SED expenditure in 2021 aligned with community needs. The Lost Time Injury Frequency Rate (LTIFR) is a critical safety metric tracked annually. The company's ESG framework aligns with the UN Sustainable Development Goals and operates under ISO 45001 certification. Implats (Impala Platinum Holdings Limited) is one of the world's foremost producers of platinum group metals (PGMs). The company's operations span South Africa and Zimbabwe, with managed operations including Impala Rustenburg, Marula, and Zimplats. Implats' ESG framework is built on three pillars focusing on environmental stewardship, social responsibility, and governance excellence. The PS3 strategy guides sustainability alignment. In 2023, Implats achieved significant safety milestones while investing heavily in socio-economic development and community projects. The company targets a 30% reduction in carbon emissions by 2030 and has invested in renewable energy projects including the 35MW solar PV project at Zimplats. Water recycling rates exceeded targets, and the company maintains strict environmental compliance across all operations. The GISTM (Global Industry Standard on Tailings Management) compliance roadmap is actively being implemented. Both companies utilise the six capitals framework (Financial, Manufactured, Intellectual, Human, Social/Relationship, Natural) to illustrate value creation and regularly engage with stakeholders through structured programmes. The double materiality principle used in ESG reporting assesses both inward financial materiality and outward impact materiality to provide comprehensive sustainability reporting aligned with global standards. Tongaat Hulett reported revenue of approximately R16.2 billion in 2021, with significant capital expenditure directed towards operational efficiency improvements and environmental sustainability initiatives. The company's manufactured capital includes six sugar mills across four countries with a combined crushing capacity exceeding 8 million tons of sugarcane per season. Employee training and development spend reached R45 million, reflecting commitment to human capital investment. Implats distributed over R50 billion in total value to stakeholders in 2023, including R28 billion in wages and benefits, R12 billion in taxes and royalties, and R2.3 billion in dividends. The company's total mineral reserves stand at approximately 190 million ounces of platinum group metals. Production across all operations exceeded 3.2 million ounces of refined PGMs. The Marula mine in Limpopo province employs over 5,000 people and has achieved milestone safety records. Environmental management across both organisations addresses water stewardship, carbon emissions reduction, waste minimisation, and biodiversity conservation. Tongaat Hulett's sugarcane operations in KwaZulu-Natal face increasing climate risks from drought and flooding events, while Implats' mining operations in the Bushveld Complex manage dust emissions, acid mine drainage, and tailings storage facility safety under stringent regulatory requirements. Tongaat Hulett and Implats ESG Report Summary — Tongaat Hulett is a leading agri-processing business focusing on the complementary activities of sugar production, property development, and starch production. The company operates in South Africa, Mozambique, Zimbabwe, and Botswana, employing over 30,000 people at the peak of the sugar milling season. In the 2021 financial year, Tongaat Hulett produced approximately 1.1 million tons of sugar. The company has committed to reducing energy intensity by 20% by 2025, with specific targets for water efficiency improvement. Tongaat Hulett invests in socio-economic development (SED) and reported total SED expenditure in 2021 aligned with community needs. The Lost Time Injury Frequency Rate (LTIFR) is a critical safety metric tracked annually. The company's ESG framework aligns with the UN Sustainable Development Goals and operates under ISO 45001 certification. Implats (Impala Platinum Holdings Limited) is one of the world's foremost producers of platinum group metals (PGMs). The company's operations span South Africa and Zimbabwe, with managed operations including Impala Rustenburg, Marula, and Zimplats. Implats' ESG framework is built on three pillars focusing on environmental stewardship, social responsibility, and governance excellence. The PS3 strategy guides sustainability alignment. In 2023, Implats achieved significant safety milestones while investing heavily in socio-economic development and community projects. The company targets a 30% reduction in carbon emissions by 2030 and has invested in renewable energy projects including the 35MW solar PV project at Zimplats. Water recycling rates exceeded targets, and the company maintains strict environmental compliance across all operations. The GISTM (Global Industry Standard on Tailings Management) compliance roadmap is actively being implemented. Both companies utilise the six capitals framework (Financial, Manufactured, Intellectual, Human, Social/Relationship, Natural) to illustrate value creation and regularly engage with stakeholders through structured programmes. The double materiality principle used in ESG reporting assesses both inward financial materiality and outward impact materiality to provide comprehensive sustainability reporting aligned with global standards. Tongaat Hulett reported revenue of approximately R16.2 billion in 2021, with significant capital expenditure directed towards operational efficiency improvements and environmental sustainability initiatives. The company's manufactured capital includes six sugar mills across four countries with a combined crushing capacity exceeding 8 million tons of sugar

How does Implats manage air quality and reduce emissions?",How does Implats manage air quality and reduce emissions?,"Focus question: How does Implats manage air quality and reduce emissions?
Context profile: rag_shared_document_finance_reports
Prompt tokens: 1263
Context preview: Context: Tongaat Hulett and Implats ESG Report Summary — Tongaat Hulett is a leading agri-processing business focusing on the complementary activities of sugar production, property development, and starch production. The company operates in South Africa, Mozambique, Zimbabwe, and Botswana, employing over 30,000 people at the peak of the sugar milling season. In the 2021 financial year, Tongaat Hul",rag_shared_document_finance_reports,baseline,1263,20,68.0,0.168,Warm,14.801,61.7,5.12,18.0,0.0,0,6,6,18.0,18.0,none,lmcache_store_coldpass,1,"[""Qwen-Qwen2.5-0.5B-Instruct@1@0@1bc32130432bfffe@bfloat16.pt""]",rag,True
50,Summarize the RBPlat acquisition significance for Western Limb.,"Context: Tongaat Hulett and Implats ESG Report Summary — Tongaat Hulett is a leading agri-processing business focusing on the complementary activities of sugar production, property development, and starch production. The company operates in South Africa, Mozambique, Zimbabwe, and Botswana, employing over 30,000 people at the peak of the sugar milling season. In the 2021 financial year, Tongaat Hul","Context: Tongaat Hulett and Implats ESG Report Summary — Tongaat Hulett is a leading agri-processing business focusing on the complementary activities of sugar production, property development, and starch production. The company operates in South Africa, Mozambique, Zimbabwe, and Botswana, employing over 30,000 people at the peak of the sugar milling season. In the 2021 financial year, Tongaat Hulett produced approximately 1.1 million tons of sugar. The company has committed to reducing energy intensity by 20% by 2025, with specific targets for water efficiency improvement. Tongaat Hulett invests in socio-economic development (SED) and reported total SED expenditure in 2021 aligned with community needs. The Lost Time Injury Frequency Rate (LTIFR) is a critical safety metric tracked annually. The company's ESG framework aligns with the UN Sustainable Development Goals and operates under ISO 45001 certification. Implats (Impala Platinum Holdings Limited) is one of the world's foremost producers of platinum group metals (PGMs). The company's operations span South Africa and Zimbabwe, with managed operations including Impala Rustenburg, Marula, and Zimplats. Implats' ESG framework is built on three pillars focusing on environmental stewardship, social responsibility, and governance excellence. The PS3 strategy guides sustainability alignment. In 2023, Implats achieved significant safety milestones while investing heavily in socio-economic development and community projects. The company targets a 30% reduction in carbon emissions by 2030 and has invested in renewable energy projects including the 35MW solar PV project at Zimplats. Water recycling rates exceeded targets, and the company maintains strict environmental compliance across all operations. The GISTM (Global Industry Standard on Tailings Management) compliance roadmap is actively being implemented. Both companies utilise the six capitals framework (Financial, Manufactured, Intellectual, Human, Social/Relationship, Natural) to illustrate value creation and regularly engage with stakeholders through structured programmes. The double materiality principle used in ESG reporting assesses both inward financial materiality and outward impact materiality to provide comprehensive sustainability reporting aligned with global standards. Tongaat Hulett reported revenue of approximately R16.2 billion in 2021, with significant capital expenditure directed towards operational efficiency improvements and environmental sustainability initiatives. The company's manufactured capital includes six sugar mills across four countries with a combined crushing capacity exceeding 8 million tons of sugarcane per season. Employee training and development spend reached R45 million, reflecting commitment to human capital investment. Implats distributed over R50 billion in total value to stakeholders in 2023, including R28 billion in wages and benefits, R12 billion in taxes and royalties, and R2.3 billion in dividends. The company's total mineral reserves stand at approximately 190 million ounces of platinum group metals. Production across all operations exceeded 3.2 million ounces of refined PGMs. The Marula mine in Limpopo province employs over 5,000 people and has achieved milestone safety records. Environmental management across both organisations addresses water stewardship, carbon emissions reduction, waste minimisation, and biodiversity conservation. Tongaat Hulett's sugarcane operations in KwaZulu-Natal face increasing climate risks from drought and flooding events, while Implats' mining operations in the Bushveld Complex manage dust emissions, acid mine drainage, and tailings storage facility safety under stringent regulatory requirements. Tongaat Hulett and Implats ESG Report Summary — Tongaat Hulett is a leading agri-processing business focusing on the complementary activities of sugar production, property development, and starch production. The company operates in South Africa, Mozambique, Zimbabwe, and Botswana, employing over 30,000 people at the peak of the sugar milling season. In the 2021 financial year, Tongaat Hulett produced approximately 1.1 million tons of sugar. The company has committed to reducing energy intensity by 20% by 2025, with specific targets for water efficiency improvement. Tongaat Hulett invests in socio-economic development (SED) and reported total SED expenditure in 2021 aligned with community needs. The Lost Time Injury Frequency Rate (LTIFR) is a critical safety metric tracked annually. The company's ESG framework aligns with the UN Sustainable Development Goals and operates under ISO 45001 certification. Implats (Impala Platinum Holdings Limited) is one of the world's foremost producers of platinum group metals (PGMs). The company's operations span South Africa and Zimbabwe, with managed operations including Impala Rustenburg, Marula, and Zimplats. Implats' ESG framework is built on three pillars focusing on environmental stewardship, social responsibility, and governance excellence. The PS3 strategy guides sustainability alignment. In 2023, Implats achieved significant safety milestones while investing heavily in socio-economic development and community projects. The company targets a 30% reduction in carbon emissions by 2030 and has invested in renewable energy projects including the 35MW solar PV project at Zimplats. Water recycling rates exceeded targets, and the company maintains strict environmental compliance across all operations. The GISTM (Global Industry Standard on Tailings Management) compliance roadmap is actively being implemented. Both companies utilise the six capitals framework (Financial, Manufactured, Intellectual, Human, Social/Relationship, Natural) to illustrate value creation and regularly engage with stakeholders through structured programmes. The double materiality principle used in ESG reporting assesses both inward financial materiality and outward impact materiality to provide comprehensive sustainability reporting aligned with global standards. Tongaat Hulett reported revenue of approximately R16.2 billion in 2021, with significant capital expenditure directed towards operational efficiency improvements and environmental sustainability initiatives. The company's manufactured capital includes six sugar mills across four countries with a combined crushing capacity exceeding 8 million tons of sugar

Summarize the RBPlat acquisition significance for Western Limb.",Summarize the RBPlat acquisition significance for Western Limb.,"Focus question: Summarize the RBPlat acquisition significance for Western Limb.
Context profile: rag_shared_document_finance_reports
Prompt tokens: 1266
Context preview: Context: Tongaat Hulett and Implats ESG Report Summary — Tongaat Hulett is a leading agri-processing business focusing on the complementary activities of sugar production, property development, and starch production. The company operates in South Africa, Mozambique, Zimbabwe, and Botswana, employing over 30,000 people at the peak of the sugar milling season. In the 2021 financial year, Tongaat Hul",rag_shared_document_finance_reports,baseline,1266,20,57.77,0.1578,Warm,14.836,61.8,5.12,18.0,0.0,0,6,6,18.0,18.0,none,lmcache_store_coldpass,1,"[""Qwen-Qwen2.5-0.5B-Instruct@1@0@1bc32130432bfffe@bfloat16.pt""]",rag,True
1,Who is the founder of Microsoft?,Who is the founder of Microsoft?,Who is the founder of Microsoft?,Who is the founder of Microsoft?,"Focus question: Who is the founder of Microsoft?
Context profile: no_shared_context
Prompt tokens: 7
Context preview: Who is the founder of Microsoft?",no_shared_context,baseline,7,20,33.35,0.1333,Cold,0.082,0.3,5.12,18.0,0.0,0,6,6,18.0,18.0,none,lmcache_store_coldpass,1,"[""Qwen-Qwen2.5-0.5B-Instruct@1@0@-a45a6c9c781278c@bfloat16.pt""]",nocontext,True
2,What is the chemical symbol for sodium?,What is the chemical symbol for sodium?,What is the chemical symbol for sodium?,What is the chemical symbol for sodium?,"Focus question: What is the chemical symbol for sodium?
Context profile: no_shared_context
Prompt tokens: 8
Context preview: What is the chemical symbol for sodium?",no_shared_context,baseline,8,20,29.26,0.1293,Warm,0.094,0.4,5.12,18.0,0.0,0,6,6,18.0,18.0,none,lmcache_store_coldpass,1,"[""Qwen-Qwen2.5-0.5B-Instruct@1@0@-a45a6c9c781278c@bfloat16.pt""]",nocontext,True
3,How many players are there in a baseball team?,How many players are there in a baseball team?,How many players are there in a baseball team?,How many players are there in a baseball team?,"Focus question: How many players are there in a baseball team?
Context profile: no_shared_context
Prompt tokens: 10
Context preview: How many players are there in a baseball team?",no_shared_context,baseline,10,20,29.59,0.1296,Warm,0.117,0.5,5.12,18.0,0.0,0,6,6,18.0,18.0,none,lmcache_store_coldpass,1,"[""Qwen-Qwen2.5-0.5B-Instruct@1@0@-a45a6c9c781278c@bfloat16.pt""]",nocontext,True
4,What year did World War II end?,What year did World War II end?,What year did World War II end?,What year did World War II end?,"Focus question: What year did World War II end?
Context profile: no_shared_context
Prompt tokens: 8
Context preview: What year did World War II end?",no_shared_context,baseline,8,20,29.64,0.1296,Warm,0.094,0.4,5.12,18.0,0.0,0,6,6,18.0,18.0,none,lmcache_store_coldpass,1,"[""Qwen-Qwen2.5-0.5B-Instruct@1@0@-a45a6c9c781278c@bfloat16.pt""]",nocontext,True
5,What is the tallest species of tree?,What is the tallest species of tree?,What is the tallest species of tree?,What is the tallest species of tree?,"Focus question: What is the tallest species of tree?
Context profile: no_shared_context
Prompt tokens: 8
Context preview: What is the tallest species of tree?",no_shared_context,baseline,8,20,29.8,0.1298,Warm,0.094,0.4,5.12,18.0,0.0,0,6,6,18.0,18.0,none,lmcache_store_coldpass,1,"[""Qwen-Qwen2.5-0.5B-Instruct@1@0@-a45a6c9c781278c@bfloat16.pt""]",nocontext,True
6,Who wrote The Divine Comedy?,Who wrote The Divine Comedy?,Who wrote The Divine Comedy?,Who wrote The Divine Comedy?,"Focus question: Who wrote The Divine Comedy?
Context profile: no_shared_context
Prompt tokens: 6
Context preview: Who wrote The Divine Comedy?",no_shared_context,baseline,6,20,29.39,0.1294,Warm,0.07,0.3,5.12,18.0,0.0,0,6,6,18.0,18.0,none,lmcache_store_coldpass,1,"[""Qwen-Qwen2.5-0.5B-Instruct@1@0@-a45a6c9c781278c@bfloat16.pt""]",nocontext,True
7,What is the hardest rock type?,What is the hardest rock type?,What is the hardest rock type?,What is the hardest rock type?,"Focus question: What is the hardest rock type?
Context profile: no_shared_context
Prompt tokens: 7
Context preview: What is the hardest rock type?",no_shared_context,baseline,7,20,29.5,0.1295,Warm,0.082,0.3,5.12,18.0,0.0,0,6,6,18.0,18.0,none,lmcache_store_coldpass,1,"[""Qwen-Qwen2.5-0.5B-Instruct@1@0@-a45a6c9c781278c@bfloat16.pt""]",nocontext,True
8,How many hearts does a squid have?,How many hearts does a squid have?,How many hearts does a squid have?,How many hearts does a squid have?,"Focus question: How many hearts does a squid have?
Context profile: no_shared_context
Prompt tokens: 8
Context preview: How many hearts does a squid have?",no_shared_context,baseline,8,20,29.55,0.1295,Warm,0.094,0.4,5.12,18.0,0.0,0,6,6,18.0,18.0,none,lmcache_store_coldpass,1,"[""Qwen-Qwen2.5-0.5B-Instruct@1@0@-a45a6c9c781278c@bfloat16.pt""]",nocontext,True
9,What is the main ingredient in guacamole?,What is the main ingredient in guacamole?,What is the main ingredient in guacamole?,What is the main ingredient in guacamole?,"Focus question: What is the main ingredient in guacamole?
Context profile: no_shared_context
Prompt tokens: 10
Context preview: What is the main ingredient in guacamole?",no_shared_context,baseline,10,20,29.85,0.1299,Warm,0.117,0.5,5.12,18.0,0.0,0,6,6,18.0,18.0,none,lmcache_store_coldpass,1,"[""Qwen-Qwen2.5-0.5B-Instruct@1@0@-a45a6c9c781278c@bfloat16.pt""]",nocontext,True
10,Who developed the polio vaccine?,Who developed the polio vaccine?,Who developed the polio vaccine?,Who developed the polio vaccine?,"Focus question: Who developed the polio vaccine?
Context profile: no_shared_context
Prompt tokens: 7
Context preview: Who developed the polio vaccine?",no_shared_context,baseline,7,20,29.82,0.1298,Warm,0.082,0.3,5.12,18.0,0.0,0,6,6,18.0,18.0,none,lmcache_store_coldpass,1,"[""Qwen-Qwen2.5-0.5B-Instruct@1@0@-a45a6c9c781278c@bfloat16.pt""]",nocontext,True
11,What is the longest-running Broadway show?,What is the longest-running Broadway show?,What is the longest-running Broadway show?,What is the longest-running Broadway show?,"Focus question: What is the longest-running Broadway show?
Context profile: no_shared_context
Prompt tokens: 8
Context preview: What is the longest-running Broadway show?",no_shared_context,baseline,8,20,29.39,0.1294,Warm,0.094,0.4,5.12,18.0,0.0,0,6,6,18.0,18.0,none,lmcache_store_coldpass,1,"[""Qwen-Qwen2.5-0.5B-Instruct@1@0@-a45a6c9c781278c@bfloat16.pt""]",nocontext,True
12,What is the square of 25?,What is the square of 25?,What is the square of 25?,What is the square of 25?,"Focus question: What is the square of 25?
Context profile: no_shared_context
Prompt tokens: 9
Context preview: What is the square of 25?",no_shared_context,baseline,9,20,29.65,0.1296,Warm,0.105,0.4,5.12,18.0,0.0,0,6,6,18.0,18.0,none,lmcache_store_coldpass,1,"[""Qwen-Qwen2.5-0.5B-Instruct@1@0@-a45a6c9c781278c@bfloat16.pt""]",nocontext,True
13,Who was the first woman to win a Nobel Prize?,Who was the first woman to win a Nobel Prize?,Who was the first woman to win a Nobel Prize?,Who was the first woman to win a Nobel Prize?,"Focus question: Who was the first woman to win a Nobel Prize?
Context profile: no_shared_context
Prompt tokens: 11
Context preview: Who was the first woman to win a Nobel Prize?",no_shared_context,baseline,11,20,29.45,0.1295,Warm,0.129,0.5,5.12,18.0,0.0,0,6,6,18.0,18.0,none,lmcache_store_coldpass,1,"[""Qwen-Qwen2.5-0.5B-Instruct@1@0@-a45a6c9c781278c@bfloat16.pt""]",nocontext,True
14,What is the currency of Brazil?,What is the currency of Brazil?,What is the currency of Brazil?,What is the currency of Brazil?,"Focus question: What is the currency of Brazil?
Context profile: no_shared_context
Prompt tokens: 7
Context preview: What is the currency of Brazil?",no_shared_context,baseline,7,20,29.85,0.1299,Warm,0.082,0.3,5.12,18.0,0.0,0,6,6,18.0,18.0,none,lmcache_store_coldpass,1,"[""Qwen-Qwen2.5-0.5B-Instruct@1@0@-a45a6c9c781278c@bfloat16.pt""]",nocontext,True
15,What gas do plants absorb during photosynthesis?,What gas do plants absorb during photosynthesis?,What gas do plants absorb during photosynthesis?,What gas do plants absorb during photosynthesis?,"Focus question: What gas do plants absorb during photosynthesis?
Context profile: no_shared_context
Prompt tokens: 9
Context preview: What gas do plants absorb during photosynthesis?",no_shared_context,baseline,9,20,29.7,0.1297,Warm,0.105,0.4,5.12,18.0,0.0,0,6,6,18.0,18.0,none,lmcache_store_coldpass,1,"[""Qwen-Qwen2.5-0.5B-Instruct@1@0@-a45a6c9c781278c@bfloat16.pt""]",nocontext,True
16,Who directed the movie Jaws?,Who directed the movie Jaws?,Who directed the movie Jaws?,Who directed the movie Jaws?,"Focus question: Who directed the movie Jaws?
Context profile: no_shared_context
Prompt tokens: 7
Context preview: Who directed the movie Jaws?",no_shared_context,baseline,7,20,29.91,0.1299,Warm,0.082,0.3,5.12,18.0,0.0,0,6,6,18.0,18.0,none,lmcache_store_coldpass,1,"[""Qwen-Qwen2.5-0.5B-Instruct@1@0@-a45a6c9c781278c@bfloat16.pt""]",nocontext,True
17,What is the largest internal organ in the human body?,What is the largest internal organ in the human body?,What is the largest internal organ in the human body?,What is the largest internal organ in the human body?,"Focus question: What is the largest internal organ in the human body?
Context profile: no_shared_context
Prompt tokens: 11
Context preview: What is the largest internal organ in the human body?",no_shared_context,baseline,11,20,29.67,0.1297,Warm,0.129,0.5,5.12,18.0,0.0,0,6,6,18.0,18.0,none,lmcache_store_coldpass,1,"[""Qwen-Qwen2.5-0.5B-Instruct@1@0@-a45a6c9c781278c@bfloat16.pt""]",nocontext,True
18,How many elements are in the periodic table?,How many elements are in the periodic table?,How many elements are in the periodic table?,How many elements are in the periodic table?,"Focus question: How many elements are in the periodic table?
Context profile: no_shared_context
Prompt tokens: 9
Context preview: How many elements are in the periodic table?",no_shared_context,baseline,9,20,29.73,0.1297,Warm,0.105,0.4,5.12,18.0,0.0,0,6,6,18.0,18.0,none,lmcache_store_coldpass,1,"[""Qwen-Qwen2.5-0.5B-Instruct@1@0@-a45a6c9c781278c@bfloat16.pt""]",nocontext,True
19,What is the freezing point of mercury in Celsius?,What is the freezing point of mercury in Celsius?,What is the freezing point of mercury in Celsius?,What is the freezing point of mercury in Celsius?,"Focus question: What is the freezing point of mercury in Celsius?
Context profile: no_shared_context
Prompt tokens: 10
Context preview: What is the freezing point of mercury in Celsius?",no_shared_context,baseline,10,20,29.75,0.1298,Warm,0.117,0.5,5.12,18.0,0.0,0,6,6,18.0,18.0,none,lmcache_store_coldpass,1,"[""Qwen-Qwen2.5-0.5B-Instruct@1@0@-a45a6c9c781278c@bfloat16.pt""]",nocontext,True
20,Who painted The School of Athens?,Who painted The School of Athens?,Who painted The School of Athens?,Who painted The School of Athens?,"Focus question: Who painted The School of Athens?
Context profile: no_shared_context
Prompt tokens: 7
Context preview: Who painted The School of Athens?",no_shared_context,baseline,7,20,29.48,0.1295,Warm,0.082,0.3,5.12,18.0,0.0,0,6,6,18.0,18.0,none,lmcache_store_coldpass,1,"[""Qwen-Qwen2.5-0.5B-Instruct@1@0@-a45a6c9c781278c@bfloat16.pt""]",nocontext,True
21,What is the smallest unit of life?,What is the smallest unit of life?,What is the smallest unit of life?,What is the smallest unit of life?,"Focus question: What is the smallest unit of life?
Context profile: no_shared_context
Prompt tokens: 8
Context preview: What is the smallest unit of life?",no_shared_context,baseline,8,20,31.82,0.1318,Warm,0.094,0.4,5.12,18.0,0.0,0,6,6,18.0,18.0,none,lmcache_store_coldpass,1,"[""Qwen-Qwen2.5-0.5B-Instruct@1@0@-a45a6c9c781278c@bfloat16.pt""]",nocontext,True
22,How many time zones are there in Russia?,How many time zones are there in Russia?,How many time zones are there in Russia?,How many time zones are there in Russia?,"Focus question: How many time zones are there in Russia?
Context profile: no_shared_context
Prompt tokens: 9
Context preview: How many time zones are there in Russia?",no_shared_context,baseline,9,20,30.07,0.1301,Warm,0.105,0.4,5.12,18.0,0.0,0,6,6,18.0,18.0,none,lmcache_store_coldpass,1,"[""Qwen-Qwen2.5-0.5B-Instruct@1@0@-a45a6c9c781278c@bfloat16.pt""]",nocontext,True
23,What is the main language spoken in Argentina?,What is the main language spoken in Argentina?,What is the main language spoken in Argentina?,What is the main language spoken in Argentina?,"Focus question: What is the main language spoken in Argentina?
Context profile: no_shared_context
Prompt tokens: 9
Context preview: What is the main language spoken in Argentina?",no_shared_context,baseline,9,20,34.23,0.1342,Warm,0.105,0.4,5.12,18.0,0.0,0,6,6,18.0,18.0,none,lmcache_store_coldpass,1,"[""Qwen-Qwen2.5-0.5B-Instruct@1@0@-a45a6c9c781278c@bfloat16.pt""]",nocontext,True
24,Who invented the diesel engine?,Who invented the diesel engine?,Who invented the diesel engine?,Who invented the diesel engine?,"Focus question: Who invented the diesel engine?
Context profile: no_shared_context
Prompt tokens: 6
Context preview: Who invented the diesel engine?",no_shared_context,baseline,6,20,29.68,0.1297,Warm,0.07,0.3,5.12,18.0,0.0,0,6,6,18.0,18.0,none,lmcache_store_coldpass,1,"[""Qwen-Qwen2.5-0.5B-Instruct@1@0@-a45a6c9c781278c@bfloat16.pt""]",nocontext,True
25,What is the diameter of Earth in kilometers?,What is the diameter of Earth in kilometers?,What is the diameter of Earth in kilometers?,What is the diameter of Earth in kilometers?,"Focus question: What is the diameter of Earth in kilometers?
Context profile: no_shared_context
Prompt tokens: 9
Context preview: What is the diameter of Earth in kilometers?",no_shared_context,baseline,9,20,29.51,0.1295,Warm,0.105,0.4,5.12,18.0,0.0,0,6,6,18.0,18.0,none,lmcache_store_coldpass,1,"[""Qwen-Qwen2.5-0.5B-Instruct@1@0@-a45a6c9c781278c@bfloat16.pt""]",nocontext,True
26,What is the rarest blood type?,What is the rarest blood type?,What is the rarest blood type?,What is the rarest blood type?,"Focus question: What is the rarest blood type?
Context profile: no_shared_context
Prompt tokens: 8
Context preview: What is the rarest blood type?",no_shared_context,baseline,8,20,29.9,0.1299,Warm,0.094,0.4,5.12,18.0,0.0,0,6,6,18.0,18.0,none,lmcache_store_coldpass,1,"[""Qwen-Qwen2.5-0.5B-Instruct@1@0@-a45a6c9c781278c@bfloat16.pt""]",nocontext,True
27,Who composed The Magic Flute?,Who composed The Magic Flute?,Who composed The Magic Flute?,Who composed The Magic Flute?,"Focus question: Who composed The Magic Flute?
Context profile: no_shared_context
Prompt tokens: 7
Context preview: Who composed The Magic Flute?",no_shared_context,baseline,7,20,29.51,0.1295,Warm,0.082,0.3,5.12,18.0,0.0,0,6,6,18.0,18.0,none,lmcache_store_coldpass,1,"[""Qwen-Qwen2.5-0.5B-Instruct@1@0@-a45a6c9c781278c@bfloat16.pt""]",nocontext,True
28,What is the powerhouse of a computer?,What is the powerhouse of a computer?,What is the powerhouse of a computer?,What is the powerhouse of a computer?,"Focus question: What is the powerhouse of a computer?
Context profile: no_shared_context
Prompt tokens: 8
Context preview: What is the powerhouse of a computer?",no_shared_context,baseline,8,20,29.81,0.1298,Warm,0.094,0.4,5.12,18.0,0.0,0,6,6,18.0,18.0,none,lmcache_store_coldpass,1,"[""Qwen-Qwen2.5-0.5B-Instruct@1@0@-a45a6c9c781278c@bfloat16.pt""]",nocontext,True
29,How many sides does a dodecagon have?,How many sides does a dodecagon have?,How many sides does a dodecagon have?,How many sides does a dodecagon have?,"Focus question: How many sides does a dodecagon have?
Context profile: no_shared_context
Prompt tokens: 11
Context preview: How many sides does a dodecagon have?",no_shared_context,baseline,11,20,30.37,0.1304,Warm,0.129,0.5,5.12,18.0,0.0,0,6,6,18.0,18.0,none,lmcache_store_coldpass,1,"[""Qwen-Qwen2.5-0.5B-Instruct@1@0@-a45a6c9c781278c@bfloat16.pt""]",nocontext,True
30,What is the largest species of penguin?,What is the largest species of penguin?,What is the largest species of penguin?,What is the largest species of penguin?,"Focus question: What is the largest species of penguin?
Context profile: no_shared_context
Prompt tokens: 9
Context preview: What is the largest species of penguin?",no_shared_context,baseline,9,20,29.83,0.1298,Warm,0.105,0.4,5.12,18.0,0.0,0,6,6,18.0,18.0,none,lmcache_store_coldpass,1,"[""Qwen-Qwen2.5-0.5B-Instruct@1@0@-a45a6c9c781278c@bfloat16.pt""]",nocontext,True
31,Who discovered the planet Neptune?,Who discovered the planet Neptune?,Who discovered the planet Neptune?,Who discovered the planet Neptune?,"Focus question: Who discovered the planet Neptune?
Context profile: no_shared_context
Prompt tokens: 6
Context preview: Who discovered the planet Neptune?",no_shared_context,baseline,6,20,29.4,0.1294,Warm,0.07,0.3,5.12,18.0,0.0,0,6,6,18.0,18.0,none,lmcache_store_coldpass,1,"[""Qwen-Qwen2.5-0.5B-Instruct@1@0@-a45a6c9c781278c@bfloat16.pt""]",nocontext,True
32,What is the boiling point of nitrogen in Celsius?,What is the boiling point of nitrogen in Celsius?,What is the boiling point of nitrogen in Celsius?,What is the boiling point of nitrogen in Celsius?,"Focus question: What is the boiling point of nitrogen in Celsius?
Context profile: no_shared_context
Prompt tokens: 10
Context preview: What is the boiling point of nitrogen in Celsius?",no_shared_context,baseline,10,20,29.71,0.1297,Warm,0.117,0.5,5.12,18.0,0.0,0,6,6,18.0,18.0,none,lmcache_store_coldpass,1,"[""Qwen-Qwen2.5-0.5B-Instruct@1@0@-a45a6c9c781278c@bfloat16.pt""]",nocontext,True
33,What is the fastest bird in a dive?,What is the fastest bird in a dive?,What is the fastest bird in a dive?,What is the fastest bird in a dive?,"Focus question: What is the fastest bird in a dive?
Context profile: no_shared_context
Prompt tokens: 9
Context preview: What is the fastest bird in a dive?",no_shared_context,baseline,9,20,29.52,0.1295,Warm,0.105,0.4,5.12,18.0,0.0,0,6,6,18.0,18.0,none,lmcache_store_coldpass,1,"[""Qwen-Qwen2.5-0.5B-Instruct@1@0@-a45a6c9c781278c@bfloat16.pt""]",nocontext,True
34,Who wrote The Brothers Karamazov?,Who wrote The Brothers Karamazov?,Who wrote The Brothers Karamazov?,Who wrote The Brothers Karamazov?,"Focus question: Who wrote The Brothers Karamazov?
Context profile: no_shared_context
Prompt tokens: 9
Context preview: Who wrote The Brothers Karamazov?",no_shared_context,baseline,9,20,29.65,0.1296,Warm,0.105,0.4,5.12,18.0,0.0,0,6,6,18.0,18.0,none,lmcache_store_coldpass,1,"[""Qwen-Qwen2.5-0.5B-Instruct@1@0@-a45a6c9c781278c@bfloat16.pt""]",nocontext,True
35,What is the largest artery in the human body?,What is the largest artery in the human body?,What is the largest artery in the human body?,What is the largest artery in the human body?,"Focus question: What is the largest artery in the human body?
Context profile: no_shared_context
Prompt tokens: 10
Context preview: What is the largest artery in the human body?",no_shared_context,baseline,10,20,29.53,0.1295,Warm,0.117,0.5,5.12,18.0,0.0,0,6,6,18.0,18.0,none,lmcache_store_coldpass,1,"[""Qwen-Qwen2.5-0.5B-Instruct@1@0@-a45a6c9c781278c@bfloat16.pt""]",nocontext,True
36,How many keys are on a standard computer keyboard?,How many keys are on a standard computer keyboard?,How many keys are on a standard computer keyboard?,How many keys are on a standard computer keyboard?,"Focus question: How many keys are on a standard computer keyboard?
Context profile: no_shared_context
Prompt tokens: 10
Context preview: How many keys are on a standard computer keyboard?",no_shared_context,baseline,10,20,29.48,0.1295,Warm,0.117,0.5,5.12,18.0,0.0,0,6,6,18.0,18.0,none,lmcache_store_coldpass,1,"[""Qwen-Qwen2.5-0.5B-Instruct@1@0@-a45a6c9c781278c@bfloat16.pt""]",nocontext,True
37,What is the smallest country by population?,What is the smallest country by population?,What is the smallest country by population?,What is the smallest country by population?,"Focus question: What is the smallest country by population?
Context profile: no_shared_context
Prompt tokens: 8
Context preview: What is the smallest country by population?",no_shared_context,baseline,8,20,29.56,0.1296,Warm,0.094,0.4,5.12,18.0,0.0,0,6,6,18.0,18.0,none,lmcache_store_coldpass,1,"[""Qwen-Qwen2.5-0.5B-Instruct@1@0@-a45a6c9c781278c@bfloat16.pt""]",nocontext,True
38,Who invented the telescope?,Who invented the telescope?,Who invented the telescope?,Who invented the telescope?,"Focus question: Who invented the telescope?
Context profile: no_shared_context
Prompt tokens: 5
Context preview: Who invented the telescope?",no_shared_context,baseline,5,20,29.78,0.1298,Warm,0.059,0.2,5.12,18.0,0.0,0,6,6,18.0,18.0,none,lmcache_store_coldpass,1,"[""Qwen-Qwen2.5-0.5B-Instruct@1@0@-a45a6c9c781278c@bfloat16.pt""]",nocontext,True
39,What is the main component of natural gas?,What is the main component of natural gas?,What is the main component of natural gas?,What is the main component of natural gas?,"Focus question: What is the main component of natural gas?
Context profile: no_shared_context
Prompt tokens: 9
Context preview: What is the main component of natural gas?",no_shared_context,baseline,9,20,29.75,0.1298,Warm,0.105,0.4,5.12,18.0,0.0,0,6,6,18.0,18.0,none,lmcache_store_coldpass,1,"[""Qwen-Qwen2.5-0.5B-Instruct@1@0@-a45a6c9c781278c@bfloat16.pt""]",nocontext,True
40,How many amendments are in the U.S. Constitution?,How many amendments are in the U.S. Constitution?,How many amendments are in the U.S. Constitution?,How many amendments are in the U.S. Constitution?,"Focus question: How many amendments are in the U.S. Constitution?
Context profile: no_shared_context
Prompt tokens: 11
Context preview: How many amendments are in the U.S. Constitution?",no_shared_context,baseline,11,20,29.62,0.1296,Warm,0.129,0.5,5.12,18.0,0.0,0,6,6,18.0,18.0,none,lmcache_store_coldpass,1,"[""Qwen-Qwen2.5-0.5B-Instruct@1@0@-a45a6c9c781278c@bfloat16.pt""]",nocontext,True
41,What is the deepest lake in the world?,What is the deepest lake in the world?,What is the deepest lake in the world?,What is the deepest lake in the world?,"Focus question: What is the deepest lake in the world?
Context profile: no_shared_context
Prompt tokens: 9
Context preview: What is the deepest lake in the world?",no_shared_context,baseline,9,20,29.69,0.1297,Warm,0.105,0.4,5.12,18.0,0.0,0,6,6,18.0,18.0,none,lmcache_store_coldpass,1,"[""Qwen-Qwen2.5-0.5B-Instruct@1@0@-a45a6c9c781278c@bfloat16.pt""]",nocontext,True
42,Who was the first emperor of China?,Who was the first emperor of China?,Who was the first emperor of China?,Who was the first emperor of China?,"Focus question: Who was the first emperor of China?
Context profile: no_shared_context
Prompt tokens: 8
Context preview: Who was the first emperor of China?",no_shared_context,baseline,8,20,29.73,0.1297,Warm,0.094,0.4,5.12,18.0,0.0,0,6,6,18.0,18.0,none,lmcache_store_coldpass,1,"[""Qwen-Qwen2.5-0.5B-Instruct@1@0@-a45a6c9c781278c@bfloat16.pt""]",nocontext,True
43,What is the currency of South Africa?,What is the currency of South Africa?,What is the currency of South Africa?,What is the currency of South Africa?,"Focus question: What is the currency of South Africa?
Context profile: no_shared_context
Prompt tokens: 8
Context preview: What is the currency of South Africa?",no_shared_context,baseline,8,20,29.69,0.1297,Warm,0.094,0.4,5.12,18.0,0.0,0,6,6,18.0,18.0,none,lmcache_store_coldpass,1,"[""Qwen-Qwen2.5-0.5B-Instruct@1@0@-a45a6c9c781278c@bfloat16.pt""]",nocontext,True
44,What is the longest bone in the arm?,What is the longest bone in the arm?,What is the longest bone in the arm?,What is the longest bone in the arm?,"Focus question: What is the longest bone in the arm?
Context profile: no_shared_context
Prompt tokens: 9
Context preview: What is the longest bone in the arm?",no_shared_context,baseline,9,20,29.69,0.1297,Warm,0.105,0.4,5.12,18.0,0.0,0,6,6,18.0,18.0,none,lmcache_store_coldpass,1,"[""Qwen-Qwen2.5-0.5B-Instruct@1@0@-a45a6c9c781278c@bfloat16.pt""]",nocontext,True
45,Who discovered the circulation of blood?,Who discovered the circulation of blood?,Who discovered the circulation of blood?,Who discovered the circulation of blood?,"Focus question: Who discovered the circulation of blood?
Context profile: no_shared_context
Prompt tokens: 7
Context preview: Who discovered the circulation of blood?",no_shared_context,baseline,7,20,29.71,0.1297,Warm,0.082,0.3,5.12,18.0,0.0,0,6,6,18.0,18.0,none,lmcache_store_coldpass,1,"[""Qwen-Qwen2.5-0.5B-Instruct@1@0@-a45a6c9c781278c@bfloat16.pt""]",nocontext,True
46,What is the primary ingredient in hummus?,What is the primary ingredient in hummus?,What is the primary ingredient in hummus?,What is the primary ingredient in hummus?,"Focus question: What is the primary ingredient in hummus?
Context profile: no_shared_context
Prompt tokens: 9
Context preview: What is the primary ingredient in hummus?",no_shared_context,baseline,9,20,29.69,0.1297,Warm,0.105,0.4,5.12,18.0,0.0,0,6,6,18.0,18.0,none,lmcache_store_coldpass,1,"[""Qwen-Qwen2.5-0.5B-Instruct@1@0@-a45a6c9c781278c@bfloat16.pt""]",nocontext,True
47,How many moons does Mars have?,How many moons does Mars have?,How many moons does Mars have?,How many moons does Mars have?,"Focus question: How many moons does Mars have?
Context profile: no_shared_context
Prompt tokens: 7
Context preview: How many moons does Mars have?",no_shared_context,baseline,7,20,29.83,0.1298,Warm,0.082,0.3,5.12,18.0,0.0,0,6,6,18.0,18.0,none,lmcache_store_coldpass,1,"[""Qwen-Qwen2.5-0.5B-Instruct@1@0@-a45a6c9c781278c@bfloat16.pt""]",nocontext,True
48,What is the largest species of cat?,What is the largest species of cat?,What is the largest species of cat?,What is the largest species of cat?,"Focus question: What is the largest species of cat?
Context profile: no_shared_context
Prompt tokens: 8
Context preview: What is the largest species of cat?",no_shared_context,baseline,8,20,29.78,0.1298,Warm,0.094,0.4,5.12,18.0,0.0,0,6,6,18.0,18.0,none,lmcache_store_coldpass,1,"[""Qwen-Qwen2.5-0.5B-Instruct@1@0@-a45a6c9c781278c@bfloat16.pt""]",nocontext,True
49,Who wrote The Picture of Dorian Gray?,Who wrote The Picture of Dorian Gray?,Who wrote The Picture of Dorian Gray?,Who wrote The Picture of Dorian Gray?,"Focus question: Who wrote The Picture of Dorian Gray?
Context profile: no_shared_context
Prompt tokens: 9
Context preview: Who wrote The Picture of Dorian Gray?",no_shared_context,baseline,9,20,29.99,0.13,Warm,0.105,0.4,5.12,18.0,0.0,0,6,6,18.0,18.0,none,lmcache_store_coldpass,1,"[""Qwen-Qwen2.5-0.5B-Instruct@1@0@-a45a6c9c781278c@bfloat16.pt""]",nocontext,True
50,What is the chemical formula for methane?,What is the chemical formula for methane?,What is the chemical formula for methane?,What is the chemical formula for methane?,"Focus question: What is the chemical formula for methane?
Context profile: no_shared_context
Prompt tokens: 8
Context preview: What is the chemical formula for methane?",no_shared_context,baseline,8,20,29.44,0.1294,Warm,0.094,0.4,5.12,18.0,0.0,0,6,6,18.0,18.0,none,lmcache_store_coldpass,1,"[""Qwen-Qwen2.5-0.5B-Instruct@1@0@-a45a6c9c781278c@bfloat16.pt""]",nocontext,True
1,Can you explain how the RehabQuest pose tracking works?,"User: Hello AI.
Assistant: Hi there! How can I help you today?
User: Can you explain how the RehabQuest pose tracking works?
Assistant: Here is my detailed answer for turn 1.
User: Can you elaborate further on: Can you explain how the RehabQuest pose tracking works?","User: Hello AI.
Assistant: Hi there! How can I help you today?
User: Can you explain how the RehabQuest pose tracking works?
Assistant: Here is my detailed answer for turn 1.
User: Can you elaborate further on: Can you explain how the RehabQuest pose tracking works?",Can you explain how the RehabQuest pose tracking works?,"Focus question: Can you explain how the RehabQuest pose tracking works?
Context profile: multiturn_dialog_history
Prompt tokens: 61
Context preview: User: Hello AI. Assistant: Hi there! How can I help you today? User: Can you explain how the RehabQuest pose tracking works? Assistant: Here is my detailed answer for turn 1. User: Can you elaborate further on: Can you explain how the RehabQuest pose tracking works?",multiturn_dialog_history,baseline,61,20,30.77,0.1308,Cold,0.715,3.0,5.12,39.0,0.0,0,13,13,39.0,39.0,none,lmcache_store_coldpass,1,"[""Qwen-Qwen2.5-0.5B-Instruct@1@0@-a45a6c9c781278c@bfloat16.pt""]",multiturn,True
2,What is the calibration procedure at the start of each session?,"User: Hello AI.
Assistant: Hi there! How can I help you today?
User: Can you explain how the RehabQuest pose tracking works?
Assistant: Here is my detailed answer for turn 1.
User: What is the calibration procedure at the start of each session?
Assistant: Here is my detailed answer for turn 2.
User: Can you elaborate further on: What is the calibration procedure at the start of each session?","User: Hello AI.
Assistant: Hi there! How can I help you today?
User: Can you explain how the RehabQuest pose tracking works?
Assistant: Here is my detailed answer for turn 1.
User: What is the calibration procedure at the start of each session?
Assistant: Here is my detailed answer for turn 2.
User: Can you elaborate further on: What is the calibration procedure at the start of each session?",What is the calibration procedure at the start of each session?,"Focus question: What is the calibration procedure at the start of each session?
Context profile: multiturn_dialog_history
Prompt tokens: 88
Context preview: User: Hello AI. Assistant: Hi there! How can I help you today? User: Can you explain how the RehabQuest pose tracking works? Assistant: Here is my detailed answer for turn 1. User: What is the calibration procedure at the start of each session? Assistant: Here is my detailed answer for turn 2. User: Can you elaborate further on: What is the calibration procedure at the start of each session?",multiturn_dialog_history,baseline,88,20,30.51,0.1305,Warm,1.031,4.3,5.12,39.0,0.0,0,13,13,39.0,39.0,none,lmcache_store_coldpass,1,"[""Qwen-Qwen2.5-0.5B-Instruct@1@0@-a45a6c9c781278c@bfloat16.pt""]",multiturn,True
3,How does T-pose calibration normalise body proportions?,"User: Hello AI.
Assistant: Hi there! How can I help you today?
User: Can you explain how the RehabQuest pose tracking works?
Assistant: Here is my detailed answer for turn 1.
User: What is the calibration procedure at the start of each session?
Assistant: Here is my detailed answer for turn 2.
User: How does T-pose calibration normalise body proportions?
Assistant: Here is my detailed answer for t","User: Hello AI.
Assistant: Hi there! How can I help you today?
User: Can you explain how the RehabQuest pose tracking works?
Assistant: Here is my detailed answer for turn 1.
User: What is the calibration procedure at the start of each session?
Assistant: Here is my detailed answer for turn 2.
User: How does T-pose calibration normalise body proportions?
Assistant: Here is my detailed answer for turn 3.
User: Can you elaborate further on: How does T-pose calibration normalise body proportions?",How does T-pose calibration normalise body proportions?,"Focus question: How does T-pose calibration normalise body proportions?
Context profile: multiturn_dialog_history
Prompt tokens: 112
Context preview: User: Hello AI. Assistant: Hi there! How can I help you today? User: Can you explain how the RehabQuest pose tracking works? Assistant: Here is my detailed answer for turn 1. User: What is the calibration procedure at the start of each session? Assistant: Here is my detailed answer for turn 2. User: How does T-pose calibration normalise body proportions? Assistant: Here is my detailed answer for t",multiturn_dialog_history,baseline,112,20,30.92,0.1309,Warm,1.312,5.5,5.12,39.0,0.0,0,13,13,39.0,39.0,none,lmcache_store_coldpass,1,"[""Qwen-Qwen2.5-0.5B-Instruct@1@0@-a45a6c9c781278c@bfloat16.pt""]",multiturn,True
4,What are the hardware requirements for real-time pose tracking?,"User: Hello AI.
Assistant: Hi there! How can I help you today?
User: Can you explain how the RehabQuest pose tracking works?
Assistant: Here is my detailed answer for turn 1.
User: What is the calibration procedure at the start of each session?
Assistant: Here is my detailed answer for turn 2.
User: How does T-pose calibration normalise body proportions?
Assistant: Here is my detailed answer for t","User: Hello AI.
Assistant: Hi there! How can I help you today?
User: Can you explain how the RehabQuest pose tracking works?
Assistant: Here is my detailed answer for turn 1.
User: What is the calibration procedure at the start of each session?
Assistant: Here is my detailed answer for turn 2.
User: How does T-pose calibration normalise body proportions?
Assistant: Here is my detailed answer for turn 3.
User: What are the hardware requirements for real-time pose tracking?
Assistant: Here is my detailed answer for turn 4.
User: Can you elaborate further on: What are the hardware requirements for real-time pose tracking?",What are the hardware requirements for real-time pose tracking?,"Focus question: What are the hardware requirements for real-time pose tracking?
Context profile: multiturn_dialog_history
Prompt tokens: 137
Context preview: User: Hello AI. Assistant: Hi there! How can I help you today? User: Can you explain how the RehabQuest pose tracking works? Assistant: Here is my detailed answer for turn 1. User: What is the calibration procedure at the start of each session? Assistant: Here is my detailed answer for turn 2. User: How does T-pose calibration normalise body proportions? Assistant: Here is my detailed answer for t",multiturn_dialog_history,baseline,137,20,30.7,0.1307,Warm,1.605,6.7,5.12,39.0,0.0,0,13,13,39.0,39.0,none,lmcache_store_coldpass,1,"[""Qwen-Qwen2.5-0.5B-Instruct@1@0@-a45a6c9c781278c@bfloat16.pt""]",multiturn,True
5,How does MediaPipe detect the 33 pose landmarks?,"User: Hello AI.
Assistant: Hi there! How can I help you today?
User: Can you explain how the RehabQuest pose tracking works?
Assistant: Here is my detailed answer for turn 1.
User: What is the calibration procedure at the start of each session?
Assistant: Here is my detailed answer for turn 2.
User: How does T-pose calibration normalise body proportions?
Assistant: Here is my detailed answer for t","User: Hello AI.
Assistant: Hi there! How can I help you today?
User: Can you explain how the RehabQuest pose tracking works?
Assistant: Here is my detailed answer for turn 1.
User: What is the calibration procedure at the start of each session?
Assistant: Here is my detailed answer for turn 2.
User: How does T-pose calibration normalise body proportions?
Assistant: Here is my detailed answer for turn 3.
User: What are the hardware requirements for real-time pose tracking?
Assistant: Here is my detailed answer for turn 4.
User: How does MediaPipe detect the 33 pose landmarks?
Assistant: Here is my detailed answer for turn 5.
User: Can you elaborate further on: How does MediaPipe detect the 33 pose landmarks?",How does MediaPipe detect the 33 pose landmarks?,"Focus question: How does MediaPipe detect the 33 pose landmarks?
Context profile: multiturn_dialog_history
Prompt tokens: 164
Context preview: User: Hello AI. Assistant: Hi there! How can I help you today? User: Can you explain how the RehabQuest pose tracking works? Assistant: Here is my detailed answer for turn 1. User: What is the calibration procedure at the start of each session? Assistant: Here is my detailed answer for turn 2. User: How does T-pose calibration normalise body proportions? Assistant: Here is my detailed answer for t",multiturn_dialog_history,baseline,164,20,30.86,0.1309,Warm,1.922,8.0,5.12,39.0,0.0,0,13,13,39.0,39.0,none,lmcache_store_coldpass,1,"[""Qwen-Qwen2.5-0.5B-Instruct@1@0@-a45a6c9c781278c@bfloat16.pt""]",multiturn,True
6,What is the role of cosine similarity in joint angle computation?,"User: Hello AI.
Assistant: Hi there! How can I help you today?
User: Can you explain how the RehabQuest pose tracking works?
Assistant: Here is my detailed answer for turn 1.
User: What is the calibration procedure at the start of each session?
Assistant: Here is my detailed answer for turn 2.
User: How does T-pose calibration normalise body proportions?
Assistant: Here is my detailed answer for t","User: Hello AI.
Assistant: Hi there! How can I help you today?
User: Can you explain how the RehabQuest pose tracking works?
Assistant: Here is my detailed answer for turn 1.
User: What is the calibration procedure at the start of each session?
Assistant: Here is my detailed answer for turn 2.
User: How does T-pose calibration normalise body proportions?
Assistant: Here is my detailed answer for turn 3.
User: What are the hardware requirements for real-time pose tracking?
Assistant: Here is my detailed answer for turn 4.
User: How does MediaPipe detect the 33 pose landmarks?
Assistant: Here is my detailed answer for turn 5.
User: What is the role of cosine similarity in joint angle computation?
Assistant: Here is my detailed answer for turn 6.
User: Can you elaborate further on: What is the role of cosine similarity in joint angle computation?",What is the role of cosine similarity in joint angle computation?,"Focus question: What is the role of cosine similarity in joint angle computation?
Context profile: multiturn_dialog_history
Prompt tokens: 190
Context preview: User: Hello AI. Assistant: Hi there! How can I help you today? User: Can you explain how the RehabQuest pose tracking works? Assistant: Here is my detailed answer for turn 1. User: What is the calibration procedure at the start of each session? Assistant: Here is my detailed answer for turn 2. User: How does T-pose calibration normalise body proportions? Assistant: Here is my detailed answer for t",multiturn_dialog_history,baseline,190,20,30.92,0.1309,Warm,2.227,9.3,5.12,39.0,0.0,0,13,13,39.0,39.0,none,lmcache_store_coldpass,1,"[""Qwen-Qwen2.5-0.5B-Instruct@1@0@-a45a6c9c781278c@bfloat16.pt""]",multiturn,True
7,How are joint angles computed in three dimensions?,"User: Hello AI.
Assistant: Hi there! How can I help you today?
User: Can you explain how the RehabQuest pose tracking works?
Assistant: Here is my detailed answer for turn 1.
User: What is the calibration procedure at the start of each session?
Assistant: Here is my detailed answer for turn 2.
User: How does T-pose calibration normalise body proportions?
Assistant: Here is my detailed answer for t","User: Hello AI.
Assistant: Hi there! How can I help you today?
User: Can you explain how the RehabQuest pose tracking works?
Assistant: Here is my detailed answer for turn 1.
User: What is the calibration procedure at the start of each session?
Assistant: Here is my detailed answer for turn 2.
User: How does T-pose calibration normalise body proportions?
Assistant: Here is my detailed answer for turn 3.
User: What are the hardware requirements for real-time pose tracking?
Assistant: Here is my detailed answer for turn 4.
User: How does MediaPipe detect the 33 pose landmarks?
Assistant: Here is my detailed answer for turn 5.
User: What is the role of cosine similarity in joint angle computation?
Assistant: Here is my detailed answer for turn 6.
User: How are joint angles computed in three dimensions?
Assistant: Here is my detailed answer for turn 7.
User: Can you elaborate further on: How are joint angles computed in three dimensions?",How are joint angles computed in three dimensions?,"Focus question: How are joint angles computed in three dimensions?
Context profile: multiturn_dialog_history
Prompt tokens: 210
Context preview: User: Hello AI. Assistant: Hi there! How can I help you today? User: Can you explain how the RehabQuest pose tracking works? Assistant: Here is my detailed answer for turn 1. User: What is the calibration procedure at the start of each session? Assistant: Here is my detailed answer for turn 2. User: How does T-pose calibration normalise body proportions? Assistant: Here is my detailed answer for t",multiturn_dialog_history,baseline,210,20,33.48,0.1335,Warm,2.461,10.3,5.12,39.0,0.0,0,13,13,39.0,39.0,none,lmcache_store_coldpass,1,"[""Qwen-Qwen2.5-0.5B-Instruct@1@0@-a45a6c9c781278c@bfloat16.pt""]",multiturn,True
8,How is the system validated against Vicon motion capture?,"User: Hello AI.
Assistant: Hi there! How can I help you today?
User: Can you explain how the RehabQuest pose tracking works?
Assistant: Here is my detailed answer for turn 1.
User: What is the calibration procedure at the start of each session?
Assistant: Here is my detailed answer for turn 2.
User: How does T-pose calibration normalise body proportions?
Assistant: Here is my detailed answer for t","User: Hello AI.
Assistant: Hi there! How can I help you today?
User: Can you explain how the RehabQuest pose tracking works?
Assistant: Here is my detailed answer for turn 1.
User: What is the calibration procedure at the start of each session?
Assistant: Here is my detailed answer for turn 2.
User: How does T-pose calibration normalise body proportions?
Assistant: Here is my detailed answer for turn 3.
User: What are the hardware requirements for real-time pose tracking?
Assistant: Here is my detailed answer for turn 4.
User: How does MediaPipe detect the 33 pose landmarks?
Assistant: Here is my detailed answer for turn 5.
User: What is the role of cosine similarity in joint angle computation?
Assistant: Here is my detailed answer for turn 6.
User: How are joint angles computed in three dimensions?
Assistant: Here is my detailed answer for turn 7.
User: How is the system validated against Vicon motion capture?
Assistant: Here is my detailed answer for turn 8.
User: Can you elaborate further on: How is the system validated against Vicon motion capture?",How is the system validated against Vicon motion capture?,"Focus question: How is the system validated against Vicon motion capture?
Context profile: multiturn_dialog_history
Prompt tokens: 237
Context preview: User: Hello AI. Assistant: Hi there! How can I help you today? User: Can you explain how the RehabQuest pose tracking works? Assistant: Here is my detailed answer for turn 1. User: What is the calibration procedure at the start of each session? Assistant: Here is my detailed answer for turn 2. User: How does T-pose calibration normalise body proportions? Assistant: Here is my detailed answer for t",multiturn_dialog_history,baseline,237,20,31.13,0.1311,Warm,2.777,11.6,5.12,39.0,0.0,0,13,13,39.0,39.0,none,lmcache_store_coldpass,1,"[""Qwen-Qwen2.5-0.5B-Instruct@1@0@-a45a6c9c781278c@bfloat16.pt""]",multiturn,True
9,What accuracy metrics are used to evaluate performance?,"User: Hello AI.
Assistant: Hi there! How can I help you today?
User: Can you explain how the RehabQuest pose tracking works?
Assistant: Here is my detailed answer for turn 1.
User: What is the calibration procedure at the start of each session?
Assistant: Here is my detailed answer for turn 2.
User: How does T-pose calibration normalise body proportions?
Assistant: Here is my detailed answer for t","User: Hello AI.
Assistant: Hi there! How can I help you today?
User: Can you explain how the RehabQuest pose tracking works?
Assistant: Here is my detailed answer for turn 1.
User: What is the calibration procedure at the start of each session?
Assistant: Here is my detailed answer for turn 2.
User: How does T-pose calibration normalise body proportions?
Assistant: Here is my detailed answer for turn 3.
User: What are the hardware requirements for real-time pose tracking?
Assistant: Here is my detailed answer for turn 4.
User: How does MediaPipe detect the 33 pose landmarks?
Assistant: Here is my detailed answer for turn 5.
User: What is the role of cosine similarity in joint angle computation?
Assistant: Here is my detailed answer for turn 6.
User: How are joint angles computed in three dimensions?
Assistant: Here is my detailed answer for turn 7.
User: How is the system validated against Vicon motion capture?
Assistant: Here is my detailed answer for turn 8.
User: What accuracy metrics are used to evaluate performance?
Assistant: Here is my detailed answer for turn 9.
User: Can you elaborate further on: What accuracy metrics are used to evaluate performance?",What accuracy metrics are used to evaluate performance?,"Focus question: What accuracy metrics are used to evaluate performance?
Context profile: multiturn_dialog_history
Prompt tokens: 258
Context preview: User: Hello AI. Assistant: Hi there! How can I help you today? User: Can you explain how the RehabQuest pose tracking works? Assistant: Here is my detailed answer for turn 1. User: What is the calibration procedure at the start of each session? Assistant: Here is my detailed answer for turn 2. User: How does T-pose calibration normalise body proportions? Assistant: Here is my detailed answer for t",multiturn_dialog_history,baseline,258,20,34.74,0.1347,Warm,3.023,12.6,5.12,39.0,0.0,0,13,13,39.0,39.0,none,lmcache_store_coldpass,1,"[""Qwen-Qwen2.5-0.5B-Instruct@1@0@-38266da7537aa500@bfloat16.pt""]",multiturn,True
10,How does camera distance affect landmark detection accuracy?,"User: Hello AI.
Assistant: Hi there! How can I help you today?
User: Can you explain how the RehabQuest pose tracking works?
Assistant: Here is my detailed answer for turn 1.
User: What is the calibration procedure at the start of each session?
Assistant: Here is my detailed answer for turn 2.
User: How does T-pose calibration normalise body proportions?
Assistant: Here is my detailed answer for t","User: Hello AI.
Assistant: Hi there! How can I help you today?
User: Can you explain how the RehabQuest pose tracking works?
Assistant: Here is my detailed answer for turn 1.
User: What is the calibration procedure at the start of each session?
Assistant: Here is my detailed answer for turn 2.
User: How does T-pose calibration normalise body proportions?
Assistant: Here is my detailed answer for turn 3.
User: What are the hardware requirements for real-time pose tracking?
Assistant: Here is my detailed answer for turn 4.
User: How does MediaPipe detect the 33 pose landmarks?
Assistant: Here is my detailed answer for turn 5.
User: What is the role of cosine similarity in joint angle computation?
Assistant: Here is my detailed answer for turn 6.
User: How are joint angles computed in three dimensions?
Assistant: Here is my detailed answer for turn 7.
User: How is the system validated against Vicon motion capture?
Assistant: Here is my detailed answer for turn 8.
User: What accuracy metrics are used to evaluate performance?
Assistant: Here is my detailed answer for turn 9.
User: How does camera distance affect landmark detection accuracy?
Assistant: Here is my detailed answer for turn 10.
User: Can you elaborate further on: How does camera distance affect landmark detection accuracy?",How does camera distance affect landmark detection accuracy?,"Focus question: How does camera distance affect landmark detection accuracy?
Context profile: multiturn_dialog_history
Prompt tokens: 282
Context preview: User: Hello AI. Assistant: Hi there! How can I help you today? User: Can you explain how the RehabQuest pose tracking works? Assistant: Here is my detailed answer for turn 1. User: What is the calibration procedure at the start of each session? Assistant: Here is my detailed answer for turn 2. User: How does T-pose calibration normalise body proportions? Assistant: Here is my detailed answer for t",multiturn_dialog_history,baseline,282,20,34.85,0.1348,Warm,3.305,13.8,5.12,39.0,0.0,0,13,13,39.0,39.0,none,lmcache_store_coldpass,1,"[""Qwen-Qwen2.5-0.5B-Instruct@1@0@-3371f888f93a3b24@bfloat16.pt""]",multiturn,True
11,What GPU specification is needed for real-time processing?,"User: Hello AI.
Assistant: Hi there! How can I help you today?
User: Can you explain how the RehabQuest pose tracking works?
Assistant: Here is my detailed answer for turn 1.
User: What is the calibration procedure at the start of each session?
Assistant: Here is my detailed answer for turn 2.
User: How does T-pose calibration normalise body proportions?
Assistant: Here is my detailed answer for t","User: Hello AI.
Assistant: Hi there! How can I help you today?
User: Can you explain how the RehabQuest pose tracking works?
Assistant: Here is my detailed answer for turn 1.
User: What is the calibration procedure at the start of each session?
Assistant: Here is my detailed answer for turn 2.
User: How does T-pose calibration normalise body proportions?
Assistant: Here is my detailed answer for turn 3.
User: What are the hardware requirements for real-time pose tracking?
Assistant: Here is my detailed answer for turn 4.
User: How does MediaPipe detect the 33 pose landmarks?
Assistant: Here is my detailed answer for turn 5.
User: What is the role of cosine similarity in joint angle computation?
Assistant: Here is my detailed answer for turn 6.
User: How are joint angles computed in three dimensions?
Assistant: Here is my detailed answer for turn 7.
User: How is the system validated against Vicon motion capture?
Assistant: Here is my detailed answer for turn 8.
User: What accuracy metrics are used to evaluate performance?
Assistant: Here is my detailed answer for turn 9.
User: How does camera distance affect landmark detection accuracy?
Assistant: Here is my detailed answer for turn 10.
User: What GPU specification is needed for real-time processing?
Assistant: Here is my detailed answer for turn 11.
User: Can you elaborate further on: What GPU specification is needed for real-time processing?",What GPU specification is needed for real-time processing?,"Focus question: What GPU specification is needed for real-time processing?
Context profile: multiturn_dialog_history
Prompt tokens: 308
Context preview: User: Hello AI. Assistant: Hi there! How can I help you today? User: Can you explain how the RehabQuest pose tracking works? Assistant: Here is my detailed answer for turn 1. User: What is the calibration procedure at the start of each session? Assistant: Here is my detailed answer for turn 2. User: How does T-pose calibration normalise body proportions? Assistant: Here is my detailed answer for t",multiturn_dialog_history,baseline,308,20,34.21,0.1342,Warm,3.609,15.0,5.12,39.0,0.0,0,13,13,39.0,39.0,none,lmcache_store_coldpass,1,"[""Qwen-Qwen2.5-0.5B-Instruct@1@0@-3371f888f93a3b24@bfloat16.pt""]",multiturn,True
12,How does the system handle occlusion of body parts?,"User: Hello AI.
Assistant: Hi there! How can I help you today?
User: Can you explain how the RehabQuest pose tracking works?
Assistant: Here is my detailed answer for turn 1.
User: What is the calibration procedure at the start of each session?
Assistant: Here is my detailed answer for turn 2.
User: How does T-pose calibration normalise body proportions?
Assistant: Here is my detailed answer for t","User: Hello AI.
Assistant: Hi there! How can I help you today?
User: Can you explain how the RehabQuest pose tracking works?
Assistant: Here is my detailed answer for turn 1.
User: What is the calibration procedure at the start of each session?
Assistant: Here is my detailed answer for turn 2.
User: How does T-pose calibration normalise body proportions?
Assistant: Here is my detailed answer for turn 3.
User: What are the hardware requirements for real-time pose tracking?
Assistant: Here is my detailed answer for turn 4.
User: How does MediaPipe detect the 33 pose landmarks?
Assistant: Here is my detailed answer for turn 5.
User: What is the role of cosine similarity in joint angle computation?
Assistant: Here is my detailed answer for turn 6.
User: How are joint angles computed in three dimensions?
Assistant: Here is my detailed answer for turn 7.
User: How is the system validated against Vicon motion capture?
Assistant: Here is my detailed answer for turn 8.
User: What accuracy metrics are used to evaluate performance?
Assistant: Here is my detailed answer for turn 9.
User: How does camera distance affect landmark detection accuracy?
Assistant: Here is my detailed answer for turn 10.
User: What GPU specification is needed for real-time processing?
Assistant: Here is my detailed answer for turn 11.
User: How does the system handle occlusion of body parts?
Assistant: Here is my detailed answer for turn 12.
User: Can you elaborate further on: How does the system handle occlusion of body parts?",How does the system handle occlusion of body parts?,"Focus question: How does the system handle occlusion of body parts?
Context profile: multiturn_dialog_history
Prompt tokens: 335
Context preview: User: Hello AI. Assistant: Hi there! How can I help you today? User: Can you explain how the RehabQuest pose tracking works? Assistant: Here is my detailed answer for turn 1. User: What is the calibration procedure at the start of each session? Assistant: Here is my detailed answer for turn 2. User: How does T-pose calibration normalise body proportions? Assistant: Here is my detailed answer for t",multiturn_dialog_history,baseline,335,20,34.48,0.1345,Warm,3.926,16.4,5.12,39.0,0.0,0,13,13,39.0,39.0,none,lmcache_store_coldpass,1,"[""Qwen-Qwen2.5-0.5B-Instruct@1@0@-3371f888f93a3b24@bfloat16.pt""]",multiturn,True
13,What frame rate achieves clinically acceptable motion tracking?,"User: Hello AI.
Assistant: Hi there! How can I help you today?
User: Can you explain how the RehabQuest pose tracking works?
Assistant: Here is my detailed answer for turn 1.
User: What is the calibration procedure at the start of each session?
Assistant: Here is my detailed answer for turn 2.
User: How does T-pose calibration normalise body proportions?
Assistant: Here is my detailed answer for t","User: Hello AI.
Assistant: Hi there! How can I help you today?
User: Can you explain how the RehabQuest pose tracking works?
Assistant: Here is my detailed answer for turn 1.
User: What is the calibration procedure at the start of each session?
Assistant: Here is my detailed answer for turn 2.
User: How does T-pose calibration normalise body proportions?
Assistant: Here is my detailed answer for turn 3.
User: What are the hardware requirements for real-time pose tracking?
Assistant: Here is my detailed answer for turn 4.
User: How does MediaPipe detect the 33 pose landmarks?
Assistant: Here is my detailed answer for turn 5.
User: What is the role of cosine similarity in joint angle computation?
Assistant: Here is my detailed answer for turn 6.
User: How are joint angles computed in three dimensions?
Assistant: Here is my detailed answer for turn 7.
User: How is the system validated against Vicon motion capture?
Assistant: Here is my detailed answer for turn 8.
User: What accuracy metrics are used to evaluate performance?
Assistant: Here is my detailed answer for turn 9.
User: How does camera distance affect landmark detection accuracy?
Assistant: Here is my detailed answer for turn 10.
User: What GPU specification is needed for real-time processing?
Assistant: Here is my detailed answer for turn 11.
User: How does the system handle occlusion of body parts?
Assistant: Here is my detailed answer for turn 12.
User: What frame rate achieves clinically acceptable motion tracking?
Assistant: Here is my detailed answer for turn 13.
User: Can you elaborate further on: What frame rate achieves clinically acceptable motion tracking?",What frame rate achieves clinically acceptable motion tracking?,"Focus question: What frame rate achieves clinically acceptable motion tracking?
Context profile: multiturn_dialog_history
Prompt tokens: 357
Context preview: User: Hello AI. Assistant: Hi there! How can I help you today? User: Can you explain how the RehabQuest pose tracking works? Assistant: Here is my detailed answer for turn 1. User: What is the calibration procedure at the start of each session? Assistant: Here is my detailed answer for turn 2. User: How does T-pose calibration normalise body proportions? Assistant: Here is my detailed answer for t",multiturn_dialog_history,baseline,357,20,34.55,0.1345,Warm,4.184,17.4,5.12,39.0,0.0,0,13,13,39.0,39.0,none,lmcache_store_coldpass,1,"[""Qwen-Qwen2.5-0.5B-Instruct@1@0@-3371f888f93a3b24@bfloat16.pt""]",multiturn,True
14,How are left and right side landmarks differentiated?,"User: Hello AI.
Assistant: Hi there! How can I help you today?
User: Can you explain how the RehabQuest pose tracking works?
Assistant: Here is my detailed answer for turn 1.
User: What is the calibration procedure at the start of each session?
Assistant: Here is my detailed answer for turn 2.
User: How does T-pose calibration normalise body proportions?
Assistant: Here is my detailed answer for t","User: Hello AI.
Assistant: Hi there! How can I help you today?
User: Can you explain how the RehabQuest pose tracking works?
Assistant: Here is my detailed answer for turn 1.
User: What is the calibration procedure at the start of each session?
Assistant: Here is my detailed answer for turn 2.
User: How does T-pose calibration normalise body proportions?
Assistant: Here is my detailed answer for turn 3.
User: What are the hardware requirements for real-time pose tracking?
Assistant: Here is my detailed answer for turn 4.
User: How does MediaPipe detect the 33 pose landmarks?
Assistant: Here is my detailed answer for turn 5.
User: What is the role of cosine similarity in joint angle computation?
Assistant: Here is my detailed answer for turn 6.
User: How are joint angles computed in three dimensions?
Assistant: Here is my detailed answer for turn 7.
User: How is the system validated against Vicon motion capture?
Assistant: Here is my detailed answer for turn 8.
User: What accuracy metrics are used to evaluate performance?
Assistant: Here is my detailed answer for turn 9.
User: How does camera distance affect landmark detection accuracy?
Assistant: Here is my detailed answer for turn 10.
User: What GPU specification is needed for real-time processing?
Assistant: Here is my detailed answer for turn 11.
User: How does the system handle occlusion of body parts?
Assistant: Here is my detailed answer for turn 12.
User: What frame rate achieves clinically acceptable motion tracking?
Assistant: Here is my detailed answer for turn 13.
User: How are left and right side landmarks differentiated?
Assistant: Here is my detailed answer for turn 14.
User: Can you elaborate further on: How are left and right side landmarks differentiated?",How are left and right side landmarks differentiated?,"Focus question: How are left and right side landmarks differentiated?
Context profile: multiturn_dialog_history
Prompt tokens: 381
Context preview: User: Hello AI. Assistant: Hi there! How can I help you today? User: Can you explain how the RehabQuest pose tracking works? Assistant: Here is my detailed answer for turn 1. User: What is the calibration procedure at the start of each session? Assistant: Here is my detailed answer for turn 2. User: How does T-pose calibration normalise body proportions? Assistant: Here is my detailed answer for t",multiturn_dialog_history,baseline,381,20,34.65,0.1346,Warm,4.465,18.6,5.12,39.0,0.0,0,13,13,39.0,39.0,none,lmcache_store_coldpass,1,"[""Qwen-Qwen2.5-0.5B-Instruct@1@0@-3371f888f93a3b24@bfloat16.pt""]",multiturn,True
15,What happens if T-pose calibration is performed incorrectly?,"User: Hello AI.
Assistant: Hi there! How can I help you today?
User: Can you explain how the RehabQuest pose tracking works?
Assistant: Here is my detailed answer for turn 1.
User: What is the calibration procedure at the start of each session?
Assistant: Here is my detailed answer for turn 2.
User: How does T-pose calibration normalise body proportions?
Assistant: Here is my detailed answer for t","User: Hello AI.
Assistant: Hi there! How can I help you today?
User: Can you explain how the RehabQuest pose tracking works?
Assistant: Here is my detailed answer for turn 1.
User: What is the calibration procedure at the start of each session?
Assistant: Here is my detailed answer for turn 2.
User: How does T-pose calibration normalise body proportions?
Assistant: Here is my detailed answer for turn 3.
User: What are the hardware requirements for real-time pose tracking?
Assistant: Here is my detailed answer for turn 4.
User: How does MediaPipe detect the 33 pose landmarks?
Assistant: Here is my detailed answer for turn 5.
User: What is the role of cosine similarity in joint angle computation?
Assistant: Here is my detailed answer for turn 6.
User: How are joint angles computed in three dimensions?
Assistant: Here is my detailed answer for turn 7.
User: How is the system validated against Vicon motion capture?
Assistant: Here is my detailed answer for turn 8.
User: What accuracy metrics are used to evaluate performance?
Assistant: Here is my detailed answer for turn 9.
User: How does camera distance affect landmark detection accuracy?
Assistant: Here is my detailed answer for turn 10.
User: What GPU specification is needed for real-time processing?
Assistant: Here is my detailed answer for turn 11.
User: How does the system handle occlusion of body parts?
Assistant: Here is my detailed answer for turn 12.
User: What frame rate achieves clinically acceptable motion tracking?
Assistant: Here is my detailed answer for turn 13.
User: How are left and right side landmarks differentiated?
Assistant: Here is my detailed answer for turn 14.
User: What happens if T-pose calibration is performed incorrectly?
Assistant: Here is my detailed answer for turn 15.
User: Can you elaborate further on: What happens if T-pose calibration is performed incorrectly?",What happens if T-pose calibration is performed incorrectly?,"Focus question: What happens if T-pose calibration is performed incorrectly?
Context profile: multiturn_dialog_history
Prompt tokens: 409
Context preview: User: Hello AI. Assistant: Hi there! How can I help you today? User: Can you explain how the RehabQuest pose tracking works? Assistant: Here is my detailed answer for turn 1. User: What is the calibration procedure at the start of each session? Assistant: Here is my detailed answer for turn 2. User: How does T-pose calibration normalise body proportions? Assistant: Here is my detailed answer for t",multiturn_dialog_history,baseline,409,20,35.74,0.1357,Warm,4.793,20.0,5.12,39.0,0.0,0,13,13,39.0,39.0,none,lmcache_store_coldpass,1,"[""Qwen-Qwen2.5-0.5B-Instruct@1@0@-3371f888f93a3b24@bfloat16.pt""]",multiturn,True
16,How does the system account for varying patient heights?,"User: Hello AI.
Assistant: Hi there! How can I help you today?
User: Can you explain how the RehabQuest pose tracking works?
Assistant: Here is my detailed answer for turn 1.
User: What is the calibration procedure at the start of each session?
Assistant: Here is my detailed answer for turn 2.
User: How does T-pose calibration normalise body proportions?
Assistant: Here is my detailed answer for t","User: Hello AI.
Assistant: Hi there! How can I help you today?
User: Can you explain how the RehabQuest pose tracking works?
Assistant: Here is my detailed answer for turn 1.
User: What is the calibration procedure at the start of each session?
Assistant: Here is my detailed answer for turn 2.
User: How does T-pose calibration normalise body proportions?
Assistant: Here is my detailed answer for turn 3.
User: What are the hardware requirements for real-time pose tracking?
Assistant: Here is my detailed answer for turn 4.
User: How does MediaPipe detect the 33 pose landmarks?
Assistant: Here is my detailed answer for turn 5.
User: What is the role of cosine similarity in joint angle computation?
Assistant: Here is my detailed answer for turn 6.
User: How are joint angles computed in three dimensions?
Assistant: Here is my detailed answer for turn 7.
User: How is the system validated against Vicon motion capture?
Assistant: Here is my detailed answer for turn 8.
User: What accuracy metrics are used to evaluate performance?
Assistant: Here is my detailed answer for turn 9.
User: How does camera distance affect landmark detection accuracy?
Assistant: Here is my detailed answer for turn 10.
User: What GPU specification is needed for real-time processing?
Assistant: Here is my detailed answer for turn 11.
User: How does the system handle occlusion of body parts?
Assistant: Here is my detailed answer for turn 12.
User: What frame rate achieves clinically acceptable motion tracking?
Assistant: Here is my detailed answer for turn 13.
User: How are left and right side landmarks differentiated?
Assistant: Here is my detailed answer for turn 14.
User: What happens if T-pose calibration is performed incorrectly?
Assistant: Here is my detailed answer for turn 15.
User: How does the system account for varying patient heights?
Assistant: Here is my detailed answer for turn 16.
User: Can you elaborate further on: How does the system account for varying patient heights?",How does the system account for varying patient heights?,"Focus question: How does the system account for varying patient heights?
Context profile: multiturn_dialog_history
Prompt tokens: 433
Context preview: User: Hello AI. Assistant: Hi there! How can I help you today? User: Can you explain how the RehabQuest pose tracking works? Assistant: Here is my detailed answer for turn 1. User: What is the calibration procedure at the start of each session? Assistant: Here is my detailed answer for turn 2. User: How does T-pose calibration normalise body proportions? Assistant: Here is my detailed answer for t",multiturn_dialog_history,baseline,433,20,35.02,0.135,Warm,5.074,21.1,5.12,39.0,0.0,0,13,13,39.0,39.0,none,lmcache_store_coldpass,1,"[""Qwen-Qwen2.5-0.5B-Instruct@1@0@-3371f888f93a3b24@bfloat16.pt""]",multiturn,True
17,Can pose tracking work with a standard RGB webcam?,"User: Hello AI.
Assistant: Hi there! How can I help you today?
User: Can you explain how the RehabQuest pose tracking works?
Assistant: Here is my detailed answer for turn 1.
User: What is the calibration procedure at the start of each session?
Assistant: Here is my detailed answer for turn 2.
User: How does T-pose calibration normalise body proportions?
Assistant: Here is my detailed answer for t","User: Hello AI.
Assistant: Hi there! How can I help you today?
User: Can you explain how the RehabQuest pose tracking works?
Assistant: Here is my detailed answer for turn 1.
User: What is the calibration procedure at the start of each session?
Assistant: Here is my detailed answer for turn 2.
User: How does T-pose calibration normalise body proportions?
Assistant: Here is my detailed answer for turn 3.
User: What are the hardware requirements for real-time pose tracking?
Assistant: Here is my detailed answer for turn 4.
User: How does MediaPipe detect the 33 pose landmarks?
Assistant: Here is my detailed answer for turn 5.
User: What is the role of cosine similarity in joint angle computation?
Assistant: Here is my detailed answer for turn 6.
User: How are joint angles computed in three dimensions?
Assistant: Here is my detailed answer for turn 7.
User: How is the system validated against Vicon motion capture?
Assistant: Here is my detailed answer for turn 8.
User: What accuracy metrics are used to evaluate performance?
Assistant: Here is my detailed answer for turn 9.
User: How does camera distance affect landmark detection accuracy?
Assistant: Here is my detailed answer for turn 10.
User: What GPU specification is needed for real-time processing?
Assistant: Here is my detailed answer for turn 11.
User: How does the system handle occlusion of body parts?
Assistant: Here is my detailed answer for turn 12.
User: What frame rate achieves clinically acceptable motion tracking?
Assistant: Here is my detailed answer for turn 13.
User: How are left and right side landmarks differentiated?
Assistant: Here is my detailed answer for turn 14.
User: What happens if T-pose calibration is performed incorrectly?
Assistant: Here is my detailed answer for turn 15.
User: How does the system account for varying patient heights?
Assistant: Here is my detailed answer for turn 16.
User: Can pose tracking work with a standard RGB webcam?
Assistant: Here is my detailed answer for turn 17.
User: Can you elaborate further on: Can pose tracking work with a standard RGB webcam?",Can pose tracking work with a standard RGB webcam?,"Focus question: Can pose tracking work with a standard RGB webcam?
Context profile: multiturn_dialog_history
Prompt tokens: 458
Context preview: User: Hello AI. Assistant: Hi there! How can I help you today? User: Can you explain how the RehabQuest pose tracking works? Assistant: Here is my detailed answer for turn 1. User: What is the calibration procedure at the start of each session? Assistant: Here is my detailed answer for turn 2. User: How does T-pose calibration normalise body proportions? Assistant: Here is my detailed answer for t",multiturn_dialog_history,baseline,458,20,34.79,0.1348,Warm,5.367,22.4,5.12,39.0,0.0,0,13,13,39.0,39.0,none,lmcache_store_coldpass,1,"[""Qwen-Qwen2.5-0.5B-Instruct@1@0@-3371f888f93a3b24@bfloat16.pt""]",multiturn,True
18,How are the 33 landmarks mapped to anatomical joints?,"User: Hello AI.
Assistant: Hi there! How can I help you today?
User: Can you explain how the RehabQuest pose tracking works?
Assistant: Here is my detailed answer for turn 1.
User: What is the calibration procedure at the start of each session?
Assistant: Here is my detailed answer for turn 2.
User: How does T-pose calibration normalise body proportions?
Assistant: Here is my detailed answer for t","User: Hello AI.
Assistant: Hi there! How can I help you today?
User: Can you explain how the RehabQuest pose tracking works?
Assistant: Here is my detailed answer for turn 1.
User: What is the calibration procedure at the start of each session?
Assistant: Here is my detailed answer for turn 2.
User: How does T-pose calibration normalise body proportions?
Assistant: Here is my detailed answer for turn 3.
User: What are the hardware requirements for real-time pose tracking?
Assistant: Here is my detailed answer for turn 4.
User: How does MediaPipe detect the 33 pose landmarks?
Assistant: Here is my detailed answer for turn 5.
User: What is the role of cosine similarity in joint angle computation?
Assistant: Here is my detailed answer for turn 6.
User: How are joint angles computed in three dimensions?
Assistant: Here is my detailed answer for turn 7.
User: How is the system validated against Vicon motion capture?
Assistant: Here is my detailed answer for turn 8.
User: What accuracy metrics are used to evaluate performance?
Assistant: Here is my detailed answer for turn 9.
User: How does camera distance affect landmark detection accuracy?
Assistant: Here is my detailed answer for turn 10.
User: What GPU specification is needed for real-time processing?
Assistant: Here is my detailed answer for turn 11.
User: How does the system handle occlusion of body parts?
Assistant: Here is my detailed answer for turn 12.
User: What frame rate achieves clinically acceptable motion tracking?
Assistant: Here is my detailed answer for turn 13.
User: How are left and right side landmarks differentiated?
Assistant: Here is my detailed answer for turn 14.
User: What happens if T-pose calibration is performed incorrectly?
Assistant: Here is my detailed answer for turn 15.
User: How does the system account for varying patient heights?
Assistant: Here is my detailed answer for turn 16.
User: Can pose tracking work with a standard RGB webcam?
Assistant: Here is my detailed answer for turn 17.
User: How are the 33 landmarks mapped to anatomical joints?
Assistant: Here is my detailed answer for turn 18.
User: Can you elaborate further on: How are the 33 landmarks mapped to anatomical joints?",How are the 33 landmarks mapped to anatomical joints?,"Focus question: How are the 33 landmarks mapped to anatomical joints?
Context profile: multiturn_dialog_history
Prompt tokens: 489
Context preview: User: Hello AI. Assistant: Hi there! How can I help you today? User: Can you explain how the RehabQuest pose tracking works? Assistant: Here is my detailed answer for turn 1. User: What is the calibration procedure at the start of each session? Assistant: Here is my detailed answer for turn 2. User: How does T-pose calibration normalise body proportions? Assistant: Here is my detailed answer for t",multiturn_dialog_history,baseline,489,20,35.92,0.1359,Warm,5.73,23.9,5.12,39.0,0.0,0,13,13,39.0,39.0,none,lmcache_store_coldpass,1,"[""Qwen-Qwen2.5-0.5B-Instruct@1@0@-3371f888f93a3b24@bfloat16.pt""]",multiturn,True
19,What filtering is applied to raw landmark coordinates?,"User: Hello AI.
Assistant: Hi there! How can I help you today?
User: Can you explain how the RehabQuest pose tracking works?
Assistant: Here is my detailed answer for turn 1.
User: What is the calibration procedure at the start of each session?
Assistant: Here is my detailed answer for turn 2.
User: How does T-pose calibration normalise body proportions?
Assistant: Here is my detailed answer for t","User: Hello AI.
Assistant: Hi there! How can I help you today?
User: Can you explain how the RehabQuest pose tracking works?
Assistant: Here is my detailed answer for turn 1.
User: What is the calibration procedure at the start of each session?
Assistant: Here is my detailed answer for turn 2.
User: How does T-pose calibration normalise body proportions?
Assistant: Here is my detailed answer for turn 3.
User: What are the hardware requirements for real-time pose tracking?
Assistant: Here is my detailed answer for turn 4.
User: How does MediaPipe detect the 33 pose landmarks?
Assistant: Here is my detailed answer for turn 5.
User: What is the role of cosine similarity in joint angle computation?
Assistant: Here is my detailed answer for turn 6.
User: How are joint angles computed in three dimensions?
Assistant: Here is my detailed answer for turn 7.
User: How is the system validated against Vicon motion capture?
Assistant: Here is my detailed answer for turn 8.
User: What accuracy metrics are used to evaluate performance?
Assistant: Here is my detailed answer for turn 9.
User: How does camera distance affect landmark detection accuracy?
Assistant: Here is my detailed answer for turn 10.
User: What GPU specification is needed for real-time processing?
Assistant: Here is my detailed answer for turn 11.
User: How does the system handle occlusion of body parts?
Assistant: Here is my detailed answer for turn 12.
User: What frame rate achieves clinically acceptable motion tracking?
Assistant: Here is my detailed answer for turn 13.
User: How are left and right side landmarks differentiated?
Assistant: Here is my detailed answer for turn 14.
User: What happens if T-pose calibration is performed incorrectly?
Assistant: Here is my detailed answer for turn 15.
User: How does the system account for varying patient heights?
Assistant: Here is my detailed answer for turn 16.
User: Can pose tracking work with a standard RGB webcam?
Assistant: Here is my detailed answer for turn 17.
User: How are the 33 landmarks mapped to anatomical joints?
Assistant: Here is my detailed answer for turn 18.
User: What filtering is applied to raw landmark coordinates?
Assistant: Here is my detailed answer for turn 19.
User: Can you elaborate further on: What filtering is applied to raw landmark coordinates?",What filtering is applied to raw landmark coordinates?,"Focus question: What filtering is applied to raw landmark coordinates?
Context profile: multiturn_dialog_history
Prompt tokens: 509
Context preview: User: Hello AI. Assistant: Hi there! How can I help you today? User: Can you explain how the RehabQuest pose tracking works? Assistant: Here is my detailed answer for turn 1. User: What is the calibration procedure at the start of each session? Assistant: Here is my detailed answer for turn 2. User: How does T-pose calibration normalise body proportions? Assistant: Here is my detailed answer for t",multiturn_dialog_history,baseline,509,20,35.37,0.1354,Warm,5.965,24.9,5.12,39.0,0.0,0,13,13,39.0,39.0,none,lmcache_store_coldpass,1,"[""Qwen-Qwen2.5-0.5B-Instruct@1@0@-3371f888f93a3b24@bfloat16.pt""]",multiturn,True
20,How does the system detect and reject outlier frames?,"User: Hello AI.
Assistant: Hi there! How can I help you today?
User: Can you explain how the RehabQuest pose tracking works?
Assistant: Here is my detailed answer for turn 1.
User: What is the calibration procedure at the start of each session?
Assistant: Here is my detailed answer for turn 2.
User: How does T-pose calibration normalise body proportions?
Assistant: Here is my detailed answer for t","User: Hello AI.
Assistant: Hi there! How can I help you today?
User: Can you explain how the RehabQuest pose tracking works?
Assistant: Here is my detailed answer for turn 1.
User: What is the calibration procedure at the start of each session?
Assistant: Here is my detailed answer for turn 2.
User: How does T-pose calibration normalise body proportions?
Assistant: Here is my detailed answer for turn 3.
User: What are the hardware requirements for real-time pose tracking?
Assistant: Here is my detailed answer for turn 4.
User: How does MediaPipe detect the 33 pose landmarks?
Assistant: Here is my detailed answer for turn 5.
User: What is the role of cosine similarity in joint angle computation?
Assistant: Here is my detailed answer for turn 6.
User: How are joint angles computed in three dimensions?
Assistant: Here is my detailed answer for turn 7.
User: How is the system validated against Vicon motion capture?
Assistant: Here is my detailed answer for turn 8.
User: What accuracy metrics are used to evaluate performance?
Assistant: Here is my detailed answer for turn 9.
User: How does camera distance affect landmark detection accuracy?
Assistant: Here is my detailed answer for turn 10.
User: What GPU specification is needed for real-time processing?
Assistant: Here is my detailed answer for turn 11.
User: How does the system handle occlusion of body parts?
Assistant: Here is my detailed answer for turn 12.
User: What frame rate achieves clinically acceptable motion tracking?
Assistant: Here is my detailed answer for turn 13.
User: How are left and right side landmarks differentiated?
Assistant: Here is my detailed answer for turn 14.
User: What happens if T-pose calibration is performed incorrectly?
Assistant: Here is my detailed answer for turn 15.
User: How does the system account for varying patient heights?
Assistant: Here is my detailed answer for turn 16.
User: Can pose tracking work with a standard RGB webcam?
Assistant: Here is my detailed answer for turn 17.
User: How are the 33 landmarks mapped to anatomical joints?
Assistant: Here is my detailed answer for turn 18.
User: What filtering is applied to raw landmark coordinates?
Assistant: Here is my detailed answer for turn 19.
User: How does the system detect and reject outlier frames?
Assistant: Here is my detailed answer for turn 20.
User: Can you elaborate further on: How does the system detect and reject outlier frames?",How does the system detect and reject outlier frames?,"Focus question: How does the system detect and reject outlier frames?
Context profile: multiturn_dialog_history
Prompt tokens: 535
Context preview: User: Hello AI. Assistant: Hi there! How can I help you today? User: Can you explain how the RehabQuest pose tracking works? Assistant: Here is my detailed answer for turn 1. User: What is the calibration procedure at the start of each session? Assistant: Here is my detailed answer for turn 2. User: How does T-pose calibration normalise body proportions? Assistant: Here is my detailed answer for t",multiturn_dialog_history,baseline,535,20,35.04,0.135,Warm,6.27,26.1,5.12,39.0,0.0,0,13,13,39.0,39.0,none,lmcache_store_coldpass,1,"[""Qwen-Qwen2.5-0.5B-Instruct@1@0@3f32db74e6683e15@bfloat16.pt""]",multiturn,True
21,How is shoulder flexion angle calculated from landmarks?,"User: Hello AI.
Assistant: Hi there! How can I help you today?
User: Can you explain how the RehabQuest pose tracking works?
Assistant: Here is my detailed answer for turn 1.
User: What is the calibration procedure at the start of each session?
Assistant: Here is my detailed answer for turn 2.
User: How does T-pose calibration normalise body proportions?
Assistant: Here is my detailed answer for t","User: Hello AI.
Assistant: Hi there! How can I help you today?
User: Can you explain how the RehabQuest pose tracking works?
Assistant: Here is my detailed answer for turn 1.
User: What is the calibration procedure at the start of each session?
Assistant: Here is my detailed answer for turn 2.
User: How does T-pose calibration normalise body proportions?
Assistant: Here is my detailed answer for turn 3.
User: What are the hardware requirements for real-time pose tracking?
Assistant: Here is my detailed answer for turn 4.
User: How does MediaPipe detect the 33 pose landmarks?
Assistant: Here is my detailed answer for turn 5.
User: What is the role of cosine similarity in joint angle computation?
Assistant: Here is my detailed answer for turn 6.
User: How are joint angles computed in three dimensions?
Assistant: Here is my detailed answer for turn 7.
User: How is the system validated against Vicon motion capture?
Assistant: Here is my detailed answer for turn 8.
User: What accuracy metrics are used to evaluate performance?
Assistant: Here is my detailed answer for turn 9.
User: How does camera distance affect landmark detection accuracy?
Assistant: Here is my detailed answer for turn 10.
User: What GPU specification is needed for real-time processing?
Assistant: Here is my detailed answer for turn 11.
User: How does the system handle occlusion of body parts?
Assistant: Here is my detailed answer for turn 12.
User: What frame rate achieves clinically acceptable motion tracking?
Assistant: Here is my detailed answer for turn 13.
User: How are left and right side landmarks differentiated?
Assistant: Here is my detailed answer for turn 14.
User: What happens if T-pose calibration is performed incorrectly?
Assistant: Here is my detailed answer for turn 15.
User: How does the system account for varying patient heights?
Assistant: Here is my detailed answer for turn 16.
User: Can pose tracking work with a standard RGB webcam?
Assistant: Here is my detailed answer for turn 17.
User: How are the 33 landmarks mapped to anatomical joints?
Assistant: Here is my detailed answer for turn 18.
User: What filtering is applied to raw landmark coordinates?
Assistant: Here is my detailed answer for turn 19.
User: How does the system detect and reject outlier frames?
Assistant: Here is my detailed answer for turn 20.
User: How is shoulder flexion angle calculated from landmarks?
Assistant: Here is my detailed answer for turn 21.
User: Can you elaborate further on: How is shoulder flexion angle calculated from landmarks?",How is shoulder flexion angle calculated from landmarks?,"Focus question: How is shoulder flexion angle calculated from landmarks?
Context profile: multiturn_dialog_history
Prompt tokens: 560
Context preview: User: Hello AI. Assistant: Hi there! How can I help you today? User: Can you explain how the RehabQuest pose tracking works? Assistant: Here is my detailed answer for turn 1. User: What is the calibration procedure at the start of each session? Assistant: Here is my detailed answer for turn 2. User: How does T-pose calibration normalise body proportions? Assistant: Here is my detailed answer for t",multiturn_dialog_history,baseline,560,20,34.45,0.1344,Warm,6.562,27.3,5.12,39.0,0.0,0,13,13,39.0,39.0,none,lmcache_store_coldpass,1,"[""Qwen-Qwen2.5-0.5B-Instruct@1@0@3f32db74e6683e15@bfloat16.pt""]",multiturn,True
22,How is knee extension range of motion extracted?,"User: Hello AI.
Assistant: Hi there! How can I help you today?
User: Can you explain how the RehabQuest pose tracking works?
Assistant: Here is my detailed answer for turn 1.
User: What is the calibration procedure at the start of each session?
Assistant: Here is my detailed answer for turn 2.
User: How does T-pose calibration normalise body proportions?
Assistant: Here is my detailed answer for t","User: Hello AI.
Assistant: Hi there! How can I help you today?
User: Can you explain how the RehabQuest pose tracking works?
Assistant: Here is my detailed answer for turn 1.
User: What is the calibration procedure at the start of each session?
Assistant: Here is my detailed answer for turn 2.
User: How does T-pose calibration normalise body proportions?
Assistant: Here is my detailed answer for turn 3.
User: What are the hardware requirements for real-time pose tracking?
Assistant: Here is my detailed answer for turn 4.
User: How does MediaPipe detect the 33 pose landmarks?
Assistant: Here is my detailed answer for turn 5.
User: What is the role of cosine similarity in joint angle computation?
Assistant: Here is my detailed answer for turn 6.
User: How are joint angles computed in three dimensions?
Assistant: Here is my detailed answer for turn 7.
User: How is the system validated against Vicon motion capture?
Assistant: Here is my detailed answer for turn 8.
User: What accuracy metrics are used to evaluate performance?
Assistant: Here is my detailed answer for turn 9.
User: How does camera distance affect landmark detection accuracy?
Assistant: Here is my detailed answer for turn 10.
User: What GPU specification is needed for real-time processing?
Assistant: Here is my detailed answer for turn 11.
User: How does the system handle occlusion of body parts?
Assistant: Here is my detailed answer for turn 12.
User: What frame rate achieves clinically acceptable motion tracking?
Assistant: Here is my detailed answer for turn 13.
User: How are left and right side landmarks differentiated?
Assistant: Here is my detailed answer for turn 14.
User: What happens if T-pose calibration is performed incorrectly?
Assistant: Here is my detailed answer for turn 15.
User: How does the system account for varying patient heights?
Assistant: Here is my detailed answer for turn 16.
User: Can pose tracking work with a standard RGB webcam?
Assistant: Here is my detailed answer for turn 17.
User: How are the 33 landmarks mapped to anatomical joints?
Assistant: Here is my detailed answer for turn 18.
User: What filtering is applied to raw landmark coordinates?
Assistant: Here is my detailed answer for turn 19.
User: How does the system detect and reject outlier frames?
Assistant: Here is my detailed answer for turn 20.
User: How is shoulder flexion angle calculated from landmarks?
Assistant: Here is my detailed answer for turn 21.
User: How is knee extension range of motion extracted?
Assistant: Here is my detailed answer for turn 22.
User: Can you elaborate further on: How is knee extension range of motion extracted?",How is knee extension range of motion extracted?,"Focus question: How is knee extension range of motion extracted?
Context profile: multiturn_dialog_history
Prompt tokens: 583
Context preview: User: Hello AI. Assistant: Hi there! How can I help you today? User: Can you explain how the RehabQuest pose tracking works? Assistant: Here is my detailed answer for turn 1. User: What is the calibration procedure at the start of each session? Assistant: Here is my detailed answer for turn 2. User: How does T-pose calibration normalise body proportions? Assistant: Here is my detailed answer for t",multiturn_dialog_history,baseline,583,20,38.95,0.139,Warm,6.832,28.5,5.12,39.0,0.0,0,13,13,39.0,39.0,none,lmcache_store_coldpass,1,"[""Qwen-Qwen2.5-0.5B-Instruct@1@0@3f32db74e6683e15@bfloat16.pt""]",multiturn,True
23,What is the typical latency from movement to feedback?,"User: Hello AI.
Assistant: Hi there! How can I help you today?
User: Can you explain how the RehabQuest pose tracking works?
Assistant: Here is my detailed answer for turn 1.
User: What is the calibration procedure at the start of each session?
Assistant: Here is my detailed answer for turn 2.
User: How does T-pose calibration normalise body proportions?
Assistant: Here is my detailed answer for t","User: Hello AI.
Assistant: Hi there! How can I help you today?
User: Can you explain how the RehabQuest pose tracking works?
Assistant: Here is my detailed answer for turn 1.
User: What is the calibration procedure at the start of each session?
Assistant: Here is my detailed answer for turn 2.
User: How does T-pose calibration normalise body proportions?
Assistant: Here is my detailed answer for turn 3.
User: What are the hardware requirements for real-time pose tracking?
Assistant: Here is my detailed answer for turn 4.
User: How does MediaPipe detect the 33 pose landmarks?
Assistant: Here is my detailed answer for turn 5.
User: What is the role of cosine similarity in joint angle computation?
Assistant: Here is my detailed answer for turn 6.
User: How are joint angles computed in three dimensions?
Assistant: Here is my detailed answer for turn 7.
User: How is the system validated against Vicon motion capture?
Assistant: Here is my detailed answer for turn 8.
User: What accuracy metrics are used to evaluate performance?
Assistant: Here is my detailed answer for turn 9.
User: How does camera distance affect landmark detection accuracy?
Assistant: Here is my detailed answer for turn 10.
User: What GPU specification is needed for real-time processing?
Assistant: Here is my detailed answer for turn 11.
User: How does the system handle occlusion of body parts?
Assistant: Here is my detailed answer for turn 12.
User: What frame rate achieves clinically acceptable motion tracking?
Assistant: Here is my detailed answer for turn 13.
User: How are left and right side landmarks differentiated?
Assistant: Here is my detailed answer for turn 14.
User: What happens if T-pose calibration is performed incorrectly?
Assistant: Here is my detailed answer for turn 15.
User: How does the system account for varying patient heights?
Assistant: Here is my detailed answer for turn 16.
User: Can pose tracking work with a standard RGB webcam?
Assistant: Here is my detailed answer for turn 17.
User: How are the 33 landmarks mapped to anatomical joints?
Assistant: Here is my detailed answer for turn 18.
User: What filtering is applied to raw landmark coordinates?
Assistant: Here is my detailed answer for turn 19.
User: How does the system detect and reject outlier frames?
Assistant: Here is my detailed answer for turn 20.
User: How is shoulder flexion angle calculated from landmarks?
Assistant: Here is my detailed answer for turn 21.
User: How is knee extension range of motion extracted?
Assistant: Here is my detailed answer for turn 22.
User: What is the typical latency from movement to feedback?
Assistant: Here is my detailed answer for turn 23.
User: Can you elaborate further on: What is the typical latency from movement to feedback?",What is the typical latency from movement to feedback?,"Focus question: What is the typical latency from movement to feedback?
Context profile: multiturn_dialog_history
Prompt tokens: 609
Context preview: User: Hello AI. Assistant: Hi there! How can I help you today? User: Can you explain how the RehabQuest pose tracking works? Assistant: Here is my detailed answer for turn 1. User: What is the calibration procedure at the start of each session? Assistant: Here is my detailed answer for turn 2. User: How does T-pose calibration normalise body proportions? Assistant: Here is my detailed answer for t",multiturn_dialog_history,baseline,609,20,36.66,0.1367,Warm,7.137,29.7,5.12,39.0,0.0,0,13,13,39.0,39.0,none,lmcache_store_coldpass,1,"[""Qwen-Qwen2.5-0.5B-Instruct@1@0@3f32db74e6683e15@bfloat16.pt""]",multiturn,True
24,How does lighting affect landmark detection confidence?,"User: Hello AI.
Assistant: Hi there! How can I help you today?
User: Can you explain how the RehabQuest pose tracking works?
Assistant: Here is my detailed answer for turn 1.
User: What is the calibration procedure at the start of each session?
Assistant: Here is my detailed answer for turn 2.
User: How does T-pose calibration normalise body proportions?
Assistant: Here is my detailed answer for t","User: Hello AI.
Assistant: Hi there! How can I help you today?
User: Can you explain how the RehabQuest pose tracking works?
Assistant: Here is my detailed answer for turn 1.
User: What is the calibration procedure at the start of each session?
Assistant: Here is my detailed answer for turn 2.
User: How does T-pose calibration normalise body proportions?
Assistant: Here is my detailed answer for turn 3.
User: What are the hardware requirements for real-time pose tracking?
Assistant: Here is my detailed answer for turn 4.
User: How does MediaPipe detect the 33 pose landmarks?
Assistant: Here is my detailed answer for turn 5.
User: What is the role of cosine similarity in joint angle computation?
Assistant: Here is my detailed answer for turn 6.
User: How are joint angles computed in three dimensions?
Assistant: Here is my detailed answer for turn 7.
User: How is the system validated against Vicon motion capture?
Assistant: Here is my detailed answer for turn 8.
User: What accuracy metrics are used to evaluate performance?
Assistant: Here is my detailed answer for turn 9.
User: How does camera distance affect landmark detection accuracy?
Assistant: Here is my detailed answer for turn 10.
User: What GPU specification is needed for real-time processing?
Assistant: Here is my detailed answer for turn 11.
User: How does the system handle occlusion of body parts?
Assistant: Here is my detailed answer for turn 12.
User: What frame rate achieves clinically acceptable motion tracking?
Assistant: Here is my detailed answer for turn 13.
User: How are left and right side landmarks differentiated?
Assistant: Here is my detailed answer for turn 14.
User: What happens if T-pose calibration is performed incorrectly?
Assistant: Here is my detailed answer for turn 15.
User: How does the system account for varying patient heights?
Assistant: Here is my detailed answer for turn 16.
User: Can pose tracking work with a standard RGB webcam?
Assistant: Here is my detailed answer for turn 17.
User: How are the 33 landmarks mapped to anatomical joints?
Assistant: Here is my detailed answer for turn 18.
User: What filtering is applied to raw landmark coordinates?
Assistant: Here is my detailed answer for turn 19.
User: How does the system detect and reject outlier frames?
Assistant: Here is my detailed answer for turn 20.
User: How is shoulder flexion angle calculated from landmarks?
Assistant: Here is my detailed answer for turn 21.
User: How is knee extension range of motion extracted?
Assistant: Here is my detailed answer for turn 22.
User: What is the typical latency from movement to feedback?
Assistant: Here is my detailed answer for turn 23.
User: How does lighting affect landmark detection confidence?
Assistant: Here is my detailed answer for turn 24.
User: Can you elaborate further on: How does lighting affect landmark detection confidence?",How does lighting affect landmark detection confidence?,"Focus question: How does lighting affect landmark detection confidence?
Context profile: multiturn_dialog_history
Prompt tokens: 630
Context preview: User: Hello AI. Assistant: Hi there! How can I help you today? User: Can you explain how the RehabQuest pose tracking works? Assistant: Here is my detailed answer for turn 1. User: What is the calibration procedure at the start of each session? Assistant: Here is my detailed answer for turn 2. User: How does T-pose calibration normalise body proportions? Assistant: Here is my detailed answer for t",multiturn_dialog_history,baseline,630,20,36.41,0.1364,Warm,7.383,30.8,5.12,39.0,0.0,0,13,13,39.0,39.0,none,lmcache_store_coldpass,1,"[""Qwen-Qwen2.5-0.5B-Instruct@1@0@3f32db74e6683e15@bfloat16.pt""]",multiturn,True
25,What confidence threshold accepts or rejects a landmark?,"User: Hello AI.
Assistant: Hi there! How can I help you today?
User: Can you explain how the RehabQuest pose tracking works?
Assistant: Here is my detailed answer for turn 1.
User: What is the calibration procedure at the start of each session?
Assistant: Here is my detailed answer for turn 2.
User: How does T-pose calibration normalise body proportions?
Assistant: Here is my detailed answer for t","User: Hello AI.
Assistant: Hi there! How can I help you today?
User: Can you explain how the RehabQuest pose tracking works?
Assistant: Here is my detailed answer for turn 1.
User: What is the calibration procedure at the start of each session?
Assistant: Here is my detailed answer for turn 2.
User: How does T-pose calibration normalise body proportions?
Assistant: Here is my detailed answer for turn 3.
User: What are the hardware requirements for real-time pose tracking?
Assistant: Here is my detailed answer for turn 4.
User: How does MediaPipe detect the 33 pose landmarks?
Assistant: Here is my detailed answer for turn 5.
User: What is the role of cosine similarity in joint angle computation?
Assistant: Here is my detailed answer for turn 6.
User: How are joint angles computed in three dimensions?
Assistant: Here is my detailed answer for turn 7.
User: How is the system validated against Vicon motion capture?
Assistant: Here is my detailed answer for turn 8.
User: What accuracy metrics are used to evaluate performance?
Assistant: Here is my detailed answer for turn 9.
User: How does camera distance affect landmark detection accuracy?
Assistant: Here is my detailed answer for turn 10.
User: What GPU specification is needed for real-time processing?
Assistant: Here is my detailed answer for turn 11.
User: How does the system handle occlusion of body parts?
Assistant: Here is my detailed answer for turn 12.
User: What frame rate achieves clinically acceptable motion tracking?
Assistant: Here is my detailed answer for turn 13.
User: How are left and right side landmarks differentiated?
Assistant: Here is my detailed answer for turn 14.
User: What happens if T-pose calibration is performed incorrectly?
Assistant: Here is my detailed answer for turn 15.
User: How does the system account for varying patient heights?
Assistant: Here is my detailed answer for turn 16.
User: Can pose tracking work with a standard RGB webcam?
Assistant: Here is my detailed answer for turn 17.
User: How are the 33 landmarks mapped to anatomical joints?
Assistant: Here is my detailed answer for turn 18.
User: What filtering is applied to raw landmark coordinates?
Assistant: Here is my detailed answer for turn 19.
User: How does the system detect and reject outlier frames?
Assistant: Here is my detailed answer for turn 20.
User: How is shoulder flexion angle calculated from landmarks?
Assistant: Here is my detailed answer for turn 21.
User: How is knee extension range of motion extracted?
Assistant: Here is my detailed answer for turn 22.
User: What is the typical latency from movement to feedback?
Assistant: Here is my detailed answer for turn 23.
User: How does lighting affect landmark detection confidence?
Assistant: Here is my detailed answer for turn 24.
User: What confidence threshold accepts or rejects a landmark?
Assistant: Here is my detailed answer for turn 25.
User: Can you elaborate further on: What confidence threshold accepts or rejects a landmark?",What confidence threshold accepts or rejects a landmark?,"Focus question: What confidence threshold accepts or rejects a landmark?
Context profile: multiturn_dialog_history
Prompt tokens: 655
Context preview: User: Hello AI. Assistant: Hi there! How can I help you today? User: Can you explain how the RehabQuest pose tracking works? Assistant: Here is my detailed answer for turn 1. User: What is the calibration procedure at the start of each session? Assistant: Here is my detailed answer for turn 2. User: How does T-pose calibration normalise body proportions? Assistant: Here is my detailed answer for t",multiturn_dialog_history,baseline,655,20,35.19,0.1352,Warm,7.676,32.0,5.12,39.0,0.0,0,13,13,39.0,39.0,none,lmcache_store_coldpass,1,"[""Qwen-Qwen2.5-0.5B-Instruct@1@0@3f32db74e6683e15@bfloat16.pt""]",multiturn,True
26,How does the system track spinal alignment during exercises?,"User: Hello AI.
Assistant: Hi there! How can I help you today?
User: Can you explain how the RehabQuest pose tracking works?
Assistant: Here is my detailed answer for turn 1.
User: What is the calibration procedure at the start of each session?
Assistant: Here is my detailed answer for turn 2.
User: How does T-pose calibration normalise body proportions?
Assistant: Here is my detailed answer for t","User: Hello AI.
Assistant: Hi there! How can I help you today?
User: Can you explain how the RehabQuest pose tracking works?
Assistant: Here is my detailed answer for turn 1.
User: What is the calibration procedure at the start of each session?
Assistant: Here is my detailed answer for turn 2.
User: How does T-pose calibration normalise body proportions?
Assistant: Here is my detailed answer for turn 3.
User: What are the hardware requirements for real-time pose tracking?
Assistant: Here is my detailed answer for turn 4.
User: How does MediaPipe detect the 33 pose landmarks?
Assistant: Here is my detailed answer for turn 5.
User: What is the role of cosine similarity in joint angle computation?
Assistant: Here is my detailed answer for turn 6.
User: How are joint angles computed in three dimensions?
Assistant: Here is my detailed answer for turn 7.
User: How is the system validated against Vicon motion capture?
Assistant: Here is my detailed answer for turn 8.
User: What accuracy metrics are used to evaluate performance?
Assistant: Here is my detailed answer for turn 9.
User: How does camera distance affect landmark detection accuracy?
Assistant: Here is my detailed answer for turn 10.
User: What GPU specification is needed for real-time processing?
Assistant: Here is my detailed answer for turn 11.
User: How does the system handle occlusion of body parts?
Assistant: Here is my detailed answer for turn 12.
User: What frame rate achieves clinically acceptable motion tracking?
Assistant: Here is my detailed answer for turn 13.
User: How are left and right side landmarks differentiated?
Assistant: Here is my detailed answer for turn 14.
User: What happens if T-pose calibration is performed incorrectly?
Assistant: Here is my detailed answer for turn 15.
User: How does the system account for varying patient heights?
Assistant: Here is my detailed answer for turn 16.
User: Can pose tracking work with a standard RGB webcam?
Assistant: Here is my detailed answer for turn 17.
User: How are the 33 landmarks mapped to anatomical joints?
Assistant: Here is my detailed answer for turn 18.
User: What filtering is applied to raw landmark coordinates?
Assistant: Here is my detailed answer for turn 19.
User: How does the system detect and reject outlier frames?
Assistant: Here is my detailed answer for turn 20.
User: How is shoulder flexion angle calculated from landmarks?
Assistant: Here is my detailed answer for turn 21.
User: How is knee extension range of motion extracted?
Assistant: Here is my detailed answer for turn 22.
User: What is the typical latency from movement to feedback?
Assistant: Here is my detailed answer for turn 23.
User: How does lighting affect landmark detection confidence?
Assistant: Here is my detailed answer for turn 24.
User: What confidence threshold accepts or rejects a landmark?
Assistant: Here is my detailed answer for turn 25.
User: How does the system track spinal alignment during exercises?
Assistant: Here is my detailed answer for turn 26.
User: Can you elaborate further on: How does the system track spinal alignment during exercises?",How does the system track spinal alignment during exercises?,"Focus question: How does the system track spinal alignment during exercises?
Context profile: multiturn_dialog_history
Prompt tokens: 681
Context preview: User: Hello AI. Assistant: Hi there! How can I help you today? User: Can you explain how the RehabQuest pose tracking works? Assistant: Here is my detailed answer for turn 1. User: What is the calibration procedure at the start of each session? Assistant: Here is my detailed answer for turn 2. User: How does T-pose calibration normalise body proportions? Assistant: Here is my detailed answer for t",multiturn_dialog_history,baseline,681,20,35.49,0.1355,Warm,7.98,33.3,5.12,39.0,0.0,0,13,13,39.0,39.0,none,lmcache_store_coldpass,1,"[""Qwen-Qwen2.5-0.5B-Instruct@1@0@3f32db74e6683e15@bfloat16.pt""]",multiturn,True
27,How are exercise repetitions counted from angle time series?,"User: Hello AI.
Assistant: Hi there! How can I help you today?
User: Can you explain how the RehabQuest pose tracking works?
Assistant: Here is my detailed answer for turn 1.
User: What is the calibration procedure at the start of each session?
Assistant: Here is my detailed answer for turn 2.
User: How does T-pose calibration normalise body proportions?
Assistant: Here is my detailed answer for t","User: Hello AI.
Assistant: Hi there! How can I help you today?
User: Can you explain how the RehabQuest pose tracking works?
Assistant: Here is my detailed answer for turn 1.
User: What is the calibration procedure at the start of each session?
Assistant: Here is my detailed answer for turn 2.
User: How does T-pose calibration normalise body proportions?
Assistant: Here is my detailed answer for turn 3.
User: What are the hardware requirements for real-time pose tracking?
Assistant: Here is my detailed answer for turn 4.
User: How does MediaPipe detect the 33 pose landmarks?
Assistant: Here is my detailed answer for turn 5.
User: What is the role of cosine similarity in joint angle computation?
Assistant: Here is my detailed answer for turn 6.
User: How are joint angles computed in three dimensions?
Assistant: Here is my detailed answer for turn 7.
User: How is the system validated against Vicon motion capture?
Assistant: Here is my detailed answer for turn 8.
User: What accuracy metrics are used to evaluate performance?
Assistant: Here is my detailed answer for turn 9.
User: How does camera distance affect landmark detection accuracy?
Assistant: Here is my detailed answer for turn 10.
User: What GPU specification is needed for real-time processing?
Assistant: Here is my detailed answer for turn 11.
User: How does the system handle occlusion of body parts?
Assistant: Here is my detailed answer for turn 12.
User: What frame rate achieves clinically acceptable motion tracking?
Assistant: Here is my detailed answer for turn 13.
User: How are left and right side landmarks differentiated?
Assistant: Here is my detailed answer for turn 14.
User: What happens if T-pose calibration is performed incorrectly?
Assistant: Here is my detailed answer for turn 15.
User: How does the system account for varying patient heights?
Assistant: Here is my detailed answer for turn 16.
User: Can pose tracking work with a standard RGB webcam?
Assistant: Here is my detailed answer for turn 17.
User: How are the 33 landmarks mapped to anatomical joints?
Assistant: Here is my detailed answer for turn 18.
User: What filtering is applied to raw landmark coordinates?
Assistant: Here is my detailed answer for turn 19.
User: How does the system detect and reject outlier frames?
Assistant: Here is my detailed answer for turn 20.
User: How is shoulder flexion angle calculated from landmarks?
Assistant: Here is my detailed answer for turn 21.
User: How is knee extension range of motion extracted?
Assistant: Here is my detailed answer for turn 22.
User: What is the typical latency from movement to feedback?
Assistant: Here is my detailed answer for turn 23.
User: How does lighting affect landmark detection confidence?
Assistant: Here is my detailed answer for turn 24.
User: What confidence threshold accepts or rejects a landmark?
Assistant: Here is my detailed answer for turn 25.
User: How does the system track spinal alignment during exercises?
Assistant: Here is my detailed answer for turn 26.
User: How are exercise repetitions counted from angle time series?
Assistant: Here is my detailed answer for turn 27.
User: Can you elaborate further on: How are exercise repetitions counted from angle time series?",How are exercise repetitions counted from angle time series?,"Focus question: How are exercise repetitions counted from angle time series?
Context profile: multiturn_dialog_history
Prompt tokens: 706
Context preview: User: Hello AI. Assistant: Hi there! How can I help you today? User: Can you explain how the RehabQuest pose tracking works? Assistant: Here is my detailed answer for turn 1. User: What is the calibration procedure at the start of each session? Assistant: Here is my detailed answer for turn 2. User: How does T-pose calibration normalise body proportions? Assistant: Here is my detailed answer for t",multiturn_dialog_history,baseline,706,20,44.56,0.1446,Warm,8.273,34.5,5.12,39.0,0.0,0,13,13,39.0,39.0,none,lmcache_store_coldpass,1,"[""Qwen-Qwen2.5-0.5B-Instruct@1@0@3f32db74e6683e15@bfloat16.pt""]",multiturn,True
28,What ML model underlies the MediaPipe pose estimator?,"User: Hello AI.
Assistant: Hi there! How can I help you today?
User: Can you explain how the RehabQuest pose tracking works?
Assistant: Here is my detailed answer for turn 1.
User: What is the calibration procedure at the start of each session?
Assistant: Here is my detailed answer for turn 2.
User: How does T-pose calibration normalise body proportions?
Assistant: Here is my detailed answer for t","User: Hello AI.
Assistant: Hi there! How can I help you today?
User: Can you explain how the RehabQuest pose tracking works?
Assistant: Here is my detailed answer for turn 1.
User: What is the calibration procedure at the start of each session?
Assistant: Here is my detailed answer for turn 2.
User: How does T-pose calibration normalise body proportions?
Assistant: Here is my detailed answer for turn 3.
User: What are the hardware requirements for real-time pose tracking?
Assistant: Here is my detailed answer for turn 4.
User: How does MediaPipe detect the 33 pose landmarks?
Assistant: Here is my detailed answer for turn 5.
User: What is the role of cosine similarity in joint angle computation?
Assistant: Here is my detailed answer for turn 6.
User: How are joint angles computed in three dimensions?
Assistant: Here is my detailed answer for turn 7.
User: How is the system validated against Vicon motion capture?
Assistant: Here is my detailed answer for turn 8.
User: What accuracy metrics are used to evaluate performance?
Assistant: Here is my detailed answer for turn 9.
User: How does camera distance affect landmark detection accuracy?
Assistant: Here is my detailed answer for turn 10.
User: What GPU specification is needed for real-time processing?
Assistant: Here is my detailed answer for turn 11.
User: How does the system handle occlusion of body parts?
Assistant: Here is my detailed answer for turn 12.
User: What frame rate achieves clinically acceptable motion tracking?
Assistant: Here is my detailed answer for turn 13.
User: How are left and right side landmarks differentiated?
Assistant: Here is my detailed answer for turn 14.
User: What happens if T-pose calibration is performed incorrectly?
Assistant: Here is my detailed answer for turn 15.
User: How does the system account for varying patient heights?
Assistant: Here is my detailed answer for turn 16.
User: Can pose tracking work with a standard RGB webcam?
Assistant: Here is my detailed answer for turn 17.
User: How are the 33 landmarks mapped to anatomical joints?
Assistant: Here is my detailed answer for turn 18.
User: What filtering is applied to raw landmark coordinates?
Assistant: Here is my detailed answer for turn 19.
User: How does the system detect and reject outlier frames?
Assistant: Here is my detailed answer for turn 20.
User: How is shoulder flexion angle calculated from landmarks?
Assistant: Here is my detailed answer for turn 21.
User: How is knee extension range of motion extracted?
Assistant: Here is my detailed answer for turn 22.
User: What is the typical latency from movement to feedback?
Assistant: Here is my detailed answer for turn 23.
User: How does lighting affect landmark detection confidence?
Assistant: Here is my detailed answer for turn 24.
User: What confidence threshold accepts or rejects a landmark?
Assistant: Here is my detailed answer for turn 25.
User: How does the system track spinal alignment during exercises?
Assistant: Here is my detailed answer for turn 26.
User: How are exercise repetitions counted from angle time series?
Assistant: Here is my detailed answer for turn 27.
User: What ML model underlies the MediaPipe pose estimator?
Assistant: Here is my detailed answer for turn 28.
User: Can you elaborate further on: What ML model underlies the MediaPipe pose estimator?",What ML model underlies the MediaPipe pose estimator?,"Focus question: What ML model underlies the MediaPipe pose estimator?
Context profile: multiturn_dialog_history
Prompt tokens: 733
Context preview: User: Hello AI. Assistant: Hi there! How can I help you today? User: Can you explain how the RehabQuest pose tracking works? Assistant: Here is my detailed answer for turn 1. User: What is the calibration procedure at the start of each session? Assistant: Here is my detailed answer for turn 2. User: How does T-pose calibration normalise body proportions? Assistant: Here is my detailed answer for t",multiturn_dialog_history,baseline,733,20,36.73,0.1367,Warm,8.59,35.8,5.12,39.0,0.0,0,13,13,39.0,39.0,none,lmcache_store_coldpass,1,"[""Qwen-Qwen2.5-0.5B-Instruct@1@0@3f32db74e6683e15@bfloat16.pt""]",multiturn,True
29,How was the MediaPipe model trained and what datasets used?,"User: Hello AI.
Assistant: Hi there! How can I help you today?
User: Can you explain how the RehabQuest pose tracking works?
Assistant: Here is my detailed answer for turn 1.
User: What is the calibration procedure at the start of each session?
Assistant: Here is my detailed answer for turn 2.
User: How does T-pose calibration normalise body proportions?
Assistant: Here is my detailed answer for t","User: Hello AI.
Assistant: Hi there! How can I help you today?
User: Can you explain how the RehabQuest pose tracking works?
Assistant: Here is my detailed answer for turn 1.
User: What is the calibration procedure at the start of each session?
Assistant: Here is my detailed answer for turn 2.
User: How does T-pose calibration normalise body proportions?
Assistant: Here is my detailed answer for turn 3.
User: What are the hardware requirements for real-time pose tracking?
Assistant: Here is my detailed answer for turn 4.
User: How does MediaPipe detect the 33 pose landmarks?
Assistant: Here is my detailed answer for turn 5.
User: What is the role of cosine similarity in joint angle computation?
Assistant: Here is my detailed answer for turn 6.
User: How are joint angles computed in three dimensions?
Assistant: Here is my detailed answer for turn 7.
User: How is the system validated against Vicon motion capture?
Assistant: Here is my detailed answer for turn 8.
User: What accuracy metrics are used to evaluate performance?
Assistant: Here is my detailed answer for turn 9.
User: How does camera distance affect landmark detection accuracy?
Assistant: Here is my detailed answer for turn 10.
User: What GPU specification is needed for real-time processing?
Assistant: Here is my detailed answer for turn 11.
User: How does the system handle occlusion of body parts?
Assistant: Here is my detailed answer for turn 12.
User: What frame rate achieves clinically acceptable motion tracking?
Assistant: Here is my detailed answer for turn 13.
User: How are left and right side landmarks differentiated?
Assistant: Here is my detailed answer for turn 14.
User: What happens if T-pose calibration is performed incorrectly?
Assistant: Here is my detailed answer for turn 15.
User: How does the system account for varying patient heights?
Assistant: Here is my detailed answer for turn 16.
User: Can pose tracking work with a standard RGB webcam?
Assistant: Here is my detailed answer for turn 17.
User: How are the 33 landmarks mapped to anatomical joints?
Assistant: Here is my detailed answer for turn 18.
User: What filtering is applied to raw landmark coordinates?
Assistant: Here is my detailed answer for turn 19.
User: How does the system detect and reject outlier frames?
Assistant: Here is my detailed answer for turn 20.
User: How is shoulder flexion angle calculated from landmarks?
Assistant: Here is my detailed answer for turn 21.
User: How is knee extension range of motion extracted?
Assistant: Here is my detailed answer for turn 22.
User: What is the typical latency from movement to feedback?
Assistant: Here is my detailed answer for turn 23.
User: How does lighting affect landmark detection confidence?
Assistant: Here is my detailed answer for turn 24.
User: What confidence threshold accepts or rejects a landmark?
Assistant: Here is my detailed answer for turn 25.
User: How does the system track spinal alignment during exercises?
Assistant: Here is my detailed answer for turn 26.
User: How are exercise repetitions counted from angle time series?
Assistant: Here is my detailed answer for turn 27.
User: What ML model underlies the MediaPipe pose estimator?
Assistant: Here is my detailed answer for turn 28.
User: How was the MediaPipe model trained and what datasets used?
Assistant: Here is my detailed answer for turn 29.
User: Can you elaborate further on: How was the MediaPipe model trained and what datasets used?",How was the MediaPipe model trained and what datasets used?,"Focus question: How was the MediaPipe model trained and what datasets used?
Context profile: multiturn_dialog_history
Prompt tokens: 761
Context preview: User: Hello AI. Assistant: Hi there! How can I help you today? User: Can you explain how the RehabQuest pose tracking works? Assistant: Here is my detailed answer for turn 1. User: What is the calibration procedure at the start of each session? Assistant: Here is my detailed answer for turn 2. User: How does T-pose calibration normalise body proportions? Assistant: Here is my detailed answer for t",multiturn_dialog_history,baseline,761,20,35.75,0.1358,Warm,8.918,37.2,5.12,39.0,0.0,0,13,13,39.0,39.0,none,lmcache_store_coldpass,1,"[""Qwen-Qwen2.5-0.5B-Instruct@1@0@3f32db74e6683e15@bfloat16.pt""]",multiturn,True
30,Can the system distinguish correct from compensatory movement?,"User: Hello AI.
Assistant: Hi there! How can I help you today?
User: Can you explain how the RehabQuest pose tracking works?
Assistant: Here is my detailed answer for turn 1.
User: What is the calibration procedure at the start of each session?
Assistant: Here is my detailed answer for turn 2.
User: How does T-pose calibration normalise body proportions?
Assistant: Here is my detailed answer for t","User: Hello AI.
Assistant: Hi there! How can I help you today?
User: Can you explain how the RehabQuest pose tracking works?
Assistant: Here is my detailed answer for turn 1.
User: What is the calibration procedure at the start of each session?
Assistant: Here is my detailed answer for turn 2.
User: How does T-pose calibration normalise body proportions?
Assistant: Here is my detailed answer for turn 3.
User: What are the hardware requirements for real-time pose tracking?
Assistant: Here is my detailed answer for turn 4.
User: How does MediaPipe detect the 33 pose landmarks?
Assistant: Here is my detailed answer for turn 5.
User: What is the role of cosine similarity in joint angle computation?
Assistant: Here is my detailed answer for turn 6.
User: How are joint angles computed in three dimensions?
Assistant: Here is my detailed answer for turn 7.
User: How is the system validated against Vicon motion capture?
Assistant: Here is my detailed answer for turn 8.
User: What accuracy metrics are used to evaluate performance?
Assistant: Here is my detailed answer for turn 9.
User: How does camera distance affect landmark detection accuracy?
Assistant: Here is my detailed answer for turn 10.
User: What GPU specification is needed for real-time processing?
Assistant: Here is my detailed answer for turn 11.
User: How does the system handle occlusion of body parts?
Assistant: Here is my detailed answer for turn 12.
User: What frame rate achieves clinically acceptable motion tracking?
Assistant: Here is my detailed answer for turn 13.
User: How are left and right side landmarks differentiated?
Assistant: Here is my detailed answer for turn 14.
User: What happens if T-pose calibration is performed incorrectly?
Assistant: Here is my detailed answer for turn 15.
User: How does the system account for varying patient heights?
Assistant: Here is my detailed answer for turn 16.
User: Can pose tracking work with a standard RGB webcam?
Assistant: Here is my detailed answer for turn 17.
User: How are the 33 landmarks mapped to anatomical joints?
Assistant: Here is my detailed answer for turn 18.
User: What filtering is applied to raw landmark coordinates?
Assistant: Here is my detailed answer for turn 19.
User: How does the system detect and reject outlier frames?
Assistant: Here is my detailed answer for turn 20.
User: How is shoulder flexion angle calculated from landmarks?
Assistant: Here is my detailed answer for turn 21.
User: How is knee extension range of motion extracted?
Assistant: Here is my detailed answer for turn 22.
User: What is the typical latency from movement to feedback?
Assistant: Here is my detailed answer for turn 23.
User: How does lighting affect landmark detection confidence?
Assistant: Here is my detailed answer for turn 24.
User: What confidence threshold accepts or rejects a landmark?
Assistant: Here is my detailed answer for turn 25.
User: How does the system track spinal alignment during exercises?
Assistant: Here is my detailed answer for turn 26.
User: How are exercise repetitions counted from angle time series?
Assistant: Here is my detailed answer for turn 27.
User: What ML model underlies the MediaPipe pose estimator?
Assistant: Here is my detailed answer for turn 28.
User: How was the MediaPipe model trained and what datasets used?
Assistant: Here is my detailed answer for turn 29.
User: Can the system distinguish correct from compensatory movement?
Assistant: Here is my detailed answer for turn 30.
User: Can you elaborate further on: Can the system distinguish correct from compensatory movement?",Can the system distinguish correct from compensatory movement?,"Focus question: Can the system distinguish correct from compensatory movement?
Context profile: multiturn_dialog_history
Prompt tokens: 784
Context preview: User: Hello AI. Assistant: Hi there! How can I help you today? User: Can you explain how the RehabQuest pose tracking works? Assistant: Here is my detailed answer for turn 1. User: What is the calibration procedure at the start of each session? Assistant: Here is my detailed answer for turn 2. User: How does T-pose calibration normalise body proportions? Assistant: Here is my detailed answer for t",multiturn_dialog_history,baseline,784,20,36.66,0.1367,Warm,9.188,38.3,5.12,39.0,0.0,0,13,13,39.0,39.0,none,lmcache_store_coldpass,1,"[""Qwen-Qwen2.5-0.5B-Instruct@1@0@345ddb4d044339e1@bfloat16.pt""]",multiturn,True
31,How is data from multiple sessions stored and compared?,"User: Hello AI.
Assistant: Hi there! How can I help you today?
User: Can you explain how the RehabQuest pose tracking works?
Assistant: Here is my detailed answer for turn 1.
User: What is the calibration procedure at the start of each session?
Assistant: Here is my detailed answer for turn 2.
User: How does T-pose calibration normalise body proportions?
Assistant: Here is my detailed answer for t","User: Hello AI.
Assistant: Hi there! How can I help you today?
User: Can you explain how the RehabQuest pose tracking works?
Assistant: Here is my detailed answer for turn 1.
User: What is the calibration procedure at the start of each session?
Assistant: Here is my detailed answer for turn 2.
User: How does T-pose calibration normalise body proportions?
Assistant: Here is my detailed answer for turn 3.
User: What are the hardware requirements for real-time pose tracking?
Assistant: Here is my detailed answer for turn 4.
User: How does MediaPipe detect the 33 pose landmarks?
Assistant: Here is my detailed answer for turn 5.
User: What is the role of cosine similarity in joint angle computation?
Assistant: Here is my detailed answer for turn 6.
User: How are joint angles computed in three dimensions?
Assistant: Here is my detailed answer for turn 7.
User: How is the system validated against Vicon motion capture?
Assistant: Here is my detailed answer for turn 8.
User: What accuracy metrics are used to evaluate performance?
Assistant: Here is my detailed answer for turn 9.
User: How does camera distance affect landmark detection accuracy?
Assistant: Here is my detailed answer for turn 10.
User: What GPU specification is needed for real-time processing?
Assistant: Here is my detailed answer for turn 11.
User: How does the system handle occlusion of body parts?
Assistant: Here is my detailed answer for turn 12.
User: What frame rate achieves clinically acceptable motion tracking?
Assistant: Here is my detailed answer for turn 13.
User: How are left and right side landmarks differentiated?
Assistant: Here is my detailed answer for turn 14.
User: What happens if T-pose calibration is performed incorrectly?
Assistant: Here is my detailed answer for turn 15.
User: How does the system account for varying patient heights?
Assistant: Here is my detailed answer for turn 16.
User: Can pose tracking work with a standard RGB webcam?
Assistant: Here is my detailed answer for turn 17.
User: How are the 33 landmarks mapped to anatomical joints?
Assistant: Here is my detailed answer for turn 18.
User: What filtering is applied to raw landmark coordinates?
Assistant: Here is my detailed answer for turn 19.
User: How does the system detect and reject outlier frames?
Assistant: Here is my detailed answer for turn 20.
User: How is shoulder flexion angle calculated from landmarks?
Assistant: Here is my detailed answer for turn 21.
User: How is knee extension range of motion extracted?
Assistant: Here is my detailed answer for turn 22.
User: What is the typical latency from movement to feedback?
Assistant: Here is my detailed answer for turn 23.
User: How does lighting affect landmark detection confidence?
Assistant: Here is my detailed answer for turn 24.
User: What confidence threshold accepts or rejects a landmark?
Assistant: Here is my detailed answer for turn 25.
User: How does the system track spinal alignment during exercises?
Assistant: Here is my detailed answer for turn 26.
User: How are exercise repetitions counted from angle time series?
Assistant: Here is my detailed answer for turn 27.
User: What ML model underlies the MediaPipe pose estimator?
Assistant: Here is my detailed answer for turn 28.
User: How was the MediaPipe model trained and what datasets used?
Assistant: Here is my detailed answer for turn 29.
User: Can the system distinguish correct from compensatory movement?
Assistant: Here is my detailed answer for turn 30.
User: How is data from multiple sessions stored and compared?
Assistant: Here is my detailed answer for turn 31.
User: Can you elaborate further on: How is data from multiple sessions stored and compared?",How is data from multiple sessions stored and compared?,"Focus question: How is data from multiple sessions stored and compared?
Context profile: multiturn_dialog_history
Prompt tokens: 809
Context preview: User: Hello AI. Assistant: Hi there! How can I help you today? User: Can you explain how the RehabQuest pose tracking works? Assistant: Here is my detailed answer for turn 1. User: What is the calibration procedure at the start of each session? Assistant: Here is my detailed answer for turn 2. User: How does T-pose calibration normalise body proportions? Assistant: Here is my detailed answer for t",multiturn_dialog_history,baseline,809,20,36.19,0.1362,Warm,9.48,39.5,5.12,39.0,0.0,0,13,13,39.0,39.0,none,lmcache_store_coldpass,1,"[""Qwen-Qwen2.5-0.5B-Instruct@1@0@345ddb4d044339e1@bfloat16.pt""]",multiturn,True
32,What data format exports session results for clinicians?,"User: Hello AI.
Assistant: Hi there! How can I help you today?
User: Can you explain how the RehabQuest pose tracking works?
Assistant: Here is my detailed answer for turn 1.
User: What is the calibration procedure at the start of each session?
Assistant: Here is my detailed answer for turn 2.
User: How does T-pose calibration normalise body proportions?
Assistant: Here is my detailed answer for t","User: Hello AI.
Assistant: Hi there! How can I help you today?
User: Can you explain how the RehabQuest pose tracking works?
Assistant: Here is my detailed answer for turn 1.
User: What is the calibration procedure at the start of each session?
Assistant: Here is my detailed answer for turn 2.
User: How does T-pose calibration normalise body proportions?
Assistant: Here is my detailed answer for turn 3.
User: What are the hardware requirements for real-time pose tracking?
Assistant: Here is my detailed answer for turn 4.
User: How does MediaPipe detect the 33 pose landmarks?
Assistant: Here is my detailed answer for turn 5.
User: What is the role of cosine similarity in joint angle computation?
Assistant: Here is my detailed answer for turn 6.
User: How are joint angles computed in three dimensions?
Assistant: Here is my detailed answer for turn 7.
User: How is the system validated against Vicon motion capture?
Assistant: Here is my detailed answer for turn 8.
User: What accuracy metrics are used to evaluate performance?
Assistant: Here is my detailed answer for turn 9.
User: How does camera distance affect landmark detection accuracy?
Assistant: Here is my detailed answer for turn 10.
User: What GPU specification is needed for real-time processing?
Assistant: Here is my detailed answer for turn 11.
User: How does the system handle occlusion of body parts?
Assistant: Here is my detailed answer for turn 12.
User: What frame rate achieves clinically acceptable motion tracking?
Assistant: Here is my detailed answer for turn 13.
User: How are left and right side landmarks differentiated?
Assistant: Here is my detailed answer for turn 14.
User: What happens if T-pose calibration is performed incorrectly?
Assistant: Here is my detailed answer for turn 15.
User: How does the system account for varying patient heights?
Assistant: Here is my detailed answer for turn 16.
User: Can pose tracking work with a standard RGB webcam?
Assistant: Here is my detailed answer for turn 17.
User: How are the 33 landmarks mapped to anatomical joints?
Assistant: Here is my detailed answer for turn 18.
User: What filtering is applied to raw landmark coordinates?
Assistant: Here is my detailed answer for turn 19.
User: How does the system detect and reject outlier frames?
Assistant: Here is my detailed answer for turn 20.
User: How is shoulder flexion angle calculated from landmarks?
Assistant: Here is my detailed answer for turn 21.
User: How is knee extension range of motion extracted?
Assistant: Here is my detailed answer for turn 22.
User: What is the typical latency from movement to feedback?
Assistant: Here is my detailed answer for turn 23.
User: How does lighting affect landmark detection confidence?
Assistant: Here is my detailed answer for turn 24.
User: What confidence threshold accepts or rejects a landmark?
Assistant: Here is my detailed answer for turn 25.
User: How does the system track spinal alignment during exercises?
Assistant: Here is my detailed answer for turn 26.
User: How are exercise repetitions counted from angle time series?
Assistant: Here is my detailed answer for turn 27.
User: What ML model underlies the MediaPipe pose estimator?
Assistant: Here is my detailed answer for turn 28.
User: How was the MediaPipe model trained and what datasets used?
Assistant: Here is my detailed answer for turn 29.
User: Can the system distinguish correct from compensatory movement?
Assistant: Here is my detailed answer for turn 30.
User: How is data from multiple sessions stored and compared?
Assistant: Here is my detailed answer for turn 31.
User: What data format exports session results for clinicians?
Assistant: Here is my detailed answer for turn 32.
User: Can you elaborate further on: What data format exports session results for clinicians?",What data format exports session results for clinicians?,"Focus question: What data format exports session results for clinicians?
Context profile: multiturn_dialog_history
Prompt tokens: 832
Context preview: User: Hello AI. Assistant: Hi there! How can I help you today? User: Can you explain how the RehabQuest pose tracking works? Assistant: Here is my detailed answer for turn 1. User: What is the calibration procedure at the start of each session? Assistant: Here is my detailed answer for turn 2. User: How does T-pose calibration normalise body proportions? Assistant: Here is my detailed answer for t",multiturn_dialog_history,baseline,832,20,36.15,0.1362,Warm,9.75,40.6,5.12,39.0,0.0,0,13,13,39.0,39.0,none,lmcache_store_coldpass,1,"[""Qwen-Qwen2.5-0.5B-Instruct@1@0@345ddb4d044339e1@bfloat16.pt""]",multiturn,True
33,How does the system perform with limb prosthetics?,"User: Hello AI.
Assistant: Hi there! How can I help you today?
User: Can you explain how the RehabQuest pose tracking works?
Assistant: Here is my detailed answer for turn 1.
User: What is the calibration procedure at the start of each session?
Assistant: Here is my detailed answer for turn 2.
User: How does T-pose calibration normalise body proportions?
Assistant: Here is my detailed answer for t","User: Hello AI.
Assistant: Hi there! How can I help you today?
User: Can you explain how the RehabQuest pose tracking works?
Assistant: Here is my detailed answer for turn 1.
User: What is the calibration procedure at the start of each session?
Assistant: Here is my detailed answer for turn 2.
User: How does T-pose calibration normalise body proportions?
Assistant: Here is my detailed answer for turn 3.
User: What are the hardware requirements for real-time pose tracking?
Assistant: Here is my detailed answer for turn 4.
User: How does MediaPipe detect the 33 pose landmarks?
Assistant: Here is my detailed answer for turn 5.
User: What is the role of cosine similarity in joint angle computation?
Assistant: Here is my detailed answer for turn 6.
User: How are joint angles computed in three dimensions?
Assistant: Here is my detailed answer for turn 7.
User: How is the system validated against Vicon motion capture?
Assistant: Here is my detailed answer for turn 8.
User: What accuracy metrics are used to evaluate performance?
Assistant: Here is my detailed answer for turn 9.
User: How does camera distance affect landmark detection accuracy?
Assistant: Here is my detailed answer for turn 10.
User: What GPU specification is needed for real-time processing?
Assistant: Here is my detailed answer for turn 11.
User: How does the system handle occlusion of body parts?
Assistant: Here is my detailed answer for turn 12.
User: What frame rate achieves clinically acceptable motion tracking?
Assistant: Here is my detailed answer for turn 13.
User: How are left and right side landmarks differentiated?
Assistant: Here is my detailed answer for turn 14.
User: What happens if T-pose calibration is performed incorrectly?
Assistant: Here is my detailed answer for turn 15.
User: How does the system account for varying patient heights?
Assistant: Here is my detailed answer for turn 16.
User: Can pose tracking work with a standard RGB webcam?
Assistant: Here is my detailed answer for turn 17.
User: How are the 33 landmarks mapped to anatomical joints?
Assistant: Here is my detailed answer for turn 18.
User: What filtering is applied to raw landmark coordinates?
Assistant: Here is my detailed answer for turn 19.
User: How does the system detect and reject outlier frames?
Assistant: Here is my detailed answer for turn 20.
User: How is shoulder flexion angle calculated from landmarks?
Assistant: Here is my detailed answer for turn 21.
User: How is knee extension range of motion extracted?
Assistant: Here is my detailed answer for turn 22.
User: What is the typical latency from movement to feedback?
Assistant: Here is my detailed answer for turn 23.
User: How does lighting affect landmark detection confidence?
Assistant: Here is my detailed answer for turn 24.
User: What confidence threshold accepts or rejects a landmark?
Assistant: Here is my detailed answer for turn 25.
User: How does the system track spinal alignment during exercises?
Assistant: Here is my detailed answer for turn 26.
User: How are exercise repetitions counted from angle time series?
Assistant: Here is my detailed answer for turn 27.
User: What ML model underlies the MediaPipe pose estimator?
Assistant: Here is my detailed answer for turn 28.
User: How was the MediaPipe model trained and what datasets used?
Assistant: Here is my detailed answer for turn 29.
User: Can the system distinguish correct from compensatory movement?
Assistant: Here is my detailed answer for turn 30.
User: How is data from multiple sessions stored and compared?
Assistant: Here is my detailed answer for turn 31.
User: What data format exports session results for clinicians?
Assistant: Here is my detailed answer for turn 32.
User: How does the system perform with limb prosthetics?
Assistant: Here is my detailed answer for turn 33.
User: Can you elaborate further on: How does the system perform with limb prosthetics?",How does the system perform with limb prosthetics?,"Focus question: How does the system perform with limb prosthetics?
Context profile: multiturn_dialog_history
Prompt tokens: 858
Context preview: User: Hello AI. Assistant: Hi there! How can I help you today? User: Can you explain how the RehabQuest pose tracking works? Assistant: Here is my detailed answer for turn 1. User: What is the calibration procedure at the start of each session? Assistant: Here is my detailed answer for turn 2. User: How does T-pose calibration normalise body proportions? Assistant: Here is my detailed answer for t",multiturn_dialog_history,baseline,858,20,37.14,0.1371,Warm,10.055,41.9,5.12,39.0,0.0,0,13,13,39.0,39.0,none,lmcache_store_coldpass,1,"[""Qwen-Qwen2.5-0.5B-Instruct@1@0@345ddb4d044339e1@bfloat16.pt""]",multiturn,True
34,What are failure modes of cosine similarity angle computation?,"User: Hello AI.
Assistant: Hi there! How can I help you today?
User: Can you explain how the RehabQuest pose tracking works?
Assistant: Here is my detailed answer for turn 1.
User: What is the calibration procedure at the start of each session?
Assistant: Here is my detailed answer for turn 2.
User: How does T-pose calibration normalise body proportions?
Assistant: Here is my detailed answer for t","User: Hello AI.
Assistant: Hi there! How can I help you today?
User: Can you explain how the RehabQuest pose tracking works?
Assistant: Here is my detailed answer for turn 1.
User: What is the calibration procedure at the start of each session?
Assistant: Here is my detailed answer for turn 2.
User: How does T-pose calibration normalise body proportions?
Assistant: Here is my detailed answer for turn 3.
User: What are the hardware requirements for real-time pose tracking?
Assistant: Here is my detailed answer for turn 4.
User: How does MediaPipe detect the 33 pose landmarks?
Assistant: Here is my detailed answer for turn 5.
User: What is the role of cosine similarity in joint angle computation?
Assistant: Here is my detailed answer for turn 6.
User: How are joint angles computed in three dimensions?
Assistant: Here is my detailed answer for turn 7.
User: How is the system validated against Vicon motion capture?
Assistant: Here is my detailed answer for turn 8.
User: What accuracy metrics are used to evaluate performance?
Assistant: Here is my detailed answer for turn 9.
User: How does camera distance affect landmark detection accuracy?
Assistant: Here is my detailed answer for turn 10.
User: What GPU specification is needed for real-time processing?
Assistant: Here is my detailed answer for turn 11.
User: How does the system handle occlusion of body parts?
Assistant: Here is my detailed answer for turn 12.
User: What frame rate achieves clinically acceptable motion tracking?
Assistant: Here is my detailed answer for turn 13.
User: How are left and right side landmarks differentiated?
Assistant: Here is my detailed answer for turn 14.
User: What happens if T-pose calibration is performed incorrectly?
Assistant: Here is my detailed answer for turn 15.
User: How does the system account for varying patient heights?
Assistant: Here is my detailed answer for turn 16.
User: Can pose tracking work with a standard RGB webcam?
Assistant: Here is my detailed answer for turn 17.
User: How are the 33 landmarks mapped to anatomical joints?
Assistant: Here is my detailed answer for turn 18.
User: What filtering is applied to raw landmark coordinates?
Assistant: Here is my detailed answer for turn 19.
User: How does the system detect and reject outlier frames?
Assistant: Here is my detailed answer for turn 20.
User: How is shoulder flexion angle calculated from landmarks?
Assistant: Here is my detailed answer for turn 21.
User: How is knee extension range of motion extracted?
Assistant: Here is my detailed answer for turn 22.
User: What is the typical latency from movement to feedback?
Assistant: Here is my detailed answer for turn 23.
User: How does lighting affect landmark detection confidence?
Assistant: Here is my detailed answer for turn 24.
User: What confidence threshold accepts or rejects a landmark?
Assistant: Here is my detailed answer for turn 25.
User: How does the system track spinal alignment during exercises?
Assistant: Here is my detailed answer for turn 26.
User: How are exercise repetitions counted from angle time series?
Assistant: Here is my detailed answer for turn 27.
User: What ML model underlies the MediaPipe pose estimator?
Assistant: Here is my detailed answer for turn 28.
User: How was the MediaPipe model trained and what datasets used?
Assistant: Here is my detailed answer for turn 29.
User: Can the system distinguish correct from compensatory movement?
Assistant: Here is my detailed answer for turn 30.
User: How is data from multiple sessions stored and compared?
Assistant: Here is my detailed answer for turn 31.
User: What data format exports session results for clinicians?
Assistant: Here is my detailed answer for turn 32.
User: How does the system perform with limb prosthetics?
Assistant: Here is my detailed answer for turn 33.
User: What are failure modes of cosine similarity angle computation?
Assistant: Here is my detailed answer for turn 34.
User: Can you elaborate further on: What are failure modes of cosine similarity angle computation?",What are failure modes of cosine similarity angle computation?,"Focus question: What are failure modes of cosine similarity angle computation?
Context profile: multiturn_dialog_history
Prompt tokens: 883
Context preview: User: Hello AI. Assistant: Hi there! How can I help you today? User: Can you explain how the RehabQuest pose tracking works? Assistant: Here is my detailed answer for turn 1. User: What is the calibration procedure at the start of each session? Assistant: Here is my detailed answer for turn 2. User: How does T-pose calibration normalise body proportions? Assistant: Here is my detailed answer for t",multiturn_dialog_history,baseline,883,20,36.29,0.1363,Warm,10.348,43.1,5.12,39.0,0.0,0,13,13,39.0,39.0,none,lmcache_store_coldpass,1,"[""Qwen-Qwen2.5-0.5B-Instruct@1@0@345ddb4d044339e1@bfloat16.pt""]",multiturn,True
35,How is the world coordinate frame defined relative to camera?,"User: Hello AI.
Assistant: Hi there! How can I help you today?
User: Can you explain how the RehabQuest pose tracking works?
Assistant: Here is my detailed answer for turn 1.
User: What is the calibration procedure at the start of each session?
Assistant: Here is my detailed answer for turn 2.
User: How does T-pose calibration normalise body proportions?
Assistant: Here is my detailed answer for t","User: Hello AI.
Assistant: Hi there! How can I help you today?
User: Can you explain how the RehabQuest pose tracking works?
Assistant: Here is my detailed answer for turn 1.
User: What is the calibration procedure at the start of each session?
Assistant: Here is my detailed answer for turn 2.
User: How does T-pose calibration normalise body proportions?
Assistant: Here is my detailed answer for turn 3.
User: What are the hardware requirements for real-time pose tracking?
Assistant: Here is my detailed answer for turn 4.
User: How does MediaPipe detect the 33 pose landmarks?
Assistant: Here is my detailed answer for turn 5.
User: What is the role of cosine similarity in joint angle computation?
Assistant: Here is my detailed answer for turn 6.
User: How are joint angles computed in three dimensions?
Assistant: Here is my detailed answer for turn 7.
User: How is the system validated against Vicon motion capture?
Assistant: Here is my detailed answer for turn 8.
User: What accuracy metrics are used to evaluate performance?
Assistant: Here is my detailed answer for turn 9.
User: How does camera distance affect landmark detection accuracy?
Assistant: Here is my detailed answer for turn 10.
User: What GPU specification is needed for real-time processing?
Assistant: Here is my detailed answer for turn 11.
User: How does the system handle occlusion of body parts?
Assistant: Here is my detailed answer for turn 12.
User: What frame rate achieves clinically acceptable motion tracking?
Assistant: Here is my detailed answer for turn 13.
User: How are left and right side landmarks differentiated?
Assistant: Here is my detailed answer for turn 14.
User: What happens if T-pose calibration is performed incorrectly?
Assistant: Here is my detailed answer for turn 15.
User: How does the system account for varying patient heights?
Assistant: Here is my detailed answer for turn 16.
User: Can pose tracking work with a standard RGB webcam?
Assistant: Here is my detailed answer for turn 17.
User: How are the 33 landmarks mapped to anatomical joints?
Assistant: Here is my detailed answer for turn 18.
User: What filtering is applied to raw landmark coordinates?
Assistant: Here is my detailed answer for turn 19.
User: How does the system detect and reject outlier frames?
Assistant: Here is my detailed answer for turn 20.
User: How is shoulder flexion angle calculated from landmarks?
Assistant: Here is my detailed answer for turn 21.
User: How is knee extension range of motion extracted?
Assistant: Here is my detailed answer for turn 22.
User: What is the typical latency from movement to feedback?
Assistant: Here is my detailed answer for turn 23.
User: How does lighting affect landmark detection confidence?
Assistant: Here is my detailed answer for turn 24.
User: What confidence threshold accepts or rejects a landmark?
Assistant: Here is my detailed answer for turn 25.
User: How does the system track spinal alignment during exercises?
Assistant: Here is my detailed answer for turn 26.
User: How are exercise repetitions counted from angle time series?
Assistant: Here is my detailed answer for turn 27.
User: What ML model underlies the MediaPipe pose estimator?
Assistant: Here is my detailed answer for turn 28.
User: How was the MediaPipe model trained and what datasets used?
Assistant: Here is my detailed answer for turn 29.
User: Can the system distinguish correct from compensatory movement?
Assistant: Here is my detailed answer for turn 30.
User: How is data from multiple sessions stored and compared?
Assistant: Here is my detailed answer for turn 31.
User: What data format exports session results for clinicians?
Assistant: Here is my detailed answer for turn 32.
User: How does the system perform with limb prosthetics?
Assistant: Here is my detailed answer for turn 33.
User: What are failure modes of cosine similarity angle computation?
Assistant: Here is my detailed answer for turn 34.
User: How is the world coordinate frame defined relative to camera?
Assistant: Here is my detailed answer for turn 35.
User: Can you elaborate further on: How is the world coordinate frame defined relative to camera?",How is the world coordinate frame defined relative to camera?,"Focus question: How is the world coordinate frame defined relative to camera?
Context profile: multiturn_dialog_history
Prompt tokens: 910
Context preview: User: Hello AI. Assistant: Hi there! How can I help you today? User: Can you explain how the RehabQuest pose tracking works? Assistant: Here is my detailed answer for turn 1. User: What is the calibration procedure at the start of each session? Assistant: Here is my detailed answer for turn 2. User: How does T-pose calibration normalise body proportions? Assistant: Here is my detailed answer for t",multiturn_dialog_history,baseline,910,20,37.38,0.1374,Warm,10.664,44.4,5.12,39.0,0.0,0,13,13,39.0,39.0,none,lmcache_store_coldpass,1,"[""Qwen-Qwen2.5-0.5B-Instruct@1@0@345ddb4d044339e1@bfloat16.pt""]",multiturn,True
36,How handle patients who cannot perform the initial T-pose?,"User: Hello AI.
Assistant: Hi there! How can I help you today?
User: Can you explain how the RehabQuest pose tracking works?
Assistant: Here is my detailed answer for turn 1.
User: What is the calibration procedure at the start of each session?
Assistant: Here is my detailed answer for turn 2.
User: How does T-pose calibration normalise body proportions?
Assistant: Here is my detailed answer for t","User: Hello AI.
Assistant: Hi there! How can I help you today?
User: Can you explain how the RehabQuest pose tracking works?
Assistant: Here is my detailed answer for turn 1.
User: What is the calibration procedure at the start of each session?
Assistant: Here is my detailed answer for turn 2.
User: How does T-pose calibration normalise body proportions?
Assistant: Here is my detailed answer for turn 3.
User: What are the hardware requirements for real-time pose tracking?
Assistant: Here is my detailed answer for turn 4.
User: How does MediaPipe detect the 33 pose landmarks?
Assistant: Here is my detailed answer for turn 5.
User: What is the role of cosine similarity in joint angle computation?
Assistant: Here is my detailed answer for turn 6.
User: How are joint angles computed in three dimensions?
Assistant: Here is my detailed answer for turn 7.
User: How is the system validated against Vicon motion capture?
Assistant: Here is my detailed answer for turn 8.
User: What accuracy metrics are used to evaluate performance?
Assistant: Here is my detailed answer for turn 9.
User: How does camera distance affect landmark detection accuracy?
Assistant: Here is my detailed answer for turn 10.
User: What GPU specification is needed for real-time processing?
Assistant: Here is my detailed answer for turn 11.
User: How does the system handle occlusion of body parts?
Assistant: Here is my detailed answer for turn 12.
User: What frame rate achieves clinically acceptable motion tracking?
Assistant: Here is my detailed answer for turn 13.
User: How are left and right side landmarks differentiated?
Assistant: Here is my detailed answer for turn 14.
User: What happens if T-pose calibration is performed incorrectly?
Assistant: Here is my detailed answer for turn 15.
User: How does the system account for varying patient heights?
Assistant: Here is my detailed answer for turn 16.
User: Can pose tracking work with a standard RGB webcam?
Assistant: Here is my detailed answer for turn 17.
User: How are the 33 landmarks mapped to anatomical joints?
Assistant: Here is my detailed answer for turn 18.
User: What filtering is applied to raw landmark coordinates?
Assistant: Here is my detailed answer for turn 19.
User: How does the system detect and reject outlier frames?
Assistant: Here is my detailed answer for turn 20.
User: How is shoulder flexion angle calculated from landmarks?
Assistant: Here is my detailed answer for turn 21.
User: How is knee extension range of motion extracted?
Assistant: Here is my detailed answer for turn 22.
User: What is the typical latency from movement to feedback?
Assistant: Here is my detailed answer for turn 23.
User: How does lighting affect landmark detection confidence?
Assistant: Here is my detailed answer for turn 24.
User: What confidence threshold accepts or rejects a landmark?
Assistant: Here is my detailed answer for turn 25.
User: How does the system track spinal alignment during exercises?
Assistant: Here is my detailed answer for turn 26.
User: How are exercise repetitions counted from angle time series?
Assistant: Here is my detailed answer for turn 27.
User: What ML model underlies the MediaPipe pose estimator?
Assistant: Here is my detailed answer for turn 28.
User: How was the MediaPipe model trained and what datasets used?
Assistant: Here is my detailed answer for turn 29.
User: Can the system distinguish correct from compensatory movement?
Assistant: Here is my detailed answer for turn 30.
User: How is data from multiple sessions stored and compared?
Assistant: Here is my detailed answer for turn 31.
User: What data format exports session results for clinicians?
Assistant: Here is my detailed answer for turn 32.
User: How does the system perform with limb prosthetics?
Assistant: Here is my detailed answer for turn 33.
User: What are failure modes of cosine similarity angle computation?
Assistant: Here is my detailed answer for turn 34.
User: How is the world coordinate frame defined relative to camera?
Assistant: Here is my detailed answer for turn 35.
User: How handle patients who cannot perform the initial T-pose?
Assistant: Here is my detailed answer for turn 36.
User: Can you elaborate further on: How handle patients who cannot perform the initial T-pose?",How handle patients who cannot perform the initial T-pose?,"Focus question: How handle patients who cannot perform the initial T-pose?
Context profile: multiturn_dialog_history
Prompt tokens: 938
Context preview: User: Hello AI. Assistant: Hi there! How can I help you today? User: Can you explain how the RehabQuest pose tracking works? Assistant: Here is my detailed answer for turn 1. User: What is the calibration procedure at the start of each session? Assistant: Here is my detailed answer for turn 2. User: How does T-pose calibration normalise body proportions? Assistant: Here is my detailed answer for t",multiturn_dialog_history,baseline,938,20,36.3,0.1363,Warm,10.992,45.8,5.12,39.0,0.0,0,13,13,39.0,39.0,none,lmcache_store_coldpass,1,"[""Qwen-Qwen2.5-0.5B-Instruct@1@0@345ddb4d044339e1@bfloat16.pt""]",multiturn,True
37,What is the mean absolute error vs Vicon gold standard?,"User: Hello AI.
Assistant: Hi there! How can I help you today?
User: Can you explain how the RehabQuest pose tracking works?
Assistant: Here is my detailed answer for turn 1.
User: What is the calibration procedure at the start of each session?
Assistant: Here is my detailed answer for turn 2.
User: How does T-pose calibration normalise body proportions?
Assistant: Here is my detailed answer for t","User: Hello AI.
Assistant: Hi there! How can I help you today?
User: Can you explain how the RehabQuest pose tracking works?
Assistant: Here is my detailed answer for turn 1.
User: What is the calibration procedure at the start of each session?
Assistant: Here is my detailed answer for turn 2.
User: How does T-pose calibration normalise body proportions?
Assistant: Here is my detailed answer for turn 3.
User: What are the hardware requirements for real-time pose tracking?
Assistant: Here is my detailed answer for turn 4.
User: How does MediaPipe detect the 33 pose landmarks?
Assistant: Here is my detailed answer for turn 5.
User: What is the role of cosine similarity in joint angle computation?
Assistant: Here is my detailed answer for turn 6.
User: How are joint angles computed in three dimensions?
Assistant: Here is my detailed answer for turn 7.
User: How is the system validated against Vicon motion capture?
Assistant: Here is my detailed answer for turn 8.
User: What accuracy metrics are used to evaluate performance?
Assistant: Here is my detailed answer for turn 9.
User: How does camera distance affect landmark detection accuracy?
Assistant: Here is my detailed answer for turn 10.
User: What GPU specification is needed for real-time processing?
Assistant: Here is my detailed answer for turn 11.
User: How does the system handle occlusion of body parts?
Assistant: Here is my detailed answer for turn 12.
User: What frame rate achieves clinically acceptable motion tracking?
Assistant: Here is my detailed answer for turn 13.
User: How are left and right side landmarks differentiated?
Assistant: Here is my detailed answer for turn 14.
User: What happens if T-pose calibration is performed incorrectly?
Assistant: Here is my detailed answer for turn 15.
User: How does the system account for varying patient heights?
Assistant: Here is my detailed answer for turn 16.
User: Can pose tracking work with a standard RGB webcam?
Assistant: Here is my detailed answer for turn 17.
User: How are the 33 landmarks mapped to anatomical joints?
Assistant: Here is my detailed answer for turn 18.
User: What filtering is applied to raw landmark coordinates?
Assistant: Here is my detailed answer for turn 19.
User: How does the system detect and reject outlier frames?
Assistant: Here is my detailed answer for turn 20.
User: How is shoulder flexion angle calculated from landmarks?
Assistant: Here is my detailed answer for turn 21.
User: How is knee extension range of motion extracted?
Assistant: Here is my detailed answer for turn 22.
User: What is the typical latency from movement to feedback?
Assistant: Here is my detailed answer for turn 23.
User: How does lighting affect landmark detection confidence?
Assistant: Here is my detailed answer for turn 24.
User: What confidence threshold accepts or rejects a landmark?
Assistant: Here is my detailed answer for turn 25.
User: How does the system track spinal alignment during exercises?
Assistant: Here is my detailed answer for turn 26.
User: How are exercise repetitions counted from angle time series?
Assistant: Here is my detailed answer for turn 27.
User: What ML model underlies the MediaPipe pose estimator?
Assistant: Here is my detailed answer for turn 28.
User: How was the MediaPipe model trained and what datasets used?
Assistant: Here is my detailed answer for turn 29.
User: Can the system distinguish correct from compensatory movement?
Assistant: Here is my detailed answer for turn 30.
User: How is data from multiple sessions stored and compared?
Assistant: Here is my detailed answer for turn 31.
User: What data format exports session results for clinicians?
Assistant: Here is my detailed answer for turn 32.
User: How does the system perform with limb prosthetics?
Assistant: Here is my detailed answer for turn 33.
User: What are failure modes of cosine similarity angle computation?
Assistant: Here is my detailed answer for turn 34.
User: How is the world coordinate frame defined relative to camera?
Assistant: Here is my detailed answer for turn 35.
User: How handle patients who cannot perform the initial T-pose?
Assistant: Here is my detailed answer for turn 36.
User: What is the mean absolute error vs Vicon gold standard?
Assistant: Here is my detailed answer for turn 37.
User: Can you elaborate further on: What is the mean absolute error vs Vicon gold standard?",What is the mean absolute error vs Vicon gold standard?,"Focus question: What is the mean absolute error vs Vicon gold standard?
Context profile: multiturn_dialog_history
Prompt tokens: 965
Context preview: User: Hello AI. Assistant: Hi there! How can I help you today? User: Can you explain how the RehabQuest pose tracking works? Assistant: Here is my detailed answer for turn 1. User: What is the calibration procedure at the start of each session? Assistant: Here is my detailed answer for turn 2. User: How does T-pose calibration normalise body proportions? Assistant: Here is my detailed answer for t",multiturn_dialog_history,baseline,965,20,37.16,0.1372,Warm,11.309,47.1,5.12,39.0,0.0,0,13,13,39.0,39.0,none,lmcache_store_coldpass,1,"[""Qwen-Qwen2.5-0.5B-Instruct@1@0@345ddb4d044339e1@bfloat16.pt""]",multiturn,True
38,How does clothing affect landmark detection accuracy?,"User: Hello AI.
Assistant: Hi there! How can I help you today?
User: Can you explain how the RehabQuest pose tracking works?
Assistant: Here is my detailed answer for turn 1.
User: What is the calibration procedure at the start of each session?
Assistant: Here is my detailed answer for turn 2.
User: How does T-pose calibration normalise body proportions?
Assistant: Here is my detailed answer for t","User: Hello AI.
Assistant: Hi there! How can I help you today?
User: Can you explain how the RehabQuest pose tracking works?
Assistant: Here is my detailed answer for turn 1.
User: What is the calibration procedure at the start of each session?
Assistant: Here is my detailed answer for turn 2.
User: How does T-pose calibration normalise body proportions?
Assistant: Here is my detailed answer for turn 3.
User: What are the hardware requirements for real-time pose tracking?
Assistant: Here is my detailed answer for turn 4.
User: How does MediaPipe detect the 33 pose landmarks?
Assistant: Here is my detailed answer for turn 5.
User: What is the role of cosine similarity in joint angle computation?
Assistant: Here is my detailed answer for turn 6.
User: How are joint angles computed in three dimensions?
Assistant: Here is my detailed answer for turn 7.
User: How is the system validated against Vicon motion capture?
Assistant: Here is my detailed answer for turn 8.
User: What accuracy metrics are used to evaluate performance?
Assistant: Here is my detailed answer for turn 9.
User: How does camera distance affect landmark detection accuracy?
Assistant: Here is my detailed answer for turn 10.
User: What GPU specification is needed for real-time processing?
Assistant: Here is my detailed answer for turn 11.
User: How does the system handle occlusion of body parts?
Assistant: Here is my detailed answer for turn 12.
User: What frame rate achieves clinically acceptable motion tracking?
Assistant: Here is my detailed answer for turn 13.
User: How are left and right side landmarks differentiated?
Assistant: Here is my detailed answer for turn 14.
User: What happens if T-pose calibration is performed incorrectly?
Assistant: Here is my detailed answer for turn 15.
User: How does the system account for varying patient heights?
Assistant: Here is my detailed answer for turn 16.
User: Can pose tracking work with a standard RGB webcam?
Assistant: Here is my detailed answer for turn 17.
User: How are the 33 landmarks mapped to anatomical joints?
Assistant: Here is my detailed answer for turn 18.
User: What filtering is applied to raw landmark coordinates?
Assistant: Here is my detailed answer for turn 19.
User: How does the system detect and reject outlier frames?
Assistant: Here is my detailed answer for turn 20.
User: How is shoulder flexion angle calculated from landmarks?
Assistant: Here is my detailed answer for turn 21.
User: How is knee extension range of motion extracted?
Assistant: Here is my detailed answer for turn 22.
User: What is the typical latency from movement to feedback?
Assistant: Here is my detailed answer for turn 23.
User: How does lighting affect landmark detection confidence?
Assistant: Here is my detailed answer for turn 24.
User: What confidence threshold accepts or rejects a landmark?
Assistant: Here is my detailed answer for turn 25.
User: How does the system track spinal alignment during exercises?
Assistant: Here is my detailed answer for turn 26.
User: How are exercise repetitions counted from angle time series?
Assistant: Here is my detailed answer for turn 27.
User: What ML model underlies the MediaPipe pose estimator?
Assistant: Here is my detailed answer for turn 28.
User: How was the MediaPipe model trained and what datasets used?
Assistant: Here is my detailed answer for turn 29.
User: Can the system distinguish correct from compensatory movement?
Assistant: Here is my detailed answer for turn 30.
User: How is data from multiple sessions stored and compared?
Assistant: Here is my detailed answer for turn 31.
User: What data format exports session results for clinicians?
Assistant: Here is my detailed answer for turn 32.
User: How does the system perform with limb prosthetics?
Assistant: Here is my detailed answer for turn 33.
User: What are failure modes of cosine similarity angle computation?
Assistant: Here is my detailed answer for turn 34.
User: How is the world coordinate frame defined relative to camera?
Assistant: Here is my detailed answer for turn 35.
User: How handle patients who cannot perform the initial T-pose?
Assistant: Here is my detailed answer for turn 36.
User: What is the mean absolute error vs Vicon gold standard?
Assistant: Here is my detailed answer for turn 37.
User: How does clothing affect landmark detection accuracy?
Assistant: Here is my detailed answer for turn 38.
User: Can you elaborate further on: How does clothing affect landmark detection accuracy?",How does clothing affect landmark detection accuracy?,"Focus question: How does clothing affect landmark detection accuracy?
Context profile: multiturn_dialog_history
Prompt tokens: 984
Context preview: User: Hello AI. Assistant: Hi there! How can I help you today? User: Can you explain how the RehabQuest pose tracking works? Assistant: Here is my detailed answer for turn 1. User: What is the calibration procedure at the start of each session? Assistant: Here is my detailed answer for turn 2. User: How does T-pose calibration normalise body proportions? Assistant: Here is my detailed answer for t",multiturn_dialog_history,baseline,984,20,41.89,0.1419,Warm,11.531,48.0,5.12,39.0,0.0,0,13,13,39.0,39.0,none,lmcache_store_coldpass,1,"[""Qwen-Qwen2.5-0.5B-Instruct@1@0@345ddb4d044339e1@bfloat16.pt""]",multiturn,True
39,Can multiple cameras improve tracking accuracy?,"User: Hello AI.
Assistant: Hi there! How can I help you today?
User: Can you explain how the RehabQuest pose tracking works?
Assistant: Here is my detailed answer for turn 1.
User: What is the calibration procedure at the start of each session?
Assistant: Here is my detailed answer for turn 2.
User: How does T-pose calibration normalise body proportions?
Assistant: Here is my detailed answer for t","User: Hello AI.
Assistant: Hi there! How can I help you today?
User: Can you explain how the RehabQuest pose tracking works?
Assistant: Here is my detailed answer for turn 1.
User: What is the calibration procedure at the start of each session?
Assistant: Here is my detailed answer for turn 2.
User: How does T-pose calibration normalise body proportions?
Assistant: Here is my detailed answer for turn 3.
User: What are the hardware requirements for real-time pose tracking?
Assistant: Here is my detailed answer for turn 4.
User: How does MediaPipe detect the 33 pose landmarks?
Assistant: Here is my detailed answer for turn 5.
User: What is the role of cosine similarity in joint angle computation?
Assistant: Here is my detailed answer for turn 6.
User: How are joint angles computed in three dimensions?
Assistant: Here is my detailed answer for turn 7.
User: How is the system validated against Vicon motion capture?
Assistant: Here is my detailed answer for turn 8.
User: What accuracy metrics are used to evaluate performance?
Assistant: Here is my detailed answer for turn 9.
User: How does camera distance affect landmark detection accuracy?
Assistant: Here is my detailed answer for turn 10.
User: What GPU specification is needed for real-time processing?
Assistant: Here is my detailed answer for turn 11.
User: How does the system handle occlusion of body parts?
Assistant: Here is my detailed answer for turn 12.
User: What frame rate achieves clinically acceptable motion tracking?
Assistant: Here is my detailed answer for turn 13.
User: How are left and right side landmarks differentiated?
Assistant: Here is my detailed answer for turn 14.
User: What happens if T-pose calibration is performed incorrectly?
Assistant: Here is my detailed answer for turn 15.
User: How does the system account for varying patient heights?
Assistant: Here is my detailed answer for turn 16.
User: Can pose tracking work with a standard RGB webcam?
Assistant: Here is my detailed answer for turn 17.
User: How are the 33 landmarks mapped to anatomical joints?
Assistant: Here is my detailed answer for turn 18.
User: What filtering is applied to raw landmark coordinates?
Assistant: Here is my detailed answer for turn 19.
User: How does the system detect and reject outlier frames?
Assistant: Here is my detailed answer for turn 20.
User: How is shoulder flexion angle calculated from landmarks?
Assistant: Here is my detailed answer for turn 21.
User: How is knee extension range of motion extracted?
Assistant: Here is my detailed answer for turn 22.
User: What is the typical latency from movement to feedback?
Assistant: Here is my detailed answer for turn 23.
User: How does lighting affect landmark detection confidence?
Assistant: Here is my detailed answer for turn 24.
User: What confidence threshold accepts or rejects a landmark?
Assistant: Here is my detailed answer for turn 25.
User: How does the system track spinal alignment during exercises?
Assistant: Here is my detailed answer for turn 26.
User: How are exercise repetitions counted from angle time series?
Assistant: Here is my detailed answer for turn 27.
User: What ML model underlies the MediaPipe pose estimator?
Assistant: Here is my detailed answer for turn 28.
User: How was the MediaPipe model trained and what datasets used?
Assistant: Here is my detailed answer for turn 29.
User: Can the system distinguish correct from compensatory movement?
Assistant: Here is my detailed answer for turn 30.
User: How is data from multiple sessions stored and compared?
Assistant: Here is my detailed answer for turn 31.
User: What data format exports session results for clinicians?
Assistant: Here is my detailed answer for turn 32.
User: How does the system perform with limb prosthetics?
Assistant: Here is my detailed answer for turn 33.
User: What are failure modes of cosine similarity angle computation?
Assistant: Here is my detailed answer for turn 34.
User: How is the world coordinate frame defined relative to camera?
Assistant: Here is my detailed answer for turn 35.
User: How handle patients who cannot perform the initial T-pose?
Assistant: Here is my detailed answer for turn 36.
User: What is the mean absolute error vs Vicon gold standard?
Assistant: Here is my detailed answer for turn 37.
User: How does clothing affect landmark detection accuracy?
Assistant: Here is my detailed answer for turn 38.
User: Can multiple cameras improve tracking accuracy?
Assistant: Here is my detailed answer for turn 39.
User: Can you elaborate further on: Can multiple cameras improve tracking accuracy?",Can multiple cameras improve tracking accuracy?,"Focus question: Can multiple cameras improve tracking accuracy?
Context profile: multiturn_dialog_history
Prompt tokens: 1005
Context preview: User: Hello AI. Assistant: Hi there! How can I help you today? User: Can you explain how the RehabQuest pose tracking works? Assistant: Here is my detailed answer for turn 1. User: What is the calibration procedure at the start of each session? Assistant: Here is my detailed answer for turn 2. User: How does T-pose calibration normalise body proportions? Assistant: Here is my detailed answer for t",multiturn_dialog_history,baseline,1005,20,39.34,0.1393,Warm,11.777,49.1,5.12,39.0,0.0,0,13,13,39.0,39.0,none,lmcache_store_coldpass,1,"[""Qwen-Qwen2.5-0.5B-Instruct@1@0@345ddb4d044339e1@bfloat16.pt""]",multiturn,True
40,How are upper and lower extremity exercises treated differently?,"User: Hello AI.
Assistant: Hi there! How can I help you today?
User: Can you explain how the RehabQuest pose tracking works?
Assistant: Here is my detailed answer for turn 1.
User: What is the calibration procedure at the start of each session?
Assistant: Here is my detailed answer for turn 2.
User: How does T-pose calibration normalise body proportions?
Assistant: Here is my detailed answer for t","User: Hello AI.
Assistant: Hi there! How can I help you today?
User: Can you explain how the RehabQuest pose tracking works?
Assistant: Here is my detailed answer for turn 1.
User: What is the calibration procedure at the start of each session?
Assistant: Here is my detailed answer for turn 2.
User: How does T-pose calibration normalise body proportions?
Assistant: Here is my detailed answer for turn 3.
User: What are the hardware requirements for real-time pose tracking?
Assistant: Here is my detailed answer for turn 4.
User: How does MediaPipe detect the 33 pose landmarks?
Assistant: Here is my detailed answer for turn 5.
User: What is the role of cosine similarity in joint angle computation?
Assistant: Here is my detailed answer for turn 6.
User: How are joint angles computed in three dimensions?
Assistant: Here is my detailed answer for turn 7.
User: How is the system validated against Vicon motion capture?
Assistant: Here is my detailed answer for turn 8.
User: What accuracy metrics are used to evaluate performance?
Assistant: Here is my detailed answer for turn 9.
User: How does camera distance affect landmark detection accuracy?
Assistant: Here is my detailed answer for turn 10.
User: What GPU specification is needed for real-time processing?
Assistant: Here is my detailed answer for turn 11.
User: How does the system handle occlusion of body parts?
Assistant: Here is my detailed answer for turn 12.
User: What frame rate achieves clinically acceptable motion tracking?
Assistant: Here is my detailed answer for turn 13.
User: How are left and right side landmarks differentiated?
Assistant: Here is my detailed answer for turn 14.
User: What happens if T-pose calibration is performed incorrectly?
Assistant: Here is my detailed answer for turn 15.
User: How does the system account for varying patient heights?
Assistant: Here is my detailed answer for turn 16.
User: Can pose tracking work with a standard RGB webcam?
Assistant: Here is my detailed answer for turn 17.
User: How are the 33 landmarks mapped to anatomical joints?
Assistant: Here is my detailed answer for turn 18.
User: What filtering is applied to raw landmark coordinates?
Assistant: Here is my detailed answer for turn 19.
User: How does the system detect and reject outlier frames?
Assistant: Here is my detailed answer for turn 20.
User: How is shoulder flexion angle calculated from landmarks?
Assistant: Here is my detailed answer for turn 21.
User: How is knee extension range of motion extracted?
Assistant: Here is my detailed answer for turn 22.
User: What is the typical latency from movement to feedback?
Assistant: Here is my detailed answer for turn 23.
User: How does lighting affect landmark detection confidence?
Assistant: Here is my detailed answer for turn 24.
User: What confidence threshold accepts or rejects a landmark?
Assistant: Here is my detailed answer for turn 25.
User: How does the system track spinal alignment during exercises?
Assistant: Here is my detailed answer for turn 26.
User: How are exercise repetitions counted from angle time series?
Assistant: Here is my detailed answer for turn 27.
User: What ML model underlies the MediaPipe pose estimator?
Assistant: Here is my detailed answer for turn 28.
User: How was the MediaPipe model trained and what datasets used?
Assistant: Here is my detailed answer for turn 29.
User: Can the system distinguish correct from compensatory movement?
Assistant: Here is my detailed answer for turn 30.
User: How is data from multiple sessions stored and compared?
Assistant: Here is my detailed answer for turn 31.
User: What data format exports session results for clinicians?
Assistant: Here is my detailed answer for turn 32.
User: How does the system perform with limb prosthetics?
Assistant: Here is my detailed answer for turn 33.
User: What are failure modes of cosine similarity angle computation?
Assistant: Here is my detailed answer for turn 34.
User: How is the world coordinate frame defined relative to camera?
Assistant: Here is my detailed answer for turn 35.
User: How handle patients who cannot perform the initial T-pose?
Assistant: Here is my detailed answer for turn 36.
User: What is the mean absolute error vs Vicon gold standard?
Assistant: Here is my detailed answer for turn 37.
User: How does clothing affect landmark detection accuracy?
Assistant: Here is my detailed answer for turn 38.
User: Can multiple cameras improve tracking accuracy?
Assistant: Here is my detailed answer for turn 39.
User: How are upper and lower extremity exercises treated differently?
Assistant: Here is my detailed answer for turn 40.
User: Can you elaborate further on: How are upper and lower extremity exercises treated differently?",How are upper and lower extremity exercises treated differently?,"Focus question: How are upper and lower extremity exercises treated differently?
Context profile: multiturn_dialog_history
Prompt tokens: 1035
Context preview: User: Hello AI. Assistant: Hi there! How can I help you today? User: Can you explain how the RehabQuest pose tracking works? Assistant: Here is my detailed answer for turn 1. User: What is the calibration procedure at the start of each session? Assistant: Here is my detailed answer for turn 2. User: How does T-pose calibration normalise body proportions? Assistant: Here is my detailed answer for t",multiturn_dialog_history,baseline,1035,20,37.72,0.1377,Warm,12.129,50.5,5.12,39.0,0.0,0,13,13,39.0,39.0,none,lmcache_store_coldpass,1,"[""Qwen-Qwen2.5-0.5B-Instruct@1@0@-621970bf7d53d572@bfloat16.pt""]",multiturn,True
41,What happens when patient moves out of camera frame?,"User: Hello AI.
Assistant: Hi there! How can I help you today?
User: Can you explain how the RehabQuest pose tracking works?
Assistant: Here is my detailed answer for turn 1.
User: What is the calibration procedure at the start of each session?
Assistant: Here is my detailed answer for turn 2.
User: How does T-pose calibration normalise body proportions?
Assistant: Here is my detailed answer for t","User: Hello AI.
Assistant: Hi there! How can I help you today?
User: Can you explain how the RehabQuest pose tracking works?
Assistant: Here is my detailed answer for turn 1.
User: What is the calibration procedure at the start of each session?
Assistant: Here is my detailed answer for turn 2.
User: How does T-pose calibration normalise body proportions?
Assistant: Here is my detailed answer for turn 3.
User: What are the hardware requirements for real-time pose tracking?
Assistant: Here is my detailed answer for turn 4.
User: How does MediaPipe detect the 33 pose landmarks?
Assistant: Here is my detailed answer for turn 5.
User: What is the role of cosine similarity in joint angle computation?
Assistant: Here is my detailed answer for turn 6.
User: How are joint angles computed in three dimensions?
Assistant: Here is my detailed answer for turn 7.
User: How is the system validated against Vicon motion capture?
Assistant: Here is my detailed answer for turn 8.
User: What accuracy metrics are used to evaluate performance?
Assistant: Here is my detailed answer for turn 9.
User: How does camera distance affect landmark detection accuracy?
Assistant: Here is my detailed answer for turn 10.
User: What GPU specification is needed for real-time processing?
Assistant: Here is my detailed answer for turn 11.
User: How does the system handle occlusion of body parts?
Assistant: Here is my detailed answer for turn 12.
User: What frame rate achieves clinically acceptable motion tracking?
Assistant: Here is my detailed answer for turn 13.
User: How are left and right side landmarks differentiated?
Assistant: Here is my detailed answer for turn 14.
User: What happens if T-pose calibration is performed incorrectly?
Assistant: Here is my detailed answer for turn 15.
User: How does the system account for varying patient heights?
Assistant: Here is my detailed answer for turn 16.
User: Can pose tracking work with a standard RGB webcam?
Assistant: Here is my detailed answer for turn 17.
User: How are the 33 landmarks mapped to anatomical joints?
Assistant: Here is my detailed answer for turn 18.
User: What filtering is applied to raw landmark coordinates?
Assistant: Here is my detailed answer for turn 19.
User: How does the system detect and reject outlier frames?
Assistant: Here is my detailed answer for turn 20.
User: How is shoulder flexion angle calculated from landmarks?
Assistant: Here is my detailed answer for turn 21.
User: How is knee extension range of motion extracted?
Assistant: Here is my detailed answer for turn 22.
User: What is the typical latency from movement to feedback?
Assistant: Here is my detailed answer for turn 23.
User: How does lighting affect landmark detection confidence?
Assistant: Here is my detailed answer for turn 24.
User: What confidence threshold accepts or rejects a landmark?
Assistant: Here is my detailed answer for turn 25.
User: How does the system track spinal alignment during exercises?
Assistant: Here is my detailed answer for turn 26.
User: How are exercise repetitions counted from angle time series?
Assistant: Here is my detailed answer for turn 27.
User: What ML model underlies the MediaPipe pose estimator?
Assistant: Here is my detailed answer for turn 28.
User: How was the MediaPipe model trained and what datasets used?
Assistant: Here is my detailed answer for turn 29.
User: Can the system distinguish correct from compensatory movement?
Assistant: Here is my detailed answer for turn 30.
User: How is data from multiple sessions stored and compared?
Assistant: Here is my detailed answer for turn 31.
User: What data format exports session results for clinicians?
Assistant: Here is my detailed answer for turn 32.
User: How does the system perform with limb prosthetics?
Assistant: Here is my detailed answer for turn 33.
User: What are failure modes of cosine similarity angle computation?
Assistant: Here is my detailed answer for turn 34.
User: How is the world coordinate frame defined relative to camera?
Assistant: Here is my detailed answer for turn 35.
User: How handle patients who cannot perform the initial T-pose?
Assistant: Here is my detailed answer for turn 36.
User: What is the mean absolute error vs Vicon gold standard?
Assistant: Here is my detailed answer for turn 37.
User: How does clothing affect landmark detection accuracy?
Assistant: Here is my detailed answer for turn 38.
User: Can multiple cameras improve tracking accuracy?
Assistant: Here is my detailed answer for turn 39.
User: How are upper and lower extremity exercises treated differently?
Assistant: Here is my detailed answer for turn 40.
User: What happens when patient moves out of camera frame?
Assistant: Here is my detailed answer for turn 41.
User: Can you elaborate further on: What happens when patient moves out of camera frame?",What happens when patient moves out of camera frame?,"Focus question: What happens when patient moves out of camera frame?
Context profile: multiturn_dialog_history
Prompt tokens: 1059
Context preview: User: Hello AI. Assistant: Hi there! How can I help you today? User: Can you explain how the RehabQuest pose tracking works? Assistant: Here is my detailed answer for turn 1. User: What is the calibration procedure at the start of each session? Assistant: Here is my detailed answer for turn 2. User: How does T-pose calibration normalise body proportions? Assistant: Here is my detailed answer for t",multiturn_dialog_history,baseline,1059,20,38.76,0.1388,Warm,12.41,51.7,5.12,39.0,0.0,0,13,13,39.0,39.0,none,lmcache_store_coldpass,1,"[""Qwen-Qwen2.5-0.5B-Instruct@1@0@4e27503f7da4f5d0@bfloat16.pt""]",multiturn,True
42,How is the skeleton model re-initialised after tracking loss?,"User: Hello AI.
Assistant: Hi there! How can I help you today?
User: Can you explain how the RehabQuest pose tracking works?
Assistant: Here is my detailed answer for turn 1.
User: What is the calibration procedure at the start of each session?
Assistant: Here is my detailed answer for turn 2.
User: How does T-pose calibration normalise body proportions?
Assistant: Here is my detailed answer for t","User: Hello AI.
Assistant: Hi there! How can I help you today?
User: Can you explain how the RehabQuest pose tracking works?
Assistant: Here is my detailed answer for turn 1.
User: What is the calibration procedure at the start of each session?
Assistant: Here is my detailed answer for turn 2.
User: How does T-pose calibration normalise body proportions?
Assistant: Here is my detailed answer for turn 3.
User: What are the hardware requirements for real-time pose tracking?
Assistant: Here is my detailed answer for turn 4.
User: How does MediaPipe detect the 33 pose landmarks?
Assistant: Here is my detailed answer for turn 5.
User: What is the role of cosine similarity in joint angle computation?
Assistant: Here is my detailed answer for turn 6.
User: How are joint angles computed in three dimensions?
Assistant: Here is my detailed answer for turn 7.
User: How is the system validated against Vicon motion capture?
Assistant: Here is my detailed answer for turn 8.
User: What accuracy metrics are used to evaluate performance?
Assistant: Here is my detailed answer for turn 9.
User: How does camera distance affect landmark detection accuracy?
Assistant: Here is my detailed answer for turn 10.
User: What GPU specification is needed for real-time processing?
Assistant: Here is my detailed answer for turn 11.
User: How does the system handle occlusion of body parts?
Assistant: Here is my detailed answer for turn 12.
User: What frame rate achieves clinically acceptable motion tracking?
Assistant: Here is my detailed answer for turn 13.
User: How are left and right side landmarks differentiated?
Assistant: Here is my detailed answer for turn 14.
User: What happens if T-pose calibration is performed incorrectly?
Assistant: Here is my detailed answer for turn 15.
User: How does the system account for varying patient heights?
Assistant: Here is my detailed answer for turn 16.
User: Can pose tracking work with a standard RGB webcam?
Assistant: Here is my detailed answer for turn 17.
User: How are the 33 landmarks mapped to anatomical joints?
Assistant: Here is my detailed answer for turn 18.
User: What filtering is applied to raw landmark coordinates?
Assistant: Here is my detailed answer for turn 19.
User: How does the system detect and reject outlier frames?
Assistant: Here is my detailed answer for turn 20.
User: How is shoulder flexion angle calculated from landmarks?
Assistant: Here is my detailed answer for turn 21.
User: How is knee extension range of motion extracted?
Assistant: Here is my detailed answer for turn 22.
User: What is the typical latency from movement to feedback?
Assistant: Here is my detailed answer for turn 23.
User: How does lighting affect landmark detection confidence?
Assistant: Here is my detailed answer for turn 24.
User: What confidence threshold accepts or rejects a landmark?
Assistant: Here is my detailed answer for turn 25.
User: How does the system track spinal alignment during exercises?
Assistant: Here is my detailed answer for turn 26.
User: How are exercise repetitions counted from angle time series?
Assistant: Here is my detailed answer for turn 27.
User: What ML model underlies the MediaPipe pose estimator?
Assistant: Here is my detailed answer for turn 28.
User: How was the MediaPipe model trained and what datasets used?
Assistant: Here is my detailed answer for turn 29.
User: Can the system distinguish correct from compensatory movement?
Assistant: Here is my detailed answer for turn 30.
User: How is data from multiple sessions stored and compared?
Assistant: Here is my detailed answer for turn 31.
User: What data format exports session results for clinicians?
Assistant: Here is my detailed answer for turn 32.
User: How does the system perform with limb prosthetics?
Assistant: Here is my detailed answer for turn 33.
User: What are failure modes of cosine similarity angle computation?
Assistant: Here is my detailed answer for turn 34.
User: How is the world coordinate frame defined relative to camera?
Assistant: Here is my detailed answer for turn 35.
User: How handle patients who cannot perform the initial T-pose?
Assistant: Here is my detailed answer for turn 36.
User: What is the mean absolute error vs Vicon gold standard?
Assistant: Here is my detailed answer for turn 37.
User: How does clothing affect landmark detection accuracy?
Assistant: Here is my detailed answer for turn 38.
User: Can multiple cameras improve tracking accuracy?
Assistant: Here is my detailed answer for turn 39.
User: How are upper and lower extremity exercises treated differently?
Assistant: Here is my detailed answer for turn 40.
User: What happens when patient moves out of camera frame?
Assistant: Here is my detailed answer for turn 41.
User: How is the skeleton model re-initialised after tracking loss?
Assistant: Here is my detailed answer for turn 42.
User: Can you elaborate further on: How is the skeleton model re-initialised after tracking loss?",How is the skeleton model re-initialised after tracking loss?,"Focus question: How is the skeleton model re-initialised after tracking loss?
Context profile: multiturn_dialog_history
Prompt tokens: 1088
Context preview: User: Hello AI. Assistant: Hi there! How can I help you today? User: Can you explain how the RehabQuest pose tracking works? Assistant: Here is my detailed answer for turn 1. User: What is the calibration procedure at the start of each session? Assistant: Here is my detailed answer for turn 2. User: How does T-pose calibration normalise body proportions? Assistant: Here is my detailed answer for t",multiturn_dialog_history,baseline,1088,20,37.5,0.1375,Warm,12.75,53.1,5.12,39.0,0.0,0,13,13,39.0,39.0,none,lmcache_store_coldpass,1,"[""Qwen-Qwen2.5-0.5B-Instruct@1@0@4e27503f7da4f5d0@bfloat16.pt""]",multiturn,True
43,How are hip joint angles computed and which landmarks used?,"User: Hello AI.
Assistant: Hi there! How can I help you today?
User: Can you explain how the RehabQuest pose tracking works?
Assistant: Here is my detailed answer for turn 1.
User: What is the calibration procedure at the start of each session?
Assistant: Here is my detailed answer for turn 2.
User: How does T-pose calibration normalise body proportions?
Assistant: Here is my detailed answer for t","User: Hello AI.
Assistant: Hi there! How can I help you today?
User: Can you explain how the RehabQuest pose tracking works?
Assistant: Here is my detailed answer for turn 1.
User: What is the calibration procedure at the start of each session?
Assistant: Here is my detailed answer for turn 2.
User: How does T-pose calibration normalise body proportions?
Assistant: Here is my detailed answer for turn 3.
User: What are the hardware requirements for real-time pose tracking?
Assistant: Here is my detailed answer for turn 4.
User: How does MediaPipe detect the 33 pose landmarks?
Assistant: Here is my detailed answer for turn 5.
User: What is the role of cosine similarity in joint angle computation?
Assistant: Here is my detailed answer for turn 6.
User: How are joint angles computed in three dimensions?
Assistant: Here is my detailed answer for turn 7.
User: How is the system validated against Vicon motion capture?
Assistant: Here is my detailed answer for turn 8.
User: What accuracy metrics are used to evaluate performance?
Assistant: Here is my detailed answer for turn 9.
User: How does camera distance affect landmark detection accuracy?
Assistant: Here is my detailed answer for turn 10.
User: What GPU specification is needed for real-time processing?
Assistant: Here is my detailed answer for turn 11.
User: How does the system handle occlusion of body parts?
Assistant: Here is my detailed answer for turn 12.
User: What frame rate achieves clinically acceptable motion tracking?
Assistant: Here is my detailed answer for turn 13.
User: How are left and right side landmarks differentiated?
Assistant: Here is my detailed answer for turn 14.
User: What happens if T-pose calibration is performed incorrectly?
Assistant: Here is my detailed answer for turn 15.
User: How does the system account for varying patient heights?
Assistant: Here is my detailed answer for turn 16.
User: Can pose tracking work with a standard RGB webcam?
Assistant: Here is my detailed answer for turn 17.
User: How are the 33 landmarks mapped to anatomical joints?
Assistant: Here is my detailed answer for turn 18.
User: What filtering is applied to raw landmark coordinates?
Assistant: Here is my detailed answer for turn 19.
User: How does the system detect and reject outlier frames?
Assistant: Here is my detailed answer for turn 20.
User: How is shoulder flexion angle calculated from landmarks?
Assistant: Here is my detailed answer for turn 21.
User: How is knee extension range of motion extracted?
Assistant: Here is my detailed answer for turn 22.
User: What is the typical latency from movement to feedback?
Assistant: Here is my detailed answer for turn 23.
User: How does lighting affect landmark detection confidence?
Assistant: Here is my detailed answer for turn 24.
User: What confidence threshold accepts or rejects a landmark?
Assistant: Here is my detailed answer for turn 25.
User: How does the system track spinal alignment during exercises?
Assistant: Here is my detailed answer for turn 26.
User: How are exercise repetitions counted from angle time series?
Assistant: Here is my detailed answer for turn 27.
User: What ML model underlies the MediaPipe pose estimator?
Assistant: Here is my detailed answer for turn 28.
User: How was the MediaPipe model trained and what datasets used?
Assistant: Here is my detailed answer for turn 29.
User: Can the system distinguish correct from compensatory movement?
Assistant: Here is my detailed answer for turn 30.
User: How is data from multiple sessions stored and compared?
Assistant: Here is my detailed answer for turn 31.
User: What data format exports session results for clinicians?
Assistant: Here is my detailed answer for turn 32.
User: How does the system perform with limb prosthetics?
Assistant: Here is my detailed answer for turn 33.
User: What are failure modes of cosine similarity angle computation?
Assistant: Here is my detailed answer for turn 34.
User: How is the world coordinate frame defined relative to camera?
Assistant: Here is my detailed answer for turn 35.
User: How handle patients who cannot perform the initial T-pose?
Assistant: Here is my detailed answer for turn 36.
User: What is the mean absolute error vs Vicon gold standard?
Assistant: Here is my detailed answer for turn 37.
User: How does clothing affect landmark detection accuracy?
Assistant: Here is my detailed answer for turn 38.
User: Can multiple cameras improve tracking accuracy?
Assistant: Here is my detailed answer for turn 39.
User: How are upper and lower extremity exercises treated differently?
Assistant: Here is my detailed answer for turn 40.
User: What happens when patient moves out of camera frame?
Assistant: Here is my detailed answer for turn 41.
User: How is the skeleton model re-initialised after tracking loss?
Assistant: Here is my detailed answer for turn 42.
User: How are hip joint angles computed and which landmarks used?
Assistant: Here is my detailed answer for turn 43.
User: Can you elaborate further on: How are hip joint angles computed and which landmarks used?",How are hip joint angles computed and which landmarks used?,"Focus question: How are hip joint angles computed and which landmarks used?
Context profile: multiturn_dialog_history
Prompt tokens: 1113
Context preview: User: Hello AI. Assistant: Hi there! How can I help you today? User: Can you explain how the RehabQuest pose tracking works? Assistant: Here is my detailed answer for turn 1. User: What is the calibration procedure at the start of each session? Assistant: Here is my detailed answer for turn 2. User: How does T-pose calibration normalise body proportions? Assistant: Here is my detailed answer for t",multiturn_dialog_history,baseline,1113,20,38.29,0.1383,Warm,13.043,54.3,5.12,39.0,0.0,0,13,13,39.0,39.0,none,lmcache_store_coldpass,1,"[""Qwen-Qwen2.5-0.5B-Instruct@1@0@4e27503f7da4f5d0@bfloat16.pt""]",multiturn,True
44,What is the difference between 2D and 3D landmarks?,"User: Hello AI.
Assistant: Hi there! How can I help you today?
User: Can you explain how the RehabQuest pose tracking works?
Assistant: Here is my detailed answer for turn 1.
User: What is the calibration procedure at the start of each session?
Assistant: Here is my detailed answer for turn 2.
User: How does T-pose calibration normalise body proportions?
Assistant: Here is my detailed answer for t","User: Hello AI.
Assistant: Hi there! How can I help you today?
User: Can you explain how the RehabQuest pose tracking works?
Assistant: Here is my detailed answer for turn 1.
User: What is the calibration procedure at the start of each session?
Assistant: Here is my detailed answer for turn 2.
User: How does T-pose calibration normalise body proportions?
Assistant: Here is my detailed answer for turn 3.
User: What are the hardware requirements for real-time pose tracking?
Assistant: Here is my detailed answer for turn 4.
User: How does MediaPipe detect the 33 pose landmarks?
Assistant: Here is my detailed answer for turn 5.
User: What is the role of cosine similarity in joint angle computation?
Assistant: Here is my detailed answer for turn 6.
User: How are joint angles computed in three dimensions?
Assistant: Here is my detailed answer for turn 7.
User: How is the system validated against Vicon motion capture?
Assistant: Here is my detailed answer for turn 8.
User: What accuracy metrics are used to evaluate performance?
Assistant: Here is my detailed answer for turn 9.
User: How does camera distance affect landmark detection accuracy?
Assistant: Here is my detailed answer for turn 10.
User: What GPU specification is needed for real-time processing?
Assistant: Here is my detailed answer for turn 11.
User: How does the system handle occlusion of body parts?
Assistant: Here is my detailed answer for turn 12.
User: What frame rate achieves clinically acceptable motion tracking?
Assistant: Here is my detailed answer for turn 13.
User: How are left and right side landmarks differentiated?
Assistant: Here is my detailed answer for turn 14.
User: What happens if T-pose calibration is performed incorrectly?
Assistant: Here is my detailed answer for turn 15.
User: How does the system account for varying patient heights?
Assistant: Here is my detailed answer for turn 16.
User: Can pose tracking work with a standard RGB webcam?
Assistant: Here is my detailed answer for turn 17.
User: How are the 33 landmarks mapped to anatomical joints?
Assistant: Here is my detailed answer for turn 18.
User: What filtering is applied to raw landmark coordinates?
Assistant: Here is my detailed answer for turn 19.
User: How does the system detect and reject outlier frames?
Assistant: Here is my detailed answer for turn 20.
User: How is shoulder flexion angle calculated from landmarks?
Assistant: Here is my detailed answer for turn 21.
User: How is knee extension range of motion extracted?
Assistant: Here is my detailed answer for turn 22.
User: What is the typical latency from movement to feedback?
Assistant: Here is my detailed answer for turn 23.
User: How does lighting affect landmark detection confidence?
Assistant: Here is my detailed answer for turn 24.
User: What confidence threshold accepts or rejects a landmark?
Assistant: Here is my detailed answer for turn 25.
User: How does the system track spinal alignment during exercises?
Assistant: Here is my detailed answer for turn 26.
User: How are exercise repetitions counted from angle time series?
Assistant: Here is my detailed answer for turn 27.
User: What ML model underlies the MediaPipe pose estimator?
Assistant: Here is my detailed answer for turn 28.
User: How was the MediaPipe model trained and what datasets used?
Assistant: Here is my detailed answer for turn 29.
User: Can the system distinguish correct from compensatory movement?
Assistant: Here is my detailed answer for turn 30.
User: How is data from multiple sessions stored and compared?
Assistant: Here is my detailed answer for turn 31.
User: What data format exports session results for clinicians?
Assistant: Here is my detailed answer for turn 32.
User: How does the system perform with limb prosthetics?
Assistant: Here is my detailed answer for turn 33.
User: What are failure modes of cosine similarity angle computation?
Assistant: Here is my detailed answer for turn 34.
User: How is the world coordinate frame defined relative to camera?
Assistant: Here is my detailed answer for turn 35.
User: How handle patients who cannot perform the initial T-pose?
Assistant: Here is my detailed answer for turn 36.
User: What is the mean absolute error vs Vicon gold standard?
Assistant: Here is my detailed answer for turn 37.
User: How does clothing affect landmark detection accuracy?
Assistant: Here is my detailed answer for turn 38.
User: Can multiple cameras improve tracking accuracy?
Assistant: Here is my detailed answer for turn 39.
User: How are upper and lower extremity exercises treated differently?
Assistant: Here is my detailed answer for turn 40.
User: What happens when patient moves out of camera frame?
Assistant: Here is my detailed answer for turn 41.
User: How is the skeleton model re-initialised after tracking loss?
Assistant: Here is my detailed answer for turn 42.
User: How are hip joint angles computed and which landmarks used?
Assistant: Here is my detailed answer for turn 43.
User: What is the difference between 2D and 3D landmarks?
Assistant: Here is my detailed answer for turn 44.
User: Can you elaborate further on: What is the difference between 2D and 3D landmarks?",What is the difference between 2D and 3D landmarks?,"Focus question: What is the difference between 2D and 3D landmarks?
Context profile: multiturn_dialog_history
Prompt tokens: 1145
Context preview: User: Hello AI. Assistant: Hi there! How can I help you today? User: Can you explain how the RehabQuest pose tracking works? Assistant: Here is my detailed answer for turn 1. User: What is the calibration procedure at the start of each session? Assistant: Here is my detailed answer for turn 2. User: How does T-pose calibration normalise body proportions? Assistant: Here is my detailed answer for t",multiturn_dialog_history,baseline,1145,20,36.65,0.1366,Warm,13.418,55.9,5.12,39.0,0.0,0,13,13,39.0,39.0,none,lmcache_store_coldpass,1,"[""Qwen-Qwen2.5-0.5B-Instruct@1@0@4e27503f7da4f5d0@bfloat16.pt""]",multiturn,True
45,How does the system calculate left-right symmetry scores?,"User: Hello AI.
Assistant: Hi there! How can I help you today?
User: Can you explain how the RehabQuest pose tracking works?
Assistant: Here is my detailed answer for turn 1.
User: What is the calibration procedure at the start of each session?
Assistant: Here is my detailed answer for turn 2.
User: How does T-pose calibration normalise body proportions?
Assistant: Here is my detailed answer for t","User: Hello AI.
Assistant: Hi there! How can I help you today?
User: Can you explain how the RehabQuest pose tracking works?
Assistant: Here is my detailed answer for turn 1.
User: What is the calibration procedure at the start of each session?
Assistant: Here is my detailed answer for turn 2.
User: How does T-pose calibration normalise body proportions?
Assistant: Here is my detailed answer for turn 3.
User: What are the hardware requirements for real-time pose tracking?
Assistant: Here is my detailed answer for turn 4.
User: How does MediaPipe detect the 33 pose landmarks?
Assistant: Here is my detailed answer for turn 5.
User: What is the role of cosine similarity in joint angle computation?
Assistant: Here is my detailed answer for turn 6.
User: How are joint angles computed in three dimensions?
Assistant: Here is my detailed answer for turn 7.
User: How is the system validated against Vicon motion capture?
Assistant: Here is my detailed answer for turn 8.
User: What accuracy metrics are used to evaluate performance?
Assistant: Here is my detailed answer for turn 9.
User: How does camera distance affect landmark detection accuracy?
Assistant: Here is my detailed answer for turn 10.
User: What GPU specification is needed for real-time processing?
Assistant: Here is my detailed answer for turn 11.
User: How does the system handle occlusion of body parts?
Assistant: Here is my detailed answer for turn 12.
User: What frame rate achieves clinically acceptable motion tracking?
Assistant: Here is my detailed answer for turn 13.
User: How are left and right side landmarks differentiated?
Assistant: Here is my detailed answer for turn 14.
User: What happens if T-pose calibration is performed incorrectly?
Assistant: Here is my detailed answer for turn 15.
User: How does the system account for varying patient heights?
Assistant: Here is my detailed answer for turn 16.
User: Can pose tracking work with a standard RGB webcam?
Assistant: Here is my detailed answer for turn 17.
User: How are the 33 landmarks mapped to anatomical joints?
Assistant: Here is my detailed answer for turn 18.
User: What filtering is applied to raw landmark coordinates?
Assistant: Here is my detailed answer for turn 19.
User: How does the system detect and reject outlier frames?
Assistant: Here is my detailed answer for turn 20.
User: How is shoulder flexion angle calculated from landmarks?
Assistant: Here is my detailed answer for turn 21.
User: How is knee extension range of motion extracted?
Assistant: Here is my detailed answer for turn 22.
User: What is the typical latency from movement to feedback?
Assistant: Here is my detailed answer for turn 23.
User: How does lighting affect landmark detection confidence?
Assistant: Here is my detailed answer for turn 24.
User: What confidence threshold accepts or rejects a landmark?
Assistant: Here is my detailed answer for turn 25.
User: How does the system track spinal alignment during exercises?
Assistant: Here is my detailed answer for turn 26.
User: How are exercise repetitions counted from angle time series?
Assistant: Here is my detailed answer for turn 27.
User: What ML model underlies the MediaPipe pose estimator?
Assistant: Here is my detailed answer for turn 28.
User: How was the MediaPipe model trained and what datasets used?
Assistant: Here is my detailed answer for turn 29.
User: Can the system distinguish correct from compensatory movement?
Assistant: Here is my detailed answer for turn 30.
User: How is data from multiple sessions stored and compared?
Assistant: Here is my detailed answer for turn 31.
User: What data format exports session results for clinicians?
Assistant: Here is my detailed answer for turn 32.
User: How does the system perform with limb prosthetics?
Assistant: Here is my detailed answer for turn 33.
User: What are failure modes of cosine similarity angle computation?
Assistant: Here is my detailed answer for turn 34.
User: How is the world coordinate frame defined relative to camera?
Assistant: Here is my detailed answer for turn 35.
User: How handle patients who cannot perform the initial T-pose?
Assistant: Here is my detailed answer for turn 36.
User: What is the mean absolute error vs Vicon gold standard?
Assistant: Here is my detailed answer for turn 37.
User: How does clothing affect landmark detection accuracy?
Assistant: Here is my detailed answer for turn 38.
User: Can multiple cameras improve tracking accuracy?
Assistant: Here is my detailed answer for turn 39.
User: How are upper and lower extremity exercises treated differently?
Assistant: Here is my detailed answer for turn 40.
User: What happens when patient moves out of camera frame?
Assistant: Here is my detailed answer for turn 41.
User: How is the skeleton model re-initialised after tracking loss?
Assistant: Here is my detailed answer for turn 42.
User: How are hip joint angles computed and which landmarks used?
Assistant: Here is my detailed answer for turn 43.
User: What is the difference between 2D and 3D landmarks?
Assistant: Here is my detailed answer for turn 44.
User: How does the system calculate left-right symmetry scores?
Assistant: Here is my detailed answer for turn 45.
User: Can you elaborate further on: How does the system calculate left-right symmetry scores?",How does the system calculate left-right symmetry scores?,"Focus question: How does the system calculate left-right symmetry scores?
Context profile: multiturn_dialog_history
Prompt tokens: 1166
Context preview: User: Hello AI. Assistant: Hi there! How can I help you today? User: Can you explain how the RehabQuest pose tracking works? Assistant: Here is my detailed answer for turn 1. User: What is the calibration procedure at the start of each session? Assistant: Here is my detailed answer for turn 2. User: How does T-pose calibration normalise body proportions? Assistant: Here is my detailed answer for t",multiturn_dialog_history,baseline,1166,20,37.11,0.1371,Warm,13.664,56.9,5.12,39.0,0.0,0,13,13,39.0,39.0,none,lmcache_store_coldpass,1,"[""Qwen-Qwen2.5-0.5B-Instruct@1@0@4e27503f7da4f5d0@bfloat16.pt""]",multiturn,True
46,What network architecture is used for landmark regression?,"User: Hello AI.
Assistant: Hi there! How can I help you today?
User: Can you explain how the RehabQuest pose tracking works?
Assistant: Here is my detailed answer for turn 1.
User: What is the calibration procedure at the start of each session?
Assistant: Here is my detailed answer for turn 2.
User: How does T-pose calibration normalise body proportions?
Assistant: Here is my detailed answer for t","User: Hello AI.
Assistant: Hi there! How can I help you today?
User: Can you explain how the RehabQuest pose tracking works?
Assistant: Here is my detailed answer for turn 1.
User: What is the calibration procedure at the start of each session?
Assistant: Here is my detailed answer for turn 2.
User: How does T-pose calibration normalise body proportions?
Assistant: Here is my detailed answer for turn 3.
User: What are the hardware requirements for real-time pose tracking?
Assistant: Here is my detailed answer for turn 4.
User: How does MediaPipe detect the 33 pose landmarks?
Assistant: Here is my detailed answer for turn 5.
User: What is the role of cosine similarity in joint angle computation?
Assistant: Here is my detailed answer for turn 6.
User: How are joint angles computed in three dimensions?
Assistant: Here is my detailed answer for turn 7.
User: How is the system validated against Vicon motion capture?
Assistant: Here is my detailed answer for turn 8.
User: What accuracy metrics are used to evaluate performance?
Assistant: Here is my detailed answer for turn 9.
User: How does camera distance affect landmark detection accuracy?
Assistant: Here is my detailed answer for turn 10.
User: What GPU specification is needed for real-time processing?
Assistant: Here is my detailed answer for turn 11.
User: How does the system handle occlusion of body parts?
Assistant: Here is my detailed answer for turn 12.
User: What frame rate achieves clinically acceptable motion tracking?
Assistant: Here is my detailed answer for turn 13.
User: How are left and right side landmarks differentiated?
Assistant: Here is my detailed answer for turn 14.
User: What happens if T-pose calibration is performed incorrectly?
Assistant: Here is my detailed answer for turn 15.
User: How does the system account for varying patient heights?
Assistant: Here is my detailed answer for turn 16.
User: Can pose tracking work with a standard RGB webcam?
Assistant: Here is my detailed answer for turn 17.
User: How are the 33 landmarks mapped to anatomical joints?
Assistant: Here is my detailed answer for turn 18.
User: What filtering is applied to raw landmark coordinates?
Assistant: Here is my detailed answer for turn 19.
User: How does the system detect and reject outlier frames?
Assistant: Here is my detailed answer for turn 20.
User: How is shoulder flexion angle calculated from landmarks?
Assistant: Here is my detailed answer for turn 21.
User: How is knee extension range of motion extracted?
Assistant: Here is my detailed answer for turn 22.
User: What is the typical latency from movement to feedback?
Assistant: Here is my detailed answer for turn 23.
User: How does lighting affect landmark detection confidence?
Assistant: Here is my detailed answer for turn 24.
User: What confidence threshold accepts or rejects a landmark?
Assistant: Here is my detailed answer for turn 25.
User: How does the system track spinal alignment during exercises?
Assistant: Here is my detailed answer for turn 26.
User: How are exercise repetitions counted from angle time series?
Assistant: Here is my detailed answer for turn 27.
User: What ML model underlies the MediaPipe pose estimator?
Assistant: Here is my detailed answer for turn 28.
User: How was the MediaPipe model trained and what datasets used?
Assistant: Here is my detailed answer for turn 29.
User: Can the system distinguish correct from compensatory movement?
Assistant: Here is my detailed answer for turn 30.
User: How is data from multiple sessions stored and compared?
Assistant: Here is my detailed answer for turn 31.
User: What data format exports session results for clinicians?
Assistant: Here is my detailed answer for turn 32.
User: How does the system perform with limb prosthetics?
Assistant: Here is my detailed answer for turn 33.
User: What are failure modes of cosine similarity angle computation?
Assistant: Here is my detailed answer for turn 34.
User: How is the world coordinate frame defined relative to camera?
Assistant: Here is my detailed answer for turn 35.
User: How handle patients who cannot perform the initial T-pose?
Assistant: Here is my detailed answer for turn 36.
User: What is the mean absolute error vs Vicon gold standard?
Assistant: Here is my detailed answer for turn 37.
User: How does clothing affect landmark detection accuracy?
Assistant: Here is my detailed answer for turn 38.
User: Can multiple cameras improve tracking accuracy?
Assistant: Here is my detailed answer for turn 39.
User: How are upper and lower extremity exercises treated differently?
Assistant: Here is my detailed answer for turn 40.
User: What happens when patient moves out of camera frame?
Assistant: Here is my detailed answer for turn 41.
User: How is the skeleton model re-initialised after tracking loss?
Assistant: Here is my detailed answer for turn 42.
User: How are hip joint angles computed and which landmarks used?
Assistant: Here is my detailed answer for turn 43.
User: What is the difference between 2D and 3D landmarks?
Assistant: Here is my detailed answer for turn 44.
User: How does the system calculate left-right symmetry scores?
Assistant: Here is my detailed answer for turn 45.
User: What network architecture is used for landmark regression?
Assistant: Here is my detailed answer for turn 46.
User: Can you elaborate further on: What network architecture is used for landmark regression?",What network architecture is used for landmark regression?,"Focus question: What network architecture is used for landmark regression?
Context profile: multiturn_dialog_history
Prompt tokens: 1189
Context preview: User: Hello AI. Assistant: Hi there! How can I help you today? User: Can you explain how the RehabQuest pose tracking works? Assistant: Here is my detailed answer for turn 1. User: What is the calibration procedure at the start of each session? Assistant: Here is my detailed answer for turn 2. User: How does T-pose calibration normalise body proportions? Assistant: Here is my detailed answer for t",multiturn_dialog_history,baseline,1189,20,37.45,0.1375,Warm,13.934,58.1,5.12,39.0,0.0,0,13,13,39.0,39.0,none,lmcache_store_coldpass,1,"[""Qwen-Qwen2.5-0.5B-Instruct@1@0@4e27503f7da4f5d0@bfloat16.pt""]",multiturn,True
47,How are progress reports generated from session data?,"User: Hello AI.
Assistant: Hi there! How can I help you today?
User: Can you explain how the RehabQuest pose tracking works?
Assistant: Here is my detailed answer for turn 1.
User: What is the calibration procedure at the start of each session?
Assistant: Here is my detailed answer for turn 2.
User: How does T-pose calibration normalise body proportions?
Assistant: Here is my detailed answer for t","User: Hello AI.
Assistant: Hi there! How can I help you today?
User: Can you explain how the RehabQuest pose tracking works?
Assistant: Here is my detailed answer for turn 1.
User: What is the calibration procedure at the start of each session?
Assistant: Here is my detailed answer for turn 2.
User: How does T-pose calibration normalise body proportions?
Assistant: Here is my detailed answer for turn 3.
User: What are the hardware requirements for real-time pose tracking?
Assistant: Here is my detailed answer for turn 4.
User: How does MediaPipe detect the 33 pose landmarks?
Assistant: Here is my detailed answer for turn 5.
User: What is the role of cosine similarity in joint angle computation?
Assistant: Here is my detailed answer for turn 6.
User: How are joint angles computed in three dimensions?
Assistant: Here is my detailed answer for turn 7.
User: How is the system validated against Vicon motion capture?
Assistant: Here is my detailed answer for turn 8.
User: What accuracy metrics are used to evaluate performance?
Assistant: Here is my detailed answer for turn 9.
User: How does camera distance affect landmark detection accuracy?
Assistant: Here is my detailed answer for turn 10.
User: What GPU specification is needed for real-time processing?
Assistant: Here is my detailed answer for turn 11.
User: How does the system handle occlusion of body parts?
Assistant: Here is my detailed answer for turn 12.
User: What frame rate achieves clinically acceptable motion tracking?
Assistant: Here is my detailed answer for turn 13.
User: How are left and right side landmarks differentiated?
Assistant: Here is my detailed answer for turn 14.
User: What happens if T-pose calibration is performed incorrectly?
Assistant: Here is my detailed answer for turn 15.
User: How does the system account for varying patient heights?
Assistant: Here is my detailed answer for turn 16.
User: Can pose tracking work with a standard RGB webcam?
Assistant: Here is my detailed answer for turn 17.
User: How are the 33 landmarks mapped to anatomical joints?
Assistant: Here is my detailed answer for turn 18.
User: What filtering is applied to raw landmark coordinates?
Assistant: Here is my detailed answer for turn 19.
User: How does the system detect and reject outlier frames?
Assistant: Here is my detailed answer for turn 20.
User: How is shoulder flexion angle calculated from landmarks?
Assistant: Here is my detailed answer for turn 21.
User: How is knee extension range of motion extracted?
Assistant: Here is my detailed answer for turn 22.
User: What is the typical latency from movement to feedback?
Assistant: Here is my detailed answer for turn 23.
User: How does lighting affect landmark detection confidence?
Assistant: Here is my detailed answer for turn 24.
User: What confidence threshold accepts or rejects a landmark?
Assistant: Here is my detailed answer for turn 25.
User: How does the system track spinal alignment during exercises?
Assistant: Here is my detailed answer for turn 26.
User: How are exercise repetitions counted from angle time series?
Assistant: Here is my detailed answer for turn 27.
User: What ML model underlies the MediaPipe pose estimator?
Assistant: Here is my detailed answer for turn 28.
User: How was the MediaPipe model trained and what datasets used?
Assistant: Here is my detailed answer for turn 29.
User: Can the system distinguish correct from compensatory movement?
Assistant: Here is my detailed answer for turn 30.
User: How is data from multiple sessions stored and compared?
Assistant: Here is my detailed answer for turn 31.
User: What data format exports session results for clinicians?
Assistant: Here is my detailed answer for turn 32.
User: How does the system perform with limb prosthetics?
Assistant: Here is my detailed answer for turn 33.
User: What are failure modes of cosine similarity angle computation?
Assistant: Here is my detailed answer for turn 34.
User: How is the world coordinate frame defined relative to camera?
Assistant: Here is my detailed answer for turn 35.
User: How handle patients who cannot perform the initial T-pose?
Assistant: Here is my detailed answer for turn 36.
User: What is the mean absolute error vs Vicon gold standard?
Assistant: Here is my detailed answer for turn 37.
User: How does clothing affect landmark detection accuracy?
Assistant: Here is my detailed answer for turn 38.
User: Can multiple cameras improve tracking accuracy?
Assistant: Here is my detailed answer for turn 39.
User: How are upper and lower extremity exercises treated differently?
Assistant: Here is my detailed answer for turn 40.
User: What happens when patient moves out of camera frame?
Assistant: Here is my detailed answer for turn 41.
User: How is the skeleton model re-initialised after tracking loss?
Assistant: Here is my detailed answer for turn 42.
User: How are hip joint angles computed and which landmarks used?
Assistant: Here is my detailed answer for turn 43.
User: What is the difference between 2D and 3D landmarks?
Assistant: Here is my detailed answer for turn 44.
User: How does the system calculate left-right symmetry scores?
Assistant: Here is my detailed answer for turn 45.
User: What network architecture is used for landmark regression?
Assistant: Here is my detailed answer for turn 46.
User: How are progress reports generated from session data?
Assistant: Here is my detailed answer for turn 47.
User: Can you elaborate further on: How are progress reports generated from session data?",How are progress reports generated from session data?,"Focus question: How are progress reports generated from session data?
Context profile: multiturn_dialog_history
Prompt tokens: 1213
Context preview: User: Hello AI. Assistant: Hi there! How can I help you today? User: Can you explain how the RehabQuest pose tracking works? Assistant: Here is my detailed answer for turn 1. User: What is the calibration procedure at the start of each session? Assistant: Here is my detailed answer for turn 2. User: How does T-pose calibration normalise body proportions? Assistant: Here is my detailed answer for t",multiturn_dialog_history,baseline,1213,20,37.34,0.1373,Warm,14.215,59.2,5.12,39.0,0.0,0,13,13,39.0,39.0,none,lmcache_store_coldpass,1,"[""Qwen-Qwen2.5-0.5B-Instruct@1@0@4e27503f7da4f5d0@bfloat16.pt""]",multiturn,True
48,Can the system operate offline without internet?,"User: Hello AI.
Assistant: Hi there! How can I help you today?
User: Can you explain how the RehabQuest pose tracking works?
Assistant: Here is my detailed answer for turn 1.
User: What is the calibration procedure at the start of each session?
Assistant: Here is my detailed answer for turn 2.
User: How does T-pose calibration normalise body proportions?
Assistant: Here is my detailed answer for t","User: Hello AI.
Assistant: Hi there! How can I help you today?
User: Can you explain how the RehabQuest pose tracking works?
Assistant: Here is my detailed answer for turn 1.
User: What is the calibration procedure at the start of each session?
Assistant: Here is my detailed answer for turn 2.
User: How does T-pose calibration normalise body proportions?
Assistant: Here is my detailed answer for turn 3.
User: What are the hardware requirements for real-time pose tracking?
Assistant: Here is my detailed answer for turn 4.
User: How does MediaPipe detect the 33 pose landmarks?
Assistant: Here is my detailed answer for turn 5.
User: What is the role of cosine similarity in joint angle computation?
Assistant: Here is my detailed answer for turn 6.
User: How are joint angles computed in three dimensions?
Assistant: Here is my detailed answer for turn 7.
User: How is the system validated against Vicon motion capture?
Assistant: Here is my detailed answer for turn 8.
User: What accuracy metrics are used to evaluate performance?
Assistant: Here is my detailed answer for turn 9.
User: How does camera distance affect landmark detection accuracy?
Assistant: Here is my detailed answer for turn 10.
User: What GPU specification is needed for real-time processing?
Assistant: Here is my detailed answer for turn 11.
User: How does the system handle occlusion of body parts?
Assistant: Here is my detailed answer for turn 12.
User: What frame rate achieves clinically acceptable motion tracking?
Assistant: Here is my detailed answer for turn 13.
User: How are left and right side landmarks differentiated?
Assistant: Here is my detailed answer for turn 14.
User: What happens if T-pose calibration is performed incorrectly?
Assistant: Here is my detailed answer for turn 15.
User: How does the system account for varying patient heights?
Assistant: Here is my detailed answer for turn 16.
User: Can pose tracking work with a standard RGB webcam?
Assistant: Here is my detailed answer for turn 17.
User: How are the 33 landmarks mapped to anatomical joints?
Assistant: Here is my detailed answer for turn 18.
User: What filtering is applied to raw landmark coordinates?
Assistant: Here is my detailed answer for turn 19.
User: How does the system detect and reject outlier frames?
Assistant: Here is my detailed answer for turn 20.
User: How is shoulder flexion angle calculated from landmarks?
Assistant: Here is my detailed answer for turn 21.
User: How is knee extension range of motion extracted?
Assistant: Here is my detailed answer for turn 22.
User: What is the typical latency from movement to feedback?
Assistant: Here is my detailed answer for turn 23.
User: How does lighting affect landmark detection confidence?
Assistant: Here is my detailed answer for turn 24.
User: What confidence threshold accepts or rejects a landmark?
Assistant: Here is my detailed answer for turn 25.
User: How does the system track spinal alignment during exercises?
Assistant: Here is my detailed answer for turn 26.
User: How are exercise repetitions counted from angle time series?
Assistant: Here is my detailed answer for turn 27.
User: What ML model underlies the MediaPipe pose estimator?
Assistant: Here is my detailed answer for turn 28.
User: How was the MediaPipe model trained and what datasets used?
Assistant: Here is my detailed answer for turn 29.
User: Can the system distinguish correct from compensatory movement?
Assistant: Here is my detailed answer for turn 30.
User: How is data from multiple sessions stored and compared?
Assistant: Here is my detailed answer for turn 31.
User: What data format exports session results for clinicians?
Assistant: Here is my detailed answer for turn 32.
User: How does the system perform with limb prosthetics?
Assistant: Here is my detailed answer for turn 33.
User: What are failure modes of cosine similarity angle computation?
Assistant: Here is my detailed answer for turn 34.
User: How is the world coordinate frame defined relative to camera?
Assistant: Here is my detailed answer for turn 35.
User: How handle patients who cannot perform the initial T-pose?
Assistant: Here is my detailed answer for turn 36.
User: What is the mean absolute error vs Vicon gold standard?
Assistant: Here is my detailed answer for turn 37.
User: How does clothing affect landmark detection accuracy?
Assistant: Here is my detailed answer for turn 38.
User: Can multiple cameras improve tracking accuracy?
Assistant: Here is my detailed answer for turn 39.
User: How are upper and lower extremity exercises treated differently?
Assistant: Here is my detailed answer for turn 40.
User: What happens when patient moves out of camera frame?
Assistant: Here is my detailed answer for turn 41.
User: How is the skeleton model re-initialised after tracking loss?
Assistant: Here is my detailed answer for turn 42.
User: How are hip joint angles computed and which landmarks used?
Assistant: Here is my detailed answer for turn 43.
User: What is the difference between 2D and 3D landmarks?
Assistant: Here is my detailed answer for turn 44.
User: How does the system calculate left-right symmetry scores?
Assistant: Here is my detailed answer for turn 45.
User: What network architecture is used for landmark regression?
Assistant: Here is my detailed answer for turn 46.
User: How are progress reports generated from session data?
Assistant: Here is my detailed answer for turn 47.
User: Can the system operate offline without internet?
Assistant: Here is my detailed answer for turn 48.
User: Can you elaborate further on: Can the system operate offline without internet?",Can the system operate offline without internet?,"Focus question: Can the system operate offline without internet?
Context profile: multiturn_dialog_history
Prompt tokens: 1235
Context preview: User: Hello AI. Assistant: Hi there! How can I help you today? User: Can you explain how the RehabQuest pose tracking works? Assistant: Here is my detailed answer for turn 1. User: What is the calibration procedure at the start of each session? Assistant: Here is my detailed answer for turn 2. User: How does T-pose calibration normalise body proportions? Assistant: Here is my detailed answer for t",multiturn_dialog_history,baseline,1235,20,37.63,0.1376,Warm,14.473,60.3,5.12,39.0,0.0,0,13,13,39.0,39.0,none,lmcache_store_coldpass,1,"[""Qwen-Qwen2.5-0.5B-Instruct@1@0@4e27503f7da4f5d0@bfloat16.pt""]",multiturn,True
49,How is patient privacy protected for video and landmark data?,"User: Hello AI.
Assistant: Hi there! How can I help you today?
User: Can you explain how the RehabQuest pose tracking works?
Assistant: Here is my detailed answer for turn 1.
User: What is the calibration procedure at the start of each session?
Assistant: Here is my detailed answer for turn 2.
User: How does T-pose calibration normalise body proportions?
Assistant: Here is my detailed answer for t","User: Hello AI.
Assistant: Hi there! How can I help you today?
User: Can you explain how the RehabQuest pose tracking works?
Assistant: Here is my detailed answer for turn 1.
User: What is the calibration procedure at the start of each session?
Assistant: Here is my detailed answer for turn 2.
User: How does T-pose calibration normalise body proportions?
Assistant: Here is my detailed answer for turn 3.
User: What are the hardware requirements for real-time pose tracking?
Assistant: Here is my detailed answer for turn 4.
User: How does MediaPipe detect the 33 pose landmarks?
Assistant: Here is my detailed answer for turn 5.
User: What is the role of cosine similarity in joint angle computation?
Assistant: Here is my detailed answer for turn 6.
User: How are joint angles computed in three dimensions?
Assistant: Here is my detailed answer for turn 7.
User: How is the system validated against Vicon motion capture?
Assistant: Here is my detailed answer for turn 8.
User: What accuracy metrics are used to evaluate performance?
Assistant: Here is my detailed answer for turn 9.
User: How does camera distance affect landmark detection accuracy?
Assistant: Here is my detailed answer for turn 10.
User: What GPU specification is needed for real-time processing?
Assistant: Here is my detailed answer for turn 11.
User: How does the system handle occlusion of body parts?
Assistant: Here is my detailed answer for turn 12.
User: What frame rate achieves clinically acceptable motion tracking?
Assistant: Here is my detailed answer for turn 13.
User: How are left and right side landmarks differentiated?
Assistant: Here is my detailed answer for turn 14.
User: What happens if T-pose calibration is performed incorrectly?
Assistant: Here is my detailed answer for turn 15.
User: How does the system account for varying patient heights?
Assistant: Here is my detailed answer for turn 16.
User: Can pose tracking work with a standard RGB webcam?
Assistant: Here is my detailed answer for turn 17.
User: How are the 33 landmarks mapped to anatomical joints?
Assistant: Here is my detailed answer for turn 18.
User: What filtering is applied to raw landmark coordinates?
Assistant: Here is my detailed answer for turn 19.
User: How does the system detect and reject outlier frames?
Assistant: Here is my detailed answer for turn 20.
User: How is shoulder flexion angle calculated from landmarks?
Assistant: Here is my detailed answer for turn 21.
User: How is knee extension range of motion extracted?
Assistant: Here is my detailed answer for turn 22.
User: What is the typical latency from movement to feedback?
Assistant: Here is my detailed answer for turn 23.
User: How does lighting affect landmark detection confidence?
Assistant: Here is my detailed answer for turn 24.
User: What confidence threshold accepts or rejects a landmark?
Assistant: Here is my detailed answer for turn 25.
User: How does the system track spinal alignment during exercises?
Assistant: Here is my detailed answer for turn 26.
User: How are exercise repetitions counted from angle time series?
Assistant: Here is my detailed answer for turn 27.
User: What ML model underlies the MediaPipe pose estimator?
Assistant: Here is my detailed answer for turn 28.
User: How was the MediaPipe model trained and what datasets used?
Assistant: Here is my detailed answer for turn 29.
User: Can the system distinguish correct from compensatory movement?
Assistant: Here is my detailed answer for turn 30.
User: How is data from multiple sessions stored and compared?
Assistant: Here is my detailed answer for turn 31.
User: What data format exports session results for clinicians?
Assistant: Here is my detailed answer for turn 32.
User: How does the system perform with limb prosthetics?
Assistant: Here is my detailed answer for turn 33.
User: What are failure modes of cosine similarity angle computation?
Assistant: Here is my detailed answer for turn 34.
User: How is the world coordinate frame defined relative to camera?
Assistant: Here is my detailed answer for turn 35.
User: How handle patients who cannot perform the initial T-pose?
Assistant: Here is my detailed answer for turn 36.
User: What is the mean absolute error vs Vicon gold standard?
Assistant: Here is my detailed answer for turn 37.
User: How does clothing affect landmark detection accuracy?
Assistant: Here is my detailed answer for turn 38.
User: Can multiple cameras improve tracking accuracy?
Assistant: Here is my detailed answer for turn 39.
User: How are upper and lower extremity exercises treated differently?
Assistant: Here is my detailed answer for turn 40.
User: What happens when patient moves out of camera frame?
Assistant: Here is my detailed answer for turn 41.
User: How is the skeleton model re-initialised after tracking loss?
Assistant: Here is my detailed answer for turn 42.
User: How are hip joint angles computed and which landmarks used?
Assistant: Here is my detailed answer for turn 43.
User: What is the difference between 2D and 3D landmarks?
Assistant: Here is my detailed answer for turn 44.
User: How does the system calculate left-right symmetry scores?
Assistant: Here is my detailed answer for turn 45.
User: What network architecture is used for landmark regression?
Assistant: Here is my detailed answer for turn 46.
User: How are progress reports generated from session data?
Assistant: Here is my detailed answer for turn 47.
User: Can the system operate offline without internet?
Assistant: Here is my detailed answer for turn 48.
User: How is patient privacy protected for video and landmark data?
Assistant: Here is my detailed answer for turn 49.
User: Can you elaborate further on: How is patient privacy protected for video and landmark data?",How is patient privacy protected for video and landmark data?,"Focus question: How is patient privacy protected for video and landmark data?
Context profile: multiturn_dialog_history
Prompt tokens: 1264
Context preview: User: Hello AI. Assistant: Hi there! How can I help you today? User: Can you explain how the RehabQuest pose tracking works? Assistant: Here is my detailed answer for turn 1. User: What is the calibration procedure at the start of each session? Assistant: Here is my detailed answer for turn 2. User: How does T-pose calibration normalise body proportions? Assistant: Here is my detailed answer for t",multiturn_dialog_history,baseline,1264,20,39.38,0.1394,Warm,14.812,61.7,5.12,39.0,0.0,0,13,13,39.0,39.0,none,lmcache_store_coldpass,1,"[""Qwen-Qwen2.5-0.5B-Instruct@1@0@4e27503f7da4f5d0@bfloat16.pt""]",multiturn,True
50,What future improvements are planned for pose tracking?,"User: Hello AI.
Assistant: Hi there! How can I help you today?
User: Can you explain how the RehabQuest pose tracking works?
Assistant: Here is my detailed answer for turn 1.
User: What is the calibration procedure at the start of each session?
Assistant: Here is my detailed answer for turn 2.
User: How does T-pose calibration normalise body proportions?
Assistant: Here is my detailed answer for t","User: Hello AI.
Assistant: Hi there! How can I help you today?
User: Can you explain how the RehabQuest pose tracking works?
Assistant: Here is my detailed answer for turn 1.
User: What is the calibration procedure at the start of each session?
Assistant: Here is my detailed answer for turn 2.
User: How does T-pose calibration normalise body proportions?
Assistant: Here is my detailed answer for turn 3.
User: What are the hardware requirements for real-time pose tracking?
Assistant: Here is my detailed answer for turn 4.
User: How does MediaPipe detect the 33 pose landmarks?
Assistant: Here is my detailed answer for turn 5.
User: What is the role of cosine similarity in joint angle computation?
Assistant: Here is my detailed answer for turn 6.
User: How are joint angles computed in three dimensions?
Assistant: Here is my detailed answer for turn 7.
User: How is the system validated against Vicon motion capture?
Assistant: Here is my detailed answer for turn 8.
User: What accuracy metrics are used to evaluate performance?
Assistant: Here is my detailed answer for turn 9.
User: How does camera distance affect landmark detection accuracy?
Assistant: Here is my detailed answer for turn 10.
User: What GPU specification is needed for real-time processing?
Assistant: Here is my detailed answer for turn 11.
User: How does the system handle occlusion of body parts?
Assistant: Here is my detailed answer for turn 12.
User: What frame rate achieves clinically acceptable motion tracking?
Assistant: Here is my detailed answer for turn 13.
User: How are left and right side landmarks differentiated?
Assistant: Here is my detailed answer for turn 14.
User: What happens if T-pose calibration is performed incorrectly?
Assistant: Here is my detailed answer for turn 15.
User: How does the system account for varying patient heights?
Assistant: Here is my detailed answer for turn 16.
User: Can pose tracking work with a standard RGB webcam?
Assistant: Here is my detailed answer for turn 17.
User: How are the 33 landmarks mapped to anatomical joints?
Assistant: Here is my detailed answer for turn 18.
User: What filtering is applied to raw landmark coordinates?
Assistant: Here is my detailed answer for turn 19.
User: How does the system detect and reject outlier frames?
Assistant: Here is my detailed answer for turn 20.
User: How is shoulder flexion angle calculated from landmarks?
Assistant: Here is my detailed answer for turn 21.
User: How is knee extension range of motion extracted?
Assistant: Here is my detailed answer for turn 22.
User: What is the typical latency from movement to feedback?
Assistant: Here is my detailed answer for turn 23.
User: How does lighting affect landmark detection confidence?
Assistant: Here is my detailed answer for turn 24.
User: What confidence threshold accepts or rejects a landmark?
Assistant: Here is my detailed answer for turn 25.
User: How does the system track spinal alignment during exercises?
Assistant: Here is my detailed answer for turn 26.
User: How are exercise repetitions counted from angle time series?
Assistant: Here is my detailed answer for turn 27.
User: What ML model underlies the MediaPipe pose estimator?
Assistant: Here is my detailed answer for turn 28.
User: How was the MediaPipe model trained and what datasets used?
Assistant: Here is my detailed answer for turn 29.
User: Can the system distinguish correct from compensatory movement?
Assistant: Here is my detailed answer for turn 30.
User: How is data from multiple sessions stored and compared?
Assistant: Here is my detailed answer for turn 31.
User: What data format exports session results for clinicians?
Assistant: Here is my detailed answer for turn 32.
User: How does the system perform with limb prosthetics?
Assistant: Here is my detailed answer for turn 33.
User: What are failure modes of cosine similarity angle computation?
Assistant: Here is my detailed answer for turn 34.
User: How is the world coordinate frame defined relative to camera?
Assistant: Here is my detailed answer for turn 35.
User: How handle patients who cannot perform the initial T-pose?
Assistant: Here is my detailed answer for turn 36.
User: What is the mean absolute error vs Vicon gold standard?
Assistant: Here is my detailed answer for turn 37.
User: How does clothing affect landmark detection accuracy?
Assistant: Here is my detailed answer for turn 38.
User: Can multiple cameras improve tracking accuracy?
Assistant: Here is my detailed answer for turn 39.
User: How are upper and lower extremity exercises treated differently?
Assistant: Here is my detailed answer for turn 40.
User: What happens when patient moves out of camera frame?
Assistant: Here is my detailed answer for turn 41.
User: How is the skeleton model re-initialised after tracking loss?
Assistant: Here is my detailed answer for turn 42.
User: How are hip joint angles computed and which landmarks used?
Assistant: Here is my detailed answer for turn 43.
User: What is the difference between 2D and 3D landmarks?
Assistant: Here is my detailed answer for turn 44.
User: How does the system calculate left-right symmetry scores?
Assistant: Here is my detailed answer for turn 45.
User: What network architecture is used for landmark regression?
Assistant: Here is my detailed answer for turn 46.
User: How are progress reports generated from session data?
Assistant: Here is my detailed answer for turn 47.
User: Can the system operate offline without internet?
Assistant: Here is my detailed answer for turn 48.
User: How is patient privacy protected for video and landmark data?
Assistant: Here is my detailed answer for turn 49.
User: What future improvements are planned for pose tracking?
Assistant: Here is my detailed answer for turn 50.
User: Can you elaborate further on: What future improvements are planned for pose tracking?",What future improvements are planned for pose tracking?,"Focus question: What future improvements are planned for pose tracking?
Context profile: multiturn_dialog_history
Prompt tokens: 1286
Context preview: User: Hello AI. Assistant: Hi there! How can I help you today? User: Can you explain how the RehabQuest pose tracking works? Assistant: Here is my detailed answer for turn 1. User: What is the calibration procedure at the start of each session? Assistant: Here is my detailed answer for turn 2. User: How does T-pose calibration normalise body proportions? Assistant: Here is my detailed answer for t",multiturn_dialog_history,baseline,1286,20,37.9,0.1379,Warm,15.07,62.8,5.12,39.0,0.0,0,13,13,39.0,39.0,none,lmcache_store_coldpass,1,"[""Qwen-Qwen2.5-0.5B-Instruct@1@0@-78d782ba34b1fd6d@bfloat16.pt""]",multiturn,True
