query_id,query_text,embedding_text,focus_text,context_profile,prompt_text,prompt_preview,input_tokens,chunk_ids_needed,shared_chunk_ids,unique_chunk_ids,num_chunks,runtime_chunk_ids,chunk_event_source,chunk_id_source,runtime_event_count,tier_transition_event,cache_file_count_before,cache_file_count_after,cache_disk_mb_before,cache_disk_mb_after,pressure_phase
1,What are the core vision and mission statements of Tongaat Hulett?,"Focus question: What are the core vision and mission statements of Tongaat Hulett?
Context profile: rag_shared_document_finance_reports
Prompt tokens: 1341
Context preview: Context: Tongaat Hulett and Implats ESG Report Summary — Tongaat Hulett is a leading agri-processing business focusing on the complementary activities of sugar production, property development, and starch production. The company operates in South Africa, Mozambique, Zimbabwe, and Botswana, employing over 30,000 people at the peak of the sugar milling season. In the 2021 financial year, Tongaat Hul",What are the core vision and mission statements of Tongaat Hulett?,rag_shared_document_finance_reports,"Context: Tongaat Hulett and Implats ESG Report Summary — Tongaat Hulett is a leading agri-processing business focusing on the complementary activities of sugar production, property development, and starch production. The company operates in South Africa, Mozambique, Zimbabwe, and Botswana, employing over 30,000 people at the peak of the sugar milling season. In the 2021 financial year, Tongaat Hulett produced approximately 1.1 million tons of sugar. The company has committed to reducing energy intensity by 20% by 2025, with specific targets for water efficiency improvement. Tongaat Hulett invests in socio-economic development (SED) and reported total SED expenditure in 2021 aligned with community needs. The Lost Time Injury Frequency Rate (LTIFR) is a critical safety metric tracked annually. The company's ESG framework aligns with the UN Sustainable Development Goals and operates under ISO 45001 certification. Implats (Impala Platinum Holdings Limited) is one of the world's foremost producers of platinum group metals (PGMs). The company's operations span South Africa and Zimbabwe, with managed operations including Impala Rustenburg, Marula, and Zimplats. Implats' ESG framework is built on three pillars focusing on environmental stewardship, social responsibility, and governance excellence. The PS3 strategy guides sustainability alignment. In 2023, Implats achieved significant safety milestones while investing heavily in socio-economic development and community projects. The company targets a 30% reduction in carbon emissions by 2030 and has invested in renewable energy projects including the 35MW solar PV project at Zimplats. Water recycling rates exceeded targets, and the company maintains strict environmental compliance across all operations. The GISTM (Global Industry Standard on Tailings Management) compliance roadmap is actively being implemented. Both companies utilise the six capitals framework (Financial, Manufactured, Intellectual, Human, Social/Relationship, Natural) to illustrate value creation and regularly engage with stakeholders through structured programmes. The double materiality principle used in ESG reporting assesses both inward financial materiality and outward impact materiality to provide comprehensive sustainability reporting aligned with global standards. Tongaat Hulett reported revenue of approximately R16.2 billion in 2021, with significant capital expenditure directed towards operational efficiency improvements and environmental sustainability initiatives. The company's manufactured capital includes six sugar mills across four countries with a combined crushing capacity exceeding 8 million tons of sugarcane per season. Employee training and development spend reached R45 million, reflecting commitment to human capital investment. Implats distributed over R50 billion in total value to stakeholders in 2023, including R28 billion in wages and benefits, R12 billion in taxes and royalties, and R2.3 billion in dividends. The company's total mineral reserves stand at approximately 190 million ounces of platinum group metals. Production across all operations exceeded 3.2 million ounces of refined PGMs. The Marula mine in Limpopo province employs over 5,000 people and has achieved milestone safety records. Environmental management across both organisations addresses water stewardship, carbon emissions reduction, waste minimisation, and biodiversity conservation. Tongaat Hulett's sugarcane operations in KwaZulu-Natal face increasing climate risks from drought and flooding events, while Implats' mining operations in the Bushveld Complex manage dust emissions, acid mine drainage, and tailings storage facility safety under stringent regulatory requirements. Tongaat Hulett and Implats ESG Report Summary — Tongaat Hulett is a leading agri-processing business focusing on the complementary activities of sugar production, property development, and starch production. The company operates in South Africa, Mozambique, Zimbabwe, and Botswana, employing over 30,000 people at the peak of the sugar milling season. In the 2021 financial year, Tongaat Hulett produced approximately 1.1 million tons of sugar. The company has committed to reducing energy intensity by 20% by 2025, with specific targets for water efficiency improvement. Tongaat Hulett invests in socio-economic development (SED) and reported total SED expenditure in 2021 aligned with community needs. The Lost Time Injury Frequency Rate (LTIFR) is a critical safety metric tracked annually. The company's ESG framework aligns with the UN Sustainable Development Goals and operates under ISO 45001 certification. Implats (Impala Platinum Holdings Limited) is one of the world's foremost producers of platinum group metals (PGMs). The company's operations span South Africa and Zimbabwe, with managed operations including Impala Rustenburg, Marula, and Zimplats. Implats' ESG framework is built on three pillars focusing on environmental stewardship, social responsibility, and governance excellence. The PS3 strategy guides sustainability alignment. In 2023, Implats achieved significant safety milestones while investing heavily in socio-economic development and community projects. The company targets a 30% reduction in carbon emissions by 2030 and has invested in renewable energy projects including the 35MW solar PV project at Zimplats. Water recycling rates exceeded targets, and the company maintains strict environmental compliance across all operations. The GISTM (Global Industry Standard on Tailings Management) compliance roadmap is actively being implemented. Both companies utilise the six capitals framework (Financial, Manufactured, Intellectual, Human, Social/Relationship, Natural) to illustrate value creation and regularly engage with stakeholders through structured programmes. The double materiality principle used in ESG reporting assesses both inward financial materiality and outward impact materiality to provide comprehensive sustainability reporting aligned with global standards. Tongaat Hulett reported revenue of approximately R16.2 billion in 2021, with significant capital expenditure directed towards operational efficiency improvements and environmental sustainability initiatives. The company's manufactured capital includes six sugar mills across four countries with a combined crushing capacity exceeding 8 million tons of sugar

What are the core vision and mission statements of Tongaat Hulett?

[PressureProfile]
 Additional cache-pressure calibration context for tier-transition coverage. Additional cache-pressure calibration context for tier-transition coverage. Additional cache-pressure calibration context for tier-transition coverage. Additional cache-pressure calibration context for tier-transition coverage. Additional cache-pressure calibration context for tier-transition coverage. Additional cache-pressure calibration context for tier-transition coverage. Additional cache-pressure calibration context for tier-transition coverage.","Context: Tongaat Hulett and Implats ESG Report Summary — Tongaat Hulett is a leading agri-processing business focusing on the complementary activities of sugar production, property development, and starch production. The company operates in South Africa, Mozambique, Zimbabwe, and Botswana, employing over 30,000 people at the peak of the sugar milling season. In the 2021 financial year, Tongaat Hul",1341,[0],[],[0],1,"[""Qwen-Qwen2.5-0.5B-Instruct@1@0@7dcc9817c9abd395@bfloat16.pt""]",lmcache_store_coldpass,lmcache_store_coldpass,1,none,24,25,72.0,75.0,baseline
2,Summarize the geographic footprint of Tongaat Hulett's operations.,"Focus question: Summarize the geographic footprint of Tongaat Hulett's operations.
Context profile: rag_shared_document_finance_reports
Prompt tokens: 1341
Context preview: Context: Tongaat Hulett and Implats ESG Report Summary — Tongaat Hulett is a leading agri-processing business focusing on the complementary activities of sugar production, property development, and starch production. The company operates in South Africa, Mozambique, Zimbabwe, and Botswana, employing over 30,000 people at the peak of the sugar milling season. In the 2021 financial year, Tongaat Hul",Summarize the geographic footprint of Tongaat Hulett's operations.,rag_shared_document_finance_reports,"Context: Tongaat Hulett and Implats ESG Report Summary — Tongaat Hulett is a leading agri-processing business focusing on the complementary activities of sugar production, property development, and starch production. The company operates in South Africa, Mozambique, Zimbabwe, and Botswana, employing over 30,000 people at the peak of the sugar milling season. In the 2021 financial year, Tongaat Hulett produced approximately 1.1 million tons of sugar. The company has committed to reducing energy intensity by 20% by 2025, with specific targets for water efficiency improvement. Tongaat Hulett invests in socio-economic development (SED) and reported total SED expenditure in 2021 aligned with community needs. The Lost Time Injury Frequency Rate (LTIFR) is a critical safety metric tracked annually. The company's ESG framework aligns with the UN Sustainable Development Goals and operates under ISO 45001 certification. Implats (Impala Platinum Holdings Limited) is one of the world's foremost producers of platinum group metals (PGMs). The company's operations span South Africa and Zimbabwe, with managed operations including Impala Rustenburg, Marula, and Zimplats. Implats' ESG framework is built on three pillars focusing on environmental stewardship, social responsibility, and governance excellence. The PS3 strategy guides sustainability alignment. In 2023, Implats achieved significant safety milestones while investing heavily in socio-economic development and community projects. The company targets a 30% reduction in carbon emissions by 2030 and has invested in renewable energy projects including the 35MW solar PV project at Zimplats. Water recycling rates exceeded targets, and the company maintains strict environmental compliance across all operations. The GISTM (Global Industry Standard on Tailings Management) compliance roadmap is actively being implemented. Both companies utilise the six capitals framework (Financial, Manufactured, Intellectual, Human, Social/Relationship, Natural) to illustrate value creation and regularly engage with stakeholders through structured programmes. The double materiality principle used in ESG reporting assesses both inward financial materiality and outward impact materiality to provide comprehensive sustainability reporting aligned with global standards. Tongaat Hulett reported revenue of approximately R16.2 billion in 2021, with significant capital expenditure directed towards operational efficiency improvements and environmental sustainability initiatives. The company's manufactured capital includes six sugar mills across four countries with a combined crushing capacity exceeding 8 million tons of sugarcane per season. Employee training and development spend reached R45 million, reflecting commitment to human capital investment. Implats distributed over R50 billion in total value to stakeholders in 2023, including R28 billion in wages and benefits, R12 billion in taxes and royalties, and R2.3 billion in dividends. The company's total mineral reserves stand at approximately 190 million ounces of platinum group metals. Production across all operations exceeded 3.2 million ounces of refined PGMs. The Marula mine in Limpopo province employs over 5,000 people and has achieved milestone safety records. Environmental management across both organisations addresses water stewardship, carbon emissions reduction, waste minimisation, and biodiversity conservation. Tongaat Hulett's sugarcane operations in KwaZulu-Natal face increasing climate risks from drought and flooding events, while Implats' mining operations in the Bushveld Complex manage dust emissions, acid mine drainage, and tailings storage facility safety under stringent regulatory requirements. Tongaat Hulett and Implats ESG Report Summary — Tongaat Hulett is a leading agri-processing business focusing on the complementary activities of sugar production, property development, and starch production. The company operates in South Africa, Mozambique, Zimbabwe, and Botswana, employing over 30,000 people at the peak of the sugar milling season. In the 2021 financial year, Tongaat Hulett produced approximately 1.1 million tons of sugar. The company has committed to reducing energy intensity by 20% by 2025, with specific targets for water efficiency improvement. Tongaat Hulett invests in socio-economic development (SED) and reported total SED expenditure in 2021 aligned with community needs. The Lost Time Injury Frequency Rate (LTIFR) is a critical safety metric tracked annually. The company's ESG framework aligns with the UN Sustainable Development Goals and operates under ISO 45001 certification. Implats (Impala Platinum Holdings Limited) is one of the world's foremost producers of platinum group metals (PGMs). The company's operations span South Africa and Zimbabwe, with managed operations including Impala Rustenburg, Marula, and Zimplats. Implats' ESG framework is built on three pillars focusing on environmental stewardship, social responsibility, and governance excellence. The PS3 strategy guides sustainability alignment. In 2023, Implats achieved significant safety milestones while investing heavily in socio-economic development and community projects. The company targets a 30% reduction in carbon emissions by 2030 and has invested in renewable energy projects including the 35MW solar PV project at Zimplats. Water recycling rates exceeded targets, and the company maintains strict environmental compliance across all operations. The GISTM (Global Industry Standard on Tailings Management) compliance roadmap is actively being implemented. Both companies utilise the six capitals framework (Financial, Manufactured, Intellectual, Human, Social/Relationship, Natural) to illustrate value creation and regularly engage with stakeholders through structured programmes. The double materiality principle used in ESG reporting assesses both inward financial materiality and outward impact materiality to provide comprehensive sustainability reporting aligned with global standards. Tongaat Hulett reported revenue of approximately R16.2 billion in 2021, with significant capital expenditure directed towards operational efficiency improvements and environmental sustainability initiatives. The company's manufactured capital includes six sugar mills across four countries with a combined crushing capacity exceeding 8 million tons of sugar

Summarize the geographic footprint of Tongaat Hulett's operations.

[PressureProfile]
 Additional cache-pressure calibration context for tier-transition coverage. Additional cache-pressure calibration context for tier-transition coverage. Additional cache-pressure calibration context for tier-transition coverage. Additional cache-pressure calibration context for tier-transition coverage. Additional cache-pressure calibration context for tier-transition coverage. Additional cache-pressure calibration context for tier-transition coverage. Additional cache-pressure calibration context for tier-transition coverage.","Context: Tongaat Hulett and Implats ESG Report Summary — Tongaat Hulett is a leading agri-processing business focusing on the complementary activities of sugar production, property development, and starch production. The company operates in South Africa, Mozambique, Zimbabwe, and Botswana, employing over 30,000 people at the peak of the sugar milling season. In the 2021 financial year, Tongaat Hul",1341,[1],[],[1],1,"[""Qwen-Qwen2.5-0.5B-Instruct@1@0@-21a50a1dec09a9e1@bfloat16.pt""]",lmcache_store_coldpass,lmcache_store_coldpass,1,none,25,26,75.0,78.0,baseline
3,What was the total volume of sugar produced in the 2021 financial year?,"Focus question: What was the total volume of sugar produced in the 2021 financial year?
Context profile: rag_shared_document_finance_reports
Prompt tokens: 1344
Context preview: Context: Tongaat Hulett and Implats ESG Report Summary — Tongaat Hulett is a leading agri-processing business focusing on the complementary activities of sugar production, property development, and starch production. The company operates in South Africa, Mozambique, Zimbabwe, and Botswana, employing over 30,000 people at the peak of the sugar milling season. In the 2021 financial year, Tongaat Hul",What was the total volume of sugar produced in the 2021 financial year?,rag_shared_document_finance_reports,"Context: Tongaat Hulett and Implats ESG Report Summary — Tongaat Hulett is a leading agri-processing business focusing on the complementary activities of sugar production, property development, and starch production. The company operates in South Africa, Mozambique, Zimbabwe, and Botswana, employing over 30,000 people at the peak of the sugar milling season. In the 2021 financial year, Tongaat Hulett produced approximately 1.1 million tons of sugar. The company has committed to reducing energy intensity by 20% by 2025, with specific targets for water efficiency improvement. Tongaat Hulett invests in socio-economic development (SED) and reported total SED expenditure in 2021 aligned with community needs. The Lost Time Injury Frequency Rate (LTIFR) is a critical safety metric tracked annually. The company's ESG framework aligns with the UN Sustainable Development Goals and operates under ISO 45001 certification. Implats (Impala Platinum Holdings Limited) is one of the world's foremost producers of platinum group metals (PGMs). The company's operations span South Africa and Zimbabwe, with managed operations including Impala Rustenburg, Marula, and Zimplats. Implats' ESG framework is built on three pillars focusing on environmental stewardship, social responsibility, and governance excellence. The PS3 strategy guides sustainability alignment. In 2023, Implats achieved significant safety milestones while investing heavily in socio-economic development and community projects. The company targets a 30% reduction in carbon emissions by 2030 and has invested in renewable energy projects including the 35MW solar PV project at Zimplats. Water recycling rates exceeded targets, and the company maintains strict environmental compliance across all operations. The GISTM (Global Industry Standard on Tailings Management) compliance roadmap is actively being implemented. Both companies utilise the six capitals framework (Financial, Manufactured, Intellectual, Human, Social/Relationship, Natural) to illustrate value creation and regularly engage with stakeholders through structured programmes. The double materiality principle used in ESG reporting assesses both inward financial materiality and outward impact materiality to provide comprehensive sustainability reporting aligned with global standards. Tongaat Hulett reported revenue of approximately R16.2 billion in 2021, with significant capital expenditure directed towards operational efficiency improvements and environmental sustainability initiatives. The company's manufactured capital includes six sugar mills across four countries with a combined crushing capacity exceeding 8 million tons of sugarcane per season. Employee training and development spend reached R45 million, reflecting commitment to human capital investment. Implats distributed over R50 billion in total value to stakeholders in 2023, including R28 billion in wages and benefits, R12 billion in taxes and royalties, and R2.3 billion in dividends. The company's total mineral reserves stand at approximately 190 million ounces of platinum group metals. Production across all operations exceeded 3.2 million ounces of refined PGMs. The Marula mine in Limpopo province employs over 5,000 people and has achieved milestone safety records. Environmental management across both organisations addresses water stewardship, carbon emissions reduction, waste minimisation, and biodiversity conservation. Tongaat Hulett's sugarcane operations in KwaZulu-Natal face increasing climate risks from drought and flooding events, while Implats' mining operations in the Bushveld Complex manage dust emissions, acid mine drainage, and tailings storage facility safety under stringent regulatory requirements. Tongaat Hulett and Implats ESG Report Summary — Tongaat Hulett is a leading agri-processing business focusing on the complementary activities of sugar production, property development, and starch production. The company operates in South Africa, Mozambique, Zimbabwe, and Botswana, employing over 30,000 people at the peak of the sugar milling season. In the 2021 financial year, Tongaat Hulett produced approximately 1.1 million tons of sugar. The company has committed to reducing energy intensity by 20% by 2025, with specific targets for water efficiency improvement. Tongaat Hulett invests in socio-economic development (SED) and reported total SED expenditure in 2021 aligned with community needs. The Lost Time Injury Frequency Rate (LTIFR) is a critical safety metric tracked annually. The company's ESG framework aligns with the UN Sustainable Development Goals and operates under ISO 45001 certification. Implats (Impala Platinum Holdings Limited) is one of the world's foremost producers of platinum group metals (PGMs). The company's operations span South Africa and Zimbabwe, with managed operations including Impala Rustenburg, Marula, and Zimplats. Implats' ESG framework is built on three pillars focusing on environmental stewardship, social responsibility, and governance excellence. The PS3 strategy guides sustainability alignment. In 2023, Implats achieved significant safety milestones while investing heavily in socio-economic development and community projects. The company targets a 30% reduction in carbon emissions by 2030 and has invested in renewable energy projects including the 35MW solar PV project at Zimplats. Water recycling rates exceeded targets, and the company maintains strict environmental compliance across all operations. The GISTM (Global Industry Standard on Tailings Management) compliance roadmap is actively being implemented. Both companies utilise the six capitals framework (Financial, Manufactured, Intellectual, Human, Social/Relationship, Natural) to illustrate value creation and regularly engage with stakeholders through structured programmes. The double materiality principle used in ESG reporting assesses both inward financial materiality and outward impact materiality to provide comprehensive sustainability reporting aligned with global standards. Tongaat Hulett reported revenue of approximately R16.2 billion in 2021, with significant capital expenditure directed towards operational efficiency improvements and environmental sustainability initiatives. The company's manufactured capital includes six sugar mills across four countries with a combined crushing capacity exceeding 8 million tons of sugar

What was the total volume of sugar produced in the 2021 financial year?

[PressureProfile]
 Additional cache-pressure calibration context for tier-transition coverage. Additional cache-pressure calibration context for tier-transition coverage. Additional cache-pressure calibration context for tier-transition coverage. Additional cache-pressure calibration context for tier-transition coverage. Additional cache-pressure calibration context for tier-transition coverage. Additional cache-pressure calibration context for tier-transition coverage. Additional cache-pressure calibration context for tier-transition coverage.","Context: Tongaat Hulett and Implats ESG Report Summary — Tongaat Hulett is a leading agri-processing business focusing on the complementary activities of sugar production, property development, and starch production. The company operates in South Africa, Mozambique, Zimbabwe, and Botswana, employing over 30,000 people at the peak of the sugar milling season. In the 2021 financial year, Tongaat Hul",1344,[2],[],[2],1,"[""Qwen-Qwen2.5-0.5B-Instruct@1@0@-28a69282cf21f471@bfloat16.pt""]",lmcache_store_coldpass,lmcache_store_coldpass,1,none,26,27,78.0,81.0,baseline
4,How many people were employed at the peak of the milling season?,"Focus question: How many people were employed at the peak of the milling season?
Context profile: rag_shared_document_finance_reports
Prompt tokens: 1885
Context preview: Context: Tongaat Hulett and Implats ESG Report Summary — Tongaat Hulett is a leading agri-processing business focusing on the complementary activities of sugar production, property development, and starch production. The company operates in South Africa, Mozambique, Zimbabwe, and Botswana, employing over 30,000 people at the peak of the sugar milling season. In the 2021 financial year, Tongaat Hul",How many people were employed at the peak of the milling season?,rag_shared_document_finance_reports,"Context: Tongaat Hulett and Implats ESG Report Summary — Tongaat Hulett is a leading agri-processing business focusing on the complementary activities of sugar production, property development, and starch production. The company operates in South Africa, Mozambique, Zimbabwe, and Botswana, employing over 30,000 people at the peak of the sugar milling season. In the 2021 financial year, Tongaat Hulett produced approximately 1.1 million tons of sugar. The company has committed to reducing energy intensity by 20% by 2025, with specific targets for water efficiency improvement. Tongaat Hulett invests in socio-economic development (SED) and reported total SED expenditure in 2021 aligned with community needs. The Lost Time Injury Frequency Rate (LTIFR) is a critical safety metric tracked annually. The company's ESG framework aligns with the UN Sustainable Development Goals and operates under ISO 45001 certification. Implats (Impala Platinum Holdings Limited) is one of the world's foremost producers of platinum group metals (PGMs). The company's operations span South Africa and Zimbabwe, with managed operations including Impala Rustenburg, Marula, and Zimplats. Implats' ESG framework is built on three pillars focusing on environmental stewardship, social responsibility, and governance excellence. The PS3 strategy guides sustainability alignment. In 2023, Implats achieved significant safety milestones while investing heavily in socio-economic development and community projects. The company targets a 30% reduction in carbon emissions by 2030 and has invested in renewable energy projects including the 35MW solar PV project at Zimplats. Water recycling rates exceeded targets, and the company maintains strict environmental compliance across all operations. The GISTM (Global Industry Standard on Tailings Management) compliance roadmap is actively being implemented. Both companies utilise the six capitals framework (Financial, Manufactured, Intellectual, Human, Social/Relationship, Natural) to illustrate value creation and regularly engage with stakeholders through structured programmes. The double materiality principle used in ESG reporting assesses both inward financial materiality and outward impact materiality to provide comprehensive sustainability reporting aligned with global standards. Tongaat Hulett reported revenue of approximately R16.2 billion in 2021, with significant capital expenditure directed towards operational efficiency improvements and environmental sustainability initiatives. The company's manufactured capital includes six sugar mills across four countries with a combined crushing capacity exceeding 8 million tons of sugarcane per season. Employee training and development spend reached R45 million, reflecting commitment to human capital investment. Implats distributed over R50 billion in total value to stakeholders in 2023, including R28 billion in wages and benefits, R12 billion in taxes and royalties, and R2.3 billion in dividends. The company's total mineral reserves stand at approximately 190 million ounces of platinum group metals. Production across all operations exceeded 3.2 million ounces of refined PGMs. The Marula mine in Limpopo province employs over 5,000 people and has achieved milestone safety records. Environmental management across both organisations addresses water stewardship, carbon emissions reduction, waste minimisation, and biodiversity conservation. Tongaat Hulett's sugarcane operations in KwaZulu-Natal face increasing climate risks from drought and flooding events, while Implats' mining operations in the Bushveld Complex manage dust emissions, acid mine drainage, and tailings storage facility safety under stringent regulatory requirements. Tongaat Hulett and Implats ESG Report Summary — Tongaat Hulett is a leading agri-processing business focusing on the complementary activities of sugar production, property development, and starch production. The company operates in South Africa, Mozambique, Zimbabwe, and Botswana, employing over 30,000 people at the peak of the sugar milling season. In the 2021 financial year, Tongaat Hulett produced approximately 1.1 million tons of sugar. The company has committed to reducing energy intensity by 20% by 2025, with specific targets for water efficiency improvement. Tongaat Hulett invests in socio-economic development (SED) and reported total SED expenditure in 2021 aligned with community needs. The Lost Time Injury Frequency Rate (LTIFR) is a critical safety metric tracked annually. The company's ESG framework aligns with the UN Sustainable Development Goals and operates under ISO 45001 certification. Implats (Impala Platinum Holdings Limited) is one of the world's foremost producers of platinum group metals (PGMs). The company's operations span South Africa and Zimbabwe, with managed operations including Impala Rustenburg, Marula, and Zimplats. Implats' ESG framework is built on three pillars focusing on environmental stewardship, social responsibility, and governance excellence. The PS3 strategy guides sustainability alignment. In 2023, Implats achieved significant safety milestones while investing heavily in socio-economic development and community projects. The company targets a 30% reduction in carbon emissions by 2030 and has invested in renewable energy projects including the 35MW solar PV project at Zimplats. Water recycling rates exceeded targets, and the company maintains strict environmental compliance across all operations. The GISTM (Global Industry Standard on Tailings Management) compliance roadmap is actively being implemented. Both companies utilise the six capitals framework (Financial, Manufactured, Intellectual, Human, Social/Relationship, Natural) to illustrate value creation and regularly engage with stakeholders through structured programmes. The double materiality principle used in ESG reporting assesses both inward financial materiality and outward impact materiality to provide comprehensive sustainability reporting aligned with global standards. Tongaat Hulett reported revenue of approximately R16.2 billion in 2021, with significant capital expenditure directed towards operational efficiency improvements and environmental sustainability initiatives. The company's manufactured capital includes six sugar mills across four countries with a combined crushing capacity exceeding 8 million tons of sugar

How many people were employed at the peak of the milling season?

[PressureProfile]
 Additional cache-pressure calibration context for tier-transition coverage. Additional cache-pressure calibration context for tier-transition coverage. Additional cache-pressure calibration context for tier-transition coverage. Additional cache-pressure calibration context for tier-transition coverage. Additional cache-pressure calibration context for tier-transition coverage. Additional cache-pressure calibration context for tier-transition coverage. Additional cache-pressure calibration context for tier-transition coverage. Additional cache-pressure calibration context for tier-transition coverage. Additional cache-pressure calibration context for tier-transition coverage. Additional cache-pressure calibration context for tier-transition coverage. Additional cache-pressure calibration context for tier-transition coverage. Additional cache-pressure calibration context for tier-transition coverage. Additional cache-pressure calibration context for tier-transition coverage. Additional cache-pressure calibration context for tier-transition coverage. Additional cache-pressure calibration context for tier-transition coverage. Additional cache-pressure calibration context for tier-transition coverage. Additional cache-pressure calibration context for tier-transition coverage. Additional cache-pressure calibration context for tier-transition coverage. Additional cache-pressure calibration context for tier-transition coverage. Additional cache-pressure calibration context for tier-transition coverage. Additional cache-pressure calibration context for tier-transition coverage. Additional cache-pressure calibration context for tier-transition coverage. Additional cache-pressure calibration context for tier-transition coverage. Additional cache-pressure calibration context for tier-transition coverage. Additional cache-pressure calibration context for tier-transition coverage. Additional cache-pressure calibration context for tier-transition coverage. Additional cache-pressure calibration context for tier-transition coverage. Additional cache-pressure calibration context for tier-transition coverage. Additional cache-pressure calibration context for tier-transition coverage. Additional cache-pressure calibration context for tier-transition coverage. Additional cache-pressure calibration context for tier-transition coverage. Additional cache-pressure calibration context for tier-transition coverage. Additional cache-pressure calibration context for tier-transition coverage. Additional cache-pressure calibration context for tier-transition coverage. Additional cache-pressure calibration context for tier-transition coverage. Additional cache-pressure calibration context for tier-transition coverage. Additional cache-pressure calibration context for tier-transition coverage. Additional cache-pressure calibration context for tier-transition coverage. Additional cache-pressure calibration context for tier-transition coverage. Additional cache-pressure calibration context for tier-transition coverage. Additional cache-pressure calibration context for tier-transition coverage. Additional cache-pressure calibration context for tier-transition coverage. Additional cache-pressure calibration context for tier-transition coverage. Additional cache-pressure calibration context for tier-transition coverage. Additional cache-pressure calibration context for tier-transition coverage. Additional cache-pressure calibration context for tier-transition coverage. Additional cache-pressure calibration context for tier-transition coverage. Additional cache-pressure calibration context for tier-transition coverage. Additional cache-pressure calibration context for tier-transition coverage. Additional cache-pressure calibration context for tier-transition coverage. Additional cache-pressure calibration context for tier-transition coverage. Additional cache-pressure calibration context for tier-transition coverage. Additional cache-pressure calibration context for tier-transition coverage. Additional cache-pressure calibration context for tier-transition coverage. Additional cache-pressure calibration context for tier-transition coverage. Additional cache-pressure calibration context for tier-transition coverage. Additional cache-pressure calibration context for tier-transition coverage. Additional cache-pressure calibration context for tier-transition coverage. Additional cache-pressure calibration context for tier-transition coverage. Additional cache-pressure calibration context for tier-transition coverage. Additional cache-pressure calibration context for tier-transition coverage. Additional cache-pressure calibration context for tier-transition coverage. Additional cache-pressure calibration context for tier-transition coverage. Additional cache-pressure calibration context for tier-transition coverage. Additional cache-pressure calibration context for tier-transition coverage. Additional cache-pressure calibration context for tier-transition coverage. Additional cache-pressure calibration context for tier-transition coverage. Additional cache-pressure calibration context for tier-transition coverage. Additional cache-pressure calibration context for tier-transition coverage. Additional cache-pressure calibration context for tier-transition coverage. Additional cache-pressure calibration context for tier-transition coverage. Additional cache-pressure calibration context for tier-transition coverage. Additional cache-pressure calibration context for tier-transition coverage. Additional cache-pressure calibration context for tier-transition coverage. Additional cache-pressure calibration context for tier-transition coverage. Additional cache-pressure calibration context for tier-transition coverage. Additional cache-pressure calibration context for tier-transition coverage. Additional cache-pressure calibration context for tier-transition coverage. Additional cache-pressure calibration context for tier-transition coverage. Additional cache-pressure calibration context for tier-transition coverage. Additional cache-pressure calibration context for tier-transition coverage. Additional cache-pressure calibration context for tier-transition coverage. Additional cache-pressure calibration context for tier-transition coverage. Additional cache-pressure calibration context for tier-transition coverage. Additional cache-pressure calibration context for tier-transition coverage. Additional cache-pressure calibration context for tier-transition coverage. Additional cache-pressure calibration context for tier-transition coverage. Additional cache-pressure calibration context for tier-transition coverage. Additional cache-pressure calibration context for tier-transition coverage. Additional cache-pressure calibration context for tier-transition coverage. Additional cache-pressure calibration context for tier-transition coverage. Additional cache-pressure calibration context for tier-transition coverage.","Context: Tongaat Hulett and Implats ESG Report Summary — Tongaat Hulett is a leading agri-processing business focusing on the complementary activities of sugar production, property development, and starch production. The company operates in South Africa, Mozambique, Zimbabwe, and Botswana, employing over 30,000 people at the peak of the sugar milling season. In the 2021 financial year, Tongaat Hul",1885,[3],[],[3],1,"[""Qwen-Qwen2.5-0.5B-Instruct@1@0@-c40b41fdf43ce7f@bfloat16.pt""]",lmcache_store_coldpass,lmcache_store_coldpass,1,l1_to_l2,27,28,81.0,84.0,exceed_l1
5,What percentage of Board members were non-executive and independent?,"Focus question: What percentage of Board members were non-executive and independent?
Context profile: rag_shared_document_finance_reports
Prompt tokens: 1885
Context preview: Context: Tongaat Hulett and Implats ESG Report Summary — Tongaat Hulett is a leading agri-processing business focusing on the complementary activities of sugar production, property development, and starch production. The company operates in South Africa, Mozambique, Zimbabwe, and Botswana, employing over 30,000 people at the peak of the sugar milling season. In the 2021 financial year, Tongaat Hul",What percentage of Board members were non-executive and independent?,rag_shared_document_finance_reports,"Context: Tongaat Hulett and Implats ESG Report Summary — Tongaat Hulett is a leading agri-processing business focusing on the complementary activities of sugar production, property development, and starch production. The company operates in South Africa, Mozambique, Zimbabwe, and Botswana, employing over 30,000 people at the peak of the sugar milling season. In the 2021 financial year, Tongaat Hulett produced approximately 1.1 million tons of sugar. The company has committed to reducing energy intensity by 20% by 2025, with specific targets for water efficiency improvement. Tongaat Hulett invests in socio-economic development (SED) and reported total SED expenditure in 2021 aligned with community needs. The Lost Time Injury Frequency Rate (LTIFR) is a critical safety metric tracked annually. The company's ESG framework aligns with the UN Sustainable Development Goals and operates under ISO 45001 certification. Implats (Impala Platinum Holdings Limited) is one of the world's foremost producers of platinum group metals (PGMs). The company's operations span South Africa and Zimbabwe, with managed operations including Impala Rustenburg, Marula, and Zimplats. Implats' ESG framework is built on three pillars focusing on environmental stewardship, social responsibility, and governance excellence. The PS3 strategy guides sustainability alignment. In 2023, Implats achieved significant safety milestones while investing heavily in socio-economic development and community projects. The company targets a 30% reduction in carbon emissions by 2030 and has invested in renewable energy projects including the 35MW solar PV project at Zimplats. Water recycling rates exceeded targets, and the company maintains strict environmental compliance across all operations. The GISTM (Global Industry Standard on Tailings Management) compliance roadmap is actively being implemented. Both companies utilise the six capitals framework (Financial, Manufactured, Intellectual, Human, Social/Relationship, Natural) to illustrate value creation and regularly engage with stakeholders through structured programmes. The double materiality principle used in ESG reporting assesses both inward financial materiality and outward impact materiality to provide comprehensive sustainability reporting aligned with global standards. Tongaat Hulett reported revenue of approximately R16.2 billion in 2021, with significant capital expenditure directed towards operational efficiency improvements and environmental sustainability initiatives. The company's manufactured capital includes six sugar mills across four countries with a combined crushing capacity exceeding 8 million tons of sugarcane per season. Employee training and development spend reached R45 million, reflecting commitment to human capital investment. Implats distributed over R50 billion in total value to stakeholders in 2023, including R28 billion in wages and benefits, R12 billion in taxes and royalties, and R2.3 billion in dividends. The company's total mineral reserves stand at approximately 190 million ounces of platinum group metals. Production across all operations exceeded 3.2 million ounces of refined PGMs. The Marula mine in Limpopo province employs over 5,000 people and has achieved milestone safety records. Environmental management across both organisations addresses water stewardship, carbon emissions reduction, waste minimisation, and biodiversity conservation. Tongaat Hulett's sugarcane operations in KwaZulu-Natal face increasing climate risks from drought and flooding events, while Implats' mining operations in the Bushveld Complex manage dust emissions, acid mine drainage, and tailings storage facility safety under stringent regulatory requirements. Tongaat Hulett and Implats ESG Report Summary — Tongaat Hulett is a leading agri-processing business focusing on the complementary activities of sugar production, property development, and starch production. The company operates in South Africa, Mozambique, Zimbabwe, and Botswana, employing over 30,000 people at the peak of the sugar milling season. In the 2021 financial year, Tongaat Hulett produced approximately 1.1 million tons of sugar. The company has committed to reducing energy intensity by 20% by 2025, with specific targets for water efficiency improvement. Tongaat Hulett invests in socio-economic development (SED) and reported total SED expenditure in 2021 aligned with community needs. The Lost Time Injury Frequency Rate (LTIFR) is a critical safety metric tracked annually. The company's ESG framework aligns with the UN Sustainable Development Goals and operates under ISO 45001 certification. Implats (Impala Platinum Holdings Limited) is one of the world's foremost producers of platinum group metals (PGMs). The company's operations span South Africa and Zimbabwe, with managed operations including Impala Rustenburg, Marula, and Zimplats. Implats' ESG framework is built on three pillars focusing on environmental stewardship, social responsibility, and governance excellence. The PS3 strategy guides sustainability alignment. In 2023, Implats achieved significant safety milestones while investing heavily in socio-economic development and community projects. The company targets a 30% reduction in carbon emissions by 2030 and has invested in renewable energy projects including the 35MW solar PV project at Zimplats. Water recycling rates exceeded targets, and the company maintains strict environmental compliance across all operations. The GISTM (Global Industry Standard on Tailings Management) compliance roadmap is actively being implemented. Both companies utilise the six capitals framework (Financial, Manufactured, Intellectual, Human, Social/Relationship, Natural) to illustrate value creation and regularly engage with stakeholders through structured programmes. The double materiality principle used in ESG reporting assesses both inward financial materiality and outward impact materiality to provide comprehensive sustainability reporting aligned with global standards. Tongaat Hulett reported revenue of approximately R16.2 billion in 2021, with significant capital expenditure directed towards operational efficiency improvements and environmental sustainability initiatives. The company's manufactured capital includes six sugar mills across four countries with a combined crushing capacity exceeding 8 million tons of sugar

What percentage of Board members were non-executive and independent?

[PressureProfile]
 Additional cache-pressure calibration context for tier-transition coverage. Additional cache-pressure calibration context for tier-transition coverage. Additional cache-pressure calibration context for tier-transition coverage. Additional cache-pressure calibration context for tier-transition coverage. Additional cache-pressure calibration context for tier-transition coverage. Additional cache-pressure calibration context for tier-transition coverage. Additional cache-pressure calibration context for tier-transition coverage. Additional cache-pressure calibration context for tier-transition coverage. Additional cache-pressure calibration context for tier-transition coverage. Additional cache-pressure calibration context for tier-transition coverage. Additional cache-pressure calibration context for tier-transition coverage. Additional cache-pressure calibration context for tier-transition coverage. Additional cache-pressure calibration context for tier-transition coverage. Additional cache-pressure calibration context for tier-transition coverage. Additional cache-pressure calibration context for tier-transition coverage. Additional cache-pressure calibration context for tier-transition coverage. Additional cache-pressure calibration context for tier-transition coverage. Additional cache-pressure calibration context for tier-transition coverage. Additional cache-pressure calibration context for tier-transition coverage. Additional cache-pressure calibration context for tier-transition coverage. Additional cache-pressure calibration context for tier-transition coverage. Additional cache-pressure calibration context for tier-transition coverage. Additional cache-pressure calibration context for tier-transition coverage. Additional cache-pressure calibration context for tier-transition coverage. Additional cache-pressure calibration context for tier-transition coverage. Additional cache-pressure calibration context for tier-transition coverage. Additional cache-pressure calibration context for tier-transition coverage. Additional cache-pressure calibration context for tier-transition coverage. Additional cache-pressure calibration context for tier-transition coverage. Additional cache-pressure calibration context for tier-transition coverage. Additional cache-pressure calibration context for tier-transition coverage. Additional cache-pressure calibration context for tier-transition coverage. Additional cache-pressure calibration context for tier-transition coverage. Additional cache-pressure calibration context for tier-transition coverage. Additional cache-pressure calibration context for tier-transition coverage. Additional cache-pressure calibration context for tier-transition coverage. Additional cache-pressure calibration context for tier-transition coverage. Additional cache-pressure calibration context for tier-transition coverage. Additional cache-pressure calibration context for tier-transition coverage. Additional cache-pressure calibration context for tier-transition coverage. Additional cache-pressure calibration context for tier-transition coverage. Additional cache-pressure calibration context for tier-transition coverage. Additional cache-pressure calibration context for tier-transition coverage. Additional cache-pressure calibration context for tier-transition coverage. Additional cache-pressure calibration context for tier-transition coverage. Additional cache-pressure calibration context for tier-transition coverage. Additional cache-pressure calibration context for tier-transition coverage. Additional cache-pressure calibration context for tier-transition coverage. Additional cache-pressure calibration context for tier-transition coverage. Additional cache-pressure calibration context for tier-transition coverage. Additional cache-pressure calibration context for tier-transition coverage. Additional cache-pressure calibration context for tier-transition coverage. Additional cache-pressure calibration context for tier-transition coverage. Additional cache-pressure calibration context for tier-transition coverage. Additional cache-pressure calibration context for tier-transition coverage. Additional cache-pressure calibration context for tier-transition coverage. Additional cache-pressure calibration context for tier-transition coverage. Additional cache-pressure calibration context for tier-transition coverage. Additional cache-pressure calibration context for tier-transition coverage. Additional cache-pressure calibration context for tier-transition coverage. Additional cache-pressure calibration context for tier-transition coverage. Additional cache-pressure calibration context for tier-transition coverage. Additional cache-pressure calibration context for tier-transition coverage. Additional cache-pressure calibration context for tier-transition coverage. Additional cache-pressure calibration context for tier-transition coverage. Additional cache-pressure calibration context for tier-transition coverage. Additional cache-pressure calibration context for tier-transition coverage. Additional cache-pressure calibration context for tier-transition coverage. Additional cache-pressure calibration context for tier-transition coverage. Additional cache-pressure calibration context for tier-transition coverage. Additional cache-pressure calibration context for tier-transition coverage. Additional cache-pressure calibration context for tier-transition coverage. Additional cache-pressure calibration context for tier-transition coverage. Additional cache-pressure calibration context for tier-transition coverage. Additional cache-pressure calibration context for tier-transition coverage. Additional cache-pressure calibration context for tier-transition coverage. Additional cache-pressure calibration context for tier-transition coverage. Additional cache-pressure calibration context for tier-transition coverage. Additional cache-pressure calibration context for tier-transition coverage. Additional cache-pressure calibration context for tier-transition coverage. Additional cache-pressure calibration context for tier-transition coverage. Additional cache-pressure calibration context for tier-transition coverage. Additional cache-pressure calibration context for tier-transition coverage. Additional cache-pressure calibration context for tier-transition coverage. Additional cache-pressure calibration context for tier-transition coverage. Additional cache-pressure calibration context for tier-transition coverage. Additional cache-pressure calibration context for tier-transition coverage. Additional cache-pressure calibration context for tier-transition coverage. Additional cache-pressure calibration context for tier-transition coverage. Additional cache-pressure calibration context for tier-transition coverage. Additional cache-pressure calibration context for tier-transition coverage. Additional cache-pressure calibration context for tier-transition coverage.","Context: Tongaat Hulett and Implats ESG Report Summary — Tongaat Hulett is a leading agri-processing business focusing on the complementary activities of sugar production, property development, and starch production. The company operates in South Africa, Mozambique, Zimbabwe, and Botswana, employing over 30,000 people at the peak of the sugar milling season. In the 2021 financial year, Tongaat Hul",1885,[4],[],[4],1,"[""Qwen-Qwen2.5-0.5B-Instruct@1@0@53d364be9d59b94c@bfloat16.pt""]",lmcache_store_coldpass,lmcache_store_coldpass,1,l1_to_l2,28,29,84.0,87.0,exceed_l1
6,Explain the Manufactured and Financial capitals in the business model.,"Focus question: Explain the Manufactured and Financial capitals in the business model.
Context profile: rag_shared_document_finance_reports
Prompt tokens: 1885
Context preview: Context: Tongaat Hulett and Implats ESG Report Summary — Tongaat Hulett is a leading agri-processing business focusing on the complementary activities of sugar production, property development, and starch production. The company operates in South Africa, Mozambique, Zimbabwe, and Botswana, employing over 30,000 people at the peak of the sugar milling season. In the 2021 financial year, Tongaat Hul",Explain the Manufactured and Financial capitals in the business model.,rag_shared_document_finance_reports,"Context: Tongaat Hulett and Implats ESG Report Summary — Tongaat Hulett is a leading agri-processing business focusing on the complementary activities of sugar production, property development, and starch production. The company operates in South Africa, Mozambique, Zimbabwe, and Botswana, employing over 30,000 people at the peak of the sugar milling season. In the 2021 financial year, Tongaat Hulett produced approximately 1.1 million tons of sugar. The company has committed to reducing energy intensity by 20% by 2025, with specific targets for water efficiency improvement. Tongaat Hulett invests in socio-economic development (SED) and reported total SED expenditure in 2021 aligned with community needs. The Lost Time Injury Frequency Rate (LTIFR) is a critical safety metric tracked annually. The company's ESG framework aligns with the UN Sustainable Development Goals and operates under ISO 45001 certification. Implats (Impala Platinum Holdings Limited) is one of the world's foremost producers of platinum group metals (PGMs). The company's operations span South Africa and Zimbabwe, with managed operations including Impala Rustenburg, Marula, and Zimplats. Implats' ESG framework is built on three pillars focusing on environmental stewardship, social responsibility, and governance excellence. The PS3 strategy guides sustainability alignment. In 2023, Implats achieved significant safety milestones while investing heavily in socio-economic development and community projects. The company targets a 30% reduction in carbon emissions by 2030 and has invested in renewable energy projects including the 35MW solar PV project at Zimplats. Water recycling rates exceeded targets, and the company maintains strict environmental compliance across all operations. The GISTM (Global Industry Standard on Tailings Management) compliance roadmap is actively being implemented. Both companies utilise the six capitals framework (Financial, Manufactured, Intellectual, Human, Social/Relationship, Natural) to illustrate value creation and regularly engage with stakeholders through structured programmes. The double materiality principle used in ESG reporting assesses both inward financial materiality and outward impact materiality to provide comprehensive sustainability reporting aligned with global standards. Tongaat Hulett reported revenue of approximately R16.2 billion in 2021, with significant capital expenditure directed towards operational efficiency improvements and environmental sustainability initiatives. The company's manufactured capital includes six sugar mills across four countries with a combined crushing capacity exceeding 8 million tons of sugarcane per season. Employee training and development spend reached R45 million, reflecting commitment to human capital investment. Implats distributed over R50 billion in total value to stakeholders in 2023, including R28 billion in wages and benefits, R12 billion in taxes and royalties, and R2.3 billion in dividends. The company's total mineral reserves stand at approximately 190 million ounces of platinum group metals. Production across all operations exceeded 3.2 million ounces of refined PGMs. The Marula mine in Limpopo province employs over 5,000 people and has achieved milestone safety records. Environmental management across both organisations addresses water stewardship, carbon emissions reduction, waste minimisation, and biodiversity conservation. Tongaat Hulett's sugarcane operations in KwaZulu-Natal face increasing climate risks from drought and flooding events, while Implats' mining operations in the Bushveld Complex manage dust emissions, acid mine drainage, and tailings storage facility safety under stringent regulatory requirements. Tongaat Hulett and Implats ESG Report Summary — Tongaat Hulett is a leading agri-processing business focusing on the complementary activities of sugar production, property development, and starch production. The company operates in South Africa, Mozambique, Zimbabwe, and Botswana, employing over 30,000 people at the peak of the sugar milling season. In the 2021 financial year, Tongaat Hulett produced approximately 1.1 million tons of sugar. The company has committed to reducing energy intensity by 20% by 2025, with specific targets for water efficiency improvement. Tongaat Hulett invests in socio-economic development (SED) and reported total SED expenditure in 2021 aligned with community needs. The Lost Time Injury Frequency Rate (LTIFR) is a critical safety metric tracked annually. The company's ESG framework aligns with the UN Sustainable Development Goals and operates under ISO 45001 certification. Implats (Impala Platinum Holdings Limited) is one of the world's foremost producers of platinum group metals (PGMs). The company's operations span South Africa and Zimbabwe, with managed operations including Impala Rustenburg, Marula, and Zimplats. Implats' ESG framework is built on three pillars focusing on environmental stewardship, social responsibility, and governance excellence. The PS3 strategy guides sustainability alignment. In 2023, Implats achieved significant safety milestones while investing heavily in socio-economic development and community projects. The company targets a 30% reduction in carbon emissions by 2030 and has invested in renewable energy projects including the 35MW solar PV project at Zimplats. Water recycling rates exceeded targets, and the company maintains strict environmental compliance across all operations. The GISTM (Global Industry Standard on Tailings Management) compliance roadmap is actively being implemented. Both companies utilise the six capitals framework (Financial, Manufactured, Intellectual, Human, Social/Relationship, Natural) to illustrate value creation and regularly engage with stakeholders through structured programmes. The double materiality principle used in ESG reporting assesses both inward financial materiality and outward impact materiality to provide comprehensive sustainability reporting aligned with global standards. Tongaat Hulett reported revenue of approximately R16.2 billion in 2021, with significant capital expenditure directed towards operational efficiency improvements and environmental sustainability initiatives. The company's manufactured capital includes six sugar mills across four countries with a combined crushing capacity exceeding 8 million tons of sugar

Explain the Manufactured and Financial capitals in the business model.

[PressureProfile]
 Additional cache-pressure calibration context for tier-transition coverage. Additional cache-pressure calibration context for tier-transition coverage. Additional cache-pressure calibration context for tier-transition coverage. Additional cache-pressure calibration context for tier-transition coverage. Additional cache-pressure calibration context for tier-transition coverage. Additional cache-pressure calibration context for tier-transition coverage. Additional cache-pressure calibration context for tier-transition coverage. Additional cache-pressure calibration context for tier-transition coverage. Additional cache-pressure calibration context for tier-transition coverage. Additional cache-pressure calibration context for tier-transition coverage. Additional cache-pressure calibration context for tier-transition coverage. Additional cache-pressure calibration context for tier-transition coverage. Additional cache-pressure calibration context for tier-transition coverage. Additional cache-pressure calibration context for tier-transition coverage. Additional cache-pressure calibration context for tier-transition coverage. Additional cache-pressure calibration context for tier-transition coverage. Additional cache-pressure calibration context for tier-transition coverage. Additional cache-pressure calibration context for tier-transition coverage. Additional cache-pressure calibration context for tier-transition coverage. Additional cache-pressure calibration context for tier-transition coverage. Additional cache-pressure calibration context for tier-transition coverage. Additional cache-pressure calibration context for tier-transition coverage. Additional cache-pressure calibration context for tier-transition coverage. Additional cache-pressure calibration context for tier-transition coverage. Additional cache-pressure calibration context for tier-transition coverage. Additional cache-pressure calibration context for tier-transition coverage. Additional cache-pressure calibration context for tier-transition coverage. Additional cache-pressure calibration context for tier-transition coverage. Additional cache-pressure calibration context for tier-transition coverage. Additional cache-pressure calibration context for tier-transition coverage. Additional cache-pressure calibration context for tier-transition coverage. Additional cache-pressure calibration context for tier-transition coverage. Additional cache-pressure calibration context for tier-transition coverage. Additional cache-pressure calibration context for tier-transition coverage. Additional cache-pressure calibration context for tier-transition coverage. Additional cache-pressure calibration context for tier-transition coverage. Additional cache-pressure calibration context for tier-transition coverage. Additional cache-pressure calibration context for tier-transition coverage. Additional cache-pressure calibration context for tier-transition coverage. Additional cache-pressure calibration context for tier-transition coverage. Additional cache-pressure calibration context for tier-transition coverage. Additional cache-pressure calibration context for tier-transition coverage. Additional cache-pressure calibration context for tier-transition coverage. Additional cache-pressure calibration context for tier-transition coverage. Additional cache-pressure calibration context for tier-transition coverage. Additional cache-pressure calibration context for tier-transition coverage. Additional cache-pressure calibration context for tier-transition coverage. Additional cache-pressure calibration context for tier-transition coverage. Additional cache-pressure calibration context for tier-transition coverage. Additional cache-pressure calibration context for tier-transition coverage. Additional cache-pressure calibration context for tier-transition coverage. Additional cache-pressure calibration context for tier-transition coverage. Additional cache-pressure calibration context for tier-transition coverage. Additional cache-pressure calibration context for tier-transition coverage. Additional cache-pressure calibration context for tier-transition coverage. Additional cache-pressure calibration context for tier-transition coverage. Additional cache-pressure calibration context for tier-transition coverage. Additional cache-pressure calibration context for tier-transition coverage. Additional cache-pressure calibration context for tier-transition coverage. Additional cache-pressure calibration context for tier-transition coverage. Additional cache-pressure calibration context for tier-transition coverage. Additional cache-pressure calibration context for tier-transition coverage. Additional cache-pressure calibration context for tier-transition coverage. Additional cache-pressure calibration context for tier-transition coverage. Additional cache-pressure calibration context for tier-transition coverage. Additional cache-pressure calibration context for tier-transition coverage. Additional cache-pressure calibration context for tier-transition coverage. Additional cache-pressure calibration context for tier-transition coverage. Additional cache-pressure calibration context for tier-transition coverage. Additional cache-pressure calibration context for tier-transition coverage. Additional cache-pressure calibration context for tier-transition coverage. Additional cache-pressure calibration context for tier-transition coverage. Additional cache-pressure calibration context for tier-transition coverage. Additional cache-pressure calibration context for tier-transition coverage. Additional cache-pressure calibration context for tier-transition coverage. Additional cache-pressure calibration context for tier-transition coverage. Additional cache-pressure calibration context for tier-transition coverage. Additional cache-pressure calibration context for tier-transition coverage. Additional cache-pressure calibration context for tier-transition coverage. Additional cache-pressure calibration context for tier-transition coverage. Additional cache-pressure calibration context for tier-transition coverage. Additional cache-pressure calibration context for tier-transition coverage. Additional cache-pressure calibration context for tier-transition coverage. Additional cache-pressure calibration context for tier-transition coverage. Additional cache-pressure calibration context for tier-transition coverage. Additional cache-pressure calibration context for tier-transition coverage. Additional cache-pressure calibration context for tier-transition coverage. Additional cache-pressure calibration context for tier-transition coverage. Additional cache-pressure calibration context for tier-transition coverage. Additional cache-pressure calibration context for tier-transition coverage. Additional cache-pressure calibration context for tier-transition coverage. Additional cache-pressure calibration context for tier-transition coverage. Additional cache-pressure calibration context for tier-transition coverage. Additional cache-pressure calibration context for tier-transition coverage. Additional cache-pressure calibration context for tier-transition coverage. Additional cache-pressure calibration context for tier-transition coverage. Additional cache-pressure calibration context for tier-transition coverage. Additional cache-pressure calibration context for tier-transition coverage. Additional cache-pressure calibration context for tier-transition coverage. Additional cache-pressure calibration context for tier-transition coverage. Additional cache-pressure calibration context for tier-transition coverage. Additional cache-pressure calibration context for tier-transition coverage. Additional cache-pressure calibration context for tier-transition coverage. Additional cache-pressure calibration context for tier-transition coverage. Additional cache-pressure calibration context for tier-transition coverage. Additional cache-pressure calibration context for tier-transition coverage. Additional cache-pressure calibration context for tier-transition coverage. Additional cache-pressure calibration context for tier-transition coverage. Additional cache-pressure calibration context for tier-transition coverage. Additional cache-pressure calibration context for tier-transition coverage. Additional cache-pressure calibration context for tier-transition coverage. Additional cache-pressure calibration context for tier-transition coverage. Additional cache-pressure calibration context for tier-transition coverage. Additional cache-pressure calibration context for tier-transition coverage. Additional cache-pressure calibration context for tier-transition coverage. Additional cache-pressure calibration context for tier-transition coverage. Additional cache-pressure calibration context for tier-transition coverage. Additional cache-pressure calibration context for tier-transition coverage. Additional cache-pressure calibration context for tier-transition coverage. Additional cache-pressure calibration context for tier-transition coverage. Additional cache-pressure calibration context for tier-transition coverage. Additional cache-pressure calibration context for tier-transition coverage. Additional cache-pressure calibration context for tier-transition coverage. Additional cache-pressure calibration context for tier-transition coverage. Additional cache-pressure calibration context for tier-transition coverage. Additional cache-pressure calibration context for tier-transition coverage. Additional cache-pressure calibration context for tier-transition coverage. Additional cache-pressure calibration context for tier-transition coverage. Additional cache-pressure calibration context for tier-transition coverage. Additional cache-pressure calibration context for tier-transition coverage. Additional cache-pressure calibration context for tier-transition coverage. Additional cache-pressure calibration context for tier-transition coverage. Additional cache-pressure calibration context for tier-transition coverage. Additional cache-pressure calibration context for tier-transition coverage. Additional cache-pressure calibration context for tier-transition coverage. Additional cache-pressure calibration context for tier-transition coverage. Additional cache-pressure calibration context for tier-transition coverage. Additional cache-pressure calibration context for tier-transition coverage. Additional cache-pressure calibration context for tier-transition coverage. Additional cache-pressure calibration context for tier-transition coverage. Additional cache-pressure calibration context for tier-transition coverage. Additional cache-pressure calibration context for tier-transition coverage. Additional cache-pressure calibration context for tier-transition coverage. Additional cache-pressure calibration context for tier-transition coverage. Additional cache-pressure calibration context for tier-transition coverage. Additional cache-pressure calibration context for tier-transition coverage. Additional cache-pressure calibration context for tier-transition coverage. Additional cache-pressure calibration context for tier-transition coverage.","Context: Tongaat Hulett and Implats ESG Report Summary — Tongaat Hulett is a leading agri-processing business focusing on the complementary activities of sugar production, property development, and starch production. The company operates in South Africa, Mozambique, Zimbabwe, and Botswana, employing over 30,000 people at the peak of the sugar milling season. In the 2021 financial year, Tongaat Hul",1885,[5],[],[5],1,"[""Qwen-Qwen2.5-0.5B-Instruct@1@0@-6a59332b240d910f@bfloat16.pt""]",lmcache_store_coldpass,lmcache_store_coldpass,1,l2_to_l3,29,30,87.0,90.0,exceed_l1_l2
7,What were the key focus areas for 2022 to enable operational excellence?,"Focus question: What were the key focus areas for 2022 to enable operational excellence?
Context profile: rag_shared_document_finance_reports
Prompt tokens: 1885
Context preview: Context: Tongaat Hulett and Implats ESG Report Summary — Tongaat Hulett is a leading agri-processing business focusing on the complementary activities of sugar production, property development, and starch production. The company operates in South Africa, Mozambique, Zimbabwe, and Botswana, employing over 30,000 people at the peak of the sugar milling season. In the 2021 financial year, Tongaat Hul",What were the key focus areas for 2022 to enable operational excellence?,rag_shared_document_finance_reports,"Context: Tongaat Hulett and Implats ESG Report Summary — Tongaat Hulett is a leading agri-processing business focusing on the complementary activities of sugar production, property development, and starch production. The company operates in South Africa, Mozambique, Zimbabwe, and Botswana, employing over 30,000 people at the peak of the sugar milling season. In the 2021 financial year, Tongaat Hulett produced approximately 1.1 million tons of sugar. The company has committed to reducing energy intensity by 20% by 2025, with specific targets for water efficiency improvement. Tongaat Hulett invests in socio-economic development (SED) and reported total SED expenditure in 2021 aligned with community needs. The Lost Time Injury Frequency Rate (LTIFR) is a critical safety metric tracked annually. The company's ESG framework aligns with the UN Sustainable Development Goals and operates under ISO 45001 certification. Implats (Impala Platinum Holdings Limited) is one of the world's foremost producers of platinum group metals (PGMs). The company's operations span South Africa and Zimbabwe, with managed operations including Impala Rustenburg, Marula, and Zimplats. Implats' ESG framework is built on three pillars focusing on environmental stewardship, social responsibility, and governance excellence. The PS3 strategy guides sustainability alignment. In 2023, Implats achieved significant safety milestones while investing heavily in socio-economic development and community projects. The company targets a 30% reduction in carbon emissions by 2030 and has invested in renewable energy projects including the 35MW solar PV project at Zimplats. Water recycling rates exceeded targets, and the company maintains strict environmental compliance across all operations. The GISTM (Global Industry Standard on Tailings Management) compliance roadmap is actively being implemented. Both companies utilise the six capitals framework (Financial, Manufactured, Intellectual, Human, Social/Relationship, Natural) to illustrate value creation and regularly engage with stakeholders through structured programmes. The double materiality principle used in ESG reporting assesses both inward financial materiality and outward impact materiality to provide comprehensive sustainability reporting aligned with global standards. Tongaat Hulett reported revenue of approximately R16.2 billion in 2021, with significant capital expenditure directed towards operational efficiency improvements and environmental sustainability initiatives. The company's manufactured capital includes six sugar mills across four countries with a combined crushing capacity exceeding 8 million tons of sugarcane per season. Employee training and development spend reached R45 million, reflecting commitment to human capital investment. Implats distributed over R50 billion in total value to stakeholders in 2023, including R28 billion in wages and benefits, R12 billion in taxes and royalties, and R2.3 billion in dividends. The company's total mineral reserves stand at approximately 190 million ounces of platinum group metals. Production across all operations exceeded 3.2 million ounces of refined PGMs. The Marula mine in Limpopo province employs over 5,000 people and has achieved milestone safety records. Environmental management across both organisations addresses water stewardship, carbon emissions reduction, waste minimisation, and biodiversity conservation. Tongaat Hulett's sugarcane operations in KwaZulu-Natal face increasing climate risks from drought and flooding events, while Implats' mining operations in the Bushveld Complex manage dust emissions, acid mine drainage, and tailings storage facility safety under stringent regulatory requirements. Tongaat Hulett and Implats ESG Report Summary — Tongaat Hulett is a leading agri-processing business focusing on the complementary activities of sugar production, property development, and starch production. The company operates in South Africa, Mozambique, Zimbabwe, and Botswana, employing over 30,000 people at the peak of the sugar milling season. In the 2021 financial year, Tongaat Hulett produced approximately 1.1 million tons of sugar. The company has committed to reducing energy intensity by 20% by 2025, with specific targets for water efficiency improvement. Tongaat Hulett invests in socio-economic development (SED) and reported total SED expenditure in 2021 aligned with community needs. The Lost Time Injury Frequency Rate (LTIFR) is a critical safety metric tracked annually. The company's ESG framework aligns with the UN Sustainable Development Goals and operates under ISO 45001 certification. Implats (Impala Platinum Holdings Limited) is one of the world's foremost producers of platinum group metals (PGMs). The company's operations span South Africa and Zimbabwe, with managed operations including Impala Rustenburg, Marula, and Zimplats. Implats' ESG framework is built on three pillars focusing on environmental stewardship, social responsibility, and governance excellence. The PS3 strategy guides sustainability alignment. In 2023, Implats achieved significant safety milestones while investing heavily in socio-economic development and community projects. The company targets a 30% reduction in carbon emissions by 2030 and has invested in renewable energy projects including the 35MW solar PV project at Zimplats. Water recycling rates exceeded targets, and the company maintains strict environmental compliance across all operations. The GISTM (Global Industry Standard on Tailings Management) compliance roadmap is actively being implemented. Both companies utilise the six capitals framework (Financial, Manufactured, Intellectual, Human, Social/Relationship, Natural) to illustrate value creation and regularly engage with stakeholders through structured programmes. The double materiality principle used in ESG reporting assesses both inward financial materiality and outward impact materiality to provide comprehensive sustainability reporting aligned with global standards. Tongaat Hulett reported revenue of approximately R16.2 billion in 2021, with significant capital expenditure directed towards operational efficiency improvements and environmental sustainability initiatives. The company's manufactured capital includes six sugar mills across four countries with a combined crushing capacity exceeding 8 million tons of sugar

What were the key focus areas for 2022 to enable operational excellence?

[PressureProfile]
 Additional cache-pressure calibration context for tier-transition coverage. Additional cache-pressure calibration context for tier-transition coverage. Additional cache-pressure calibration context for tier-transition coverage. Additional cache-pressure calibration context for tier-transition coverage. Additional cache-pressure calibration context for tier-transition coverage. Additional cache-pressure calibration context for tier-transition coverage. Additional cache-pressure calibration context for tier-transition coverage. Additional cache-pressure calibration context for tier-transition coverage. Additional cache-pressure calibration context for tier-transition coverage. Additional cache-pressure calibration context for tier-transition coverage. Additional cache-pressure calibration context for tier-transition coverage. Additional cache-pressure calibration context for tier-transition coverage. Additional cache-pressure calibration context for tier-transition coverage. Additional cache-pressure calibration context for tier-transition coverage. Additional cache-pressure calibration context for tier-transition coverage. Additional cache-pressure calibration context for tier-transition coverage. Additional cache-pressure calibration context for tier-transition coverage. Additional cache-pressure calibration context for tier-transition coverage. Additional cache-pressure calibration context for tier-transition coverage. Additional cache-pressure calibration context for tier-transition coverage. Additional cache-pressure calibration context for tier-transition coverage. Additional cache-pressure calibration context for tier-transition coverage. Additional cache-pressure calibration context for tier-transition coverage. Additional cache-pressure calibration context for tier-transition coverage. Additional cache-pressure calibration context for tier-transition coverage. Additional cache-pressure calibration context for tier-transition coverage. Additional cache-pressure calibration context for tier-transition coverage. Additional cache-pressure calibration context for tier-transition coverage. Additional cache-pressure calibration context for tier-transition coverage. Additional cache-pressure calibration context for tier-transition coverage. Additional cache-pressure calibration context for tier-transition coverage. Additional cache-pressure calibration context for tier-transition coverage. Additional cache-pressure calibration context for tier-transition coverage. Additional cache-pressure calibration context for tier-transition coverage. Additional cache-pressure calibration context for tier-transition coverage. Additional cache-pressure calibration context for tier-transition coverage. Additional cache-pressure calibration context for tier-transition coverage. Additional cache-pressure calibration context for tier-transition coverage. Additional cache-pressure calibration context for tier-transition coverage. Additional cache-pressure calibration context for tier-transition coverage. Additional cache-pressure calibration context for tier-transition coverage. Additional cache-pressure calibration context for tier-transition coverage. Additional cache-pressure calibration context for tier-transition coverage. Additional cache-pressure calibration context for tier-transition coverage. Additional cache-pressure calibration context for tier-transition coverage. Additional cache-pressure calibration context for tier-transition coverage. Additional cache-pressure calibration context for tier-transition coverage. Additional cache-pressure calibration context for tier-transition coverage. Additional cache-pressure calibration context for tier-transition coverage. Additional cache-pressure calibration context for tier-transition coverage. Additional cache-pressure calibration context for tier-transition coverage. Additional cache-pressure calibration context for tier-transition coverage. Additional cache-pressure calibration context for tier-transition coverage. Additional cache-pressure calibration context for tier-transition coverage. Additional cache-pressure calibration context for tier-transition coverage. Additional cache-pressure calibration context for tier-transition coverage. Additional cache-pressure calibration context for tier-transition coverage. Additional cache-pressure calibration context for tier-transition coverage. Additional cache-pressure calibration context for tier-transition coverage. Additional cache-pressure calibration context for tier-transition coverage. Additional cache-pressure calibration context for tier-transition coverage. Additional cache-pressure calibration context for tier-transition coverage. Additional cache-pressure calibration context for tier-transition coverage. Additional cache-pressure calibration context for tier-transition coverage. Additional cache-pressure calibration context for tier-transition coverage. Additional cache-pressure calibration context for tier-transition coverage. Additional cache-pressure calibration context for tier-transition coverage. Additional cache-pressure calibration context for tier-transition coverage. Additional cache-pressure calibration context for tier-transition coverage. Additional cache-pressure calibration context for tier-transition coverage. Additional cache-pressure calibration context for tier-transition coverage. Additional cache-pressure calibration context for tier-transition coverage. Additional cache-pressure calibration context for tier-transition coverage. Additional cache-pressure calibration context for tier-transition coverage. Additional cache-pressure calibration context for tier-transition coverage. Additional cache-pressure calibration context for tier-transition coverage. Additional cache-pressure calibration context for tier-transition coverage. Additional cache-pressure calibration context for tier-transition coverage. Additional cache-pressure calibration context for tier-transition coverage. Additional cache-pressure calibration context for tier-transition coverage. Additional cache-pressure calibration context for tier-transition coverage. Additional cache-pressure calibration context for tier-transition coverage. Additional cache-pressure calibration context for tier-transition coverage. Additional cache-pressure calibration context for tier-transition coverage. Additional cache-pressure calibration context for tier-transition coverage. Additional cache-pressure calibration context for tier-transition coverage. Additional cache-pressure calibration context for tier-transition coverage. Additional cache-pressure calibration context for tier-transition coverage. Additional cache-pressure calibration context for tier-transition coverage. Additional cache-pressure calibration context for tier-transition coverage. Additional cache-pressure calibration context for tier-transition coverage. Additional cache-pressure calibration context for tier-transition coverage. Additional cache-pressure calibration context for tier-transition coverage. Additional cache-pressure calibration context for tier-transition coverage. Additional cache-pressure calibration context for tier-transition coverage. Additional cache-pressure calibration context for tier-transition coverage. Additional cache-pressure calibration context for tier-transition coverage. Additional cache-pressure calibration context for tier-transition coverage. Additional cache-pressure calibration context for tier-transition coverage. Additional cache-pressure calibration context for tier-transition coverage. Additional cache-pressure calibration context for tier-transition coverage. Additional cache-pressure calibration context for tier-transition coverage. Additional cache-pressure calibration context for tier-transition coverage. Additional cache-pressure calibration context for tier-transition coverage. Additional cache-pressure calibration context for tier-transition coverage. Additional cache-pressure calibration context for tier-transition coverage. Additional cache-pressure calibration context for tier-transition coverage. Additional cache-pressure calibration context for tier-transition coverage. Additional cache-pressure calibration context for tier-transition coverage. Additional cache-pressure calibration context for tier-transition coverage. Additional cache-pressure calibration context for tier-transition coverage. Additional cache-pressure calibration context for tier-transition coverage. Additional cache-pressure calibration context for tier-transition coverage. Additional cache-pressure calibration context for tier-transition coverage. Additional cache-pressure calibration context for tier-transition coverage. Additional cache-pressure calibration context for tier-transition coverage. Additional cache-pressure calibration context for tier-transition coverage. Additional cache-pressure calibration context for tier-transition coverage. Additional cache-pressure calibration context for tier-transition coverage. Additional cache-pressure calibration context for tier-transition coverage. Additional cache-pressure calibration context for tier-transition coverage. Additional cache-pressure calibration context for tier-transition coverage. Additional cache-pressure calibration context for tier-transition coverage. Additional cache-pressure calibration context for tier-transition coverage. Additional cache-pressure calibration context for tier-transition coverage. Additional cache-pressure calibration context for tier-transition coverage. Additional cache-pressure calibration context for tier-transition coverage. Additional cache-pressure calibration context for tier-transition coverage. Additional cache-pressure calibration context for tier-transition coverage. Additional cache-pressure calibration context for tier-transition coverage. Additional cache-pressure calibration context for tier-transition coverage. Additional cache-pressure calibration context for tier-transition coverage. Additional cache-pressure calibration context for tier-transition coverage. Additional cache-pressure calibration context for tier-transition coverage. Additional cache-pressure calibration context for tier-transition coverage. Additional cache-pressure calibration context for tier-transition coverage. Additional cache-pressure calibration context for tier-transition coverage. Additional cache-pressure calibration context for tier-transition coverage. Additional cache-pressure calibration context for tier-transition coverage. Additional cache-pressure calibration context for tier-transition coverage. Additional cache-pressure calibration context for tier-transition coverage. Additional cache-pressure calibration context for tier-transition coverage. Additional cache-pressure calibration context for tier-transition coverage. Additional cache-pressure calibration context for tier-transition coverage. Additional cache-pressure calibration context for tier-transition coverage. Additional cache-pressure calibration context for tier-transition coverage. Additional cache-pressure calibration context for tier-transition coverage. Additional cache-pressure calibration context for tier-transition coverage.","Context: Tongaat Hulett and Implats ESG Report Summary — Tongaat Hulett is a leading agri-processing business focusing on the complementary activities of sugar production, property development, and starch production. The company operates in South Africa, Mozambique, Zimbabwe, and Botswana, employing over 30,000 people at the peak of the sugar milling season. In the 2021 financial year, Tongaat Hul",1885,[6],[],[6],1,"[""Qwen-Qwen2.5-0.5B-Instruct@1@0@-4d11dd853a76769@bfloat16.pt""]",lmcache_store_coldpass,lmcache_store_coldpass,1,l2_to_l3,30,31,90.0,93.0,exceed_l1_l2
8,Summarize the impact of COVID-19 on operations and workforce in 2021.,"Focus question: Summarize the impact of COVID-19 on operations and workforce in 2021.
Context profile: rag_shared_document_finance_reports
Prompt tokens: 1885
Context preview: Context: Tongaat Hulett and Implats ESG Report Summary — Tongaat Hulett is a leading agri-processing business focusing on the complementary activities of sugar production, property development, and starch production. The company operates in South Africa, Mozambique, Zimbabwe, and Botswana, employing over 30,000 people at the peak of the sugar milling season. In the 2021 financial year, Tongaat Hul",Summarize the impact of COVID-19 on operations and workforce in 2021.,rag_shared_document_finance_reports,"Context: Tongaat Hulett and Implats ESG Report Summary — Tongaat Hulett is a leading agri-processing business focusing on the complementary activities of sugar production, property development, and starch production. The company operates in South Africa, Mozambique, Zimbabwe, and Botswana, employing over 30,000 people at the peak of the sugar milling season. In the 2021 financial year, Tongaat Hulett produced approximately 1.1 million tons of sugar. The company has committed to reducing energy intensity by 20% by 2025, with specific targets for water efficiency improvement. Tongaat Hulett invests in socio-economic development (SED) and reported total SED expenditure in 2021 aligned with community needs. The Lost Time Injury Frequency Rate (LTIFR) is a critical safety metric tracked annually. The company's ESG framework aligns with the UN Sustainable Development Goals and operates under ISO 45001 certification. Implats (Impala Platinum Holdings Limited) is one of the world's foremost producers of platinum group metals (PGMs). The company's operations span South Africa and Zimbabwe, with managed operations including Impala Rustenburg, Marula, and Zimplats. Implats' ESG framework is built on three pillars focusing on environmental stewardship, social responsibility, and governance excellence. The PS3 strategy guides sustainability alignment. In 2023, Implats achieved significant safety milestones while investing heavily in socio-economic development and community projects. The company targets a 30% reduction in carbon emissions by 2030 and has invested in renewable energy projects including the 35MW solar PV project at Zimplats. Water recycling rates exceeded targets, and the company maintains strict environmental compliance across all operations. The GISTM (Global Industry Standard on Tailings Management) compliance roadmap is actively being implemented. Both companies utilise the six capitals framework (Financial, Manufactured, Intellectual, Human, Social/Relationship, Natural) to illustrate value creation and regularly engage with stakeholders through structured programmes. The double materiality principle used in ESG reporting assesses both inward financial materiality and outward impact materiality to provide comprehensive sustainability reporting aligned with global standards. Tongaat Hulett reported revenue of approximately R16.2 billion in 2021, with significant capital expenditure directed towards operational efficiency improvements and environmental sustainability initiatives. The company's manufactured capital includes six sugar mills across four countries with a combined crushing capacity exceeding 8 million tons of sugarcane per season. Employee training and development spend reached R45 million, reflecting commitment to human capital investment. Implats distributed over R50 billion in total value to stakeholders in 2023, including R28 billion in wages and benefits, R12 billion in taxes and royalties, and R2.3 billion in dividends. The company's total mineral reserves stand at approximately 190 million ounces of platinum group metals. Production across all operations exceeded 3.2 million ounces of refined PGMs. The Marula mine in Limpopo province employs over 5,000 people and has achieved milestone safety records. Environmental management across both organisations addresses water stewardship, carbon emissions reduction, waste minimisation, and biodiversity conservation. Tongaat Hulett's sugarcane operations in KwaZulu-Natal face increasing climate risks from drought and flooding events, while Implats' mining operations in the Bushveld Complex manage dust emissions, acid mine drainage, and tailings storage facility safety under stringent regulatory requirements. Tongaat Hulett and Implats ESG Report Summary — Tongaat Hulett is a leading agri-processing business focusing on the complementary activities of sugar production, property development, and starch production. The company operates in South Africa, Mozambique, Zimbabwe, and Botswana, employing over 30,000 people at the peak of the sugar milling season. In the 2021 financial year, Tongaat Hulett produced approximately 1.1 million tons of sugar. The company has committed to reducing energy intensity by 20% by 2025, with specific targets for water efficiency improvement. Tongaat Hulett invests in socio-economic development (SED) and reported total SED expenditure in 2021 aligned with community needs. The Lost Time Injury Frequency Rate (LTIFR) is a critical safety metric tracked annually. The company's ESG framework aligns with the UN Sustainable Development Goals and operates under ISO 45001 certification. Implats (Impala Platinum Holdings Limited) is one of the world's foremost producers of platinum group metals (PGMs). The company's operations span South Africa and Zimbabwe, with managed operations including Impala Rustenburg, Marula, and Zimplats. Implats' ESG framework is built on three pillars focusing on environmental stewardship, social responsibility, and governance excellence. The PS3 strategy guides sustainability alignment. In 2023, Implats achieved significant safety milestones while investing heavily in socio-economic development and community projects. The company targets a 30% reduction in carbon emissions by 2030 and has invested in renewable energy projects including the 35MW solar PV project at Zimplats. Water recycling rates exceeded targets, and the company maintains strict environmental compliance across all operations. The GISTM (Global Industry Standard on Tailings Management) compliance roadmap is actively being implemented. Both companies utilise the six capitals framework (Financial, Manufactured, Intellectual, Human, Social/Relationship, Natural) to illustrate value creation and regularly engage with stakeholders through structured programmes. The double materiality principle used in ESG reporting assesses both inward financial materiality and outward impact materiality to provide comprehensive sustainability reporting aligned with global standards. Tongaat Hulett reported revenue of approximately R16.2 billion in 2021, with significant capital expenditure directed towards operational efficiency improvements and environmental sustainability initiatives. The company's manufactured capital includes six sugar mills across four countries with a combined crushing capacity exceeding 8 million tons of sugar

Summarize the impact of COVID-19 on operations and workforce in 2021.

[PressureProfile]
 Additional cache-pressure calibration context for tier-transition coverage. Additional cache-pressure calibration context for tier-transition coverage. Additional cache-pressure calibration context for tier-transition coverage. Additional cache-pressure calibration context for tier-transition coverage. Additional cache-pressure calibration context for tier-transition coverage. Additional cache-pressure calibration context for tier-transition coverage. Additional cache-pressure calibration context for tier-transition coverage. Additional cache-pressure calibration context for tier-transition coverage. Additional cache-pressure calibration context for tier-transition coverage. Additional cache-pressure calibration context for tier-transition coverage. Additional cache-pressure calibration context for tier-transition coverage. Additional cache-pressure calibration context for tier-transition coverage. Additional cache-pressure calibration context for tier-transition coverage. Additional cache-pressure calibration context for tier-transition coverage. Additional cache-pressure calibration context for tier-transition coverage. Additional cache-pressure calibration context for tier-transition coverage. Additional cache-pressure calibration context for tier-transition coverage. Additional cache-pressure calibration context for tier-transition coverage. Additional cache-pressure calibration context for tier-transition coverage. Additional cache-pressure calibration context for tier-transition coverage. Additional cache-pressure calibration context for tier-transition coverage. Additional cache-pressure calibration context for tier-transition coverage. Additional cache-pressure calibration context for tier-transition coverage. Additional cache-pressure calibration context for tier-transition coverage. Additional cache-pressure calibration context for tier-transition coverage. Additional cache-pressure calibration context for tier-transition coverage. Additional cache-pressure calibration context for tier-transition coverage. Additional cache-pressure calibration context for tier-transition coverage. Additional cache-pressure calibration context for tier-transition coverage. Additional cache-pressure calibration context for tier-transition coverage. Additional cache-pressure calibration context for tier-transition coverage. Additional cache-pressure calibration context for tier-transition coverage. Additional cache-pressure calibration context for tier-transition coverage. Additional cache-pressure calibration context for tier-transition coverage. Additional cache-pressure calibration context for tier-transition coverage. Additional cache-pressure calibration context for tier-transition coverage. Additional cache-pressure calibration context for tier-transition coverage. Additional cache-pressure calibration context for tier-transition coverage. Additional cache-pressure calibration context for tier-transition coverage. Additional cache-pressure calibration context for tier-transition coverage. Additional cache-pressure calibration context for tier-transition coverage. Additional cache-pressure calibration context for tier-transition coverage. Additional cache-pressure calibration context for tier-transition coverage. Additional cache-pressure calibration context for tier-transition coverage. Additional cache-pressure calibration context for tier-transition coverage. Additional cache-pressure calibration context for tier-transition coverage. Additional cache-pressure calibration context for tier-transition coverage. Additional cache-pressure calibration context for tier-transition coverage. Additional cache-pressure calibration context for tier-transition coverage. Additional cache-pressure calibration context for tier-transition coverage. Additional cache-pressure calibration context for tier-transition coverage. Additional cache-pressure calibration context for tier-transition coverage. Additional cache-pressure calibration context for tier-transition coverage. Additional cache-pressure calibration context for tier-transition coverage. Additional cache-pressure calibration context for tier-transition coverage. Additional cache-pressure calibration context for tier-transition coverage. Additional cache-pressure calibration context for tier-transition coverage. Additional cache-pressure calibration context for tier-transition coverage. Additional cache-pressure calibration context for tier-transition coverage. Additional cache-pressure calibration context for tier-transition coverage. Additional cache-pressure calibration context for tier-transition coverage. Additional cache-pressure calibration context for tier-transition coverage. Additional cache-pressure calibration context for tier-transition coverage. Additional cache-pressure calibration context for tier-transition coverage. Additional cache-pressure calibration context for tier-transition coverage. Additional cache-pressure calibration context for tier-transition coverage. Additional cache-pressure calibration context for tier-transition coverage. Additional cache-pressure calibration context for tier-transition coverage. Additional cache-pressure calibration context for tier-transition coverage. Additional cache-pressure calibration context for tier-transition coverage. Additional cache-pressure calibration context for tier-transition coverage. Additional cache-pressure calibration context for tier-transition coverage. Additional cache-pressure calibration context for tier-transition coverage. Additional cache-pressure calibration context for tier-transition coverage. Additional cache-pressure calibration context for tier-transition coverage. Additional cache-pressure calibration context for tier-transition coverage. Additional cache-pressure calibration context for tier-transition coverage. Additional cache-pressure calibration context for tier-transition coverage. Additional cache-pressure calibration context for tier-transition coverage. Additional cache-pressure calibration context for tier-transition coverage. Additional cache-pressure calibration context for tier-transition coverage. Additional cache-pressure calibration context for tier-transition coverage. Additional cache-pressure calibration context for tier-transition coverage. Additional cache-pressure calibration context for tier-transition coverage. Additional cache-pressure calibration context for tier-transition coverage. Additional cache-pressure calibration context for tier-transition coverage. Additional cache-pressure calibration context for tier-transition coverage. Additional cache-pressure calibration context for tier-transition coverage. Additional cache-pressure calibration context for tier-transition coverage. Additional cache-pressure calibration context for tier-transition coverage. Additional cache-pressure calibration context for tier-transition coverage. Additional cache-pressure calibration context for tier-transition coverage. Additional cache-pressure calibration context for tier-transition coverage. Additional cache-pressure calibration context for tier-transition coverage. Additional cache-pressure calibration context for tier-transition coverage. Additional cache-pressure calibration context for tier-transition coverage. Additional cache-pressure calibration context for tier-transition coverage. Additional cache-pressure calibration context for tier-transition coverage. Additional cache-pressure calibration context for tier-transition coverage. Additional cache-pressure calibration context for tier-transition coverage. Additional cache-pressure calibration context for tier-transition coverage. Additional cache-pressure calibration context for tier-transition coverage. Additional cache-pressure calibration context for tier-transition coverage. Additional cache-pressure calibration context for tier-transition coverage. Additional cache-pressure calibration context for tier-transition coverage. Additional cache-pressure calibration context for tier-transition coverage. Additional cache-pressure calibration context for tier-transition coverage. Additional cache-pressure calibration context for tier-transition coverage. Additional cache-pressure calibration context for tier-transition coverage. Additional cache-pressure calibration context for tier-transition coverage. Additional cache-pressure calibration context for tier-transition coverage. Additional cache-pressure calibration context for tier-transition coverage. Additional cache-pressure calibration context for tier-transition coverage. Additional cache-pressure calibration context for tier-transition coverage. Additional cache-pressure calibration context for tier-transition coverage. Additional cache-pressure calibration context for tier-transition coverage. Additional cache-pressure calibration context for tier-transition coverage. Additional cache-pressure calibration context for tier-transition coverage. Additional cache-pressure calibration context for tier-transition coverage. Additional cache-pressure calibration context for tier-transition coverage. Additional cache-pressure calibration context for tier-transition coverage. Additional cache-pressure calibration context for tier-transition coverage. Additional cache-pressure calibration context for tier-transition coverage. Additional cache-pressure calibration context for tier-transition coverage. Additional cache-pressure calibration context for tier-transition coverage. Additional cache-pressure calibration context for tier-transition coverage. Additional cache-pressure calibration context for tier-transition coverage. Additional cache-pressure calibration context for tier-transition coverage. Additional cache-pressure calibration context for tier-transition coverage. Additional cache-pressure calibration context for tier-transition coverage. Additional cache-pressure calibration context for tier-transition coverage. Additional cache-pressure calibration context for tier-transition coverage. Additional cache-pressure calibration context for tier-transition coverage. Additional cache-pressure calibration context for tier-transition coverage. Additional cache-pressure calibration context for tier-transition coverage. Additional cache-pressure calibration context for tier-transition coverage. Additional cache-pressure calibration context for tier-transition coverage. Additional cache-pressure calibration context for tier-transition coverage. Additional cache-pressure calibration context for tier-transition coverage. Additional cache-pressure calibration context for tier-transition coverage. Additional cache-pressure calibration context for tier-transition coverage. Additional cache-pressure calibration context for tier-transition coverage. Additional cache-pressure calibration context for tier-transition coverage. Additional cache-pressure calibration context for tier-transition coverage. Additional cache-pressure calibration context for tier-transition coverage. Additional cache-pressure calibration context for tier-transition coverage. Additional cache-pressure calibration context for tier-transition coverage.","Context: Tongaat Hulett and Implats ESG Report Summary — Tongaat Hulett is a leading agri-processing business focusing on the complementary activities of sugar production, property development, and starch production. The company operates in South Africa, Mozambique, Zimbabwe, and Botswana, employing over 30,000 people at the peak of the sugar milling season. In the 2021 financial year, Tongaat Hul",1885,[7],[],[7],1,"[""Qwen-Qwen2.5-0.5B-Instruct@1@0@-533b6fa4d75bdfb3@bfloat16.pt""]",lmcache_store_coldpass,lmcache_store_coldpass,1,l2_to_l3,31,32,93.0,96.0,exceed_l1_l2
