query_id,query_text,embedding_text,focus_text,context_profile,prompt_text,prompt_preview,input_tokens,chunk_ids_needed,shared_chunk_ids,unique_chunk_ids,num_chunks,runtime_chunk_ids,chunk_event_source,chunk_id_source,runtime_event_count,tier_transition_event,cache_file_count_before,cache_file_count_after,cache_disk_mb_before,cache_disk_mb_after,pressure_phase
1,What exercises help with lower back pain?,"Focus question: What exercises help with lower back pain?
Context profile: shared_prefix_rehab_instructions
Prompt tokens: 1338
Context preview: You are an expert Physiotherapist AI assistant for the RehabQuest platform. Your role is to provide concise, evidence-based rehabilitation guidance grounded in peer-reviewed clinical literature and WHO recommendations. Always cite relevant studies when possible. Limit answers to three paragraphs. Use metric units. If the question is outside your expertise, state so clearly. RehabQuest is a healthc",What exercises help with lower back pain?,shared_prefix_rehab_instructions,"You are an expert Physiotherapist AI assistant for the RehabQuest platform. Your role is to provide concise, evidence-based rehabilitation guidance grounded in peer-reviewed clinical literature and WHO recommendations. Always cite relevant studies when possible. Limit answers to three paragraphs. Use metric units. If the question is outside your expertise, state so clearly. RehabQuest is a healthcare startup specialising in AI-driven musculoskeletal rehabilitation using computer vision and wearable sensors. The platform tracks patient exercises in real time, provides corrective feedback, and generates progress reports for clinicians. You must adhere to HIPAA guidelines and never provide a definitive diagnosis. Always recommend that patients consult their treating physician for personalised medical advice before changing their rehabilitation programme. Respond in professional but approachable language. Clinical Practice Guidelines: For musculoskeletal rehabilitation, the American Physical Therapy Association (APTA) recommends a structured, phase-based approach: Phase I (Acute, Days 0-7): Focus on pain management using cryotherapy, compression, and elevation. Introduce gentle range-of-motion exercises within pain tolerance. Apply the PRICE protocol (Protection, Rest, Ice, Compression, Elevation). Monitor for signs of deep vein thrombosis in immobilised patients. Document baseline pain levels using the Visual Analogue Scale (VAS). Phase II (Subacute, Weeks 1-6): Progressive loading following the tissue healing timeline. Introduce isometric exercises progressing to isotonic by week 3. Begin proprioceptive training with balance boards and unstable surfaces. Target 80% of contralateral limb strength before advancing. Monitor inflammatory markers and adjust intensity accordingly. Apply the principle of graduated return to activity. Phase III (Remodelling, Weeks 6-12): Sport-specific or task-specific training. Eccentric strengthening for tendinopathies following the Alfredson protocol. Plyometric progression using the reactive strength index. Functional movement screening (FMS) to identify compensatory patterns. Return-to-sport criteria: 90% limb symmetry index on isokinetic testing, successful completion of hop tests (single, triple, crossover, and timed), and psychological readiness assessed via the ACL-Return to Sport after Injury (ACL-RSI) scale. Phase IV (Maintenance, Ongoing): Long-term injury prevention programming. Periodised strength and conditioning with progressive overload. Neuromuscular control drills integrated into warm-up routines following the FIFA 11+ protocol. Annual functional reassessment recommended. Patient education on load management, sleep hygiene, and nutritional support for tissue recovery. Documentation Standards: Use the International Classification of Functioning, Disability and Health (ICF) framework for assessment documentation. Record objective measures including goniometric range of motion, manual muscle testing grades (Oxford scale 0-5), and validated patient-reported outcome measures (PROMs) such as the Lower Extremity Functional Scale (LEFS), Disabilities of the Arm, Shoulder and Hand (DASH), and Oswestry Disability Index (ODI). Now answer the following clinical question. What exercises help with lower back pain?

[PressureProfile]
 Additional cache-pressure calibration context for tier-transition coverage. Additional cache-pressure calibration context for tier-transition coverage. Additional cache-pressure calibration context for tier-transition coverage. Additional cache-pressure calibration context for tier-transition coverage. Additional cache-pressure calibration context for tier-transition coverage. Additional cache-pressure calibration context for tier-transition coverage. Additional cache-pressure calibration context for tier-transition coverage. Additional cache-pressure calibration context for tier-transition coverage. Additional cache-pressure calibration context for tier-transition coverage. Additional cache-pressure calibration context for tier-transition coverage. Additional cache-pressure calibration context for tier-transition coverage. Additional cache-pressure calibration context for tier-transition coverage. Additional cache-pressure calibration context for tier-transition coverage. Additional cache-pressure calibration context for tier-transition coverage. Additional cache-pressure calibration context for tier-transition coverage. Additional cache-pressure calibration context for tier-transition coverage. Additional cache-pressure calibration context for tier-transition coverage. Additional cache-pressure calibration context for tier-transition coverage. Additional cache-pressure calibration context for tier-transition coverage. Additional cache-pressure calibration context for tier-transition coverage. Additional cache-pressure calibration context for tier-transition coverage. Additional cache-pressure calibration context for tier-transition coverage. Additional cache-pressure calibration context for tier-transition coverage. Additional cache-pressure calibration context for tier-transition coverage. Additional cache-pressure calibration context for tier-transition coverage. Additional cache-pressure calibration context for tier-transition coverage. Additional cache-pressure calibration context for tier-transition coverage. Additional cache-pressure calibration context for tier-transition coverage. Additional cache-pressure calibration context for tier-transition coverage. Additional cache-pressure calibration context for tier-transition coverage. Additional cache-pressure calibration context for tier-transition coverage. Additional cache-pressure calibration context for tier-transition coverage. Additional cache-pressure calibration context for tier-transition coverage. Additional cache-pressure calibration context for tier-transition coverage. Additional cache-pressure calibration context for tier-transition coverage. Additional cache-pressure calibration context for tier-transition coverage. Additional cache-pressure calibration context for tier-transition coverage. Additional cache-pressure calibration context for tier-transition coverage. Additional cache-pressure calibration context for tier-transition coverage. Additional cache-pressure calibration context for tier-transition coverage. Additional cache-pressure calibration context for tier-transition coverage. Additional cache-pressure calibration context for tier-transition coverage. Additional cache-pressure calibration context for tier-transition coverage. Additional cache-pressure calibration context for tier-transition coverage. Additional cache-pressure calibration context for tier-transition coverage. Additional cache-pressure calibration context for tier-transition coverage. Additional cache-pressure calibration context for tier-transition coverage. Additional cache-pressure calibration context for tier-transition coverage. Additional cache-pressure calibration context for tier-transition coverage. Additional cache-pressure calibration context for tier-transition coverage. Additional cache-pressure calibration context for tier-transition coverage. Additional cache-pressure calibration context for tier-transition coverage. Additional cache-pressure calibration context for tier-transition coverage. Additional cache-pressure calibration context for tier-transition coverage. Additional cache-pressure calibration context for tier-transition coverage. Additional cache-pressure calibration context for tier-transition coverage. Additional cache-pressure calibration context for tier-transition coverage. Additional cache-pressure calibration context for tier-transition coverage. Additional cache-pressure calibration context for tier-transition coverage. Additional cache-pressure calibration context for tier-transition coverage. Additional cache-pressure calibration context for tier-transition coverage. Additional cache-pressure calibration context for tier-transition coverage. Additional cache-pressure calibration context for tier-transition coverage. Additional cache-pressure calibration context for tier-transition coverage. Additional cache-pressure calibration context for tier-transition coverage. Additional cache-pressure calibration context for tier-transition coverage. Additional cache-pressure calibration context for tier-transition coverage. Additional cache-pressure calibration context for tier-transition coverage. Additional cache-pressure calibration context for tier-transition coverage. Additional cache-pressure calibration context for tier-transition coverage. Additional cache-pressure calibration context for tier-transition coverage. Additional cache-pressure calibration context for tier-transition coverage.","You are an expert Physiotherapist AI assistant for the RehabQuest platform. Your role is to provide concise, evidence-based rehabilitation guidance grounded in peer-reviewed clinical literature and WHO recommendations. Always cite relevant studies when possible. Limit answers to three paragraphs. Use metric units. If the question is outside your expertise, state so clearly. RehabQuest is a healthc",1338,[0],[],[0],1,"[""Qwen-Qwen2.5-0.5B-Instruct@1@0@53653284071d7e1c@bfloat16.pt""]",lmcache_store_coldpass,lmcache_store_coldpass,1,none,8,9,24.0,27.0,baseline
2,Is applying ice effective for reducing swelling?,"Focus question: Is applying ice effective for reducing swelling?
Context profile: shared_prefix_rehab_instructions
Prompt tokens: 1338
Context preview: You are an expert Physiotherapist AI assistant for the RehabQuest platform. Your role is to provide concise, evidence-based rehabilitation guidance grounded in peer-reviewed clinical literature and WHO recommendations. Always cite relevant studies when possible. Limit answers to three paragraphs. Use metric units. If the question is outside your expertise, state so clearly. RehabQuest is a healthc",Is applying ice effective for reducing swelling?,shared_prefix_rehab_instructions,"You are an expert Physiotherapist AI assistant for the RehabQuest platform. Your role is to provide concise, evidence-based rehabilitation guidance grounded in peer-reviewed clinical literature and WHO recommendations. Always cite relevant studies when possible. Limit answers to three paragraphs. Use metric units. If the question is outside your expertise, state so clearly. RehabQuest is a healthcare startup specialising in AI-driven musculoskeletal rehabilitation using computer vision and wearable sensors. The platform tracks patient exercises in real time, provides corrective feedback, and generates progress reports for clinicians. You must adhere to HIPAA guidelines and never provide a definitive diagnosis. Always recommend that patients consult their treating physician for personalised medical advice before changing their rehabilitation programme. Respond in professional but approachable language. Clinical Practice Guidelines: For musculoskeletal rehabilitation, the American Physical Therapy Association (APTA) recommends a structured, phase-based approach: Phase I (Acute, Days 0-7): Focus on pain management using cryotherapy, compression, and elevation. Introduce gentle range-of-motion exercises within pain tolerance. Apply the PRICE protocol (Protection, Rest, Ice, Compression, Elevation). Monitor for signs of deep vein thrombosis in immobilised patients. Document baseline pain levels using the Visual Analogue Scale (VAS). Phase II (Subacute, Weeks 1-6): Progressive loading following the tissue healing timeline. Introduce isometric exercises progressing to isotonic by week 3. Begin proprioceptive training with balance boards and unstable surfaces. Target 80% of contralateral limb strength before advancing. Monitor inflammatory markers and adjust intensity accordingly. Apply the principle of graduated return to activity. Phase III (Remodelling, Weeks 6-12): Sport-specific or task-specific training. Eccentric strengthening for tendinopathies following the Alfredson protocol. Plyometric progression using the reactive strength index. Functional movement screening (FMS) to identify compensatory patterns. Return-to-sport criteria: 90% limb symmetry index on isokinetic testing, successful completion of hop tests (single, triple, crossover, and timed), and psychological readiness assessed via the ACL-Return to Sport after Injury (ACL-RSI) scale. Phase IV (Maintenance, Ongoing): Long-term injury prevention programming. Periodised strength and conditioning with progressive overload. Neuromuscular control drills integrated into warm-up routines following the FIFA 11+ protocol. Annual functional reassessment recommended. Patient education on load management, sleep hygiene, and nutritional support for tissue recovery. Documentation Standards: Use the International Classification of Functioning, Disability and Health (ICF) framework for assessment documentation. Record objective measures including goniometric range of motion, manual muscle testing grades (Oxford scale 0-5), and validated patient-reported outcome measures (PROMs) such as the Lower Extremity Functional Scale (LEFS), Disabilities of the Arm, Shoulder and Hand (DASH), and Oswestry Disability Index (ODI). Now answer the following clinical question. Is applying ice effective for reducing swelling?

[PressureProfile]
 Additional cache-pressure calibration context for tier-transition coverage. Additional cache-pressure calibration context for tier-transition coverage. Additional cache-pressure calibration context for tier-transition coverage. Additional cache-pressure calibration context for tier-transition coverage. Additional cache-pressure calibration context for tier-transition coverage. Additional cache-pressure calibration context for tier-transition coverage. Additional cache-pressure calibration context for tier-transition coverage. Additional cache-pressure calibration context for tier-transition coverage. Additional cache-pressure calibration context for tier-transition coverage. Additional cache-pressure calibration context for tier-transition coverage. Additional cache-pressure calibration context for tier-transition coverage. Additional cache-pressure calibration context for tier-transition coverage. Additional cache-pressure calibration context for tier-transition coverage. Additional cache-pressure calibration context for tier-transition coverage. Additional cache-pressure calibration context for tier-transition coverage. Additional cache-pressure calibration context for tier-transition coverage. Additional cache-pressure calibration context for tier-transition coverage. Additional cache-pressure calibration context for tier-transition coverage. Additional cache-pressure calibration context for tier-transition coverage. Additional cache-pressure calibration context for tier-transition coverage. Additional cache-pressure calibration context for tier-transition coverage. Additional cache-pressure calibration context for tier-transition coverage. Additional cache-pressure calibration context for tier-transition coverage. Additional cache-pressure calibration context for tier-transition coverage. Additional cache-pressure calibration context for tier-transition coverage. Additional cache-pressure calibration context for tier-transition coverage. Additional cache-pressure calibration context for tier-transition coverage. Additional cache-pressure calibration context for tier-transition coverage. Additional cache-pressure calibration context for tier-transition coverage. Additional cache-pressure calibration context for tier-transition coverage. Additional cache-pressure calibration context for tier-transition coverage. Additional cache-pressure calibration context for tier-transition coverage. Additional cache-pressure calibration context for tier-transition coverage. Additional cache-pressure calibration context for tier-transition coverage. Additional cache-pressure calibration context for tier-transition coverage. Additional cache-pressure calibration context for tier-transition coverage. Additional cache-pressure calibration context for tier-transition coverage. Additional cache-pressure calibration context for tier-transition coverage. Additional cache-pressure calibration context for tier-transition coverage. Additional cache-pressure calibration context for tier-transition coverage. Additional cache-pressure calibration context for tier-transition coverage. Additional cache-pressure calibration context for tier-transition coverage. Additional cache-pressure calibration context for tier-transition coverage. Additional cache-pressure calibration context for tier-transition coverage. Additional cache-pressure calibration context for tier-transition coverage. Additional cache-pressure calibration context for tier-transition coverage. Additional cache-pressure calibration context for tier-transition coverage. Additional cache-pressure calibration context for tier-transition coverage. Additional cache-pressure calibration context for tier-transition coverage. Additional cache-pressure calibration context for tier-transition coverage. Additional cache-pressure calibration context for tier-transition coverage. Additional cache-pressure calibration context for tier-transition coverage. Additional cache-pressure calibration context for tier-transition coverage. Additional cache-pressure calibration context for tier-transition coverage. Additional cache-pressure calibration context for tier-transition coverage. Additional cache-pressure calibration context for tier-transition coverage. Additional cache-pressure calibration context for tier-transition coverage. Additional cache-pressure calibration context for tier-transition coverage. Additional cache-pressure calibration context for tier-transition coverage. Additional cache-pressure calibration context for tier-transition coverage. Additional cache-pressure calibration context for tier-transition coverage. Additional cache-pressure calibration context for tier-transition coverage. Additional cache-pressure calibration context for tier-transition coverage. Additional cache-pressure calibration context for tier-transition coverage. Additional cache-pressure calibration context for tier-transition coverage. Additional cache-pressure calibration context for tier-transition coverage. Additional cache-pressure calibration context for tier-transition coverage. Additional cache-pressure calibration context for tier-transition coverage. Additional cache-pressure calibration context for tier-transition coverage. Additional cache-pressure calibration context for tier-transition coverage. Additional cache-pressure calibration context for tier-transition coverage. Additional cache-pressure calibration context for tier-transition coverage.","You are an expert Physiotherapist AI assistant for the RehabQuest platform. Your role is to provide concise, evidence-based rehabilitation guidance grounded in peer-reviewed clinical literature and WHO recommendations. Always cite relevant studies when possible. Limit answers to three paragraphs. Use metric units. If the question is outside your expertise, state so clearly. RehabQuest is a healthc",1338,[1],[],[1],1,"[""Qwen-Qwen2.5-0.5B-Instruct@1@0@-45c45f095ff9b7b9@bfloat16.pt""]",lmcache_store_coldpass,lmcache_store_coldpass,1,none,9,10,27.0,30.0,baseline
3,Define correct sitting posture for office workers.,"Focus question: Define correct sitting posture for office workers.
Context profile: shared_prefix_rehab_instructions
Prompt tokens: 1338
Context preview: You are an expert Physiotherapist AI assistant for the RehabQuest platform. Your role is to provide concise, evidence-based rehabilitation guidance grounded in peer-reviewed clinical literature and WHO recommendations. Always cite relevant studies when possible. Limit answers to three paragraphs. Use metric units. If the question is outside your expertise, state so clearly. RehabQuest is a healthc",Define correct sitting posture for office workers.,shared_prefix_rehab_instructions,"You are an expert Physiotherapist AI assistant for the RehabQuest platform. Your role is to provide concise, evidence-based rehabilitation guidance grounded in peer-reviewed clinical literature and WHO recommendations. Always cite relevant studies when possible. Limit answers to three paragraphs. Use metric units. If the question is outside your expertise, state so clearly. RehabQuest is a healthcare startup specialising in AI-driven musculoskeletal rehabilitation using computer vision and wearable sensors. The platform tracks patient exercises in real time, provides corrective feedback, and generates progress reports for clinicians. You must adhere to HIPAA guidelines and never provide a definitive diagnosis. Always recommend that patients consult their treating physician for personalised medical advice before changing their rehabilitation programme. Respond in professional but approachable language. Clinical Practice Guidelines: For musculoskeletal rehabilitation, the American Physical Therapy Association (APTA) recommends a structured, phase-based approach: Phase I (Acute, Days 0-7): Focus on pain management using cryotherapy, compression, and elevation. Introduce gentle range-of-motion exercises within pain tolerance. Apply the PRICE protocol (Protection, Rest, Ice, Compression, Elevation). Monitor for signs of deep vein thrombosis in immobilised patients. Document baseline pain levels using the Visual Analogue Scale (VAS). Phase II (Subacute, Weeks 1-6): Progressive loading following the tissue healing timeline. Introduce isometric exercises progressing to isotonic by week 3. Begin proprioceptive training with balance boards and unstable surfaces. Target 80% of contralateral limb strength before advancing. Monitor inflammatory markers and adjust intensity accordingly. Apply the principle of graduated return to activity. Phase III (Remodelling, Weeks 6-12): Sport-specific or task-specific training. Eccentric strengthening for tendinopathies following the Alfredson protocol. Plyometric progression using the reactive strength index. Functional movement screening (FMS) to identify compensatory patterns. Return-to-sport criteria: 90% limb symmetry index on isokinetic testing, successful completion of hop tests (single, triple, crossover, and timed), and psychological readiness assessed via the ACL-Return to Sport after Injury (ACL-RSI) scale. Phase IV (Maintenance, Ongoing): Long-term injury prevention programming. Periodised strength and conditioning with progressive overload. Neuromuscular control drills integrated into warm-up routines following the FIFA 11+ protocol. Annual functional reassessment recommended. Patient education on load management, sleep hygiene, and nutritional support for tissue recovery. Documentation Standards: Use the International Classification of Functioning, Disability and Health (ICF) framework for assessment documentation. Record objective measures including goniometric range of motion, manual muscle testing grades (Oxford scale 0-5), and validated patient-reported outcome measures (PROMs) such as the Lower Extremity Functional Scale (LEFS), Disabilities of the Arm, Shoulder and Hand (DASH), and Oswestry Disability Index (ODI). Now answer the following clinical question. Define correct sitting posture for office workers.

[PressureProfile]
 Additional cache-pressure calibration context for tier-transition coverage. Additional cache-pressure calibration context for tier-transition coverage. Additional cache-pressure calibration context for tier-transition coverage. Additional cache-pressure calibration context for tier-transition coverage. Additional cache-pressure calibration context for tier-transition coverage. Additional cache-pressure calibration context for tier-transition coverage. Additional cache-pressure calibration context for tier-transition coverage. Additional cache-pressure calibration context for tier-transition coverage. Additional cache-pressure calibration context for tier-transition coverage. Additional cache-pressure calibration context for tier-transition coverage. Additional cache-pressure calibration context for tier-transition coverage. Additional cache-pressure calibration context for tier-transition coverage. Additional cache-pressure calibration context for tier-transition coverage. Additional cache-pressure calibration context for tier-transition coverage. Additional cache-pressure calibration context for tier-transition coverage. Additional cache-pressure calibration context for tier-transition coverage. Additional cache-pressure calibration context for tier-transition coverage. Additional cache-pressure calibration context for tier-transition coverage. Additional cache-pressure calibration context for tier-transition coverage. Additional cache-pressure calibration context for tier-transition coverage. Additional cache-pressure calibration context for tier-transition coverage. Additional cache-pressure calibration context for tier-transition coverage. Additional cache-pressure calibration context for tier-transition coverage. Additional cache-pressure calibration context for tier-transition coverage. Additional cache-pressure calibration context for tier-transition coverage. Additional cache-pressure calibration context for tier-transition coverage. Additional cache-pressure calibration context for tier-transition coverage. Additional cache-pressure calibration context for tier-transition coverage. Additional cache-pressure calibration context for tier-transition coverage. Additional cache-pressure calibration context for tier-transition coverage. Additional cache-pressure calibration context for tier-transition coverage. Additional cache-pressure calibration context for tier-transition coverage. Additional cache-pressure calibration context for tier-transition coverage. Additional cache-pressure calibration context for tier-transition coverage. Additional cache-pressure calibration context for tier-transition coverage. Additional cache-pressure calibration context for tier-transition coverage. Additional cache-pressure calibration context for tier-transition coverage. Additional cache-pressure calibration context for tier-transition coverage. Additional cache-pressure calibration context for tier-transition coverage. Additional cache-pressure calibration context for tier-transition coverage. Additional cache-pressure calibration context for tier-transition coverage. Additional cache-pressure calibration context for tier-transition coverage. Additional cache-pressure calibration context for tier-transition coverage. Additional cache-pressure calibration context for tier-transition coverage. Additional cache-pressure calibration context for tier-transition coverage. Additional cache-pressure calibration context for tier-transition coverage. Additional cache-pressure calibration context for tier-transition coverage. Additional cache-pressure calibration context for tier-transition coverage. Additional cache-pressure calibration context for tier-transition coverage. Additional cache-pressure calibration context for tier-transition coverage. Additional cache-pressure calibration context for tier-transition coverage. Additional cache-pressure calibration context for tier-transition coverage. Additional cache-pressure calibration context for tier-transition coverage. Additional cache-pressure calibration context for tier-transition coverage. Additional cache-pressure calibration context for tier-transition coverage. Additional cache-pressure calibration context for tier-transition coverage. Additional cache-pressure calibration context for tier-transition coverage. Additional cache-pressure calibration context for tier-transition coverage. Additional cache-pressure calibration context for tier-transition coverage. Additional cache-pressure calibration context for tier-transition coverage. Additional cache-pressure calibration context for tier-transition coverage. Additional cache-pressure calibration context for tier-transition coverage. Additional cache-pressure calibration context for tier-transition coverage. Additional cache-pressure calibration context for tier-transition coverage. Additional cache-pressure calibration context for tier-transition coverage. Additional cache-pressure calibration context for tier-transition coverage. Additional cache-pressure calibration context for tier-transition coverage. Additional cache-pressure calibration context for tier-transition coverage. Additional cache-pressure calibration context for tier-transition coverage. Additional cache-pressure calibration context for tier-transition coverage. Additional cache-pressure calibration context for tier-transition coverage. Additional cache-pressure calibration context for tier-transition coverage.","You are an expert Physiotherapist AI assistant for the RehabQuest platform. Your role is to provide concise, evidence-based rehabilitation guidance grounded in peer-reviewed clinical literature and WHO recommendations. Always cite relevant studies when possible. Limit answers to three paragraphs. Use metric units. If the question is outside your expertise, state so clearly. RehabQuest is a healthc",1338,[2],[],[2],1,"[""Qwen-Qwen2.5-0.5B-Instruct@1@0@df944b720da45f2@bfloat16.pt""]",lmcache_store_coldpass,lmcache_store_coldpass,1,none,10,11,30.0,33.0,baseline
4,How long should a rotator cuff tear rehabilitation programme last?,"Focus question: How long should a rotator cuff tear rehabilitation programme last?
Context profile: shared_prefix_rehab_instructions
Prompt tokens: 1885
Context preview: You are an expert Physiotherapist AI assistant for the RehabQuest platform. Your role is to provide concise, evidence-based rehabilitation guidance grounded in peer-reviewed clinical literature and WHO recommendations. Always cite relevant studies when possible. Limit answers to three paragraphs. Use metric units. If the question is outside your expertise, state so clearly. RehabQuest is a healthc",How long should a rotator cuff tear rehabilitation programme last?,shared_prefix_rehab_instructions,"You are an expert Physiotherapist AI assistant for the RehabQuest platform. Your role is to provide concise, evidence-based rehabilitation guidance grounded in peer-reviewed clinical literature and WHO recommendations. Always cite relevant studies when possible. Limit answers to three paragraphs. Use metric units. If the question is outside your expertise, state so clearly. RehabQuest is a healthcare startup specialising in AI-driven musculoskeletal rehabilitation using computer vision and wearable sensors. The platform tracks patient exercises in real time, provides corrective feedback, and generates progress reports for clinicians. You must adhere to HIPAA guidelines and never provide a definitive diagnosis. Always recommend that patients consult their treating physician for personalised medical advice before changing their rehabilitation programme. Respond in professional but approachable language. Clinical Practice Guidelines: For musculoskeletal rehabilitation, the American Physical Therapy Association (APTA) recommends a structured, phase-based approach: Phase I (Acute, Days 0-7): Focus on pain management using cryotherapy, compression, and elevation. Introduce gentle range-of-motion exercises within pain tolerance. Apply the PRICE protocol (Protection, Rest, Ice, Compression, Elevation). Monitor for signs of deep vein thrombosis in immobilised patients. Document baseline pain levels using the Visual Analogue Scale (VAS). Phase II (Subacute, Weeks 1-6): Progressive loading following the tissue healing timeline. Introduce isometric exercises progressing to isotonic by week 3. Begin proprioceptive training with balance boards and unstable surfaces. Target 80% of contralateral limb strength before advancing. Monitor inflammatory markers and adjust intensity accordingly. Apply the principle of graduated return to activity. Phase III (Remodelling, Weeks 6-12): Sport-specific or task-specific training. Eccentric strengthening for tendinopathies following the Alfredson protocol. Plyometric progression using the reactive strength index. Functional movement screening (FMS) to identify compensatory patterns. Return-to-sport criteria: 90% limb symmetry index on isokinetic testing, successful completion of hop tests (single, triple, crossover, and timed), and psychological readiness assessed via the ACL-Return to Sport after Injury (ACL-RSI) scale. Phase IV (Maintenance, Ongoing): Long-term injury prevention programming. Periodised strength and conditioning with progressive overload. Neuromuscular control drills integrated into warm-up routines following the FIFA 11+ protocol. Annual functional reassessment recommended. Patient education on load management, sleep hygiene, and nutritional support for tissue recovery. Documentation Standards: Use the International Classification of Functioning, Disability and Health (ICF) framework for assessment documentation. Record objective measures including goniometric range of motion, manual muscle testing grades (Oxford scale 0-5), and validated patient-reported outcome measures (PROMs) such as the Lower Extremity Functional Scale (LEFS), Disabilities of the Arm, Shoulder and Hand (DASH), and Oswestry Disability Index (ODI). Now answer the following clinical question. How long should a rotator cuff tear rehabilitation programme last?

[PressureProfile]
 Additional cache-pressure calibration context for tier-transition coverage. Additional cache-pressure calibration context for tier-transition coverage. Additional cache-pressure calibration context for tier-transition coverage. Additional cache-pressure calibration context for tier-transition coverage. Additional cache-pressure calibration context for tier-transition coverage. Additional cache-pressure calibration context for tier-transition coverage. Additional cache-pressure calibration context for tier-transition coverage. Additional cache-pressure calibration context for tier-transition coverage. Additional cache-pressure calibration context for tier-transition coverage. Additional cache-pressure calibration context for tier-transition coverage. Additional cache-pressure calibration context for tier-transition coverage. Additional cache-pressure calibration context for tier-transition coverage. Additional cache-pressure calibration context for tier-transition coverage. Additional cache-pressure calibration context for tier-transition coverage. Additional cache-pressure calibration context for tier-transition coverage. Additional cache-pressure calibration context for tier-transition coverage. Additional cache-pressure calibration context for tier-transition coverage. Additional cache-pressure calibration context for tier-transition coverage. Additional cache-pressure calibration context for tier-transition coverage. Additional cache-pressure calibration context for tier-transition coverage. Additional cache-pressure calibration context for tier-transition coverage. Additional cache-pressure calibration context for tier-transition coverage. Additional cache-pressure calibration context for tier-transition coverage. Additional cache-pressure calibration context for tier-transition coverage. Additional cache-pressure calibration context for tier-transition coverage. Additional cache-pressure calibration context for tier-transition coverage. Additional cache-pressure calibration context for tier-transition coverage. Additional cache-pressure calibration context for tier-transition coverage. Additional cache-pressure calibration context for tier-transition coverage. Additional cache-pressure calibration context for tier-transition coverage. Additional cache-pressure calibration context for tier-transition coverage. Additional cache-pressure calibration context for tier-transition coverage. Additional cache-pressure calibration context for tier-transition coverage. Additional cache-pressure calibration context for tier-transition coverage. Additional cache-pressure calibration context for tier-transition coverage. Additional cache-pressure calibration context for tier-transition coverage. Additional cache-pressure calibration context for tier-transition coverage. Additional cache-pressure calibration context for tier-transition coverage. Additional cache-pressure calibration context for tier-transition coverage. Additional cache-pressure calibration context for tier-transition coverage. Additional cache-pressure calibration context for tier-transition coverage. Additional cache-pressure calibration context for tier-transition coverage. Additional cache-pressure calibration context for tier-transition coverage. Additional cache-pressure calibration context for tier-transition coverage. Additional cache-pressure calibration context for tier-transition coverage. Additional cache-pressure calibration context for tier-transition coverage. Additional cache-pressure calibration context for tier-transition coverage. Additional cache-pressure calibration context for tier-transition coverage. Additional cache-pressure calibration context for tier-transition coverage. Additional cache-pressure calibration context for tier-transition coverage. Additional cache-pressure calibration context for tier-transition coverage. Additional cache-pressure calibration context for tier-transition coverage. Additional cache-pressure calibration context for tier-transition coverage. Additional cache-pressure calibration context for tier-transition coverage. Additional cache-pressure calibration context for tier-transition coverage. Additional cache-pressure calibration context for tier-transition coverage. Additional cache-pressure calibration context for tier-transition coverage. Additional cache-pressure calibration context for tier-transition coverage. Additional cache-pressure calibration context for tier-transition coverage. Additional cache-pressure calibration context for tier-transition coverage. Additional cache-pressure calibration context for tier-transition coverage. Additional cache-pressure calibration context for tier-transition coverage. Additional cache-pressure calibration context for tier-transition coverage. Additional cache-pressure calibration context for tier-transition coverage. Additional cache-pressure calibration context for tier-transition coverage. Additional cache-pressure calibration context for tier-transition coverage. Additional cache-pressure calibration context for tier-transition coverage. Additional cache-pressure calibration context for tier-transition coverage. Additional cache-pressure calibration context for tier-transition coverage. Additional cache-pressure calibration context for tier-transition coverage. Additional cache-pressure calibration context for tier-transition coverage. Additional cache-pressure calibration context for tier-transition coverage. Additional cache-pressure calibration context for tier-transition coverage. Additional cache-pressure calibration context for tier-transition coverage. Additional cache-pressure calibration context for tier-transition coverage. Additional cache-pressure calibration context for tier-transition coverage. Additional cache-pressure calibration context for tier-transition coverage. Additional cache-pressure calibration context for tier-transition coverage. Additional cache-pressure calibration context for tier-transition coverage. Additional cache-pressure calibration context for tier-transition coverage. Additional cache-pressure calibration context for tier-transition coverage. Additional cache-pressure calibration context for tier-transition coverage. Additional cache-pressure calibration context for tier-transition coverage. Additional cache-pressure calibration context for tier-transition coverage. Additional cache-pressure calibration context for tier-transition coverage. Additional cache-pressure calibration context for tier-transition coverage. Additional cache-pressure calibration context for tier-transition coverage. Additional cache-pressure calibration context for tier-transition coverage. Additional cache-pressure calibration context for tier-transition coverage. Additional cache-pressure calibration context for tier-transition coverage. Additional cache-pressure calibration context for tier-transition coverage. Additional cache-pressure calibration context for tier-transition coverage. Additional cache-pressure calibration context for tier-transition coverage. Additional cache-pressure calibration context for tier-transition coverage. Additional cache-pressure calibration context for tier-transition coverage. Additional cache-pressure calibration context for tier-transition coverage. Additional cache-pressure calibration context for tier-transition coverage. Additional cache-pressure calibration context for tier-transition coverage. Additional cache-pressure calibration context for tier-transition coverage. Additional cache-pressure calibration context for tier-transition coverage. Additional cache-pressure calibration context for tier-transition coverage. Additional cache-pressure calibration context for tier-transition coverage. Additional cache-pressure calibration context for tier-transition coverage. Additional cache-pressure calibration context for tier-transition coverage. Additional cache-pressure calibration context for tier-transition coverage. Additional cache-pressure calibration context for tier-transition coverage. Additional cache-pressure calibration context for tier-transition coverage. Additional cache-pressure calibration context for tier-transition coverage. Additional cache-pressure calibration context for tier-transition coverage. Additional cache-pressure calibration context for tier-transition coverage. Additional cache-pressure calibration context for tier-transition coverage. Additional cache-pressure calibration context for tier-transition coverage. Additional cache-pressure calibration context for tier-transition coverage. Additional cache-pressure calibration context for tier-transition coverage. Additional cache-pressure calibration context for tier-transition coverage. Additional cache-pressure calibration context for tier-transition coverage. Additional cache-pressure calibration context for tier-transition coverage. Additional cache-pressure calibration context for tier-transition coverage. Additional cache-pressure calibration context for tier-transition coverage. Additional cache-pressure calibration context for tier-transition coverage. Additional cache-pressure calibration context for tier-transition coverage. Additional cache-pressure calibration context for tier-transition coverage. Additional cache-pressure calibration context for tier-transition coverage. Additional cache-pressure calibration context for tier-transition coverage. Additional cache-pressure calibration context for tier-transition coverage. Additional cache-pressure calibration context for tier-transition coverage. Additional cache-pressure calibration context for tier-transition coverage. Additional cache-pressure calibration context for tier-transition coverage. Additional cache-pressure calibration context for tier-transition coverage. Additional cache-pressure calibration context for tier-transition coverage. Additional cache-pressure calibration context for tier-transition coverage. Additional cache-pressure calibration context for tier-transition coverage. Additional cache-pressure calibration context for tier-transition coverage. Additional cache-pressure calibration context for tier-transition coverage. Additional cache-pressure calibration context for tier-transition coverage. Additional cache-pressure calibration context for tier-transition coverage. Additional cache-pressure calibration context for tier-transition coverage. Additional cache-pressure calibration context for tier-transition coverage. Additional cache-pressure calibration context for tier-transition coverage. Additional cache-pressure calibration context for tier-transition coverage. Additional cache-pressure calibration context for tier-transition coverage. Additional cache-pressure calibration context for tier-transition coverage. Additional cache-pressure calibration context for tier-transition coverage. Additional cache-pressure calibration context for tier-transition coverage. Additional cache-pressure calibration context for tier-transition coverage. Additional cache-pressure calibration context for tier-transition coverage. Additional cache-pressure calibration context for tier-transition coverage. Additional cache-pressure calibration context for tier-transition coverage. Additional cache-pressure calibration context for tier-transition coverage. Additional cache-pressure calibration context for tier-transition coverage. Additional cache-pressure calibration context for tier-transition coverage. Additional cache-pressure calibration context for tier-transition coverage. Additional cache-pressure calibration context for tier-transition coverage. Additional cache-pressure calibration context for tier-transition coverage. Additional cache-pressure calibration context for tier-transition coverage. Additional cache-pressure calibration context for tier-transition coverage.","You are an expert Physiotherapist AI assistant for the RehabQuest platform. Your role is to provide concise, evidence-based rehabilitation guidance grounded in peer-reviewed clinical literature and WHO recommendations. Always cite relevant studies when possible. Limit answers to three paragraphs. Use metric units. If the question is outside your expertise, state so clearly. RehabQuest is a healthc",1885,[3],[],[3],1,"[""Qwen-Qwen2.5-0.5B-Instruct@1@0@-e008d0a868f491f@bfloat16.pt""]",lmcache_store_coldpass,lmcache_store_coldpass,1,l1_to_l2,11,12,33.0,36.0,exceed_l1
5,What is the recommended rest period after an acute ankle sprain?,"Focus question: What is the recommended rest period after an acute ankle sprain?
Context profile: shared_prefix_rehab_instructions
Prompt tokens: 1885
Context preview: You are an expert Physiotherapist AI assistant for the RehabQuest platform. Your role is to provide concise, evidence-based rehabilitation guidance grounded in peer-reviewed clinical literature and WHO recommendations. Always cite relevant studies when possible. Limit answers to three paragraphs. Use metric units. If the question is outside your expertise, state so clearly. RehabQuest is a healthc",What is the recommended rest period after an acute ankle sprain?,shared_prefix_rehab_instructions,"You are an expert Physiotherapist AI assistant for the RehabQuest platform. Your role is to provide concise, evidence-based rehabilitation guidance grounded in peer-reviewed clinical literature and WHO recommendations. Always cite relevant studies when possible. Limit answers to three paragraphs. Use metric units. If the question is outside your expertise, state so clearly. RehabQuest is a healthcare startup specialising in AI-driven musculoskeletal rehabilitation using computer vision and wearable sensors. The platform tracks patient exercises in real time, provides corrective feedback, and generates progress reports for clinicians. You must adhere to HIPAA guidelines and never provide a definitive diagnosis. Always recommend that patients consult their treating physician for personalised medical advice before changing their rehabilitation programme. Respond in professional but approachable language. Clinical Practice Guidelines: For musculoskeletal rehabilitation, the American Physical Therapy Association (APTA) recommends a structured, phase-based approach: Phase I (Acute, Days 0-7): Focus on pain management using cryotherapy, compression, and elevation. Introduce gentle range-of-motion exercises within pain tolerance. Apply the PRICE protocol (Protection, Rest, Ice, Compression, Elevation). Monitor for signs of deep vein thrombosis in immobilised patients. Document baseline pain levels using the Visual Analogue Scale (VAS). Phase II (Subacute, Weeks 1-6): Progressive loading following the tissue healing timeline. Introduce isometric exercises progressing to isotonic by week 3. Begin proprioceptive training with balance boards and unstable surfaces. Target 80% of contralateral limb strength before advancing. Monitor inflammatory markers and adjust intensity accordingly. Apply the principle of graduated return to activity. Phase III (Remodelling, Weeks 6-12): Sport-specific or task-specific training. Eccentric strengthening for tendinopathies following the Alfredson protocol. Plyometric progression using the reactive strength index. Functional movement screening (FMS) to identify compensatory patterns. Return-to-sport criteria: 90% limb symmetry index on isokinetic testing, successful completion of hop tests (single, triple, crossover, and timed), and psychological readiness assessed via the ACL-Return to Sport after Injury (ACL-RSI) scale. Phase IV (Maintenance, Ongoing): Long-term injury prevention programming. Periodised strength and conditioning with progressive overload. Neuromuscular control drills integrated into warm-up routines following the FIFA 11+ protocol. Annual functional reassessment recommended. Patient education on load management, sleep hygiene, and nutritional support for tissue recovery. Documentation Standards: Use the International Classification of Functioning, Disability and Health (ICF) framework for assessment documentation. Record objective measures including goniometric range of motion, manual muscle testing grades (Oxford scale 0-5), and validated patient-reported outcome measures (PROMs) such as the Lower Extremity Functional Scale (LEFS), Disabilities of the Arm, Shoulder and Hand (DASH), and Oswestry Disability Index (ODI). Now answer the following clinical question. What is the recommended rest period after an acute ankle sprain?

[PressureProfile]
 Additional cache-pressure calibration context for tier-transition coverage. Additional cache-pressure calibration context for tier-transition coverage. Additional cache-pressure calibration context for tier-transition coverage. Additional cache-pressure calibration context for tier-transition coverage. Additional cache-pressure calibration context for tier-transition coverage. Additional cache-pressure calibration context for tier-transition coverage. Additional cache-pressure calibration context for tier-transition coverage. Additional cache-pressure calibration context for tier-transition coverage. Additional cache-pressure calibration context for tier-transition coverage. Additional cache-pressure calibration context for tier-transition coverage. Additional cache-pressure calibration context for tier-transition coverage. Additional cache-pressure calibration context for tier-transition coverage. Additional cache-pressure calibration context for tier-transition coverage. Additional cache-pressure calibration context for tier-transition coverage. Additional cache-pressure calibration context for tier-transition coverage. Additional cache-pressure calibration context for tier-transition coverage. Additional cache-pressure calibration context for tier-transition coverage. Additional cache-pressure calibration context for tier-transition coverage. Additional cache-pressure calibration context for tier-transition coverage. Additional cache-pressure calibration context for tier-transition coverage. Additional cache-pressure calibration context for tier-transition coverage. Additional cache-pressure calibration context for tier-transition coverage. Additional cache-pressure calibration context for tier-transition coverage. Additional cache-pressure calibration context for tier-transition coverage. Additional cache-pressure calibration context for tier-transition coverage. Additional cache-pressure calibration context for tier-transition coverage. Additional cache-pressure calibration context for tier-transition coverage. Additional cache-pressure calibration context for tier-transition coverage. Additional cache-pressure calibration context for tier-transition coverage. Additional cache-pressure calibration context for tier-transition coverage. Additional cache-pressure calibration context for tier-transition coverage. Additional cache-pressure calibration context for tier-transition coverage. Additional cache-pressure calibration context for tier-transition coverage. Additional cache-pressure calibration context for tier-transition coverage. Additional cache-pressure calibration context for tier-transition coverage. Additional cache-pressure calibration context for tier-transition coverage. Additional cache-pressure calibration context for tier-transition coverage. Additional cache-pressure calibration context for tier-transition coverage. Additional cache-pressure calibration context for tier-transition coverage. Additional cache-pressure calibration context for tier-transition coverage. Additional cache-pressure calibration context for tier-transition coverage. Additional cache-pressure calibration context for tier-transition coverage. Additional cache-pressure calibration context for tier-transition coverage. Additional cache-pressure calibration context for tier-transition coverage. Additional cache-pressure calibration context for tier-transition coverage. Additional cache-pressure calibration context for tier-transition coverage. Additional cache-pressure calibration context for tier-transition coverage. Additional cache-pressure calibration context for tier-transition coverage. Additional cache-pressure calibration context for tier-transition coverage. Additional cache-pressure calibration context for tier-transition coverage. Additional cache-pressure calibration context for tier-transition coverage. Additional cache-pressure calibration context for tier-transition coverage. Additional cache-pressure calibration context for tier-transition coverage. Additional cache-pressure calibration context for tier-transition coverage. Additional cache-pressure calibration context for tier-transition coverage. Additional cache-pressure calibration context for tier-transition coverage. Additional cache-pressure calibration context for tier-transition coverage. Additional cache-pressure calibration context for tier-transition coverage. Additional cache-pressure calibration context for tier-transition coverage. Additional cache-pressure calibration context for tier-transition coverage. Additional cache-pressure calibration context for tier-transition coverage. Additional cache-pressure calibration context for tier-transition coverage. Additional cache-pressure calibration context for tier-transition coverage. Additional cache-pressure calibration context for tier-transition coverage. Additional cache-pressure calibration context for tier-transition coverage. Additional cache-pressure calibration context for tier-transition coverage. Additional cache-pressure calibration context for tier-transition coverage. Additional cache-pressure calibration context for tier-transition coverage. Additional cache-pressure calibration context for tier-transition coverage. Additional cache-pressure calibration context for tier-transition coverage. Additional cache-pressure calibration context for tier-transition coverage. Additional cache-pressure calibration context for tier-transition coverage. Additional cache-pressure calibration context for tier-transition coverage. Additional cache-pressure calibration context for tier-transition coverage. Additional cache-pressure calibration context for tier-transition coverage. Additional cache-pressure calibration context for tier-transition coverage. Additional cache-pressure calibration context for tier-transition coverage. Additional cache-pressure calibration context for tier-transition coverage. Additional cache-pressure calibration context for tier-transition coverage. Additional cache-pressure calibration context for tier-transition coverage. Additional cache-pressure calibration context for tier-transition coverage. Additional cache-pressure calibration context for tier-transition coverage. Additional cache-pressure calibration context for tier-transition coverage. Additional cache-pressure calibration context for tier-transition coverage. Additional cache-pressure calibration context for tier-transition coverage. Additional cache-pressure calibration context for tier-transition coverage. Additional cache-pressure calibration context for tier-transition coverage. Additional cache-pressure calibration context for tier-transition coverage. Additional cache-pressure calibration context for tier-transition coverage. Additional cache-pressure calibration context for tier-transition coverage. Additional cache-pressure calibration context for tier-transition coverage. Additional cache-pressure calibration context for tier-transition coverage. Additional cache-pressure calibration context for tier-transition coverage. Additional cache-pressure calibration context for tier-transition coverage. Additional cache-pressure calibration context for tier-transition coverage. Additional cache-pressure calibration context for tier-transition coverage. Additional cache-pressure calibration context for tier-transition coverage. Additional cache-pressure calibration context for tier-transition coverage. Additional cache-pressure calibration context for tier-transition coverage. Additional cache-pressure calibration context for tier-transition coverage. Additional cache-pressure calibration context for tier-transition coverage. Additional cache-pressure calibration context for tier-transition coverage. Additional cache-pressure calibration context for tier-transition coverage. Additional cache-pressure calibration context for tier-transition coverage. Additional cache-pressure calibration context for tier-transition coverage. Additional cache-pressure calibration context for tier-transition coverage. Additional cache-pressure calibration context for tier-transition coverage. Additional cache-pressure calibration context for tier-transition coverage. Additional cache-pressure calibration context for tier-transition coverage. Additional cache-pressure calibration context for tier-transition coverage. Additional cache-pressure calibration context for tier-transition coverage. Additional cache-pressure calibration context for tier-transition coverage. Additional cache-pressure calibration context for tier-transition coverage. Additional cache-pressure calibration context for tier-transition coverage. Additional cache-pressure calibration context for tier-transition coverage. Additional cache-pressure calibration context for tier-transition coverage. Additional cache-pressure calibration context for tier-transition coverage. Additional cache-pressure calibration context for tier-transition coverage. Additional cache-pressure calibration context for tier-transition coverage. Additional cache-pressure calibration context for tier-transition coverage. Additional cache-pressure calibration context for tier-transition coverage. Additional cache-pressure calibration context for tier-transition coverage. Additional cache-pressure calibration context for tier-transition coverage. Additional cache-pressure calibration context for tier-transition coverage. Additional cache-pressure calibration context for tier-transition coverage. Additional cache-pressure calibration context for tier-transition coverage. Additional cache-pressure calibration context for tier-transition coverage. Additional cache-pressure calibration context for tier-transition coverage. Additional cache-pressure calibration context for tier-transition coverage. Additional cache-pressure calibration context for tier-transition coverage. Additional cache-pressure calibration context for tier-transition coverage. Additional cache-pressure calibration context for tier-transition coverage. Additional cache-pressure calibration context for tier-transition coverage. Additional cache-pressure calibration context for tier-transition coverage. Additional cache-pressure calibration context for tier-transition coverage. Additional cache-pressure calibration context for tier-transition coverage. Additional cache-pressure calibration context for tier-transition coverage. Additional cache-pressure calibration context for tier-transition coverage. Additional cache-pressure calibration context for tier-transition coverage. Additional cache-pressure calibration context for tier-transition coverage. Additional cache-pressure calibration context for tier-transition coverage. Additional cache-pressure calibration context for tier-transition coverage. Additional cache-pressure calibration context for tier-transition coverage. Additional cache-pressure calibration context for tier-transition coverage. Additional cache-pressure calibration context for tier-transition coverage. Additional cache-pressure calibration context for tier-transition coverage. Additional cache-pressure calibration context for tier-transition coverage. Additional cache-pressure calibration context for tier-transition coverage. Additional cache-pressure calibration context for tier-transition coverage. Additional cache-pressure calibration context for tier-transition coverage. Additional cache-pressure calibration context for tier-transition coverage. Additional cache-pressure calibration context for tier-transition coverage. Additional cache-pressure calibration context for tier-transition coverage. Additional cache-pressure calibration context for tier-transition coverage. Additional cache-pressure calibration context for tier-transition coverage. Additional cache-pressure calibration context for tier-transition coverage.","You are an expert Physiotherapist AI assistant for the RehabQuest platform. Your role is to provide concise, evidence-based rehabilitation guidance grounded in peer-reviewed clinical literature and WHO recommendations. Always cite relevant studies when possible. Limit answers to three paragraphs. Use metric units. If the question is outside your expertise, state so clearly. RehabQuest is a healthc",1885,[4],[],[4],1,"[""Qwen-Qwen2.5-0.5B-Instruct@1@0@-501c890e43aec7cf@bfloat16.pt""]",lmcache_store_coldpass,lmcache_store_coldpass,1,l1_to_l2,12,13,36.0,39.0,exceed_l1
6,Which stretches are most effective for tight hamstrings?,"Focus question: Which stretches are most effective for tight hamstrings?
Context profile: shared_prefix_rehab_instructions
Prompt tokens: 1885
Context preview: You are an expert Physiotherapist AI assistant for the RehabQuest platform. Your role is to provide concise, evidence-based rehabilitation guidance grounded in peer-reviewed clinical literature and WHO recommendations. Always cite relevant studies when possible. Limit answers to three paragraphs. Use metric units. If the question is outside your expertise, state so clearly. RehabQuest is a healthc",Which stretches are most effective for tight hamstrings?,shared_prefix_rehab_instructions,"You are an expert Physiotherapist AI assistant for the RehabQuest platform. Your role is to provide concise, evidence-based rehabilitation guidance grounded in peer-reviewed clinical literature and WHO recommendations. Always cite relevant studies when possible. Limit answers to three paragraphs. Use metric units. If the question is outside your expertise, state so clearly. RehabQuest is a healthcare startup specialising in AI-driven musculoskeletal rehabilitation using computer vision and wearable sensors. The platform tracks patient exercises in real time, provides corrective feedback, and generates progress reports for clinicians. You must adhere to HIPAA guidelines and never provide a definitive diagnosis. Always recommend that patients consult their treating physician for personalised medical advice before changing their rehabilitation programme. Respond in professional but approachable language. Clinical Practice Guidelines: For musculoskeletal rehabilitation, the American Physical Therapy Association (APTA) recommends a structured, phase-based approach: Phase I (Acute, Days 0-7): Focus on pain management using cryotherapy, compression, and elevation. Introduce gentle range-of-motion exercises within pain tolerance. Apply the PRICE protocol (Protection, Rest, Ice, Compression, Elevation). Monitor for signs of deep vein thrombosis in immobilised patients. Document baseline pain levels using the Visual Analogue Scale (VAS). Phase II (Subacute, Weeks 1-6): Progressive loading following the tissue healing timeline. Introduce isometric exercises progressing to isotonic by week 3. Begin proprioceptive training with balance boards and unstable surfaces. Target 80% of contralateral limb strength before advancing. Monitor inflammatory markers and adjust intensity accordingly. Apply the principle of graduated return to activity. Phase III (Remodelling, Weeks 6-12): Sport-specific or task-specific training. Eccentric strengthening for tendinopathies following the Alfredson protocol. Plyometric progression using the reactive strength index. Functional movement screening (FMS) to identify compensatory patterns. Return-to-sport criteria: 90% limb symmetry index on isokinetic testing, successful completion of hop tests (single, triple, crossover, and timed), and psychological readiness assessed via the ACL-Return to Sport after Injury (ACL-RSI) scale. Phase IV (Maintenance, Ongoing): Long-term injury prevention programming. Periodised strength and conditioning with progressive overload. Neuromuscular control drills integrated into warm-up routines following the FIFA 11+ protocol. Annual functional reassessment recommended. Patient education on load management, sleep hygiene, and nutritional support for tissue recovery. Documentation Standards: Use the International Classification of Functioning, Disability and Health (ICF) framework for assessment documentation. Record objective measures including goniometric range of motion, manual muscle testing grades (Oxford scale 0-5), and validated patient-reported outcome measures (PROMs) such as the Lower Extremity Functional Scale (LEFS), Disabilities of the Arm, Shoulder and Hand (DASH), and Oswestry Disability Index (ODI). Now answer the following clinical question. Which stretches are most effective for tight hamstrings?

[PressureProfile]
 Additional cache-pressure calibration context for tier-transition coverage. Additional cache-pressure calibration context for tier-transition coverage. Additional cache-pressure calibration context for tier-transition coverage. Additional cache-pressure calibration context for tier-transition coverage. Additional cache-pressure calibration context for tier-transition coverage. Additional cache-pressure calibration context for tier-transition coverage. Additional cache-pressure calibration context for tier-transition coverage. Additional cache-pressure calibration context for tier-transition coverage. Additional cache-pressure calibration context for tier-transition coverage. Additional cache-pressure calibration context for tier-transition coverage. Additional cache-pressure calibration context for tier-transition coverage. Additional cache-pressure calibration context for tier-transition coverage. Additional cache-pressure calibration context for tier-transition coverage. Additional cache-pressure calibration context for tier-transition coverage. Additional cache-pressure calibration context for tier-transition coverage. Additional cache-pressure calibration context for tier-transition coverage. Additional cache-pressure calibration context for tier-transition coverage. Additional cache-pressure calibration context for tier-transition coverage. Additional cache-pressure calibration context for tier-transition coverage. Additional cache-pressure calibration context for tier-transition coverage. Additional cache-pressure calibration context for tier-transition coverage. Additional cache-pressure calibration context for tier-transition coverage. Additional cache-pressure calibration context for tier-transition coverage. Additional cache-pressure calibration context for tier-transition coverage. Additional cache-pressure calibration context for tier-transition coverage. Additional cache-pressure calibration context for tier-transition coverage. Additional cache-pressure calibration context for tier-transition coverage. Additional cache-pressure calibration context for tier-transition coverage. Additional cache-pressure calibration context for tier-transition coverage. Additional cache-pressure calibration context for tier-transition coverage. Additional cache-pressure calibration context for tier-transition coverage. Additional cache-pressure calibration context for tier-transition coverage. Additional cache-pressure calibration context for tier-transition coverage. Additional cache-pressure calibration context for tier-transition coverage. Additional cache-pressure calibration context for tier-transition coverage. Additional cache-pressure calibration context for tier-transition coverage. Additional cache-pressure calibration context for tier-transition coverage. Additional cache-pressure calibration context for tier-transition coverage. Additional cache-pressure calibration context for tier-transition coverage. Additional cache-pressure calibration context for tier-transition coverage. Additional cache-pressure calibration context for tier-transition coverage. Additional cache-pressure calibration context for tier-transition coverage. Additional cache-pressure calibration context for tier-transition coverage. Additional cache-pressure calibration context for tier-transition coverage. Additional cache-pressure calibration context for tier-transition coverage. Additional cache-pressure calibration context for tier-transition coverage. Additional cache-pressure calibration context for tier-transition coverage. Additional cache-pressure calibration context for tier-transition coverage. Additional cache-pressure calibration context for tier-transition coverage. Additional cache-pressure calibration context for tier-transition coverage. Additional cache-pressure calibration context for tier-transition coverage. Additional cache-pressure calibration context for tier-transition coverage. Additional cache-pressure calibration context for tier-transition coverage. Additional cache-pressure calibration context for tier-transition coverage. Additional cache-pressure calibration context for tier-transition coverage. Additional cache-pressure calibration context for tier-transition coverage. Additional cache-pressure calibration context for tier-transition coverage. Additional cache-pressure calibration context for tier-transition coverage. Additional cache-pressure calibration context for tier-transition coverage. Additional cache-pressure calibration context for tier-transition coverage. Additional cache-pressure calibration context for tier-transition coverage. Additional cache-pressure calibration context for tier-transition coverage. Additional cache-pressure calibration context for tier-transition coverage. Additional cache-pressure calibration context for tier-transition coverage. Additional cache-pressure calibration context for tier-transition coverage. Additional cache-pressure calibration context for tier-transition coverage. Additional cache-pressure calibration context for tier-transition coverage. Additional cache-pressure calibration context for tier-transition coverage. Additional cache-pressure calibration context for tier-transition coverage. Additional cache-pressure calibration context for tier-transition coverage. Additional cache-pressure calibration context for tier-transition coverage. Additional cache-pressure calibration context for tier-transition coverage. Additional cache-pressure calibration context for tier-transition coverage. Additional cache-pressure calibration context for tier-transition coverage. Additional cache-pressure calibration context for tier-transition coverage. Additional cache-pressure calibration context for tier-transition coverage. Additional cache-pressure calibration context for tier-transition coverage. Additional cache-pressure calibration context for tier-transition coverage. Additional cache-pressure calibration context for tier-transition coverage. Additional cache-pressure calibration context for tier-transition coverage. Additional cache-pressure calibration context for tier-transition coverage. Additional cache-pressure calibration context for tier-transition coverage. Additional cache-pressure calibration context for tier-transition coverage. Additional cache-pressure calibration context for tier-transition coverage. Additional cache-pressure calibration context for tier-transition coverage. Additional cache-pressure calibration context for tier-transition coverage. Additional cache-pressure calibration context for tier-transition coverage. Additional cache-pressure calibration context for tier-transition coverage. Additional cache-pressure calibration context for tier-transition coverage. Additional cache-pressure calibration context for tier-transition coverage. Additional cache-pressure calibration context for tier-transition coverage. Additional cache-pressure calibration context for tier-transition coverage. Additional cache-pressure calibration context for tier-transition coverage. Additional cache-pressure calibration context for tier-transition coverage. Additional cache-pressure calibration context for tier-transition coverage. Additional cache-pressure calibration context for tier-transition coverage. Additional cache-pressure calibration context for tier-transition coverage. Additional cache-pressure calibration context for tier-transition coverage. Additional cache-pressure calibration context for tier-transition coverage. Additional cache-pressure calibration context for tier-transition coverage. Additional cache-pressure calibration context for tier-transition coverage. Additional cache-pressure calibration context for tier-transition coverage. Additional cache-pressure calibration context for tier-transition coverage. Additional cache-pressure calibration context for tier-transition coverage. Additional cache-pressure calibration context for tier-transition coverage. Additional cache-pressure calibration context for tier-transition coverage. Additional cache-pressure calibration context for tier-transition coverage. Additional cache-pressure calibration context for tier-transition coverage. Additional cache-pressure calibration context for tier-transition coverage. Additional cache-pressure calibration context for tier-transition coverage. Additional cache-pressure calibration context for tier-transition coverage. Additional cache-pressure calibration context for tier-transition coverage. Additional cache-pressure calibration context for tier-transition coverage. Additional cache-pressure calibration context for tier-transition coverage. Additional cache-pressure calibration context for tier-transition coverage. Additional cache-pressure calibration context for tier-transition coverage. Additional cache-pressure calibration context for tier-transition coverage. Additional cache-pressure calibration context for tier-transition coverage. Additional cache-pressure calibration context for tier-transition coverage. Additional cache-pressure calibration context for tier-transition coverage. Additional cache-pressure calibration context for tier-transition coverage. Additional cache-pressure calibration context for tier-transition coverage. Additional cache-pressure calibration context for tier-transition coverage. Additional cache-pressure calibration context for tier-transition coverage. Additional cache-pressure calibration context for tier-transition coverage. Additional cache-pressure calibration context for tier-transition coverage. Additional cache-pressure calibration context for tier-transition coverage. Additional cache-pressure calibration context for tier-transition coverage. Additional cache-pressure calibration context for tier-transition coverage. Additional cache-pressure calibration context for tier-transition coverage. Additional cache-pressure calibration context for tier-transition coverage. Additional cache-pressure calibration context for tier-transition coverage. Additional cache-pressure calibration context for tier-transition coverage. Additional cache-pressure calibration context for tier-transition coverage. Additional cache-pressure calibration context for tier-transition coverage. Additional cache-pressure calibration context for tier-transition coverage. Additional cache-pressure calibration context for tier-transition coverage. Additional cache-pressure calibration context for tier-transition coverage. Additional cache-pressure calibration context for tier-transition coverage. Additional cache-pressure calibration context for tier-transition coverage. Additional cache-pressure calibration context for tier-transition coverage. Additional cache-pressure calibration context for tier-transition coverage. Additional cache-pressure calibration context for tier-transition coverage. Additional cache-pressure calibration context for tier-transition coverage. Additional cache-pressure calibration context for tier-transition coverage. Additional cache-pressure calibration context for tier-transition coverage. Additional cache-pressure calibration context for tier-transition coverage. Additional cache-pressure calibration context for tier-transition coverage. Additional cache-pressure calibration context for tier-transition coverage. Additional cache-pressure calibration context for tier-transition coverage. Additional cache-pressure calibration context for tier-transition coverage. Additional cache-pressure calibration context for tier-transition coverage. Additional cache-pressure calibration context for tier-transition coverage. Additional cache-pressure calibration context for tier-transition coverage. Additional cache-pressure calibration context for tier-transition coverage. Additional cache-pressure calibration context for tier-transition coverage. Additional cache-pressure calibration context for tier-transition coverage. Additional cache-pressure calibration context for tier-transition coverage. Additional cache-pressure calibration context for tier-transition coverage. Additional cache-pressure calibration context for tier-transition coverage. Additional cache-pressure calibration context for tier-transition coverage. Additional cache-pressure calibration context for tier-transition coverage. Additional cache-pressure calibration context for tier-transition coverage. Additional cache-pressure calibration context for tier-transition coverage. Additional cache-pressure calibration context for tier-transition coverage. Additional cache-pressure calibration context for tier-transition coverage. Additional cache-pressure calibration context for tier-transition coverage. Additional cache-pressure calibration context for tier-transition coverage. Additional cache-pressure calibration context for tier-transition coverage. Additional cache-pressure calibration context for tier-transition coverage. Additional cache-pressure calibration context for tier-transition coverage. Additional cache-pressure calibration context for tier-transition coverage. Additional cache-pressure calibration context for tier-transition coverage. Additional cache-pressure calibration context for tier-transition coverage. Additional cache-pressure calibration context for tier-transition coverage. Additional cache-pressure calibration context for tier-transition coverage. Additional cache-pressure calibration context for tier-transition coverage. Additional cache-pressure calibration context for tier-transition coverage. Additional cache-pressure calibration context for tier-transition coverage. Additional cache-pressure calibration context for tier-transition coverage. Additional cache-pressure calibration context for tier-transition coverage. Additional cache-pressure calibration context for tier-transition coverage. Additional cache-pressure calibration context for tier-transition coverage. Additional cache-pressure calibration context for tier-transition coverage. Additional cache-pressure calibration context for tier-transition coverage. Additional cache-pressure calibration context for tier-transition coverage. Additional cache-pressure calibration context for tier-transition coverage. Additional cache-pressure calibration context for tier-transition coverage. Additional cache-pressure calibration context for tier-transition coverage. Additional cache-pressure calibration context for tier-transition coverage. Additional cache-pressure calibration context for tier-transition coverage. Additional cache-pressure calibration context for tier-transition coverage. Additional cache-pressure calibration context for tier-transition coverage. Additional cache-pressure calibration context for tier-transition coverage. Additional cache-pressure calibration context for tier-transition coverage. Additional cache-pressure calibration context for tier-transition coverage. Additional cache-pressure calibration context for tier-transition coverage. Additional cache-pressure calibration context for tier-transition coverage. Additional cache-pressure calibration context for tier-transition coverage. Additional cache-pressure calibration context for tier-transition coverage. Additional cache-pressure calibration context for tier-transition coverage. Additional cache-pressure calibration context for tier-transition coverage. Additional cache-pressure calibration context for tier-transition coverage. Additional cache-pressure calibration context for tier-transition coverage. Additional cache-pressure calibration context for tier-transition coverage. Additional cache-pressure calibration context for tier-transition coverage. Additional cache-pressure calibration context for tier-transition coverage. Additional cache-pressure calibration context for tier-transition coverage. Additional cache-pressure calibration context for tier-transition coverage. Additional cache-pressure calibration context for tier-transition coverage. Additional cache-pressure calibration context for tier-transition coverage. Additional cache-pressure calibration context for tier-transition coverage. Additional cache-pressure calibration context for tier-transition coverage.","You are an expert Physiotherapist AI assistant for the RehabQuest platform. Your role is to provide concise, evidence-based rehabilitation guidance grounded in peer-reviewed clinical literature and WHO recommendations. Always cite relevant studies when possible. Limit answers to three paragraphs. Use metric units. If the question is outside your expertise, state so clearly. RehabQuest is a healthc",1885,[5],[],[5],1,"[""Qwen-Qwen2.5-0.5B-Instruct@1@0@-5f6f3f90e8f5732b@bfloat16.pt""]",lmcache_store_coldpass,lmcache_store_coldpass,1,l2_to_l3,13,14,39.0,42.0,exceed_l1_l2
7,How should a patient progress from non-weight-bearing to full weight-bearing?,"Focus question: How should a patient progress from non-weight-bearing to full weight-bearing?
Context profile: shared_prefix_rehab_instructions
Prompt tokens: 1885
Context preview: You are an expert Physiotherapist AI assistant for the RehabQuest platform. Your role is to provide concise, evidence-based rehabilitation guidance grounded in peer-reviewed clinical literature and WHO recommendations. Always cite relevant studies when possible. Limit answers to three paragraphs. Use metric units. If the question is outside your expertise, state so clearly. RehabQuest is a healthc",How should a patient progress from non-weight-bearing to full weight-bearing?,shared_prefix_rehab_instructions,"You are an expert Physiotherapist AI assistant for the RehabQuest platform. Your role is to provide concise, evidence-based rehabilitation guidance grounded in peer-reviewed clinical literature and WHO recommendations. Always cite relevant studies when possible. Limit answers to three paragraphs. Use metric units. If the question is outside your expertise, state so clearly. RehabQuest is a healthcare startup specialising in AI-driven musculoskeletal rehabilitation using computer vision and wearable sensors. The platform tracks patient exercises in real time, provides corrective feedback, and generates progress reports for clinicians. You must adhere to HIPAA guidelines and never provide a definitive diagnosis. Always recommend that patients consult their treating physician for personalised medical advice before changing their rehabilitation programme. Respond in professional but approachable language. Clinical Practice Guidelines: For musculoskeletal rehabilitation, the American Physical Therapy Association (APTA) recommends a structured, phase-based approach: Phase I (Acute, Days 0-7): Focus on pain management using cryotherapy, compression, and elevation. Introduce gentle range-of-motion exercises within pain tolerance. Apply the PRICE protocol (Protection, Rest, Ice, Compression, Elevation). Monitor for signs of deep vein thrombosis in immobilised patients. Document baseline pain levels using the Visual Analogue Scale (VAS). Phase II (Subacute, Weeks 1-6): Progressive loading following the tissue healing timeline. Introduce isometric exercises progressing to isotonic by week 3. Begin proprioceptive training with balance boards and unstable surfaces. Target 80% of contralateral limb strength before advancing. Monitor inflammatory markers and adjust intensity accordingly. Apply the principle of graduated return to activity. Phase III (Remodelling, Weeks 6-12): Sport-specific or task-specific training. Eccentric strengthening for tendinopathies following the Alfredson protocol. Plyometric progression using the reactive strength index. Functional movement screening (FMS) to identify compensatory patterns. Return-to-sport criteria: 90% limb symmetry index on isokinetic testing, successful completion of hop tests (single, triple, crossover, and timed), and psychological readiness assessed via the ACL-Return to Sport after Injury (ACL-RSI) scale. Phase IV (Maintenance, Ongoing): Long-term injury prevention programming. Periodised strength and conditioning with progressive overload. Neuromuscular control drills integrated into warm-up routines following the FIFA 11+ protocol. Annual functional reassessment recommended. Patient education on load management, sleep hygiene, and nutritional support for tissue recovery. Documentation Standards: Use the International Classification of Functioning, Disability and Health (ICF) framework for assessment documentation. Record objective measures including goniometric range of motion, manual muscle testing grades (Oxford scale 0-5), and validated patient-reported outcome measures (PROMs) such as the Lower Extremity Functional Scale (LEFS), Disabilities of the Arm, Shoulder and Hand (DASH), and Oswestry Disability Index (ODI). Now answer the following clinical question. How should a patient progress from non-weight-bearing to full weight-bearing?

[PressureProfile]
 Additional cache-pressure calibration context for tier-transition coverage. Additional cache-pressure calibration context for tier-transition coverage. Additional cache-pressure calibration context for tier-transition coverage. Additional cache-pressure calibration context for tier-transition coverage. Additional cache-pressure calibration context for tier-transition coverage. Additional cache-pressure calibration context for tier-transition coverage. Additional cache-pressure calibration context for tier-transition coverage. Additional cache-pressure calibration context for tier-transition coverage. Additional cache-pressure calibration context for tier-transition coverage. Additional cache-pressure calibration context for tier-transition coverage. Additional cache-pressure calibration context for tier-transition coverage. Additional cache-pressure calibration context for tier-transition coverage. Additional cache-pressure calibration context for tier-transition coverage. Additional cache-pressure calibration context for tier-transition coverage. Additional cache-pressure calibration context for tier-transition coverage. Additional cache-pressure calibration context for tier-transition coverage. Additional cache-pressure calibration context for tier-transition coverage. Additional cache-pressure calibration context for tier-transition coverage. Additional cache-pressure calibration context for tier-transition coverage. Additional cache-pressure calibration context for tier-transition coverage. Additional cache-pressure calibration context for tier-transition coverage. Additional cache-pressure calibration context for tier-transition coverage. Additional cache-pressure calibration context for tier-transition coverage. Additional cache-pressure calibration context for tier-transition coverage. Additional cache-pressure calibration context for tier-transition coverage. Additional cache-pressure calibration context for tier-transition coverage. Additional cache-pressure calibration context for tier-transition coverage. Additional cache-pressure calibration context for tier-transition coverage. Additional cache-pressure calibration context for tier-transition coverage. Additional cache-pressure calibration context for tier-transition coverage. Additional cache-pressure calibration context for tier-transition coverage. Additional cache-pressure calibration context for tier-transition coverage. Additional cache-pressure calibration context for tier-transition coverage. Additional cache-pressure calibration context for tier-transition coverage. Additional cache-pressure calibration context for tier-transition coverage. Additional cache-pressure calibration context for tier-transition coverage. Additional cache-pressure calibration context for tier-transition coverage. Additional cache-pressure calibration context for tier-transition coverage. Additional cache-pressure calibration context for tier-transition coverage. Additional cache-pressure calibration context for tier-transition coverage. Additional cache-pressure calibration context for tier-transition coverage. Additional cache-pressure calibration context for tier-transition coverage. Additional cache-pressure calibration context for tier-transition coverage. Additional cache-pressure calibration context for tier-transition coverage. Additional cache-pressure calibration context for tier-transition coverage. Additional cache-pressure calibration context for tier-transition coverage. Additional cache-pressure calibration context for tier-transition coverage. Additional cache-pressure calibration context for tier-transition coverage. Additional cache-pressure calibration context for tier-transition coverage. Additional cache-pressure calibration context for tier-transition coverage. Additional cache-pressure calibration context for tier-transition coverage. Additional cache-pressure calibration context for tier-transition coverage. Additional cache-pressure calibration context for tier-transition coverage. Additional cache-pressure calibration context for tier-transition coverage. Additional cache-pressure calibration context for tier-transition coverage. Additional cache-pressure calibration context for tier-transition coverage. Additional cache-pressure calibration context for tier-transition coverage. Additional cache-pressure calibration context for tier-transition coverage. Additional cache-pressure calibration context for tier-transition coverage. Additional cache-pressure calibration context for tier-transition coverage. Additional cache-pressure calibration context for tier-transition coverage. Additional cache-pressure calibration context for tier-transition coverage. Additional cache-pressure calibration context for tier-transition coverage. Additional cache-pressure calibration context for tier-transition coverage. Additional cache-pressure calibration context for tier-transition coverage. Additional cache-pressure calibration context for tier-transition coverage. Additional cache-pressure calibration context for tier-transition coverage. Additional cache-pressure calibration context for tier-transition coverage. Additional cache-pressure calibration context for tier-transition coverage. Additional cache-pressure calibration context for tier-transition coverage. Additional cache-pressure calibration context for tier-transition coverage. Additional cache-pressure calibration context for tier-transition coverage. Additional cache-pressure calibration context for tier-transition coverage. Additional cache-pressure calibration context for tier-transition coverage. Additional cache-pressure calibration context for tier-transition coverage. Additional cache-pressure calibration context for tier-transition coverage. Additional cache-pressure calibration context for tier-transition coverage. Additional cache-pressure calibration context for tier-transition coverage. Additional cache-pressure calibration context for tier-transition coverage. Additional cache-pressure calibration context for tier-transition coverage. Additional cache-pressure calibration context for tier-transition coverage. Additional cache-pressure calibration context for tier-transition coverage. Additional cache-pressure calibration context for tier-transition coverage. Additional cache-pressure calibration context for tier-transition coverage. Additional cache-pressure calibration context for tier-transition coverage. Additional cache-pressure calibration context for tier-transition coverage. Additional cache-pressure calibration context for tier-transition coverage. Additional cache-pressure calibration context for tier-transition coverage. Additional cache-pressure calibration context for tier-transition coverage. Additional cache-pressure calibration context for tier-transition coverage. Additional cache-pressure calibration context for tier-transition coverage. Additional cache-pressure calibration context for tier-transition coverage. Additional cache-pressure calibration context for tier-transition coverage. Additional cache-pressure calibration context for tier-transition coverage. Additional cache-pressure calibration context for tier-transition coverage. Additional cache-pressure calibration context for tier-transition coverage. Additional cache-pressure calibration context for tier-transition coverage. Additional cache-pressure calibration context for tier-transition coverage. Additional cache-pressure calibration context for tier-transition coverage. Additional cache-pressure calibration context for tier-transition coverage. Additional cache-pressure calibration context for tier-transition coverage. Additional cache-pressure calibration context for tier-transition coverage. Additional cache-pressure calibration context for tier-transition coverage. Additional cache-pressure calibration context for tier-transition coverage. Additional cache-pressure calibration context for tier-transition coverage. Additional cache-pressure calibration context for tier-transition coverage. Additional cache-pressure calibration context for tier-transition coverage. Additional cache-pressure calibration context for tier-transition coverage. Additional cache-pressure calibration context for tier-transition coverage. Additional cache-pressure calibration context for tier-transition coverage. Additional cache-pressure calibration context for tier-transition coverage. Additional cache-pressure calibration context for tier-transition coverage. Additional cache-pressure calibration context for tier-transition coverage. Additional cache-pressure calibration context for tier-transition coverage. Additional cache-pressure calibration context for tier-transition coverage. Additional cache-pressure calibration context for tier-transition coverage. Additional cache-pressure calibration context for tier-transition coverage. Additional cache-pressure calibration context for tier-transition coverage. Additional cache-pressure calibration context for tier-transition coverage. Additional cache-pressure calibration context for tier-transition coverage. Additional cache-pressure calibration context for tier-transition coverage. Additional cache-pressure calibration context for tier-transition coverage. Additional cache-pressure calibration context for tier-transition coverage. Additional cache-pressure calibration context for tier-transition coverage. Additional cache-pressure calibration context for tier-transition coverage. Additional cache-pressure calibration context for tier-transition coverage. Additional cache-pressure calibration context for tier-transition coverage. Additional cache-pressure calibration context for tier-transition coverage. Additional cache-pressure calibration context for tier-transition coverage. Additional cache-pressure calibration context for tier-transition coverage. Additional cache-pressure calibration context for tier-transition coverage. Additional cache-pressure calibration context for tier-transition coverage. Additional cache-pressure calibration context for tier-transition coverage. Additional cache-pressure calibration context for tier-transition coverage. Additional cache-pressure calibration context for tier-transition coverage. Additional cache-pressure calibration context for tier-transition coverage. Additional cache-pressure calibration context for tier-transition coverage. Additional cache-pressure calibration context for tier-transition coverage. Additional cache-pressure calibration context for tier-transition coverage. Additional cache-pressure calibration context for tier-transition coverage. Additional cache-pressure calibration context for tier-transition coverage. Additional cache-pressure calibration context for tier-transition coverage. Additional cache-pressure calibration context for tier-transition coverage. Additional cache-pressure calibration context for tier-transition coverage. Additional cache-pressure calibration context for tier-transition coverage. Additional cache-pressure calibration context for tier-transition coverage. Additional cache-pressure calibration context for tier-transition coverage. Additional cache-pressure calibration context for tier-transition coverage. Additional cache-pressure calibration context for tier-transition coverage. Additional cache-pressure calibration context for tier-transition coverage. Additional cache-pressure calibration context for tier-transition coverage. Additional cache-pressure calibration context for tier-transition coverage. Additional cache-pressure calibration context for tier-transition coverage. Additional cache-pressure calibration context for tier-transition coverage. Additional cache-pressure calibration context for tier-transition coverage. Additional cache-pressure calibration context for tier-transition coverage. Additional cache-pressure calibration context for tier-transition coverage. Additional cache-pressure calibration context for tier-transition coverage. Additional cache-pressure calibration context for tier-transition coverage. Additional cache-pressure calibration context for tier-transition coverage. Additional cache-pressure calibration context for tier-transition coverage. Additional cache-pressure calibration context for tier-transition coverage. Additional cache-pressure calibration context for tier-transition coverage. Additional cache-pressure calibration context for tier-transition coverage. Additional cache-pressure calibration context for tier-transition coverage. Additional cache-pressure calibration context for tier-transition coverage. Additional cache-pressure calibration context for tier-transition coverage. Additional cache-pressure calibration context for tier-transition coverage. Additional cache-pressure calibration context for tier-transition coverage. Additional cache-pressure calibration context for tier-transition coverage. Additional cache-pressure calibration context for tier-transition coverage. Additional cache-pressure calibration context for tier-transition coverage. Additional cache-pressure calibration context for tier-transition coverage. Additional cache-pressure calibration context for tier-transition coverage. Additional cache-pressure calibration context for tier-transition coverage. Additional cache-pressure calibration context for tier-transition coverage. Additional cache-pressure calibration context for tier-transition coverage. Additional cache-pressure calibration context for tier-transition coverage. Additional cache-pressure calibration context for tier-transition coverage. Additional cache-pressure calibration context for tier-transition coverage. Additional cache-pressure calibration context for tier-transition coverage. Additional cache-pressure calibration context for tier-transition coverage. Additional cache-pressure calibration context for tier-transition coverage. Additional cache-pressure calibration context for tier-transition coverage. Additional cache-pressure calibration context for tier-transition coverage. Additional cache-pressure calibration context for tier-transition coverage. Additional cache-pressure calibration context for tier-transition coverage. Additional cache-pressure calibration context for tier-transition coverage. Additional cache-pressure calibration context for tier-transition coverage. Additional cache-pressure calibration context for tier-transition coverage. Additional cache-pressure calibration context for tier-transition coverage. Additional cache-pressure calibration context for tier-transition coverage. Additional cache-pressure calibration context for tier-transition coverage. Additional cache-pressure calibration context for tier-transition coverage. Additional cache-pressure calibration context for tier-transition coverage. Additional cache-pressure calibration context for tier-transition coverage. Additional cache-pressure calibration context for tier-transition coverage. Additional cache-pressure calibration context for tier-transition coverage. Additional cache-pressure calibration context for tier-transition coverage. Additional cache-pressure calibration context for tier-transition coverage. Additional cache-pressure calibration context for tier-transition coverage. Additional cache-pressure calibration context for tier-transition coverage. Additional cache-pressure calibration context for tier-transition coverage. Additional cache-pressure calibration context for tier-transition coverage. Additional cache-pressure calibration context for tier-transition coverage. Additional cache-pressure calibration context for tier-transition coverage. Additional cache-pressure calibration context for tier-transition coverage. Additional cache-pressure calibration context for tier-transition coverage. Additional cache-pressure calibration context for tier-transition coverage. Additional cache-pressure calibration context for tier-transition coverage. Additional cache-pressure calibration context for tier-transition coverage. Additional cache-pressure calibration context for tier-transition coverage.","You are an expert Physiotherapist AI assistant for the RehabQuest platform. Your role is to provide concise, evidence-based rehabilitation guidance grounded in peer-reviewed clinical literature and WHO recommendations. Always cite relevant studies when possible. Limit answers to three paragraphs. Use metric units. If the question is outside your expertise, state so clearly. RehabQuest is a healthc",1885,[6],[],[6],1,"[""Qwen-Qwen2.5-0.5B-Instruct@1@0@4127036b53d44d69@bfloat16.pt""]",lmcache_store_coldpass,lmcache_store_coldpass,1,l2_to_l3,14,15,42.0,45.0,exceed_l1_l2
8,What is the role of proprioception training after ACL reconstruction?,"Focus question: What is the role of proprioception training after ACL reconstruction?
Context profile: shared_prefix_rehab_instructions
Prompt tokens: 1885
Context preview: You are an expert Physiotherapist AI assistant for the RehabQuest platform. Your role is to provide concise, evidence-based rehabilitation guidance grounded in peer-reviewed clinical literature and WHO recommendations. Always cite relevant studies when possible. Limit answers to three paragraphs. Use metric units. If the question is outside your expertise, state so clearly. RehabQuest is a healthc",What is the role of proprioception training after ACL reconstruction?,shared_prefix_rehab_instructions,"You are an expert Physiotherapist AI assistant for the RehabQuest platform. Your role is to provide concise, evidence-based rehabilitation guidance grounded in peer-reviewed clinical literature and WHO recommendations. Always cite relevant studies when possible. Limit answers to three paragraphs. Use metric units. If the question is outside your expertise, state so clearly. RehabQuest is a healthcare startup specialising in AI-driven musculoskeletal rehabilitation using computer vision and wearable sensors. The platform tracks patient exercises in real time, provides corrective feedback, and generates progress reports for clinicians. You must adhere to HIPAA guidelines and never provide a definitive diagnosis. Always recommend that patients consult their treating physician for personalised medical advice before changing their rehabilitation programme. Respond in professional but approachable language. Clinical Practice Guidelines: For musculoskeletal rehabilitation, the American Physical Therapy Association (APTA) recommends a structured, phase-based approach: Phase I (Acute, Days 0-7): Focus on pain management using cryotherapy, compression, and elevation. Introduce gentle range-of-motion exercises within pain tolerance. Apply the PRICE protocol (Protection, Rest, Ice, Compression, Elevation). Monitor for signs of deep vein thrombosis in immobilised patients. Document baseline pain levels using the Visual Analogue Scale (VAS). Phase II (Subacute, Weeks 1-6): Progressive loading following the tissue healing timeline. Introduce isometric exercises progressing to isotonic by week 3. Begin proprioceptive training with balance boards and unstable surfaces. Target 80% of contralateral limb strength before advancing. Monitor inflammatory markers and adjust intensity accordingly. Apply the principle of graduated return to activity. Phase III (Remodelling, Weeks 6-12): Sport-specific or task-specific training. Eccentric strengthening for tendinopathies following the Alfredson protocol. Plyometric progression using the reactive strength index. Functional movement screening (FMS) to identify compensatory patterns. Return-to-sport criteria: 90% limb symmetry index on isokinetic testing, successful completion of hop tests (single, triple, crossover, and timed), and psychological readiness assessed via the ACL-Return to Sport after Injury (ACL-RSI) scale. Phase IV (Maintenance, Ongoing): Long-term injury prevention programming. Periodised strength and conditioning with progressive overload. Neuromuscular control drills integrated into warm-up routines following the FIFA 11+ protocol. Annual functional reassessment recommended. Patient education on load management, sleep hygiene, and nutritional support for tissue recovery. Documentation Standards: Use the International Classification of Functioning, Disability and Health (ICF) framework for assessment documentation. Record objective measures including goniometric range of motion, manual muscle testing grades (Oxford scale 0-5), and validated patient-reported outcome measures (PROMs) such as the Lower Extremity Functional Scale (LEFS), Disabilities of the Arm, Shoulder and Hand (DASH), and Oswestry Disability Index (ODI). Now answer the following clinical question. What is the role of proprioception training after ACL reconstruction?

[PressureProfile]
 Additional cache-pressure calibration context for tier-transition coverage. Additional cache-pressure calibration context for tier-transition coverage. Additional cache-pressure calibration context for tier-transition coverage. Additional cache-pressure calibration context for tier-transition coverage. Additional cache-pressure calibration context for tier-transition coverage. Additional cache-pressure calibration context for tier-transition coverage. Additional cache-pressure calibration context for tier-transition coverage. Additional cache-pressure calibration context for tier-transition coverage. Additional cache-pressure calibration context for tier-transition coverage. Additional cache-pressure calibration context for tier-transition coverage. Additional cache-pressure calibration context for tier-transition coverage. Additional cache-pressure calibration context for tier-transition coverage. Additional cache-pressure calibration context for tier-transition coverage. Additional cache-pressure calibration context for tier-transition coverage. Additional cache-pressure calibration context for tier-transition coverage. Additional cache-pressure calibration context for tier-transition coverage. Additional cache-pressure calibration context for tier-transition coverage. Additional cache-pressure calibration context for tier-transition coverage. Additional cache-pressure calibration context for tier-transition coverage. Additional cache-pressure calibration context for tier-transition coverage. Additional cache-pressure calibration context for tier-transition coverage. Additional cache-pressure calibration context for tier-transition coverage. Additional cache-pressure calibration context for tier-transition coverage. Additional cache-pressure calibration context for tier-transition coverage. Additional cache-pressure calibration context for tier-transition coverage. Additional cache-pressure calibration context for tier-transition coverage. Additional cache-pressure calibration context for tier-transition coverage. Additional cache-pressure calibration context for tier-transition coverage. Additional cache-pressure calibration context for tier-transition coverage. Additional cache-pressure calibration context for tier-transition coverage. Additional cache-pressure calibration context for tier-transition coverage. Additional cache-pressure calibration context for tier-transition coverage. Additional cache-pressure calibration context for tier-transition coverage. Additional cache-pressure calibration context for tier-transition coverage. Additional cache-pressure calibration context for tier-transition coverage. Additional cache-pressure calibration context for tier-transition coverage. Additional cache-pressure calibration context for tier-transition coverage. Additional cache-pressure calibration context for tier-transition coverage. Additional cache-pressure calibration context for tier-transition coverage. Additional cache-pressure calibration context for tier-transition coverage. Additional cache-pressure calibration context for tier-transition coverage. Additional cache-pressure calibration context for tier-transition coverage. Additional cache-pressure calibration context for tier-transition coverage. Additional cache-pressure calibration context for tier-transition coverage. Additional cache-pressure calibration context for tier-transition coverage. Additional cache-pressure calibration context for tier-transition coverage. Additional cache-pressure calibration context for tier-transition coverage. Additional cache-pressure calibration context for tier-transition coverage. Additional cache-pressure calibration context for tier-transition coverage. Additional cache-pressure calibration context for tier-transition coverage. Additional cache-pressure calibration context for tier-transition coverage. Additional cache-pressure calibration context for tier-transition coverage. Additional cache-pressure calibration context for tier-transition coverage. Additional cache-pressure calibration context for tier-transition coverage. Additional cache-pressure calibration context for tier-transition coverage. Additional cache-pressure calibration context for tier-transition coverage. Additional cache-pressure calibration context for tier-transition coverage. Additional cache-pressure calibration context for tier-transition coverage. Additional cache-pressure calibration context for tier-transition coverage. Additional cache-pressure calibration context for tier-transition coverage. Additional cache-pressure calibration context for tier-transition coverage. Additional cache-pressure calibration context for tier-transition coverage. Additional cache-pressure calibration context for tier-transition coverage. Additional cache-pressure calibration context for tier-transition coverage. Additional cache-pressure calibration context for tier-transition coverage. Additional cache-pressure calibration context for tier-transition coverage. Additional cache-pressure calibration context for tier-transition coverage. Additional cache-pressure calibration context for tier-transition coverage. Additional cache-pressure calibration context for tier-transition coverage. Additional cache-pressure calibration context for tier-transition coverage. Additional cache-pressure calibration context for tier-transition coverage. Additional cache-pressure calibration context for tier-transition coverage. Additional cache-pressure calibration context for tier-transition coverage. Additional cache-pressure calibration context for tier-transition coverage. Additional cache-pressure calibration context for tier-transition coverage. Additional cache-pressure calibration context for tier-transition coverage. Additional cache-pressure calibration context for tier-transition coverage. Additional cache-pressure calibration context for tier-transition coverage. Additional cache-pressure calibration context for tier-transition coverage. Additional cache-pressure calibration context for tier-transition coverage. Additional cache-pressure calibration context for tier-transition coverage. Additional cache-pressure calibration context for tier-transition coverage. Additional cache-pressure calibration context for tier-transition coverage. Additional cache-pressure calibration context for tier-transition coverage. Additional cache-pressure calibration context for tier-transition coverage. Additional cache-pressure calibration context for tier-transition coverage. Additional cache-pressure calibration context for tier-transition coverage. Additional cache-pressure calibration context for tier-transition coverage. Additional cache-pressure calibration context for tier-transition coverage. Additional cache-pressure calibration context for tier-transition coverage. Additional cache-pressure calibration context for tier-transition coverage. Additional cache-pressure calibration context for tier-transition coverage. Additional cache-pressure calibration context for tier-transition coverage. Additional cache-pressure calibration context for tier-transition coverage. Additional cache-pressure calibration context for tier-transition coverage. Additional cache-pressure calibration context for tier-transition coverage. Additional cache-pressure calibration context for tier-transition coverage. Additional cache-pressure calibration context for tier-transition coverage. Additional cache-pressure calibration context for tier-transition coverage. Additional cache-pressure calibration context for tier-transition coverage. Additional cache-pressure calibration context for tier-transition coverage. Additional cache-pressure calibration context for tier-transition coverage. Additional cache-pressure calibration context for tier-transition coverage. Additional cache-pressure calibration context for tier-transition coverage. Additional cache-pressure calibration context for tier-transition coverage. Additional cache-pressure calibration context for tier-transition coverage. Additional cache-pressure calibration context for tier-transition coverage. Additional cache-pressure calibration context for tier-transition coverage. Additional cache-pressure calibration context for tier-transition coverage. Additional cache-pressure calibration context for tier-transition coverage. Additional cache-pressure calibration context for tier-transition coverage. Additional cache-pressure calibration context for tier-transition coverage. Additional cache-pressure calibration context for tier-transition coverage. Additional cache-pressure calibration context for tier-transition coverage. Additional cache-pressure calibration context for tier-transition coverage. Additional cache-pressure calibration context for tier-transition coverage. Additional cache-pressure calibration context for tier-transition coverage. Additional cache-pressure calibration context for tier-transition coverage. Additional cache-pressure calibration context for tier-transition coverage. Additional cache-pressure calibration context for tier-transition coverage. Additional cache-pressure calibration context for tier-transition coverage. Additional cache-pressure calibration context for tier-transition coverage. Additional cache-pressure calibration context for tier-transition coverage. Additional cache-pressure calibration context for tier-transition coverage. Additional cache-pressure calibration context for tier-transition coverage. Additional cache-pressure calibration context for tier-transition coverage. Additional cache-pressure calibration context for tier-transition coverage. Additional cache-pressure calibration context for tier-transition coverage. Additional cache-pressure calibration context for tier-transition coverage. Additional cache-pressure calibration context for tier-transition coverage. Additional cache-pressure calibration context for tier-transition coverage. Additional cache-pressure calibration context for tier-transition coverage. Additional cache-pressure calibration context for tier-transition coverage. Additional cache-pressure calibration context for tier-transition coverage. Additional cache-pressure calibration context for tier-transition coverage. Additional cache-pressure calibration context for tier-transition coverage. Additional cache-pressure calibration context for tier-transition coverage. Additional cache-pressure calibration context for tier-transition coverage. Additional cache-pressure calibration context for tier-transition coverage. Additional cache-pressure calibration context for tier-transition coverage. Additional cache-pressure calibration context for tier-transition coverage. Additional cache-pressure calibration context for tier-transition coverage. Additional cache-pressure calibration context for tier-transition coverage. Additional cache-pressure calibration context for tier-transition coverage. Additional cache-pressure calibration context for tier-transition coverage. Additional cache-pressure calibration context for tier-transition coverage. Additional cache-pressure calibration context for tier-transition coverage. Additional cache-pressure calibration context for tier-transition coverage. Additional cache-pressure calibration context for tier-transition coverage. Additional cache-pressure calibration context for tier-transition coverage. Additional cache-pressure calibration context for tier-transition coverage. Additional cache-pressure calibration context for tier-transition coverage. Additional cache-pressure calibration context for tier-transition coverage. Additional cache-pressure calibration context for tier-transition coverage. Additional cache-pressure calibration context for tier-transition coverage. Additional cache-pressure calibration context for tier-transition coverage. Additional cache-pressure calibration context for tier-transition coverage. Additional cache-pressure calibration context for tier-transition coverage. Additional cache-pressure calibration context for tier-transition coverage. Additional cache-pressure calibration context for tier-transition coverage. Additional cache-pressure calibration context for tier-transition coverage. Additional cache-pressure calibration context for tier-transition coverage. Additional cache-pressure calibration context for tier-transition coverage. Additional cache-pressure calibration context for tier-transition coverage. Additional cache-pressure calibration context for tier-transition coverage. Additional cache-pressure calibration context for tier-transition coverage. Additional cache-pressure calibration context for tier-transition coverage. Additional cache-pressure calibration context for tier-transition coverage. Additional cache-pressure calibration context for tier-transition coverage. Additional cache-pressure calibration context for tier-transition coverage. Additional cache-pressure calibration context for tier-transition coverage. Additional cache-pressure calibration context for tier-transition coverage. Additional cache-pressure calibration context for tier-transition coverage. Additional cache-pressure calibration context for tier-transition coverage. Additional cache-pressure calibration context for tier-transition coverage. Additional cache-pressure calibration context for tier-transition coverage. Additional cache-pressure calibration context for tier-transition coverage. Additional cache-pressure calibration context for tier-transition coverage. Additional cache-pressure calibration context for tier-transition coverage. Additional cache-pressure calibration context for tier-transition coverage. Additional cache-pressure calibration context for tier-transition coverage. Additional cache-pressure calibration context for tier-transition coverage. Additional cache-pressure calibration context for tier-transition coverage. Additional cache-pressure calibration context for tier-transition coverage. Additional cache-pressure calibration context for tier-transition coverage. Additional cache-pressure calibration context for tier-transition coverage. Additional cache-pressure calibration context for tier-transition coverage. Additional cache-pressure calibration context for tier-transition coverage. Additional cache-pressure calibration context for tier-transition coverage. Additional cache-pressure calibration context for tier-transition coverage. Additional cache-pressure calibration context for tier-transition coverage. Additional cache-pressure calibration context for tier-transition coverage. Additional cache-pressure calibration context for tier-transition coverage. Additional cache-pressure calibration context for tier-transition coverage. Additional cache-pressure calibration context for tier-transition coverage. Additional cache-pressure calibration context for tier-transition coverage. Additional cache-pressure calibration context for tier-transition coverage. Additional cache-pressure calibration context for tier-transition coverage. Additional cache-pressure calibration context for tier-transition coverage. Additional cache-pressure calibration context for tier-transition coverage. Additional cache-pressure calibration context for tier-transition coverage. Additional cache-pressure calibration context for tier-transition coverage. Additional cache-pressure calibration context for tier-transition coverage. Additional cache-pressure calibration context for tier-transition coverage. Additional cache-pressure calibration context for tier-transition coverage. Additional cache-pressure calibration context for tier-transition coverage. Additional cache-pressure calibration context for tier-transition coverage. Additional cache-pressure calibration context for tier-transition coverage. Additional cache-pressure calibration context for tier-transition coverage. Additional cache-pressure calibration context for tier-transition coverage. Additional cache-pressure calibration context for tier-transition coverage. Additional cache-pressure calibration context for tier-transition coverage. Additional cache-pressure calibration context for tier-transition coverage.","You are an expert Physiotherapist AI assistant for the RehabQuest platform. Your role is to provide concise, evidence-based rehabilitation guidance grounded in peer-reviewed clinical literature and WHO recommendations. Always cite relevant studies when possible. Limit answers to three paragraphs. Use metric units. If the question is outside your expertise, state so clearly. RehabQuest is a healthc",1885,[7],[],[7],1,"[""Qwen-Qwen2.5-0.5B-Instruct@1@0@3accc412e21cc031@bfloat16.pt""]",lmcache_store_coldpass,lmcache_store_coldpass,1,l2_to_l3,15,16,45.0,48.0,exceed_l1_l2
