query_id,query_text,embedding_text,focus_text,context_profile,prompt_text,prompt_preview,input_tokens,chunk_ids_needed,shared_chunk_ids,unique_chunk_ids,num_chunks,runtime_chunk_ids,chunk_event_source,chunk_id_source,runtime_event_count,tier_transition_event,cache_file_count_before,cache_file_count_after,cache_disk_mb_before,cache_disk_mb_after,pressure_phase
1,What are the core vision and mission statements of Tongaat Hulett?,"Focus question: What are the core vision and mission statements of Tongaat Hulett?
Context profile: rag_shared_document_finance_reports
Prompt tokens: 1341
Context preview: Context: Tongaat Hulett and Implats ESG Report Summary — Tongaat Hulett is a leading agri-processing business focusing on the complementary activities of sugar production, property development, and starch production. The company operates in South Africa, Mozambique, Zimbabwe, and Botswana, employing over 30,000 people at the peak of the sugar milling season. In the 2021 financial year, Tongaat Hul",What are the core vision and mission statements of Tongaat Hulett?,rag_shared_document_finance_reports,"Context: Tongaat Hulett and Implats ESG Report Summary — Tongaat Hulett is a leading agri-processing business focusing on the complementary activities of sugar production, property development, and starch production. The company operates in South Africa, Mozambique, Zimbabwe, and Botswana, employing over 30,000 people at the peak of the sugar milling season. In the 2021 financial year, Tongaat Hulett produced approximately 1.1 million tons of sugar. The company has committed to reducing energy intensity by 20% by 2025, with specific targets for water efficiency improvement. Tongaat Hulett invests in socio-economic development (SED) and reported total SED expenditure in 2021 aligned with community needs. The Lost Time Injury Frequency Rate (LTIFR) is a critical safety metric tracked annually. The company's ESG framework aligns with the UN Sustainable Development Goals and operates under ISO 45001 certification. Implats (Impala Platinum Holdings Limited) is one of the world's foremost producers of platinum group metals (PGMs). The company's operations span South Africa and Zimbabwe, with managed operations including Impala Rustenburg, Marula, and Zimplats. Implats' ESG framework is built on three pillars focusing on environmental stewardship, social responsibility, and governance excellence. The PS3 strategy guides sustainability alignment. In 2023, Implats achieved significant safety milestones while investing heavily in socio-economic development and community projects. The company targets a 30% reduction in carbon emissions by 2030 and has invested in renewable energy projects including the 35MW solar PV project at Zimplats. Water recycling rates exceeded targets, and the company maintains strict environmental compliance across all operations. The GISTM (Global Industry Standard on Tailings Management) compliance roadmap is actively being implemented. Both companies utilise the six capitals framework (Financial, Manufactured, Intellectual, Human, Social/Relationship, Natural) to illustrate value creation and regularly engage with stakeholders through structured programmes. The double materiality principle used in ESG reporting assesses both inward financial materiality and outward impact materiality to provide comprehensive sustainability reporting aligned with global standards. Tongaat Hulett reported revenue of approximately R16.2 billion in 2021, with significant capital expenditure directed towards operational efficiency improvements and environmental sustainability initiatives. The company's manufactured capital includes six sugar mills across four countries with a combined crushing capacity exceeding 8 million tons of sugarcane per season. Employee training and development spend reached R45 million, reflecting commitment to human capital investment. Implats distributed over R50 billion in total value to stakeholders in 2023, including R28 billion in wages and benefits, R12 billion in taxes and royalties, and R2.3 billion in dividends. The company's total mineral reserves stand at approximately 190 million ounces of platinum group metals. Production across all operations exceeded 3.2 million ounces of refined PGMs. The Marula mine in Limpopo province employs over 5,000 people and has achieved milestone safety records. Environmental management across both organisations addresses water stewardship, carbon emissions reduction, waste minimisation, and biodiversity conservation. Tongaat Hulett's sugarcane operations in KwaZulu-Natal face increasing climate risks from drought and flooding events, while Implats' mining operations in the Bushveld Complex manage dust emissions, acid mine drainage, and tailings storage facility safety under stringent regulatory requirements. Tongaat Hulett and Implats ESG Report Summary — Tongaat Hulett is a leading agri-processing business focusing on the complementary activities of sugar production, property development, and starch production. The company operates in South Africa, Mozambique, Zimbabwe, and Botswana, employing over 30,000 people at the peak of the sugar milling season. In the 2021 financial year, Tongaat Hulett produced approximately 1.1 million tons of sugar. The company has committed to reducing energy intensity by 20% by 2025, with specific targets for water efficiency improvement. Tongaat Hulett invests in socio-economic development (SED) and reported total SED expenditure in 2021 aligned with community needs. The Lost Time Injury Frequency Rate (LTIFR) is a critical safety metric tracked annually. The company's ESG framework aligns with the UN Sustainable Development Goals and operates under ISO 45001 certification. Implats (Impala Platinum Holdings Limited) is one of the world's foremost producers of platinum group metals (PGMs). The company's operations span South Africa and Zimbabwe, with managed operations including Impala Rustenburg, Marula, and Zimplats. Implats' ESG framework is built on three pillars focusing on environmental stewardship, social responsibility, and governance excellence. The PS3 strategy guides sustainability alignment. In 2023, Implats achieved significant safety milestones while investing heavily in socio-economic development and community projects. The company targets a 30% reduction in carbon emissions by 2030 and has invested in renewable energy projects including the 35MW solar PV project at Zimplats. Water recycling rates exceeded targets, and the company maintains strict environmental compliance across all operations. The GISTM (Global Industry Standard on Tailings Management) compliance roadmap is actively being implemented. Both companies utilise the six capitals framework (Financial, Manufactured, Intellectual, Human, Social/Relationship, Natural) to illustrate value creation and regularly engage with stakeholders through structured programmes. The double materiality principle used in ESG reporting assesses both inward financial materiality and outward impact materiality to provide comprehensive sustainability reporting aligned with global standards. Tongaat Hulett reported revenue of approximately R16.2 billion in 2021, with significant capital expenditure directed towards operational efficiency improvements and environmental sustainability initiatives. The company's manufactured capital includes six sugar mills across four countries with a combined crushing capacity exceeding 8 million tons of sugar

What are the core vision and mission statements of Tongaat Hulett?

[PressureProfile]
 Additional cache-pressure calibration context for tier-transition coverage. Additional cache-pressure calibration context for tier-transition coverage. Additional cache-pressure calibration context for tier-transition coverage. Additional cache-pressure calibration context for tier-transition coverage. Additional cache-pressure calibration context for tier-transition coverage. Additional cache-pressure calibration context for tier-transition coverage. Additional cache-pressure calibration context for tier-transition coverage.","Context: Tongaat Hulett and Implats ESG Report Summary — Tongaat Hulett is a leading agri-processing business focusing on the complementary activities of sugar production, property development, and starch production. The company operates in South Africa, Mozambique, Zimbabwe, and Botswana, employing over 30,000 people at the peak of the sugar milling season. In the 2021 financial year, Tongaat Hul",1341,[0],[],[0],1,"[""Qwen-Qwen2.5-0.5B-Instruct@1@0@-3bae3b30bee3d047@bfloat16.pt""]",lmcache_store_coldpass,lmcache_store_coldpass,1,none,150,151,450.0,453.0,baseline
2,Summarize the geographic footprint of Tongaat Hulett's operations.,"Focus question: Summarize the geographic footprint of Tongaat Hulett's operations.
Context profile: rag_shared_document_finance_reports
Prompt tokens: 1341
Context preview: Context: Tongaat Hulett and Implats ESG Report Summary — Tongaat Hulett is a leading agri-processing business focusing on the complementary activities of sugar production, property development, and starch production. The company operates in South Africa, Mozambique, Zimbabwe, and Botswana, employing over 30,000 people at the peak of the sugar milling season. In the 2021 financial year, Tongaat Hul",Summarize the geographic footprint of Tongaat Hulett's operations.,rag_shared_document_finance_reports,"Context: Tongaat Hulett and Implats ESG Report Summary — Tongaat Hulett is a leading agri-processing business focusing on the complementary activities of sugar production, property development, and starch production. The company operates in South Africa, Mozambique, Zimbabwe, and Botswana, employing over 30,000 people at the peak of the sugar milling season. In the 2021 financial year, Tongaat Hulett produced approximately 1.1 million tons of sugar. The company has committed to reducing energy intensity by 20% by 2025, with specific targets for water efficiency improvement. Tongaat Hulett invests in socio-economic development (SED) and reported total SED expenditure in 2021 aligned with community needs. The Lost Time Injury Frequency Rate (LTIFR) is a critical safety metric tracked annually. The company's ESG framework aligns with the UN Sustainable Development Goals and operates under ISO 45001 certification. Implats (Impala Platinum Holdings Limited) is one of the world's foremost producers of platinum group metals (PGMs). The company's operations span South Africa and Zimbabwe, with managed operations including Impala Rustenburg, Marula, and Zimplats. Implats' ESG framework is built on three pillars focusing on environmental stewardship, social responsibility, and governance excellence. The PS3 strategy guides sustainability alignment. In 2023, Implats achieved significant safety milestones while investing heavily in socio-economic development and community projects. The company targets a 30% reduction in carbon emissions by 2030 and has invested in renewable energy projects including the 35MW solar PV project at Zimplats. Water recycling rates exceeded targets, and the company maintains strict environmental compliance across all operations. The GISTM (Global Industry Standard on Tailings Management) compliance roadmap is actively being implemented. Both companies utilise the six capitals framework (Financial, Manufactured, Intellectual, Human, Social/Relationship, Natural) to illustrate value creation and regularly engage with stakeholders through structured programmes. The double materiality principle used in ESG reporting assesses both inward financial materiality and outward impact materiality to provide comprehensive sustainability reporting aligned with global standards. Tongaat Hulett reported revenue of approximately R16.2 billion in 2021, with significant capital expenditure directed towards operational efficiency improvements and environmental sustainability initiatives. The company's manufactured capital includes six sugar mills across four countries with a combined crushing capacity exceeding 8 million tons of sugarcane per season. Employee training and development spend reached R45 million, reflecting commitment to human capital investment. Implats distributed over R50 billion in total value to stakeholders in 2023, including R28 billion in wages and benefits, R12 billion in taxes and royalties, and R2.3 billion in dividends. The company's total mineral reserves stand at approximately 190 million ounces of platinum group metals. Production across all operations exceeded 3.2 million ounces of refined PGMs. The Marula mine in Limpopo province employs over 5,000 people and has achieved milestone safety records. Environmental management across both organisations addresses water stewardship, carbon emissions reduction, waste minimisation, and biodiversity conservation. Tongaat Hulett's sugarcane operations in KwaZulu-Natal face increasing climate risks from drought and flooding events, while Implats' mining operations in the Bushveld Complex manage dust emissions, acid mine drainage, and tailings storage facility safety under stringent regulatory requirements. Tongaat Hulett and Implats ESG Report Summary — Tongaat Hulett is a leading agri-processing business focusing on the complementary activities of sugar production, property development, and starch production. The company operates in South Africa, Mozambique, Zimbabwe, and Botswana, employing over 30,000 people at the peak of the sugar milling season. In the 2021 financial year, Tongaat Hulett produced approximately 1.1 million tons of sugar. The company has committed to reducing energy intensity by 20% by 2025, with specific targets for water efficiency improvement. Tongaat Hulett invests in socio-economic development (SED) and reported total SED expenditure in 2021 aligned with community needs. The Lost Time Injury Frequency Rate (LTIFR) is a critical safety metric tracked annually. The company's ESG framework aligns with the UN Sustainable Development Goals and operates under ISO 45001 certification. Implats (Impala Platinum Holdings Limited) is one of the world's foremost producers of platinum group metals (PGMs). The company's operations span South Africa and Zimbabwe, with managed operations including Impala Rustenburg, Marula, and Zimplats. Implats' ESG framework is built on three pillars focusing on environmental stewardship, social responsibility, and governance excellence. The PS3 strategy guides sustainability alignment. In 2023, Implats achieved significant safety milestones while investing heavily in socio-economic development and community projects. The company targets a 30% reduction in carbon emissions by 2030 and has invested in renewable energy projects including the 35MW solar PV project at Zimplats. Water recycling rates exceeded targets, and the company maintains strict environmental compliance across all operations. The GISTM (Global Industry Standard on Tailings Management) compliance roadmap is actively being implemented. Both companies utilise the six capitals framework (Financial, Manufactured, Intellectual, Human, Social/Relationship, Natural) to illustrate value creation and regularly engage with stakeholders through structured programmes. The double materiality principle used in ESG reporting assesses both inward financial materiality and outward impact materiality to provide comprehensive sustainability reporting aligned with global standards. Tongaat Hulett reported revenue of approximately R16.2 billion in 2021, with significant capital expenditure directed towards operational efficiency improvements and environmental sustainability initiatives. The company's manufactured capital includes six sugar mills across four countries with a combined crushing capacity exceeding 8 million tons of sugar

Summarize the geographic footprint of Tongaat Hulett's operations.

[PressureProfile]
 Additional cache-pressure calibration context for tier-transition coverage. Additional cache-pressure calibration context for tier-transition coverage. Additional cache-pressure calibration context for tier-transition coverage. Additional cache-pressure calibration context for tier-transition coverage. Additional cache-pressure calibration context for tier-transition coverage. Additional cache-pressure calibration context for tier-transition coverage. Additional cache-pressure calibration context for tier-transition coverage.","Context: Tongaat Hulett and Implats ESG Report Summary — Tongaat Hulett is a leading agri-processing business focusing on the complementary activities of sugar production, property development, and starch production. The company operates in South Africa, Mozambique, Zimbabwe, and Botswana, employing over 30,000 people at the peak of the sugar milling season. In the 2021 financial year, Tongaat Hul",1341,[1],[],[1],1,"[""Qwen-Qwen2.5-0.5B-Instruct@1@0@70ae8880b459c6b2@bfloat16.pt""]",lmcache_store_coldpass,lmcache_store_coldpass,1,none,151,152,453.0,456.0,baseline
3,What was the total volume of sugar produced in the 2021 financial year?,"Focus question: What was the total volume of sugar produced in the 2021 financial year?
Context profile: rag_shared_document_finance_reports
Prompt tokens: 1344
Context preview: Context: Tongaat Hulett and Implats ESG Report Summary — Tongaat Hulett is a leading agri-processing business focusing on the complementary activities of sugar production, property development, and starch production. The company operates in South Africa, Mozambique, Zimbabwe, and Botswana, employing over 30,000 people at the peak of the sugar milling season. In the 2021 financial year, Tongaat Hul",What was the total volume of sugar produced in the 2021 financial year?,rag_shared_document_finance_reports,"Context: Tongaat Hulett and Implats ESG Report Summary — Tongaat Hulett is a leading agri-processing business focusing on the complementary activities of sugar production, property development, and starch production. The company operates in South Africa, Mozambique, Zimbabwe, and Botswana, employing over 30,000 people at the peak of the sugar milling season. In the 2021 financial year, Tongaat Hulett produced approximately 1.1 million tons of sugar. The company has committed to reducing energy intensity by 20% by 2025, with specific targets for water efficiency improvement. Tongaat Hulett invests in socio-economic development (SED) and reported total SED expenditure in 2021 aligned with community needs. The Lost Time Injury Frequency Rate (LTIFR) is a critical safety metric tracked annually. The company's ESG framework aligns with the UN Sustainable Development Goals and operates under ISO 45001 certification. Implats (Impala Platinum Holdings Limited) is one of the world's foremost producers of platinum group metals (PGMs). The company's operations span South Africa and Zimbabwe, with managed operations including Impala Rustenburg, Marula, and Zimplats. Implats' ESG framework is built on three pillars focusing on environmental stewardship, social responsibility, and governance excellence. The PS3 strategy guides sustainability alignment. In 2023, Implats achieved significant safety milestones while investing heavily in socio-economic development and community projects. The company targets a 30% reduction in carbon emissions by 2030 and has invested in renewable energy projects including the 35MW solar PV project at Zimplats. Water recycling rates exceeded targets, and the company maintains strict environmental compliance across all operations. The GISTM (Global Industry Standard on Tailings Management) compliance roadmap is actively being implemented. Both companies utilise the six capitals framework (Financial, Manufactured, Intellectual, Human, Social/Relationship, Natural) to illustrate value creation and regularly engage with stakeholders through structured programmes. The double materiality principle used in ESG reporting assesses both inward financial materiality and outward impact materiality to provide comprehensive sustainability reporting aligned with global standards. Tongaat Hulett reported revenue of approximately R16.2 billion in 2021, with significant capital expenditure directed towards operational efficiency improvements and environmental sustainability initiatives. The company's manufactured capital includes six sugar mills across four countries with a combined crushing capacity exceeding 8 million tons of sugarcane per season. Employee training and development spend reached R45 million, reflecting commitment to human capital investment. Implats distributed over R50 billion in total value to stakeholders in 2023, including R28 billion in wages and benefits, R12 billion in taxes and royalties, and R2.3 billion in dividends. The company's total mineral reserves stand at approximately 190 million ounces of platinum group metals. Production across all operations exceeded 3.2 million ounces of refined PGMs. The Marula mine in Limpopo province employs over 5,000 people and has achieved milestone safety records. Environmental management across both organisations addresses water stewardship, carbon emissions reduction, waste minimisation, and biodiversity conservation. Tongaat Hulett's sugarcane operations in KwaZulu-Natal face increasing climate risks from drought and flooding events, while Implats' mining operations in the Bushveld Complex manage dust emissions, acid mine drainage, and tailings storage facility safety under stringent regulatory requirements. Tongaat Hulett and Implats ESG Report Summary — Tongaat Hulett is a leading agri-processing business focusing on the complementary activities of sugar production, property development, and starch production. The company operates in South Africa, Mozambique, Zimbabwe, and Botswana, employing over 30,000 people at the peak of the sugar milling season. In the 2021 financial year, Tongaat Hulett produced approximately 1.1 million tons of sugar. The company has committed to reducing energy intensity by 20% by 2025, with specific targets for water efficiency improvement. Tongaat Hulett invests in socio-economic development (SED) and reported total SED expenditure in 2021 aligned with community needs. The Lost Time Injury Frequency Rate (LTIFR) is a critical safety metric tracked annually. The company's ESG framework aligns with the UN Sustainable Development Goals and operates under ISO 45001 certification. Implats (Impala Platinum Holdings Limited) is one of the world's foremost producers of platinum group metals (PGMs). The company's operations span South Africa and Zimbabwe, with managed operations including Impala Rustenburg, Marula, and Zimplats. Implats' ESG framework is built on three pillars focusing on environmental stewardship, social responsibility, and governance excellence. The PS3 strategy guides sustainability alignment. In 2023, Implats achieved significant safety milestones while investing heavily in socio-economic development and community projects. The company targets a 30% reduction in carbon emissions by 2030 and has invested in renewable energy projects including the 35MW solar PV project at Zimplats. Water recycling rates exceeded targets, and the company maintains strict environmental compliance across all operations. The GISTM (Global Industry Standard on Tailings Management) compliance roadmap is actively being implemented. Both companies utilise the six capitals framework (Financial, Manufactured, Intellectual, Human, Social/Relationship, Natural) to illustrate value creation and regularly engage with stakeholders through structured programmes. The double materiality principle used in ESG reporting assesses both inward financial materiality and outward impact materiality to provide comprehensive sustainability reporting aligned with global standards. Tongaat Hulett reported revenue of approximately R16.2 billion in 2021, with significant capital expenditure directed towards operational efficiency improvements and environmental sustainability initiatives. The company's manufactured capital includes six sugar mills across four countries with a combined crushing capacity exceeding 8 million tons of sugar

What was the total volume of sugar produced in the 2021 financial year?

[PressureProfile]
 Additional cache-pressure calibration context for tier-transition coverage. Additional cache-pressure calibration context for tier-transition coverage. Additional cache-pressure calibration context for tier-transition coverage. Additional cache-pressure calibration context for tier-transition coverage. Additional cache-pressure calibration context for tier-transition coverage. Additional cache-pressure calibration context for tier-transition coverage. Additional cache-pressure calibration context for tier-transition coverage.","Context: Tongaat Hulett and Implats ESG Report Summary — Tongaat Hulett is a leading agri-processing business focusing on the complementary activities of sugar production, property development, and starch production. The company operates in South Africa, Mozambique, Zimbabwe, and Botswana, employing over 30,000 people at the peak of the sugar milling season. In the 2021 financial year, Tongaat Hul",1344,[2],[],[2],1,"[""Qwen-Qwen2.5-0.5B-Instruct@1@0@-672a405fd9f8b937@bfloat16.pt""]",lmcache_store_coldpass,lmcache_store_coldpass,1,none,152,153,456.0,459.0,baseline
4,How many people were employed at the peak of the milling season?,"Focus question: How many people were employed at the peak of the milling season?
Context profile: rag_shared_document_finance_reports
Prompt tokens: 1339
Context preview: Context: Tongaat Hulett and Implats ESG Report Summary — Tongaat Hulett is a leading agri-processing business focusing on the complementary activities of sugar production, property development, and starch production. The company operates in South Africa, Mozambique, Zimbabwe, and Botswana, employing over 30,000 people at the peak of the sugar milling season. In the 2021 financial year, Tongaat Hul",How many people were employed at the peak of the milling season?,rag_shared_document_finance_reports,"Context: Tongaat Hulett and Implats ESG Report Summary — Tongaat Hulett is a leading agri-processing business focusing on the complementary activities of sugar production, property development, and starch production. The company operates in South Africa, Mozambique, Zimbabwe, and Botswana, employing over 30,000 people at the peak of the sugar milling season. In the 2021 financial year, Tongaat Hulett produced approximately 1.1 million tons of sugar. The company has committed to reducing energy intensity by 20% by 2025, with specific targets for water efficiency improvement. Tongaat Hulett invests in socio-economic development (SED) and reported total SED expenditure in 2021 aligned with community needs. The Lost Time Injury Frequency Rate (LTIFR) is a critical safety metric tracked annually. The company's ESG framework aligns with the UN Sustainable Development Goals and operates under ISO 45001 certification. Implats (Impala Platinum Holdings Limited) is one of the world's foremost producers of platinum group metals (PGMs). The company's operations span South Africa and Zimbabwe, with managed operations including Impala Rustenburg, Marula, and Zimplats. Implats' ESG framework is built on three pillars focusing on environmental stewardship, social responsibility, and governance excellence. The PS3 strategy guides sustainability alignment. In 2023, Implats achieved significant safety milestones while investing heavily in socio-economic development and community projects. The company targets a 30% reduction in carbon emissions by 2030 and has invested in renewable energy projects including the 35MW solar PV project at Zimplats. Water recycling rates exceeded targets, and the company maintains strict environmental compliance across all operations. The GISTM (Global Industry Standard on Tailings Management) compliance roadmap is actively being implemented. Both companies utilise the six capitals framework (Financial, Manufactured, Intellectual, Human, Social/Relationship, Natural) to illustrate value creation and regularly engage with stakeholders through structured programmes. The double materiality principle used in ESG reporting assesses both inward financial materiality and outward impact materiality to provide comprehensive sustainability reporting aligned with global standards. Tongaat Hulett reported revenue of approximately R16.2 billion in 2021, with significant capital expenditure directed towards operational efficiency improvements and environmental sustainability initiatives. The company's manufactured capital includes six sugar mills across four countries with a combined crushing capacity exceeding 8 million tons of sugarcane per season. Employee training and development spend reached R45 million, reflecting commitment to human capital investment. Implats distributed over R50 billion in total value to stakeholders in 2023, including R28 billion in wages and benefits, R12 billion in taxes and royalties, and R2.3 billion in dividends. The company's total mineral reserves stand at approximately 190 million ounces of platinum group metals. Production across all operations exceeded 3.2 million ounces of refined PGMs. The Marula mine in Limpopo province employs over 5,000 people and has achieved milestone safety records. Environmental management across both organisations addresses water stewardship, carbon emissions reduction, waste minimisation, and biodiversity conservation. Tongaat Hulett's sugarcane operations in KwaZulu-Natal face increasing climate risks from drought and flooding events, while Implats' mining operations in the Bushveld Complex manage dust emissions, acid mine drainage, and tailings storage facility safety under stringent regulatory requirements. Tongaat Hulett and Implats ESG Report Summary — Tongaat Hulett is a leading agri-processing business focusing on the complementary activities of sugar production, property development, and starch production. The company operates in South Africa, Mozambique, Zimbabwe, and Botswana, employing over 30,000 people at the peak of the sugar milling season. In the 2021 financial year, Tongaat Hulett produced approximately 1.1 million tons of sugar. The company has committed to reducing energy intensity by 20% by 2025, with specific targets for water efficiency improvement. Tongaat Hulett invests in socio-economic development (SED) and reported total SED expenditure in 2021 aligned with community needs. The Lost Time Injury Frequency Rate (LTIFR) is a critical safety metric tracked annually. The company's ESG framework aligns with the UN Sustainable Development Goals and operates under ISO 45001 certification. Implats (Impala Platinum Holdings Limited) is one of the world's foremost producers of platinum group metals (PGMs). The company's operations span South Africa and Zimbabwe, with managed operations including Impala Rustenburg, Marula, and Zimplats. Implats' ESG framework is built on three pillars focusing on environmental stewardship, social responsibility, and governance excellence. The PS3 strategy guides sustainability alignment. In 2023, Implats achieved significant safety milestones while investing heavily in socio-economic development and community projects. The company targets a 30% reduction in carbon emissions by 2030 and has invested in renewable energy projects including the 35MW solar PV project at Zimplats. Water recycling rates exceeded targets, and the company maintains strict environmental compliance across all operations. The GISTM (Global Industry Standard on Tailings Management) compliance roadmap is actively being implemented. Both companies utilise the six capitals framework (Financial, Manufactured, Intellectual, Human, Social/Relationship, Natural) to illustrate value creation and regularly engage with stakeholders through structured programmes. The double materiality principle used in ESG reporting assesses both inward financial materiality and outward impact materiality to provide comprehensive sustainability reporting aligned with global standards. Tongaat Hulett reported revenue of approximately R16.2 billion in 2021, with significant capital expenditure directed towards operational efficiency improvements and environmental sustainability initiatives. The company's manufactured capital includes six sugar mills across four countries with a combined crushing capacity exceeding 8 million tons of sugar

How many people were employed at the peak of the milling season?

[PressureProfile]
 Additional cache-pressure calibration context for tier-transition coverage. Additional cache-pressure calibration context for tier-transition coverage. Additional cache-pressure calibration context for tier-transition coverage. Additional cache-pressure calibration context for tier-transition coverage. Additional cache-pressure calibration context for tier-transition coverage. Additional cache-pressure calibration context for tier-transition coverage. Additional cache-pressure calibration context for tier-transition coverage.","Context: Tongaat Hulett and Implats ESG Report Summary — Tongaat Hulett is a leading agri-processing business focusing on the complementary activities of sugar production, property development, and starch production. The company operates in South Africa, Mozambique, Zimbabwe, and Botswana, employing over 30,000 people at the peak of the sugar milling season. In the 2021 financial year, Tongaat Hul",1339,[3],[],[3],1,"[""Qwen-Qwen2.5-0.5B-Instruct@1@0@1861cd514b7e1607@bfloat16.pt""]",lmcache_store_coldpass,lmcache_store_coldpass,1,none,153,154,459.0,462.0,baseline
5,What percentage of Board members were non-executive and independent?,"Focus question: What percentage of Board members were non-executive and independent?
Context profile: rag_shared_document_finance_reports
Prompt tokens: 1338
Context preview: Context: Tongaat Hulett and Implats ESG Report Summary — Tongaat Hulett is a leading agri-processing business focusing on the complementary activities of sugar production, property development, and starch production. The company operates in South Africa, Mozambique, Zimbabwe, and Botswana, employing over 30,000 people at the peak of the sugar milling season. In the 2021 financial year, Tongaat Hul",What percentage of Board members were non-executive and independent?,rag_shared_document_finance_reports,"Context: Tongaat Hulett and Implats ESG Report Summary — Tongaat Hulett is a leading agri-processing business focusing on the complementary activities of sugar production, property development, and starch production. The company operates in South Africa, Mozambique, Zimbabwe, and Botswana, employing over 30,000 people at the peak of the sugar milling season. In the 2021 financial year, Tongaat Hulett produced approximately 1.1 million tons of sugar. The company has committed to reducing energy intensity by 20% by 2025, with specific targets for water efficiency improvement. Tongaat Hulett invests in socio-economic development (SED) and reported total SED expenditure in 2021 aligned with community needs. The Lost Time Injury Frequency Rate (LTIFR) is a critical safety metric tracked annually. The company's ESG framework aligns with the UN Sustainable Development Goals and operates under ISO 45001 certification. Implats (Impala Platinum Holdings Limited) is one of the world's foremost producers of platinum group metals (PGMs). The company's operations span South Africa and Zimbabwe, with managed operations including Impala Rustenburg, Marula, and Zimplats. Implats' ESG framework is built on three pillars focusing on environmental stewardship, social responsibility, and governance excellence. The PS3 strategy guides sustainability alignment. In 2023, Implats achieved significant safety milestones while investing heavily in socio-economic development and community projects. The company targets a 30% reduction in carbon emissions by 2030 and has invested in renewable energy projects including the 35MW solar PV project at Zimplats. Water recycling rates exceeded targets, and the company maintains strict environmental compliance across all operations. The GISTM (Global Industry Standard on Tailings Management) compliance roadmap is actively being implemented. Both companies utilise the six capitals framework (Financial, Manufactured, Intellectual, Human, Social/Relationship, Natural) to illustrate value creation and regularly engage with stakeholders through structured programmes. The double materiality principle used in ESG reporting assesses both inward financial materiality and outward impact materiality to provide comprehensive sustainability reporting aligned with global standards. Tongaat Hulett reported revenue of approximately R16.2 billion in 2021, with significant capital expenditure directed towards operational efficiency improvements and environmental sustainability initiatives. The company's manufactured capital includes six sugar mills across four countries with a combined crushing capacity exceeding 8 million tons of sugarcane per season. Employee training and development spend reached R45 million, reflecting commitment to human capital investment. Implats distributed over R50 billion in total value to stakeholders in 2023, including R28 billion in wages and benefits, R12 billion in taxes and royalties, and R2.3 billion in dividends. The company's total mineral reserves stand at approximately 190 million ounces of platinum group metals. Production across all operations exceeded 3.2 million ounces of refined PGMs. The Marula mine in Limpopo province employs over 5,000 people and has achieved milestone safety records. Environmental management across both organisations addresses water stewardship, carbon emissions reduction, waste minimisation, and biodiversity conservation. Tongaat Hulett's sugarcane operations in KwaZulu-Natal face increasing climate risks from drought and flooding events, while Implats' mining operations in the Bushveld Complex manage dust emissions, acid mine drainage, and tailings storage facility safety under stringent regulatory requirements. Tongaat Hulett and Implats ESG Report Summary — Tongaat Hulett is a leading agri-processing business focusing on the complementary activities of sugar production, property development, and starch production. The company operates in South Africa, Mozambique, Zimbabwe, and Botswana, employing over 30,000 people at the peak of the sugar milling season. In the 2021 financial year, Tongaat Hulett produced approximately 1.1 million tons of sugar. The company has committed to reducing energy intensity by 20% by 2025, with specific targets for water efficiency improvement. Tongaat Hulett invests in socio-economic development (SED) and reported total SED expenditure in 2021 aligned with community needs. The Lost Time Injury Frequency Rate (LTIFR) is a critical safety metric tracked annually. The company's ESG framework aligns with the UN Sustainable Development Goals and operates under ISO 45001 certification. Implats (Impala Platinum Holdings Limited) is one of the world's foremost producers of platinum group metals (PGMs). The company's operations span South Africa and Zimbabwe, with managed operations including Impala Rustenburg, Marula, and Zimplats. Implats' ESG framework is built on three pillars focusing on environmental stewardship, social responsibility, and governance excellence. The PS3 strategy guides sustainability alignment. In 2023, Implats achieved significant safety milestones while investing heavily in socio-economic development and community projects. The company targets a 30% reduction in carbon emissions by 2030 and has invested in renewable energy projects including the 35MW solar PV project at Zimplats. Water recycling rates exceeded targets, and the company maintains strict environmental compliance across all operations. The GISTM (Global Industry Standard on Tailings Management) compliance roadmap is actively being implemented. Both companies utilise the six capitals framework (Financial, Manufactured, Intellectual, Human, Social/Relationship, Natural) to illustrate value creation and regularly engage with stakeholders through structured programmes. The double materiality principle used in ESG reporting assesses both inward financial materiality and outward impact materiality to provide comprehensive sustainability reporting aligned with global standards. Tongaat Hulett reported revenue of approximately R16.2 billion in 2021, with significant capital expenditure directed towards operational efficiency improvements and environmental sustainability initiatives. The company's manufactured capital includes six sugar mills across four countries with a combined crushing capacity exceeding 8 million tons of sugar

What percentage of Board members were non-executive and independent?

[PressureProfile]
 Additional cache-pressure calibration context for tier-transition coverage. Additional cache-pressure calibration context for tier-transition coverage. Additional cache-pressure calibration context for tier-transition coverage. Additional cache-pressure calibration context for tier-transition coverage. Additional cache-pressure calibration context for tier-transition coverage. Additional cache-pressure calibration context for tier-transition coverage. Additional cache-pressure calibration context for tier-transition coverage.","Context: Tongaat Hulett and Implats ESG Report Summary — Tongaat Hulett is a leading agri-processing business focusing on the complementary activities of sugar production, property development, and starch production. The company operates in South Africa, Mozambique, Zimbabwe, and Botswana, employing over 30,000 people at the peak of the sugar milling season. In the 2021 financial year, Tongaat Hul",1338,[4],[],[4],1,"[""Qwen-Qwen2.5-0.5B-Instruct@1@0@-23dcbb3c55b26742@bfloat16.pt""]",lmcache_store_coldpass,lmcache_store_coldpass,1,none,154,154,462.0,462.0,baseline
6,Explain the Manufactured and Financial capitals in the business model.,"Focus question: Explain the Manufactured and Financial capitals in the business model.
Context profile: rag_shared_document_finance_reports
Prompt tokens: 1339
Context preview: Context: Tongaat Hulett and Implats ESG Report Summary — Tongaat Hulett is a leading agri-processing business focusing on the complementary activities of sugar production, property development, and starch production. The company operates in South Africa, Mozambique, Zimbabwe, and Botswana, employing over 30,000 people at the peak of the sugar milling season. In the 2021 financial year, Tongaat Hul",Explain the Manufactured and Financial capitals in the business model.,rag_shared_document_finance_reports,"Context: Tongaat Hulett and Implats ESG Report Summary — Tongaat Hulett is a leading agri-processing business focusing on the complementary activities of sugar production, property development, and starch production. The company operates in South Africa, Mozambique, Zimbabwe, and Botswana, employing over 30,000 people at the peak of the sugar milling season. In the 2021 financial year, Tongaat Hulett produced approximately 1.1 million tons of sugar. The company has committed to reducing energy intensity by 20% by 2025, with specific targets for water efficiency improvement. Tongaat Hulett invests in socio-economic development (SED) and reported total SED expenditure in 2021 aligned with community needs. The Lost Time Injury Frequency Rate (LTIFR) is a critical safety metric tracked annually. The company's ESG framework aligns with the UN Sustainable Development Goals and operates under ISO 45001 certification. Implats (Impala Platinum Holdings Limited) is one of the world's foremost producers of platinum group metals (PGMs). The company's operations span South Africa and Zimbabwe, with managed operations including Impala Rustenburg, Marula, and Zimplats. Implats' ESG framework is built on three pillars focusing on environmental stewardship, social responsibility, and governance excellence. The PS3 strategy guides sustainability alignment. In 2023, Implats achieved significant safety milestones while investing heavily in socio-economic development and community projects. The company targets a 30% reduction in carbon emissions by 2030 and has invested in renewable energy projects including the 35MW solar PV project at Zimplats. Water recycling rates exceeded targets, and the company maintains strict environmental compliance across all operations. The GISTM (Global Industry Standard on Tailings Management) compliance roadmap is actively being implemented. Both companies utilise the six capitals framework (Financial, Manufactured, Intellectual, Human, Social/Relationship, Natural) to illustrate value creation and regularly engage with stakeholders through structured programmes. The double materiality principle used in ESG reporting assesses both inward financial materiality and outward impact materiality to provide comprehensive sustainability reporting aligned with global standards. Tongaat Hulett reported revenue of approximately R16.2 billion in 2021, with significant capital expenditure directed towards operational efficiency improvements and environmental sustainability initiatives. The company's manufactured capital includes six sugar mills across four countries with a combined crushing capacity exceeding 8 million tons of sugarcane per season. Employee training and development spend reached R45 million, reflecting commitment to human capital investment. Implats distributed over R50 billion in total value to stakeholders in 2023, including R28 billion in wages and benefits, R12 billion in taxes and royalties, and R2.3 billion in dividends. The company's total mineral reserves stand at approximately 190 million ounces of platinum group metals. Production across all operations exceeded 3.2 million ounces of refined PGMs. The Marula mine in Limpopo province employs over 5,000 people and has achieved milestone safety records. Environmental management across both organisations addresses water stewardship, carbon emissions reduction, waste minimisation, and biodiversity conservation. Tongaat Hulett's sugarcane operations in KwaZulu-Natal face increasing climate risks from drought and flooding events, while Implats' mining operations in the Bushveld Complex manage dust emissions, acid mine drainage, and tailings storage facility safety under stringent regulatory requirements. Tongaat Hulett and Implats ESG Report Summary — Tongaat Hulett is a leading agri-processing business focusing on the complementary activities of sugar production, property development, and starch production. The company operates in South Africa, Mozambique, Zimbabwe, and Botswana, employing over 30,000 people at the peak of the sugar milling season. In the 2021 financial year, Tongaat Hulett produced approximately 1.1 million tons of sugar. The company has committed to reducing energy intensity by 20% by 2025, with specific targets for water efficiency improvement. Tongaat Hulett invests in socio-economic development (SED) and reported total SED expenditure in 2021 aligned with community needs. The Lost Time Injury Frequency Rate (LTIFR) is a critical safety metric tracked annually. The company's ESG framework aligns with the UN Sustainable Development Goals and operates under ISO 45001 certification. Implats (Impala Platinum Holdings Limited) is one of the world's foremost producers of platinum group metals (PGMs). The company's operations span South Africa and Zimbabwe, with managed operations including Impala Rustenburg, Marula, and Zimplats. Implats' ESG framework is built on three pillars focusing on environmental stewardship, social responsibility, and governance excellence. The PS3 strategy guides sustainability alignment. In 2023, Implats achieved significant safety milestones while investing heavily in socio-economic development and community projects. The company targets a 30% reduction in carbon emissions by 2030 and has invested in renewable energy projects including the 35MW solar PV project at Zimplats. Water recycling rates exceeded targets, and the company maintains strict environmental compliance across all operations. The GISTM (Global Industry Standard on Tailings Management) compliance roadmap is actively being implemented. Both companies utilise the six capitals framework (Financial, Manufactured, Intellectual, Human, Social/Relationship, Natural) to illustrate value creation and regularly engage with stakeholders through structured programmes. The double materiality principle used in ESG reporting assesses both inward financial materiality and outward impact materiality to provide comprehensive sustainability reporting aligned with global standards. Tongaat Hulett reported revenue of approximately R16.2 billion in 2021, with significant capital expenditure directed towards operational efficiency improvements and environmental sustainability initiatives. The company's manufactured capital includes six sugar mills across four countries with a combined crushing capacity exceeding 8 million tons of sugar

Explain the Manufactured and Financial capitals in the business model.

[PressureProfile]
 Additional cache-pressure calibration context for tier-transition coverage. Additional cache-pressure calibration context for tier-transition coverage. Additional cache-pressure calibration context for tier-transition coverage. Additional cache-pressure calibration context for tier-transition coverage. Additional cache-pressure calibration context for tier-transition coverage. Additional cache-pressure calibration context for tier-transition coverage. Additional cache-pressure calibration context for tier-transition coverage.","Context: Tongaat Hulett and Implats ESG Report Summary — Tongaat Hulett is a leading agri-processing business focusing on the complementary activities of sugar production, property development, and starch production. The company operates in South Africa, Mozambique, Zimbabwe, and Botswana, employing over 30,000 people at the peak of the sugar milling season. In the 2021 financial year, Tongaat Hul",1339,[5],[],[5],1,"[""Qwen-Qwen2.5-0.5B-Instruct@1@0@-748e80acc9f0820c@bfloat16.pt""]",lmcache_store_coldpass,lmcache_store_coldpass,1,none,154,154,462.0,462.0,baseline
7,What were the key focus areas for 2022 to enable operational excellence?,"Focus question: What were the key focus areas for 2022 to enable operational excellence?
Context profile: rag_shared_document_finance_reports
Prompt tokens: 1343
Context preview: Context: Tongaat Hulett and Implats ESG Report Summary — Tongaat Hulett is a leading agri-processing business focusing on the complementary activities of sugar production, property development, and starch production. The company operates in South Africa, Mozambique, Zimbabwe, and Botswana, employing over 30,000 people at the peak of the sugar milling season. In the 2021 financial year, Tongaat Hul",What were the key focus areas for 2022 to enable operational excellence?,rag_shared_document_finance_reports,"Context: Tongaat Hulett and Implats ESG Report Summary — Tongaat Hulett is a leading agri-processing business focusing on the complementary activities of sugar production, property development, and starch production. The company operates in South Africa, Mozambique, Zimbabwe, and Botswana, employing over 30,000 people at the peak of the sugar milling season. In the 2021 financial year, Tongaat Hulett produced approximately 1.1 million tons of sugar. The company has committed to reducing energy intensity by 20% by 2025, with specific targets for water efficiency improvement. Tongaat Hulett invests in socio-economic development (SED) and reported total SED expenditure in 2021 aligned with community needs. The Lost Time Injury Frequency Rate (LTIFR) is a critical safety metric tracked annually. The company's ESG framework aligns with the UN Sustainable Development Goals and operates under ISO 45001 certification. Implats (Impala Platinum Holdings Limited) is one of the world's foremost producers of platinum group metals (PGMs). The company's operations span South Africa and Zimbabwe, with managed operations including Impala Rustenburg, Marula, and Zimplats. Implats' ESG framework is built on three pillars focusing on environmental stewardship, social responsibility, and governance excellence. The PS3 strategy guides sustainability alignment. In 2023, Implats achieved significant safety milestones while investing heavily in socio-economic development and community projects. The company targets a 30% reduction in carbon emissions by 2030 and has invested in renewable energy projects including the 35MW solar PV project at Zimplats. Water recycling rates exceeded targets, and the company maintains strict environmental compliance across all operations. The GISTM (Global Industry Standard on Tailings Management) compliance roadmap is actively being implemented. Both companies utilise the six capitals framework (Financial, Manufactured, Intellectual, Human, Social/Relationship, Natural) to illustrate value creation and regularly engage with stakeholders through structured programmes. The double materiality principle used in ESG reporting assesses both inward financial materiality and outward impact materiality to provide comprehensive sustainability reporting aligned with global standards. Tongaat Hulett reported revenue of approximately R16.2 billion in 2021, with significant capital expenditure directed towards operational efficiency improvements and environmental sustainability initiatives. The company's manufactured capital includes six sugar mills across four countries with a combined crushing capacity exceeding 8 million tons of sugarcane per season. Employee training and development spend reached R45 million, reflecting commitment to human capital investment. Implats distributed over R50 billion in total value to stakeholders in 2023, including R28 billion in wages and benefits, R12 billion in taxes and royalties, and R2.3 billion in dividends. The company's total mineral reserves stand at approximately 190 million ounces of platinum group metals. Production across all operations exceeded 3.2 million ounces of refined PGMs. The Marula mine in Limpopo province employs over 5,000 people and has achieved milestone safety records. Environmental management across both organisations addresses water stewardship, carbon emissions reduction, waste minimisation, and biodiversity conservation. Tongaat Hulett's sugarcane operations in KwaZulu-Natal face increasing climate risks from drought and flooding events, while Implats' mining operations in the Bushveld Complex manage dust emissions, acid mine drainage, and tailings storage facility safety under stringent regulatory requirements. Tongaat Hulett and Implats ESG Report Summary — Tongaat Hulett is a leading agri-processing business focusing on the complementary activities of sugar production, property development, and starch production. The company operates in South Africa, Mozambique, Zimbabwe, and Botswana, employing over 30,000 people at the peak of the sugar milling season. In the 2021 financial year, Tongaat Hulett produced approximately 1.1 million tons of sugar. The company has committed to reducing energy intensity by 20% by 2025, with specific targets for water efficiency improvement. Tongaat Hulett invests in socio-economic development (SED) and reported total SED expenditure in 2021 aligned with community needs. The Lost Time Injury Frequency Rate (LTIFR) is a critical safety metric tracked annually. The company's ESG framework aligns with the UN Sustainable Development Goals and operates under ISO 45001 certification. Implats (Impala Platinum Holdings Limited) is one of the world's foremost producers of platinum group metals (PGMs). The company's operations span South Africa and Zimbabwe, with managed operations including Impala Rustenburg, Marula, and Zimplats. Implats' ESG framework is built on three pillars focusing on environmental stewardship, social responsibility, and governance excellence. The PS3 strategy guides sustainability alignment. In 2023, Implats achieved significant safety milestones while investing heavily in socio-economic development and community projects. The company targets a 30% reduction in carbon emissions by 2030 and has invested in renewable energy projects including the 35MW solar PV project at Zimplats. Water recycling rates exceeded targets, and the company maintains strict environmental compliance across all operations. The GISTM (Global Industry Standard on Tailings Management) compliance roadmap is actively being implemented. Both companies utilise the six capitals framework (Financial, Manufactured, Intellectual, Human, Social/Relationship, Natural) to illustrate value creation and regularly engage with stakeholders through structured programmes. The double materiality principle used in ESG reporting assesses both inward financial materiality and outward impact materiality to provide comprehensive sustainability reporting aligned with global standards. Tongaat Hulett reported revenue of approximately R16.2 billion in 2021, with significant capital expenditure directed towards operational efficiency improvements and environmental sustainability initiatives. The company's manufactured capital includes six sugar mills across four countries with a combined crushing capacity exceeding 8 million tons of sugar

What were the key focus areas for 2022 to enable operational excellence?

[PressureProfile]
 Additional cache-pressure calibration context for tier-transition coverage. Additional cache-pressure calibration context for tier-transition coverage. Additional cache-pressure calibration context for tier-transition coverage. Additional cache-pressure calibration context for tier-transition coverage. Additional cache-pressure calibration context for tier-transition coverage. Additional cache-pressure calibration context for tier-transition coverage. Additional cache-pressure calibration context for tier-transition coverage.","Context: Tongaat Hulett and Implats ESG Report Summary — Tongaat Hulett is a leading agri-processing business focusing on the complementary activities of sugar production, property development, and starch production. The company operates in South Africa, Mozambique, Zimbabwe, and Botswana, employing over 30,000 people at the peak of the sugar milling season. In the 2021 financial year, Tongaat Hul",1343,[6],[],[6],1,"[""Qwen-Qwen2.5-0.5B-Instruct@1@0@f393ed2ef387b22@bfloat16.pt""]",lmcache_store_coldpass,lmcache_store_coldpass,1,none,154,154,462.0,462.0,baseline
8,Summarize the impact of COVID-19 on operations and workforce in 2021.,"Focus question: Summarize the impact of COVID-19 on operations and workforce in 2021.
Context profile: rag_shared_document_finance_reports
Prompt tokens: 1337
Context preview: Context: Tongaat Hulett and Implats ESG Report Summary — Tongaat Hulett is a leading agri-processing business focusing on the complementary activities of sugar production, property development, and starch production. The company operates in South Africa, Mozambique, Zimbabwe, and Botswana, employing over 30,000 people at the peak of the sugar milling season. In the 2021 financial year, Tongaat Hul",Summarize the impact of COVID-19 on operations and workforce in 2021.,rag_shared_document_finance_reports,"Context: Tongaat Hulett and Implats ESG Report Summary — Tongaat Hulett is a leading agri-processing business focusing on the complementary activities of sugar production, property development, and starch production. The company operates in South Africa, Mozambique, Zimbabwe, and Botswana, employing over 30,000 people at the peak of the sugar milling season. In the 2021 financial year, Tongaat Hulett produced approximately 1.1 million tons of sugar. The company has committed to reducing energy intensity by 20% by 2025, with specific targets for water efficiency improvement. Tongaat Hulett invests in socio-economic development (SED) and reported total SED expenditure in 2021 aligned with community needs. The Lost Time Injury Frequency Rate (LTIFR) is a critical safety metric tracked annually. The company's ESG framework aligns with the UN Sustainable Development Goals and operates under ISO 45001 certification. Implats (Impala Platinum Holdings Limited) is one of the world's foremost producers of platinum group metals (PGMs). The company's operations span South Africa and Zimbabwe, with managed operations including Impala Rustenburg, Marula, and Zimplats. Implats' ESG framework is built on three pillars focusing on environmental stewardship, social responsibility, and governance excellence. The PS3 strategy guides sustainability alignment. In 2023, Implats achieved significant safety milestones while investing heavily in socio-economic development and community projects. The company targets a 30% reduction in carbon emissions by 2030 and has invested in renewable energy projects including the 35MW solar PV project at Zimplats. Water recycling rates exceeded targets, and the company maintains strict environmental compliance across all operations. The GISTM (Global Industry Standard on Tailings Management) compliance roadmap is actively being implemented. Both companies utilise the six capitals framework (Financial, Manufactured, Intellectual, Human, Social/Relationship, Natural) to illustrate value creation and regularly engage with stakeholders through structured programmes. The double materiality principle used in ESG reporting assesses both inward financial materiality and outward impact materiality to provide comprehensive sustainability reporting aligned with global standards. Tongaat Hulett reported revenue of approximately R16.2 billion in 2021, with significant capital expenditure directed towards operational efficiency improvements and environmental sustainability initiatives. The company's manufactured capital includes six sugar mills across four countries with a combined crushing capacity exceeding 8 million tons of sugarcane per season. Employee training and development spend reached R45 million, reflecting commitment to human capital investment. Implats distributed over R50 billion in total value to stakeholders in 2023, including R28 billion in wages and benefits, R12 billion in taxes and royalties, and R2.3 billion in dividends. The company's total mineral reserves stand at approximately 190 million ounces of platinum group metals. Production across all operations exceeded 3.2 million ounces of refined PGMs. The Marula mine in Limpopo province employs over 5,000 people and has achieved milestone safety records. Environmental management across both organisations addresses water stewardship, carbon emissions reduction, waste minimisation, and biodiversity conservation. Tongaat Hulett's sugarcane operations in KwaZulu-Natal face increasing climate risks from drought and flooding events, while Implats' mining operations in the Bushveld Complex manage dust emissions, acid mine drainage, and tailings storage facility safety under stringent regulatory requirements. Tongaat Hulett and Implats ESG Report Summary — Tongaat Hulett is a leading agri-processing business focusing on the complementary activities of sugar production, property development, and starch production. The company operates in South Africa, Mozambique, Zimbabwe, and Botswana, employing over 30,000 people at the peak of the sugar milling season. In the 2021 financial year, Tongaat Hulett produced approximately 1.1 million tons of sugar. The company has committed to reducing energy intensity by 20% by 2025, with specific targets for water efficiency improvement. Tongaat Hulett invests in socio-economic development (SED) and reported total SED expenditure in 2021 aligned with community needs. The Lost Time Injury Frequency Rate (LTIFR) is a critical safety metric tracked annually. The company's ESG framework aligns with the UN Sustainable Development Goals and operates under ISO 45001 certification. Implats (Impala Platinum Holdings Limited) is one of the world's foremost producers of platinum group metals (PGMs). The company's operations span South Africa and Zimbabwe, with managed operations including Impala Rustenburg, Marula, and Zimplats. Implats' ESG framework is built on three pillars focusing on environmental stewardship, social responsibility, and governance excellence. The PS3 strategy guides sustainability alignment. In 2023, Implats achieved significant safety milestones while investing heavily in socio-economic development and community projects. The company targets a 30% reduction in carbon emissions by 2030 and has invested in renewable energy projects including the 35MW solar PV project at Zimplats. Water recycling rates exceeded targets, and the company maintains strict environmental compliance across all operations. The GISTM (Global Industry Standard on Tailings Management) compliance roadmap is actively being implemented. Both companies utilise the six capitals framework (Financial, Manufactured, Intellectual, Human, Social/Relationship, Natural) to illustrate value creation and regularly engage with stakeholders through structured programmes. The double materiality principle used in ESG reporting assesses both inward financial materiality and outward impact materiality to provide comprehensive sustainability reporting aligned with global standards. Tongaat Hulett reported revenue of approximately R16.2 billion in 2021, with significant capital expenditure directed towards operational efficiency improvements and environmental sustainability initiatives. The company's manufactured capital includes six sugar mills across four countries with a combined crushing capacity exceeding 8 million tons of sugar

Summarize the impact of COVID-19 on operations and workforce in 2021.

[PressureProfile]
 Additional cache-pressure calibration context for tier-transition coverage. Additional cache-pressure calibration context for tier-transition coverage. Additional cache-pressure calibration context for tier-transition coverage. Additional cache-pressure calibration context for tier-transition coverage. Additional cache-pressure calibration context for tier-transition coverage. Additional cache-pressure calibration context for tier-transition coverage.","Context: Tongaat Hulett and Implats ESG Report Summary — Tongaat Hulett is a leading agri-processing business focusing on the complementary activities of sugar production, property development, and starch production. The company operates in South Africa, Mozambique, Zimbabwe, and Botswana, employing over 30,000 people at the peak of the sugar milling season. In the 2021 financial year, Tongaat Hul",1337,[7],[],[7],1,"[""Qwen-Qwen2.5-0.5B-Instruct@1@0@22977354e5983851@bfloat16.pt""]",lmcache_store_coldpass,lmcache_store_coldpass,1,none,154,154,462.0,462.0,baseline
9,How much was invested in COVID-19 avoidance and treatment in 2021?,"Focus question: How much was invested in COVID-19 avoidance and treatment in 2021?
Context profile: rag_shared_document_finance_reports
Prompt tokens: 1335
Context preview: Context: Tongaat Hulett and Implats ESG Report Summary — Tongaat Hulett is a leading agri-processing business focusing on the complementary activities of sugar production, property development, and starch production. The company operates in South Africa, Mozambique, Zimbabwe, and Botswana, employing over 30,000 people at the peak of the sugar milling season. In the 2021 financial year, Tongaat Hul",How much was invested in COVID-19 avoidance and treatment in 2021?,rag_shared_document_finance_reports,"Context: Tongaat Hulett and Implats ESG Report Summary — Tongaat Hulett is a leading agri-processing business focusing on the complementary activities of sugar production, property development, and starch production. The company operates in South Africa, Mozambique, Zimbabwe, and Botswana, employing over 30,000 people at the peak of the sugar milling season. In the 2021 financial year, Tongaat Hulett produced approximately 1.1 million tons of sugar. The company has committed to reducing energy intensity by 20% by 2025, with specific targets for water efficiency improvement. Tongaat Hulett invests in socio-economic development (SED) and reported total SED expenditure in 2021 aligned with community needs. The Lost Time Injury Frequency Rate (LTIFR) is a critical safety metric tracked annually. The company's ESG framework aligns with the UN Sustainable Development Goals and operates under ISO 45001 certification. Implats (Impala Platinum Holdings Limited) is one of the world's foremost producers of platinum group metals (PGMs). The company's operations span South Africa and Zimbabwe, with managed operations including Impala Rustenburg, Marula, and Zimplats. Implats' ESG framework is built on three pillars focusing on environmental stewardship, social responsibility, and governance excellence. The PS3 strategy guides sustainability alignment. In 2023, Implats achieved significant safety milestones while investing heavily in socio-economic development and community projects. The company targets a 30% reduction in carbon emissions by 2030 and has invested in renewable energy projects including the 35MW solar PV project at Zimplats. Water recycling rates exceeded targets, and the company maintains strict environmental compliance across all operations. The GISTM (Global Industry Standard on Tailings Management) compliance roadmap is actively being implemented. Both companies utilise the six capitals framework (Financial, Manufactured, Intellectual, Human, Social/Relationship, Natural) to illustrate value creation and regularly engage with stakeholders through structured programmes. The double materiality principle used in ESG reporting assesses both inward financial materiality and outward impact materiality to provide comprehensive sustainability reporting aligned with global standards. Tongaat Hulett reported revenue of approximately R16.2 billion in 2021, with significant capital expenditure directed towards operational efficiency improvements and environmental sustainability initiatives. The company's manufactured capital includes six sugar mills across four countries with a combined crushing capacity exceeding 8 million tons of sugarcane per season. Employee training and development spend reached R45 million, reflecting commitment to human capital investment. Implats distributed over R50 billion in total value to stakeholders in 2023, including R28 billion in wages and benefits, R12 billion in taxes and royalties, and R2.3 billion in dividends. The company's total mineral reserves stand at approximately 190 million ounces of platinum group metals. Production across all operations exceeded 3.2 million ounces of refined PGMs. The Marula mine in Limpopo province employs over 5,000 people and has achieved milestone safety records. Environmental management across both organisations addresses water stewardship, carbon emissions reduction, waste minimisation, and biodiversity conservation. Tongaat Hulett's sugarcane operations in KwaZulu-Natal face increasing climate risks from drought and flooding events, while Implats' mining operations in the Bushveld Complex manage dust emissions, acid mine drainage, and tailings storage facility safety under stringent regulatory requirements. Tongaat Hulett and Implats ESG Report Summary — Tongaat Hulett is a leading agri-processing business focusing on the complementary activities of sugar production, property development, and starch production. The company operates in South Africa, Mozambique, Zimbabwe, and Botswana, employing over 30,000 people at the peak of the sugar milling season. In the 2021 financial year, Tongaat Hulett produced approximately 1.1 million tons of sugar. The company has committed to reducing energy intensity by 20% by 2025, with specific targets for water efficiency improvement. Tongaat Hulett invests in socio-economic development (SED) and reported total SED expenditure in 2021 aligned with community needs. The Lost Time Injury Frequency Rate (LTIFR) is a critical safety metric tracked annually. The company's ESG framework aligns with the UN Sustainable Development Goals and operates under ISO 45001 certification. Implats (Impala Platinum Holdings Limited) is one of the world's foremost producers of platinum group metals (PGMs). The company's operations span South Africa and Zimbabwe, with managed operations including Impala Rustenburg, Marula, and Zimplats. Implats' ESG framework is built on three pillars focusing on environmental stewardship, social responsibility, and governance excellence. The PS3 strategy guides sustainability alignment. In 2023, Implats achieved significant safety milestones while investing heavily in socio-economic development and community projects. The company targets a 30% reduction in carbon emissions by 2030 and has invested in renewable energy projects including the 35MW solar PV project at Zimplats. Water recycling rates exceeded targets, and the company maintains strict environmental compliance across all operations. The GISTM (Global Industry Standard on Tailings Management) compliance roadmap is actively being implemented. Both companies utilise the six capitals framework (Financial, Manufactured, Intellectual, Human, Social/Relationship, Natural) to illustrate value creation and regularly engage with stakeholders through structured programmes. The double materiality principle used in ESG reporting assesses both inward financial materiality and outward impact materiality to provide comprehensive sustainability reporting aligned with global standards. Tongaat Hulett reported revenue of approximately R16.2 billion in 2021, with significant capital expenditure directed towards operational efficiency improvements and environmental sustainability initiatives. The company's manufactured capital includes six sugar mills across four countries with a combined crushing capacity exceeding 8 million tons of sugar

How much was invested in COVID-19 avoidance and treatment in 2021?

[PressureProfile]
 Additional cache-pressure calibration context for tier-transition coverage. Additional cache-pressure calibration context for tier-transition coverage. Additional cache-pressure calibration context for tier-transition coverage. Additional cache-pressure calibration context for tier-transition coverage. Additional cache-pressure calibration context for tier-transition coverage. Additional cache-pressure calibration context for tier-transition coverage.","Context: Tongaat Hulett and Implats ESG Report Summary — Tongaat Hulett is a leading agri-processing business focusing on the complementary activities of sugar production, property development, and starch production. The company operates in South Africa, Mozambique, Zimbabwe, and Botswana, employing over 30,000 people at the peak of the sugar milling season. In the 2021 financial year, Tongaat Hul",1335,[8],[],[8],1,"[""Qwen-Qwen2.5-0.5B-Instruct@1@0@-79f9cc853e57cc84@bfloat16.pt""]",lmcache_store_coldpass,lmcache_store_coldpass,1,none,154,154,462.0,462.0,baseline
10,Describe the Social Ethics Health and Safety Committee responsibilities.,"Focus question: Describe the Social Ethics Health and Safety Committee responsibilities.
Context profile: rag_shared_document_finance_reports
Prompt tokens: 1336
Context preview: Context: Tongaat Hulett and Implats ESG Report Summary — Tongaat Hulett is a leading agri-processing business focusing on the complementary activities of sugar production, property development, and starch production. The company operates in South Africa, Mozambique, Zimbabwe, and Botswana, employing over 30,000 people at the peak of the sugar milling season. In the 2021 financial year, Tongaat Hul",Describe the Social Ethics Health and Safety Committee responsibilities.,rag_shared_document_finance_reports,"Context: Tongaat Hulett and Implats ESG Report Summary — Tongaat Hulett is a leading agri-processing business focusing on the complementary activities of sugar production, property development, and starch production. The company operates in South Africa, Mozambique, Zimbabwe, and Botswana, employing over 30,000 people at the peak of the sugar milling season. In the 2021 financial year, Tongaat Hulett produced approximately 1.1 million tons of sugar. The company has committed to reducing energy intensity by 20% by 2025, with specific targets for water efficiency improvement. Tongaat Hulett invests in socio-economic development (SED) and reported total SED expenditure in 2021 aligned with community needs. The Lost Time Injury Frequency Rate (LTIFR) is a critical safety metric tracked annually. The company's ESG framework aligns with the UN Sustainable Development Goals and operates under ISO 45001 certification. Implats (Impala Platinum Holdings Limited) is one of the world's foremost producers of platinum group metals (PGMs). The company's operations span South Africa and Zimbabwe, with managed operations including Impala Rustenburg, Marula, and Zimplats. Implats' ESG framework is built on three pillars focusing on environmental stewardship, social responsibility, and governance excellence. The PS3 strategy guides sustainability alignment. In 2023, Implats achieved significant safety milestones while investing heavily in socio-economic development and community projects. The company targets a 30% reduction in carbon emissions by 2030 and has invested in renewable energy projects including the 35MW solar PV project at Zimplats. Water recycling rates exceeded targets, and the company maintains strict environmental compliance across all operations. The GISTM (Global Industry Standard on Tailings Management) compliance roadmap is actively being implemented. Both companies utilise the six capitals framework (Financial, Manufactured, Intellectual, Human, Social/Relationship, Natural) to illustrate value creation and regularly engage with stakeholders through structured programmes. The double materiality principle used in ESG reporting assesses both inward financial materiality and outward impact materiality to provide comprehensive sustainability reporting aligned with global standards. Tongaat Hulett reported revenue of approximately R16.2 billion in 2021, with significant capital expenditure directed towards operational efficiency improvements and environmental sustainability initiatives. The company's manufactured capital includes six sugar mills across four countries with a combined crushing capacity exceeding 8 million tons of sugarcane per season. Employee training and development spend reached R45 million, reflecting commitment to human capital investment. Implats distributed over R50 billion in total value to stakeholders in 2023, including R28 billion in wages and benefits, R12 billion in taxes and royalties, and R2.3 billion in dividends. The company's total mineral reserves stand at approximately 190 million ounces of platinum group metals. Production across all operations exceeded 3.2 million ounces of refined PGMs. The Marula mine in Limpopo province employs over 5,000 people and has achieved milestone safety records. Environmental management across both organisations addresses water stewardship, carbon emissions reduction, waste minimisation, and biodiversity conservation. Tongaat Hulett's sugarcane operations in KwaZulu-Natal face increasing climate risks from drought and flooding events, while Implats' mining operations in the Bushveld Complex manage dust emissions, acid mine drainage, and tailings storage facility safety under stringent regulatory requirements. Tongaat Hulett and Implats ESG Report Summary — Tongaat Hulett is a leading agri-processing business focusing on the complementary activities of sugar production, property development, and starch production. The company operates in South Africa, Mozambique, Zimbabwe, and Botswana, employing over 30,000 people at the peak of the sugar milling season. In the 2021 financial year, Tongaat Hulett produced approximately 1.1 million tons of sugar. The company has committed to reducing energy intensity by 20% by 2025, with specific targets for water efficiency improvement. Tongaat Hulett invests in socio-economic development (SED) and reported total SED expenditure in 2021 aligned with community needs. The Lost Time Injury Frequency Rate (LTIFR) is a critical safety metric tracked annually. The company's ESG framework aligns with the UN Sustainable Development Goals and operates under ISO 45001 certification. Implats (Impala Platinum Holdings Limited) is one of the world's foremost producers of platinum group metals (PGMs). The company's operations span South Africa and Zimbabwe, with managed operations including Impala Rustenburg, Marula, and Zimplats. Implats' ESG framework is built on three pillars focusing on environmental stewardship, social responsibility, and governance excellence. The PS3 strategy guides sustainability alignment. In 2023, Implats achieved significant safety milestones while investing heavily in socio-economic development and community projects. The company targets a 30% reduction in carbon emissions by 2030 and has invested in renewable energy projects including the 35MW solar PV project at Zimplats. Water recycling rates exceeded targets, and the company maintains strict environmental compliance across all operations. The GISTM (Global Industry Standard on Tailings Management) compliance roadmap is actively being implemented. Both companies utilise the six capitals framework (Financial, Manufactured, Intellectual, Human, Social/Relationship, Natural) to illustrate value creation and regularly engage with stakeholders through structured programmes. The double materiality principle used in ESG reporting assesses both inward financial materiality and outward impact materiality to provide comprehensive sustainability reporting aligned with global standards. Tongaat Hulett reported revenue of approximately R16.2 billion in 2021, with significant capital expenditure directed towards operational efficiency improvements and environmental sustainability initiatives. The company's manufactured capital includes six sugar mills across four countries with a combined crushing capacity exceeding 8 million tons of sugar

Describe the Social Ethics Health and Safety Committee responsibilities.

[PressureProfile]
 Additional cache-pressure calibration context for tier-transition coverage. Additional cache-pressure calibration context for tier-transition coverage. Additional cache-pressure calibration context for tier-transition coverage. Additional cache-pressure calibration context for tier-transition coverage. Additional cache-pressure calibration context for tier-transition coverage. Additional cache-pressure calibration context for tier-transition coverage. Additional cache-pressure calibration context for tier-transition coverage.","Context: Tongaat Hulett and Implats ESG Report Summary — Tongaat Hulett is a leading agri-processing business focusing on the complementary activities of sugar production, property development, and starch production. The company operates in South Africa, Mozambique, Zimbabwe, and Botswana, employing over 30,000 people at the peak of the sugar milling season. In the 2021 financial year, Tongaat Hul",1336,[9],[],[9],1,"[""Qwen-Qwen2.5-0.5B-Instruct@1@0@-4fd750e675de36ad@bfloat16.pt""]",lmcache_store_coldpass,lmcache_store_coldpass,1,none,154,154,462.0,462.0,baseline
11,What is the energy intensity reduction target by year 2025?,"Focus question: What is the energy intensity reduction target by year 2025?
Context profile: rag_shared_document_finance_reports
Prompt tokens: 1341
Context preview: Context: Tongaat Hulett and Implats ESG Report Summary — Tongaat Hulett is a leading agri-processing business focusing on the complementary activities of sugar production, property development, and starch production. The company operates in South Africa, Mozambique, Zimbabwe, and Botswana, employing over 30,000 people at the peak of the sugar milling season. In the 2021 financial year, Tongaat Hul",What is the energy intensity reduction target by year 2025?,rag_shared_document_finance_reports,"Context: Tongaat Hulett and Implats ESG Report Summary — Tongaat Hulett is a leading agri-processing business focusing on the complementary activities of sugar production, property development, and starch production. The company operates in South Africa, Mozambique, Zimbabwe, and Botswana, employing over 30,000 people at the peak of the sugar milling season. In the 2021 financial year, Tongaat Hulett produced approximately 1.1 million tons of sugar. The company has committed to reducing energy intensity by 20% by 2025, with specific targets for water efficiency improvement. Tongaat Hulett invests in socio-economic development (SED) and reported total SED expenditure in 2021 aligned with community needs. The Lost Time Injury Frequency Rate (LTIFR) is a critical safety metric tracked annually. The company's ESG framework aligns with the UN Sustainable Development Goals and operates under ISO 45001 certification. Implats (Impala Platinum Holdings Limited) is one of the world's foremost producers of platinum group metals (PGMs). The company's operations span South Africa and Zimbabwe, with managed operations including Impala Rustenburg, Marula, and Zimplats. Implats' ESG framework is built on three pillars focusing on environmental stewardship, social responsibility, and governance excellence. The PS3 strategy guides sustainability alignment. In 2023, Implats achieved significant safety milestones while investing heavily in socio-economic development and community projects. The company targets a 30% reduction in carbon emissions by 2030 and has invested in renewable energy projects including the 35MW solar PV project at Zimplats. Water recycling rates exceeded targets, and the company maintains strict environmental compliance across all operations. The GISTM (Global Industry Standard on Tailings Management) compliance roadmap is actively being implemented. Both companies utilise the six capitals framework (Financial, Manufactured, Intellectual, Human, Social/Relationship, Natural) to illustrate value creation and regularly engage with stakeholders through structured programmes. The double materiality principle used in ESG reporting assesses both inward financial materiality and outward impact materiality to provide comprehensive sustainability reporting aligned with global standards. Tongaat Hulett reported revenue of approximately R16.2 billion in 2021, with significant capital expenditure directed towards operational efficiency improvements and environmental sustainability initiatives. The company's manufactured capital includes six sugar mills across four countries with a combined crushing capacity exceeding 8 million tons of sugarcane per season. Employee training and development spend reached R45 million, reflecting commitment to human capital investment. Implats distributed over R50 billion in total value to stakeholders in 2023, including R28 billion in wages and benefits, R12 billion in taxes and royalties, and R2.3 billion in dividends. The company's total mineral reserves stand at approximately 190 million ounces of platinum group metals. Production across all operations exceeded 3.2 million ounces of refined PGMs. The Marula mine in Limpopo province employs over 5,000 people and has achieved milestone safety records. Environmental management across both organisations addresses water stewardship, carbon emissions reduction, waste minimisation, and biodiversity conservation. Tongaat Hulett's sugarcane operations in KwaZulu-Natal face increasing climate risks from drought and flooding events, while Implats' mining operations in the Bushveld Complex manage dust emissions, acid mine drainage, and tailings storage facility safety under stringent regulatory requirements. Tongaat Hulett and Implats ESG Report Summary — Tongaat Hulett is a leading agri-processing business focusing on the complementary activities of sugar production, property development, and starch production. The company operates in South Africa, Mozambique, Zimbabwe, and Botswana, employing over 30,000 people at the peak of the sugar milling season. In the 2021 financial year, Tongaat Hulett produced approximately 1.1 million tons of sugar. The company has committed to reducing energy intensity by 20% by 2025, with specific targets for water efficiency improvement. Tongaat Hulett invests in socio-economic development (SED) and reported total SED expenditure in 2021 aligned with community needs. The Lost Time Injury Frequency Rate (LTIFR) is a critical safety metric tracked annually. The company's ESG framework aligns with the UN Sustainable Development Goals and operates under ISO 45001 certification. Implats (Impala Platinum Holdings Limited) is one of the world's foremost producers of platinum group metals (PGMs). The company's operations span South Africa and Zimbabwe, with managed operations including Impala Rustenburg, Marula, and Zimplats. Implats' ESG framework is built on three pillars focusing on environmental stewardship, social responsibility, and governance excellence. The PS3 strategy guides sustainability alignment. In 2023, Implats achieved significant safety milestones while investing heavily in socio-economic development and community projects. The company targets a 30% reduction in carbon emissions by 2030 and has invested in renewable energy projects including the 35MW solar PV project at Zimplats. Water recycling rates exceeded targets, and the company maintains strict environmental compliance across all operations. The GISTM (Global Industry Standard on Tailings Management) compliance roadmap is actively being implemented. Both companies utilise the six capitals framework (Financial, Manufactured, Intellectual, Human, Social/Relationship, Natural) to illustrate value creation and regularly engage with stakeholders through structured programmes. The double materiality principle used in ESG reporting assesses both inward financial materiality and outward impact materiality to provide comprehensive sustainability reporting aligned with global standards. Tongaat Hulett reported revenue of approximately R16.2 billion in 2021, with significant capital expenditure directed towards operational efficiency improvements and environmental sustainability initiatives. The company's manufactured capital includes six sugar mills across four countries with a combined crushing capacity exceeding 8 million tons of sugar

What is the energy intensity reduction target by year 2025?

[PressureProfile]
 Additional cache-pressure calibration context for tier-transition coverage. Additional cache-pressure calibration context for tier-transition coverage. Additional cache-pressure calibration context for tier-transition coverage. Additional cache-pressure calibration context for tier-transition coverage. Additional cache-pressure calibration context for tier-transition coverage. Additional cache-pressure calibration context for tier-transition coverage. Additional cache-pressure calibration context for tier-transition coverage.","Context: Tongaat Hulett and Implats ESG Report Summary — Tongaat Hulett is a leading agri-processing business focusing on the complementary activities of sugar production, property development, and starch production. The company operates in South Africa, Mozambique, Zimbabwe, and Botswana, employing over 30,000 people at the peak of the sugar milling season. In the 2021 financial year, Tongaat Hul",1341,[10],[],[10],1,"[""Qwen-Qwen2.5-0.5B-Instruct@1@0@4a010634f8199054@bfloat16.pt""]",lmcache_store_coldpass,lmcache_store_coldpass,1,none,154,154,462.0,462.0,baseline
12,List the market-leading brands for sugar and animal feeds.,"Focus question: List the market-leading brands for sugar and animal feeds.
Context profile: rag_shared_document_finance_reports
Prompt tokens: 1337
Context preview: Context: Tongaat Hulett and Implats ESG Report Summary — Tongaat Hulett is a leading agri-processing business focusing on the complementary activities of sugar production, property development, and starch production. The company operates in South Africa, Mozambique, Zimbabwe, and Botswana, employing over 30,000 people at the peak of the sugar milling season. In the 2021 financial year, Tongaat Hul",List the market-leading brands for sugar and animal feeds.,rag_shared_document_finance_reports,"Context: Tongaat Hulett and Implats ESG Report Summary — Tongaat Hulett is a leading agri-processing business focusing on the complementary activities of sugar production, property development, and starch production. The company operates in South Africa, Mozambique, Zimbabwe, and Botswana, employing over 30,000 people at the peak of the sugar milling season. In the 2021 financial year, Tongaat Hulett produced approximately 1.1 million tons of sugar. The company has committed to reducing energy intensity by 20% by 2025, with specific targets for water efficiency improvement. Tongaat Hulett invests in socio-economic development (SED) and reported total SED expenditure in 2021 aligned with community needs. The Lost Time Injury Frequency Rate (LTIFR) is a critical safety metric tracked annually. The company's ESG framework aligns with the UN Sustainable Development Goals and operates under ISO 45001 certification. Implats (Impala Platinum Holdings Limited) is one of the world's foremost producers of platinum group metals (PGMs). The company's operations span South Africa and Zimbabwe, with managed operations including Impala Rustenburg, Marula, and Zimplats. Implats' ESG framework is built on three pillars focusing on environmental stewardship, social responsibility, and governance excellence. The PS3 strategy guides sustainability alignment. In 2023, Implats achieved significant safety milestones while investing heavily in socio-economic development and community projects. The company targets a 30% reduction in carbon emissions by 2030 and has invested in renewable energy projects including the 35MW solar PV project at Zimplats. Water recycling rates exceeded targets, and the company maintains strict environmental compliance across all operations. The GISTM (Global Industry Standard on Tailings Management) compliance roadmap is actively being implemented. Both companies utilise the six capitals framework (Financial, Manufactured, Intellectual, Human, Social/Relationship, Natural) to illustrate value creation and regularly engage with stakeholders through structured programmes. The double materiality principle used in ESG reporting assesses both inward financial materiality and outward impact materiality to provide comprehensive sustainability reporting aligned with global standards. Tongaat Hulett reported revenue of approximately R16.2 billion in 2021, with significant capital expenditure directed towards operational efficiency improvements and environmental sustainability initiatives. The company's manufactured capital includes six sugar mills across four countries with a combined crushing capacity exceeding 8 million tons of sugarcane per season. Employee training and development spend reached R45 million, reflecting commitment to human capital investment. Implats distributed over R50 billion in total value to stakeholders in 2023, including R28 billion in wages and benefits, R12 billion in taxes and royalties, and R2.3 billion in dividends. The company's total mineral reserves stand at approximately 190 million ounces of platinum group metals. Production across all operations exceeded 3.2 million ounces of refined PGMs. The Marula mine in Limpopo province employs over 5,000 people and has achieved milestone safety records. Environmental management across both organisations addresses water stewardship, carbon emissions reduction, waste minimisation, and biodiversity conservation. Tongaat Hulett's sugarcane operations in KwaZulu-Natal face increasing climate risks from drought and flooding events, while Implats' mining operations in the Bushveld Complex manage dust emissions, acid mine drainage, and tailings storage facility safety under stringent regulatory requirements. Tongaat Hulett and Implats ESG Report Summary — Tongaat Hulett is a leading agri-processing business focusing on the complementary activities of sugar production, property development, and starch production. The company operates in South Africa, Mozambique, Zimbabwe, and Botswana, employing over 30,000 people at the peak of the sugar milling season. In the 2021 financial year, Tongaat Hulett produced approximately 1.1 million tons of sugar. The company has committed to reducing energy intensity by 20% by 2025, with specific targets for water efficiency improvement. Tongaat Hulett invests in socio-economic development (SED) and reported total SED expenditure in 2021 aligned with community needs. The Lost Time Injury Frequency Rate (LTIFR) is a critical safety metric tracked annually. The company's ESG framework aligns with the UN Sustainable Development Goals and operates under ISO 45001 certification. Implats (Impala Platinum Holdings Limited) is one of the world's foremost producers of platinum group metals (PGMs). The company's operations span South Africa and Zimbabwe, with managed operations including Impala Rustenburg, Marula, and Zimplats. Implats' ESG framework is built on three pillars focusing on environmental stewardship, social responsibility, and governance excellence. The PS3 strategy guides sustainability alignment. In 2023, Implats achieved significant safety milestones while investing heavily in socio-economic development and community projects. The company targets a 30% reduction in carbon emissions by 2030 and has invested in renewable energy projects including the 35MW solar PV project at Zimplats. Water recycling rates exceeded targets, and the company maintains strict environmental compliance across all operations. The GISTM (Global Industry Standard on Tailings Management) compliance roadmap is actively being implemented. Both companies utilise the six capitals framework (Financial, Manufactured, Intellectual, Human, Social/Relationship, Natural) to illustrate value creation and regularly engage with stakeholders through structured programmes. The double materiality principle used in ESG reporting assesses both inward financial materiality and outward impact materiality to provide comprehensive sustainability reporting aligned with global standards. Tongaat Hulett reported revenue of approximately R16.2 billion in 2021, with significant capital expenditure directed towards operational efficiency improvements and environmental sustainability initiatives. The company's manufactured capital includes six sugar mills across four countries with a combined crushing capacity exceeding 8 million tons of sugar

List the market-leading brands for sugar and animal feeds.

[PressureProfile]
 Additional cache-pressure calibration context for tier-transition coverage. Additional cache-pressure calibration context for tier-transition coverage. Additional cache-pressure calibration context for tier-transition coverage. Additional cache-pressure calibration context for tier-transition coverage. Additional cache-pressure calibration context for tier-transition coverage. Additional cache-pressure calibration context for tier-transition coverage. Additional cache-pressure calibration context for tier-transition coverage.","Context: Tongaat Hulett and Implats ESG Report Summary — Tongaat Hulett is a leading agri-processing business focusing on the complementary activities of sugar production, property development, and starch production. The company operates in South Africa, Mozambique, Zimbabwe, and Botswana, employing over 30,000 people at the peak of the sugar milling season. In the 2021 financial year, Tongaat Hul",1337,[11],[],[11],1,"[""Qwen-Qwen2.5-0.5B-Instruct@1@0@5100cdb4d9164dd7@bfloat16.pt""]",lmcache_store_coldpass,lmcache_store_coldpass,1,none,154,154,462.0,462.0,baseline
13,What was the total SED expenditure in 2021?,"Focus question: What was the total SED expenditure in 2021?
Context profile: rag_shared_document_finance_reports
Prompt tokens: 1340
Context preview: Context: Tongaat Hulett and Implats ESG Report Summary — Tongaat Hulett is a leading agri-processing business focusing on the complementary activities of sugar production, property development, and starch production. The company operates in South Africa, Mozambique, Zimbabwe, and Botswana, employing over 30,000 people at the peak of the sugar milling season. In the 2021 financial year, Tongaat Hul",What was the total SED expenditure in 2021?,rag_shared_document_finance_reports,"Context: Tongaat Hulett and Implats ESG Report Summary — Tongaat Hulett is a leading agri-processing business focusing on the complementary activities of sugar production, property development, and starch production. The company operates in South Africa, Mozambique, Zimbabwe, and Botswana, employing over 30,000 people at the peak of the sugar milling season. In the 2021 financial year, Tongaat Hulett produced approximately 1.1 million tons of sugar. The company has committed to reducing energy intensity by 20% by 2025, with specific targets for water efficiency improvement. Tongaat Hulett invests in socio-economic development (SED) and reported total SED expenditure in 2021 aligned with community needs. The Lost Time Injury Frequency Rate (LTIFR) is a critical safety metric tracked annually. The company's ESG framework aligns with the UN Sustainable Development Goals and operates under ISO 45001 certification. Implats (Impala Platinum Holdings Limited) is one of the world's foremost producers of platinum group metals (PGMs). The company's operations span South Africa and Zimbabwe, with managed operations including Impala Rustenburg, Marula, and Zimplats. Implats' ESG framework is built on three pillars focusing on environmental stewardship, social responsibility, and governance excellence. The PS3 strategy guides sustainability alignment. In 2023, Implats achieved significant safety milestones while investing heavily in socio-economic development and community projects. The company targets a 30% reduction in carbon emissions by 2030 and has invested in renewable energy projects including the 35MW solar PV project at Zimplats. Water recycling rates exceeded targets, and the company maintains strict environmental compliance across all operations. The GISTM (Global Industry Standard on Tailings Management) compliance roadmap is actively being implemented. Both companies utilise the six capitals framework (Financial, Manufactured, Intellectual, Human, Social/Relationship, Natural) to illustrate value creation and regularly engage with stakeholders through structured programmes. The double materiality principle used in ESG reporting assesses both inward financial materiality and outward impact materiality to provide comprehensive sustainability reporting aligned with global standards. Tongaat Hulett reported revenue of approximately R16.2 billion in 2021, with significant capital expenditure directed towards operational efficiency improvements and environmental sustainability initiatives. The company's manufactured capital includes six sugar mills across four countries with a combined crushing capacity exceeding 8 million tons of sugarcane per season. Employee training and development spend reached R45 million, reflecting commitment to human capital investment. Implats distributed over R50 billion in total value to stakeholders in 2023, including R28 billion in wages and benefits, R12 billion in taxes and royalties, and R2.3 billion in dividends. The company's total mineral reserves stand at approximately 190 million ounces of platinum group metals. Production across all operations exceeded 3.2 million ounces of refined PGMs. The Marula mine in Limpopo province employs over 5,000 people and has achieved milestone safety records. Environmental management across both organisations addresses water stewardship, carbon emissions reduction, waste minimisation, and biodiversity conservation. Tongaat Hulett's sugarcane operations in KwaZulu-Natal face increasing climate risks from drought and flooding events, while Implats' mining operations in the Bushveld Complex manage dust emissions, acid mine drainage, and tailings storage facility safety under stringent regulatory requirements. Tongaat Hulett and Implats ESG Report Summary — Tongaat Hulett is a leading agri-processing business focusing on the complementary activities of sugar production, property development, and starch production. The company operates in South Africa, Mozambique, Zimbabwe, and Botswana, employing over 30,000 people at the peak of the sugar milling season. In the 2021 financial year, Tongaat Hulett produced approximately 1.1 million tons of sugar. The company has committed to reducing energy intensity by 20% by 2025, with specific targets for water efficiency improvement. Tongaat Hulett invests in socio-economic development (SED) and reported total SED expenditure in 2021 aligned with community needs. The Lost Time Injury Frequency Rate (LTIFR) is a critical safety metric tracked annually. The company's ESG framework aligns with the UN Sustainable Development Goals and operates under ISO 45001 certification. Implats (Impala Platinum Holdings Limited) is one of the world's foremost producers of platinum group metals (PGMs). The company's operations span South Africa and Zimbabwe, with managed operations including Impala Rustenburg, Marula, and Zimplats. Implats' ESG framework is built on three pillars focusing on environmental stewardship, social responsibility, and governance excellence. The PS3 strategy guides sustainability alignment. In 2023, Implats achieved significant safety milestones while investing heavily in socio-economic development and community projects. The company targets a 30% reduction in carbon emissions by 2030 and has invested in renewable energy projects including the 35MW solar PV project at Zimplats. Water recycling rates exceeded targets, and the company maintains strict environmental compliance across all operations. The GISTM (Global Industry Standard on Tailings Management) compliance roadmap is actively being implemented. Both companies utilise the six capitals framework (Financial, Manufactured, Intellectual, Human, Social/Relationship, Natural) to illustrate value creation and regularly engage with stakeholders through structured programmes. The double materiality principle used in ESG reporting assesses both inward financial materiality and outward impact materiality to provide comprehensive sustainability reporting aligned with global standards. Tongaat Hulett reported revenue of approximately R16.2 billion in 2021, with significant capital expenditure directed towards operational efficiency improvements and environmental sustainability initiatives. The company's manufactured capital includes six sugar mills across four countries with a combined crushing capacity exceeding 8 million tons of sugar

What was the total SED expenditure in 2021?

[PressureProfile]
 Additional cache-pressure calibration context for tier-transition coverage. Additional cache-pressure calibration context for tier-transition coverage. Additional cache-pressure calibration context for tier-transition coverage. Additional cache-pressure calibration context for tier-transition coverage. Additional cache-pressure calibration context for tier-transition coverage. Additional cache-pressure calibration context for tier-transition coverage. Additional cache-pressure calibration context for tier-transition coverage.","Context: Tongaat Hulett and Implats ESG Report Summary — Tongaat Hulett is a leading agri-processing business focusing on the complementary activities of sugar production, property development, and starch production. The company operates in South Africa, Mozambique, Zimbabwe, and Botswana, employing over 30,000 people at the peak of the sugar milling season. In the 2021 financial year, Tongaat Hul",1340,[12],[],[12],1,"[""Qwen-Qwen2.5-0.5B-Instruct@1@0@2a9fdfa3e9cc1489@bfloat16.pt""]",lmcache_store_coldpass,lmcache_store_coldpass,1,none,154,154,462.0,462.0,baseline
14,Detail the change in scope 1 and scope 2 carbon emissions 2020-2021.,"Focus question: Detail the change in scope 1 and scope 2 carbon emissions 2020-2021.
Context profile: rag_shared_document_finance_reports
Prompt tokens: 1340
Context preview: Context: Tongaat Hulett and Implats ESG Report Summary — Tongaat Hulett is a leading agri-processing business focusing on the complementary activities of sugar production, property development, and starch production. The company operates in South Africa, Mozambique, Zimbabwe, and Botswana, employing over 30,000 people at the peak of the sugar milling season. In the 2021 financial year, Tongaat Hul",Detail the change in scope 1 and scope 2 carbon emissions 2020-2021.,rag_shared_document_finance_reports,"Context: Tongaat Hulett and Implats ESG Report Summary — Tongaat Hulett is a leading agri-processing business focusing on the complementary activities of sugar production, property development, and starch production. The company operates in South Africa, Mozambique, Zimbabwe, and Botswana, employing over 30,000 people at the peak of the sugar milling season. In the 2021 financial year, Tongaat Hulett produced approximately 1.1 million tons of sugar. The company has committed to reducing energy intensity by 20% by 2025, with specific targets for water efficiency improvement. Tongaat Hulett invests in socio-economic development (SED) and reported total SED expenditure in 2021 aligned with community needs. The Lost Time Injury Frequency Rate (LTIFR) is a critical safety metric tracked annually. The company's ESG framework aligns with the UN Sustainable Development Goals and operates under ISO 45001 certification. Implats (Impala Platinum Holdings Limited) is one of the world's foremost producers of platinum group metals (PGMs). The company's operations span South Africa and Zimbabwe, with managed operations including Impala Rustenburg, Marula, and Zimplats. Implats' ESG framework is built on three pillars focusing on environmental stewardship, social responsibility, and governance excellence. The PS3 strategy guides sustainability alignment. In 2023, Implats achieved significant safety milestones while investing heavily in socio-economic development and community projects. The company targets a 30% reduction in carbon emissions by 2030 and has invested in renewable energy projects including the 35MW solar PV project at Zimplats. Water recycling rates exceeded targets, and the company maintains strict environmental compliance across all operations. The GISTM (Global Industry Standard on Tailings Management) compliance roadmap is actively being implemented. Both companies utilise the six capitals framework (Financial, Manufactured, Intellectual, Human, Social/Relationship, Natural) to illustrate value creation and regularly engage with stakeholders through structured programmes. The double materiality principle used in ESG reporting assesses both inward financial materiality and outward impact materiality to provide comprehensive sustainability reporting aligned with global standards. Tongaat Hulett reported revenue of approximately R16.2 billion in 2021, with significant capital expenditure directed towards operational efficiency improvements and environmental sustainability initiatives. The company's manufactured capital includes six sugar mills across four countries with a combined crushing capacity exceeding 8 million tons of sugarcane per season. Employee training and development spend reached R45 million, reflecting commitment to human capital investment. Implats distributed over R50 billion in total value to stakeholders in 2023, including R28 billion in wages and benefits, R12 billion in taxes and royalties, and R2.3 billion in dividends. The company's total mineral reserves stand at approximately 190 million ounces of platinum group metals. Production across all operations exceeded 3.2 million ounces of refined PGMs. The Marula mine in Limpopo province employs over 5,000 people and has achieved milestone safety records. Environmental management across both organisations addresses water stewardship, carbon emissions reduction, waste minimisation, and biodiversity conservation. Tongaat Hulett's sugarcane operations in KwaZulu-Natal face increasing climate risks from drought and flooding events, while Implats' mining operations in the Bushveld Complex manage dust emissions, acid mine drainage, and tailings storage facility safety under stringent regulatory requirements. Tongaat Hulett and Implats ESG Report Summary — Tongaat Hulett is a leading agri-processing business focusing on the complementary activities of sugar production, property development, and starch production. The company operates in South Africa, Mozambique, Zimbabwe, and Botswana, employing over 30,000 people at the peak of the sugar milling season. In the 2021 financial year, Tongaat Hulett produced approximately 1.1 million tons of sugar. The company has committed to reducing energy intensity by 20% by 2025, with specific targets for water efficiency improvement. Tongaat Hulett invests in socio-economic development (SED) and reported total SED expenditure in 2021 aligned with community needs. The Lost Time Injury Frequency Rate (LTIFR) is a critical safety metric tracked annually. The company's ESG framework aligns with the UN Sustainable Development Goals and operates under ISO 45001 certification. Implats (Impala Platinum Holdings Limited) is one of the world's foremost producers of platinum group metals (PGMs). The company's operations span South Africa and Zimbabwe, with managed operations including Impala Rustenburg, Marula, and Zimplats. Implats' ESG framework is built on three pillars focusing on environmental stewardship, social responsibility, and governance excellence. The PS3 strategy guides sustainability alignment. In 2023, Implats achieved significant safety milestones while investing heavily in socio-economic development and community projects. The company targets a 30% reduction in carbon emissions by 2030 and has invested in renewable energy projects including the 35MW solar PV project at Zimplats. Water recycling rates exceeded targets, and the company maintains strict environmental compliance across all operations. The GISTM (Global Industry Standard on Tailings Management) compliance roadmap is actively being implemented. Both companies utilise the six capitals framework (Financial, Manufactured, Intellectual, Human, Social/Relationship, Natural) to illustrate value creation and regularly engage with stakeholders through structured programmes. The double materiality principle used in ESG reporting assesses both inward financial materiality and outward impact materiality to provide comprehensive sustainability reporting aligned with global standards. Tongaat Hulett reported revenue of approximately R16.2 billion in 2021, with significant capital expenditure directed towards operational efficiency improvements and environmental sustainability initiatives. The company's manufactured capital includes six sugar mills across four countries with a combined crushing capacity exceeding 8 million tons of sugar

Detail the change in scope 1 and scope 2 carbon emissions 2020-2021.

[PressureProfile]
 Additional cache-pressure calibration context for tier-transition coverage. Additional cache-pressure calibration context for tier-transition coverage. Additional cache-pressure calibration context for tier-transition coverage. Additional cache-pressure calibration context for tier-transition coverage. Additional cache-pressure calibration context for tier-transition coverage. Additional cache-pressure calibration context for tier-transition coverage.","Context: Tongaat Hulett and Implats ESG Report Summary — Tongaat Hulett is a leading agri-processing business focusing on the complementary activities of sugar production, property development, and starch production. The company operates in South Africa, Mozambique, Zimbabwe, and Botswana, employing over 30,000 people at the peak of the sugar milling season. In the 2021 financial year, Tongaat Hul",1340,[13],[],[13],1,"[""Qwen-Qwen2.5-0.5B-Instruct@1@0@-41915b64f54d13e4@bfloat16.pt""]",lmcache_store_coldpass,lmcache_store_coldpass,1,none,154,154,462.0,462.0,baseline
15,How does Tongaat Hulett define and manage its Intellectual Capital?,"Focus question: How does Tongaat Hulett define and manage its Intellectual Capital?
Context profile: rag_shared_document_finance_reports
Prompt tokens: 1340
Context preview: Context: Tongaat Hulett and Implats ESG Report Summary — Tongaat Hulett is a leading agri-processing business focusing on the complementary activities of sugar production, property development, and starch production. The company operates in South Africa, Mozambique, Zimbabwe, and Botswana, employing over 30,000 people at the peak of the sugar milling season. In the 2021 financial year, Tongaat Hul",How does Tongaat Hulett define and manage its Intellectual Capital?,rag_shared_document_finance_reports,"Context: Tongaat Hulett and Implats ESG Report Summary — Tongaat Hulett is a leading agri-processing business focusing on the complementary activities of sugar production, property development, and starch production. The company operates in South Africa, Mozambique, Zimbabwe, and Botswana, employing over 30,000 people at the peak of the sugar milling season. In the 2021 financial year, Tongaat Hulett produced approximately 1.1 million tons of sugar. The company has committed to reducing energy intensity by 20% by 2025, with specific targets for water efficiency improvement. Tongaat Hulett invests in socio-economic development (SED) and reported total SED expenditure in 2021 aligned with community needs. The Lost Time Injury Frequency Rate (LTIFR) is a critical safety metric tracked annually. The company's ESG framework aligns with the UN Sustainable Development Goals and operates under ISO 45001 certification. Implats (Impala Platinum Holdings Limited) is one of the world's foremost producers of platinum group metals (PGMs). The company's operations span South Africa and Zimbabwe, with managed operations including Impala Rustenburg, Marula, and Zimplats. Implats' ESG framework is built on three pillars focusing on environmental stewardship, social responsibility, and governance excellence. The PS3 strategy guides sustainability alignment. In 2023, Implats achieved significant safety milestones while investing heavily in socio-economic development and community projects. The company targets a 30% reduction in carbon emissions by 2030 and has invested in renewable energy projects including the 35MW solar PV project at Zimplats. Water recycling rates exceeded targets, and the company maintains strict environmental compliance across all operations. The GISTM (Global Industry Standard on Tailings Management) compliance roadmap is actively being implemented. Both companies utilise the six capitals framework (Financial, Manufactured, Intellectual, Human, Social/Relationship, Natural) to illustrate value creation and regularly engage with stakeholders through structured programmes. The double materiality principle used in ESG reporting assesses both inward financial materiality and outward impact materiality to provide comprehensive sustainability reporting aligned with global standards. Tongaat Hulett reported revenue of approximately R16.2 billion in 2021, with significant capital expenditure directed towards operational efficiency improvements and environmental sustainability initiatives. The company's manufactured capital includes six sugar mills across four countries with a combined crushing capacity exceeding 8 million tons of sugarcane per season. Employee training and development spend reached R45 million, reflecting commitment to human capital investment. Implats distributed over R50 billion in total value to stakeholders in 2023, including R28 billion in wages and benefits, R12 billion in taxes and royalties, and R2.3 billion in dividends. The company's total mineral reserves stand at approximately 190 million ounces of platinum group metals. Production across all operations exceeded 3.2 million ounces of refined PGMs. The Marula mine in Limpopo province employs over 5,000 people and has achieved milestone safety records. Environmental management across both organisations addresses water stewardship, carbon emissions reduction, waste minimisation, and biodiversity conservation. Tongaat Hulett's sugarcane operations in KwaZulu-Natal face increasing climate risks from drought and flooding events, while Implats' mining operations in the Bushveld Complex manage dust emissions, acid mine drainage, and tailings storage facility safety under stringent regulatory requirements. Tongaat Hulett and Implats ESG Report Summary — Tongaat Hulett is a leading agri-processing business focusing on the complementary activities of sugar production, property development, and starch production. The company operates in South Africa, Mozambique, Zimbabwe, and Botswana, employing over 30,000 people at the peak of the sugar milling season. In the 2021 financial year, Tongaat Hulett produced approximately 1.1 million tons of sugar. The company has committed to reducing energy intensity by 20% by 2025, with specific targets for water efficiency improvement. Tongaat Hulett invests in socio-economic development (SED) and reported total SED expenditure in 2021 aligned with community needs. The Lost Time Injury Frequency Rate (LTIFR) is a critical safety metric tracked annually. The company's ESG framework aligns with the UN Sustainable Development Goals and operates under ISO 45001 certification. Implats (Impala Platinum Holdings Limited) is one of the world's foremost producers of platinum group metals (PGMs). The company's operations span South Africa and Zimbabwe, with managed operations including Impala Rustenburg, Marula, and Zimplats. Implats' ESG framework is built on three pillars focusing on environmental stewardship, social responsibility, and governance excellence. The PS3 strategy guides sustainability alignment. In 2023, Implats achieved significant safety milestones while investing heavily in socio-economic development and community projects. The company targets a 30% reduction in carbon emissions by 2030 and has invested in renewable energy projects including the 35MW solar PV project at Zimplats. Water recycling rates exceeded targets, and the company maintains strict environmental compliance across all operations. The GISTM (Global Industry Standard on Tailings Management) compliance roadmap is actively being implemented. Both companies utilise the six capitals framework (Financial, Manufactured, Intellectual, Human, Social/Relationship, Natural) to illustrate value creation and regularly engage with stakeholders through structured programmes. The double materiality principle used in ESG reporting assesses both inward financial materiality and outward impact materiality to provide comprehensive sustainability reporting aligned with global standards. Tongaat Hulett reported revenue of approximately R16.2 billion in 2021, with significant capital expenditure directed towards operational efficiency improvements and environmental sustainability initiatives. The company's manufactured capital includes six sugar mills across four countries with a combined crushing capacity exceeding 8 million tons of sugar

How does Tongaat Hulett define and manage its Intellectual Capital?

[PressureProfile]
 Additional cache-pressure calibration context for tier-transition coverage. Additional cache-pressure calibration context for tier-transition coverage. Additional cache-pressure calibration context for tier-transition coverage. Additional cache-pressure calibration context for tier-transition coverage. Additional cache-pressure calibration context for tier-transition coverage. Additional cache-pressure calibration context for tier-transition coverage. Additional cache-pressure calibration context for tier-transition coverage.","Context: Tongaat Hulett and Implats ESG Report Summary — Tongaat Hulett is a leading agri-processing business focusing on the complementary activities of sugar production, property development, and starch production. The company operates in South Africa, Mozambique, Zimbabwe, and Botswana, employing over 30,000 people at the peak of the sugar milling season. In the 2021 financial year, Tongaat Hul",1340,[14],[],[14],1,"[""Qwen-Qwen2.5-0.5B-Instruct@1@0@-31c337bbac967e30@bfloat16.pt""]",lmcache_store_coldpass,lmcache_store_coldpass,1,none,154,154,462.0,462.0,baseline
16,What were the primary environmental efficiency investments in 2021?,"Focus question: What were the primary environmental efficiency investments in 2021?
Context profile: rag_shared_document_finance_reports
Prompt tokens: 1340
Context preview: Context: Tongaat Hulett and Implats ESG Report Summary — Tongaat Hulett is a leading agri-processing business focusing on the complementary activities of sugar production, property development, and starch production. The company operates in South Africa, Mozambique, Zimbabwe, and Botswana, employing over 30,000 people at the peak of the sugar milling season. In the 2021 financial year, Tongaat Hul",What were the primary environmental efficiency investments in 2021?,rag_shared_document_finance_reports,"Context: Tongaat Hulett and Implats ESG Report Summary — Tongaat Hulett is a leading agri-processing business focusing on the complementary activities of sugar production, property development, and starch production. The company operates in South Africa, Mozambique, Zimbabwe, and Botswana, employing over 30,000 people at the peak of the sugar milling season. In the 2021 financial year, Tongaat Hulett produced approximately 1.1 million tons of sugar. The company has committed to reducing energy intensity by 20% by 2025, with specific targets for water efficiency improvement. Tongaat Hulett invests in socio-economic development (SED) and reported total SED expenditure in 2021 aligned with community needs. The Lost Time Injury Frequency Rate (LTIFR) is a critical safety metric tracked annually. The company's ESG framework aligns with the UN Sustainable Development Goals and operates under ISO 45001 certification. Implats (Impala Platinum Holdings Limited) is one of the world's foremost producers of platinum group metals (PGMs). The company's operations span South Africa and Zimbabwe, with managed operations including Impala Rustenburg, Marula, and Zimplats. Implats' ESG framework is built on three pillars focusing on environmental stewardship, social responsibility, and governance excellence. The PS3 strategy guides sustainability alignment. In 2023, Implats achieved significant safety milestones while investing heavily in socio-economic development and community projects. The company targets a 30% reduction in carbon emissions by 2030 and has invested in renewable energy projects including the 35MW solar PV project at Zimplats. Water recycling rates exceeded targets, and the company maintains strict environmental compliance across all operations. The GISTM (Global Industry Standard on Tailings Management) compliance roadmap is actively being implemented. Both companies utilise the six capitals framework (Financial, Manufactured, Intellectual, Human, Social/Relationship, Natural) to illustrate value creation and regularly engage with stakeholders through structured programmes. The double materiality principle used in ESG reporting assesses both inward financial materiality and outward impact materiality to provide comprehensive sustainability reporting aligned with global standards. Tongaat Hulett reported revenue of approximately R16.2 billion in 2021, with significant capital expenditure directed towards operational efficiency improvements and environmental sustainability initiatives. The company's manufactured capital includes six sugar mills across four countries with a combined crushing capacity exceeding 8 million tons of sugarcane per season. Employee training and development spend reached R45 million, reflecting commitment to human capital investment. Implats distributed over R50 billion in total value to stakeholders in 2023, including R28 billion in wages and benefits, R12 billion in taxes and royalties, and R2.3 billion in dividends. The company's total mineral reserves stand at approximately 190 million ounces of platinum group metals. Production across all operations exceeded 3.2 million ounces of refined PGMs. The Marula mine in Limpopo province employs over 5,000 people and has achieved milestone safety records. Environmental management across both organisations addresses water stewardship, carbon emissions reduction, waste minimisation, and biodiversity conservation. Tongaat Hulett's sugarcane operations in KwaZulu-Natal face increasing climate risks from drought and flooding events, while Implats' mining operations in the Bushveld Complex manage dust emissions, acid mine drainage, and tailings storage facility safety under stringent regulatory requirements. Tongaat Hulett and Implats ESG Report Summary — Tongaat Hulett is a leading agri-processing business focusing on the complementary activities of sugar production, property development, and starch production. The company operates in South Africa, Mozambique, Zimbabwe, and Botswana, employing over 30,000 people at the peak of the sugar milling season. In the 2021 financial year, Tongaat Hulett produced approximately 1.1 million tons of sugar. The company has committed to reducing energy intensity by 20% by 2025, with specific targets for water efficiency improvement. Tongaat Hulett invests in socio-economic development (SED) and reported total SED expenditure in 2021 aligned with community needs. The Lost Time Injury Frequency Rate (LTIFR) is a critical safety metric tracked annually. The company's ESG framework aligns with the UN Sustainable Development Goals and operates under ISO 45001 certification. Implats (Impala Platinum Holdings Limited) is one of the world's foremost producers of platinum group metals (PGMs). The company's operations span South Africa and Zimbabwe, with managed operations including Impala Rustenburg, Marula, and Zimplats. Implats' ESG framework is built on three pillars focusing on environmental stewardship, social responsibility, and governance excellence. The PS3 strategy guides sustainability alignment. In 2023, Implats achieved significant safety milestones while investing heavily in socio-economic development and community projects. The company targets a 30% reduction in carbon emissions by 2030 and has invested in renewable energy projects including the 35MW solar PV project at Zimplats. Water recycling rates exceeded targets, and the company maintains strict environmental compliance across all operations. The GISTM (Global Industry Standard on Tailings Management) compliance roadmap is actively being implemented. Both companies utilise the six capitals framework (Financial, Manufactured, Intellectual, Human, Social/Relationship, Natural) to illustrate value creation and regularly engage with stakeholders through structured programmes. The double materiality principle used in ESG reporting assesses both inward financial materiality and outward impact materiality to provide comprehensive sustainability reporting aligned with global standards. Tongaat Hulett reported revenue of approximately R16.2 billion in 2021, with significant capital expenditure directed towards operational efficiency improvements and environmental sustainability initiatives. The company's manufactured capital includes six sugar mills across four countries with a combined crushing capacity exceeding 8 million tons of sugar

What were the primary environmental efficiency investments in 2021?

[PressureProfile]
 Additional cache-pressure calibration context for tier-transition coverage. Additional cache-pressure calibration context for tier-transition coverage. Additional cache-pressure calibration context for tier-transition coverage. Additional cache-pressure calibration context for tier-transition coverage. Additional cache-pressure calibration context for tier-transition coverage. Additional cache-pressure calibration context for tier-transition coverage. Additional cache-pressure calibration context for tier-transition coverage.","Context: Tongaat Hulett and Implats ESG Report Summary — Tongaat Hulett is a leading agri-processing business focusing on the complementary activities of sugar production, property development, and starch production. The company operates in South Africa, Mozambique, Zimbabwe, and Botswana, employing over 30,000 people at the peak of the sugar milling season. In the 2021 financial year, Tongaat Hul",1340,[15],[],[15],1,"[""Qwen-Qwen2.5-0.5B-Instruct@1@0@-25d985b2aa150a41@bfloat16.pt""]",lmcache_store_coldpass,lmcache_store_coldpass,1,none,154,154,462.0,462.0,baseline
17,Summarize the 2021 corporate reputation survey findings.,"Focus question: Summarize the 2021 corporate reputation survey findings.
Context profile: rag_shared_document_finance_reports
Prompt tokens: 1340
Context preview: Context: Tongaat Hulett and Implats ESG Report Summary — Tongaat Hulett is a leading agri-processing business focusing on the complementary activities of sugar production, property development, and starch production. The company operates in South Africa, Mozambique, Zimbabwe, and Botswana, employing over 30,000 people at the peak of the sugar milling season. In the 2021 financial year, Tongaat Hul",Summarize the 2021 corporate reputation survey findings.,rag_shared_document_finance_reports,"Context: Tongaat Hulett and Implats ESG Report Summary — Tongaat Hulett is a leading agri-processing business focusing on the complementary activities of sugar production, property development, and starch production. The company operates in South Africa, Mozambique, Zimbabwe, and Botswana, employing over 30,000 people at the peak of the sugar milling season. In the 2021 financial year, Tongaat Hulett produced approximately 1.1 million tons of sugar. The company has committed to reducing energy intensity by 20% by 2025, with specific targets for water efficiency improvement. Tongaat Hulett invests in socio-economic development (SED) and reported total SED expenditure in 2021 aligned with community needs. The Lost Time Injury Frequency Rate (LTIFR) is a critical safety metric tracked annually. The company's ESG framework aligns with the UN Sustainable Development Goals and operates under ISO 45001 certification. Implats (Impala Platinum Holdings Limited) is one of the world's foremost producers of platinum group metals (PGMs). The company's operations span South Africa and Zimbabwe, with managed operations including Impala Rustenburg, Marula, and Zimplats. Implats' ESG framework is built on three pillars focusing on environmental stewardship, social responsibility, and governance excellence. The PS3 strategy guides sustainability alignment. In 2023, Implats achieved significant safety milestones while investing heavily in socio-economic development and community projects. The company targets a 30% reduction in carbon emissions by 2030 and has invested in renewable energy projects including the 35MW solar PV project at Zimplats. Water recycling rates exceeded targets, and the company maintains strict environmental compliance across all operations. The GISTM (Global Industry Standard on Tailings Management) compliance roadmap is actively being implemented. Both companies utilise the six capitals framework (Financial, Manufactured, Intellectual, Human, Social/Relationship, Natural) to illustrate value creation and regularly engage with stakeholders through structured programmes. The double materiality principle used in ESG reporting assesses both inward financial materiality and outward impact materiality to provide comprehensive sustainability reporting aligned with global standards. Tongaat Hulett reported revenue of approximately R16.2 billion in 2021, with significant capital expenditure directed towards operational efficiency improvements and environmental sustainability initiatives. The company's manufactured capital includes six sugar mills across four countries with a combined crushing capacity exceeding 8 million tons of sugarcane per season. Employee training and development spend reached R45 million, reflecting commitment to human capital investment. Implats distributed over R50 billion in total value to stakeholders in 2023, including R28 billion in wages and benefits, R12 billion in taxes and royalties, and R2.3 billion in dividends. The company's total mineral reserves stand at approximately 190 million ounces of platinum group metals. Production across all operations exceeded 3.2 million ounces of refined PGMs. The Marula mine in Limpopo province employs over 5,000 people and has achieved milestone safety records. Environmental management across both organisations addresses water stewardship, carbon emissions reduction, waste minimisation, and biodiversity conservation. Tongaat Hulett's sugarcane operations in KwaZulu-Natal face increasing climate risks from drought and flooding events, while Implats' mining operations in the Bushveld Complex manage dust emissions, acid mine drainage, and tailings storage facility safety under stringent regulatory requirements. Tongaat Hulett and Implats ESG Report Summary — Tongaat Hulett is a leading agri-processing business focusing on the complementary activities of sugar production, property development, and starch production. The company operates in South Africa, Mozambique, Zimbabwe, and Botswana, employing over 30,000 people at the peak of the sugar milling season. In the 2021 financial year, Tongaat Hulett produced approximately 1.1 million tons of sugar. The company has committed to reducing energy intensity by 20% by 2025, with specific targets for water efficiency improvement. Tongaat Hulett invests in socio-economic development (SED) and reported total SED expenditure in 2021 aligned with community needs. The Lost Time Injury Frequency Rate (LTIFR) is a critical safety metric tracked annually. The company's ESG framework aligns with the UN Sustainable Development Goals and operates under ISO 45001 certification. Implats (Impala Platinum Holdings Limited) is one of the world's foremost producers of platinum group metals (PGMs). The company's operations span South Africa and Zimbabwe, with managed operations including Impala Rustenburg, Marula, and Zimplats. Implats' ESG framework is built on three pillars focusing on environmental stewardship, social responsibility, and governance excellence. The PS3 strategy guides sustainability alignment. In 2023, Implats achieved significant safety milestones while investing heavily in socio-economic development and community projects. The company targets a 30% reduction in carbon emissions by 2030 and has invested in renewable energy projects including the 35MW solar PV project at Zimplats. Water recycling rates exceeded targets, and the company maintains strict environmental compliance across all operations. The GISTM (Global Industry Standard on Tailings Management) compliance roadmap is actively being implemented. Both companies utilise the six capitals framework (Financial, Manufactured, Intellectual, Human, Social/Relationship, Natural) to illustrate value creation and regularly engage with stakeholders through structured programmes. The double materiality principle used in ESG reporting assesses both inward financial materiality and outward impact materiality to provide comprehensive sustainability reporting aligned with global standards. Tongaat Hulett reported revenue of approximately R16.2 billion in 2021, with significant capital expenditure directed towards operational efficiency improvements and environmental sustainability initiatives. The company's manufactured capital includes six sugar mills across four countries with a combined crushing capacity exceeding 8 million tons of sugar

Summarize the 2021 corporate reputation survey findings.

[PressureProfile]
 Additional cache-pressure calibration context for tier-transition coverage. Additional cache-pressure calibration context for tier-transition coverage. Additional cache-pressure calibration context for tier-transition coverage. Additional cache-pressure calibration context for tier-transition coverage. Additional cache-pressure calibration context for tier-transition coverage. Additional cache-pressure calibration context for tier-transition coverage. Additional cache-pressure calibration context for tier-transition coverage.","Context: Tongaat Hulett and Implats ESG Report Summary — Tongaat Hulett is a leading agri-processing business focusing on the complementary activities of sugar production, property development, and starch production. The company operates in South Africa, Mozambique, Zimbabwe, and Botswana, employing over 30,000 people at the peak of the sugar milling season. In the 2021 financial year, Tongaat Hul",1340,[16],[],[16],1,"[""Qwen-Qwen2.5-0.5B-Instruct@1@0@7519c74f3b6bea98@bfloat16.pt""]",lmcache_store_coldpass,lmcache_store_coldpass,1,none,154,154,462.0,462.0,baseline
18,What are the water efficiency improvement targets by 2025?,"Focus question: What are the water efficiency improvement targets by 2025?
Context profile: rag_shared_document_finance_reports
Prompt tokens: 1885
Context preview: Context: Tongaat Hulett and Implats ESG Report Summary — Tongaat Hulett is a leading agri-processing business focusing on the complementary activities of sugar production, property development, and starch production. The company operates in South Africa, Mozambique, Zimbabwe, and Botswana, employing over 30,000 people at the peak of the sugar milling season. In the 2021 financial year, Tongaat Hul",What are the water efficiency improvement targets by 2025?,rag_shared_document_finance_reports,"Context: Tongaat Hulett and Implats ESG Report Summary — Tongaat Hulett is a leading agri-processing business focusing on the complementary activities of sugar production, property development, and starch production. The company operates in South Africa, Mozambique, Zimbabwe, and Botswana, employing over 30,000 people at the peak of the sugar milling season. In the 2021 financial year, Tongaat Hulett produced approximately 1.1 million tons of sugar. The company has committed to reducing energy intensity by 20% by 2025, with specific targets for water efficiency improvement. Tongaat Hulett invests in socio-economic development (SED) and reported total SED expenditure in 2021 aligned with community needs. The Lost Time Injury Frequency Rate (LTIFR) is a critical safety metric tracked annually. The company's ESG framework aligns with the UN Sustainable Development Goals and operates under ISO 45001 certification. Implats (Impala Platinum Holdings Limited) is one of the world's foremost producers of platinum group metals (PGMs). The company's operations span South Africa and Zimbabwe, with managed operations including Impala Rustenburg, Marula, and Zimplats. Implats' ESG framework is built on three pillars focusing on environmental stewardship, social responsibility, and governance excellence. The PS3 strategy guides sustainability alignment. In 2023, Implats achieved significant safety milestones while investing heavily in socio-economic development and community projects. The company targets a 30% reduction in carbon emissions by 2030 and has invested in renewable energy projects including the 35MW solar PV project at Zimplats. Water recycling rates exceeded targets, and the company maintains strict environmental compliance across all operations. The GISTM (Global Industry Standard on Tailings Management) compliance roadmap is actively being implemented. Both companies utilise the six capitals framework (Financial, Manufactured, Intellectual, Human, Social/Relationship, Natural) to illustrate value creation and regularly engage with stakeholders through structured programmes. The double materiality principle used in ESG reporting assesses both inward financial materiality and outward impact materiality to provide comprehensive sustainability reporting aligned with global standards. Tongaat Hulett reported revenue of approximately R16.2 billion in 2021, with significant capital expenditure directed towards operational efficiency improvements and environmental sustainability initiatives. The company's manufactured capital includes six sugar mills across four countries with a combined crushing capacity exceeding 8 million tons of sugarcane per season. Employee training and development spend reached R45 million, reflecting commitment to human capital investment. Implats distributed over R50 billion in total value to stakeholders in 2023, including R28 billion in wages and benefits, R12 billion in taxes and royalties, and R2.3 billion in dividends. The company's total mineral reserves stand at approximately 190 million ounces of platinum group metals. Production across all operations exceeded 3.2 million ounces of refined PGMs. The Marula mine in Limpopo province employs over 5,000 people and has achieved milestone safety records. Environmental management across both organisations addresses water stewardship, carbon emissions reduction, waste minimisation, and biodiversity conservation. Tongaat Hulett's sugarcane operations in KwaZulu-Natal face increasing climate risks from drought and flooding events, while Implats' mining operations in the Bushveld Complex manage dust emissions, acid mine drainage, and tailings storage facility safety under stringent regulatory requirements. Tongaat Hulett and Implats ESG Report Summary — Tongaat Hulett is a leading agri-processing business focusing on the complementary activities of sugar production, property development, and starch production. The company operates in South Africa, Mozambique, Zimbabwe, and Botswana, employing over 30,000 people at the peak of the sugar milling season. In the 2021 financial year, Tongaat Hulett produced approximately 1.1 million tons of sugar. The company has committed to reducing energy intensity by 20% by 2025, with specific targets for water efficiency improvement. Tongaat Hulett invests in socio-economic development (SED) and reported total SED expenditure in 2021 aligned with community needs. The Lost Time Injury Frequency Rate (LTIFR) is a critical safety metric tracked annually. The company's ESG framework aligns with the UN Sustainable Development Goals and operates under ISO 45001 certification. Implats (Impala Platinum Holdings Limited) is one of the world's foremost producers of platinum group metals (PGMs). The company's operations span South Africa and Zimbabwe, with managed operations including Impala Rustenburg, Marula, and Zimplats. Implats' ESG framework is built on three pillars focusing on environmental stewardship, social responsibility, and governance excellence. The PS3 strategy guides sustainability alignment. In 2023, Implats achieved significant safety milestones while investing heavily in socio-economic development and community projects. The company targets a 30% reduction in carbon emissions by 2030 and has invested in renewable energy projects including the 35MW solar PV project at Zimplats. Water recycling rates exceeded targets, and the company maintains strict environmental compliance across all operations. The GISTM (Global Industry Standard on Tailings Management) compliance roadmap is actively being implemented. Both companies utilise the six capitals framework (Financial, Manufactured, Intellectual, Human, Social/Relationship, Natural) to illustrate value creation and regularly engage with stakeholders through structured programmes. The double materiality principle used in ESG reporting assesses both inward financial materiality and outward impact materiality to provide comprehensive sustainability reporting aligned with global standards. Tongaat Hulett reported revenue of approximately R16.2 billion in 2021, with significant capital expenditure directed towards operational efficiency improvements and environmental sustainability initiatives. The company's manufactured capital includes six sugar mills across four countries with a combined crushing capacity exceeding 8 million tons of sugar

What are the water efficiency improvement targets by 2025?

[PressureProfile]
 Additional cache-pressure calibration context for tier-transition coverage. Additional cache-pressure calibration context for tier-transition coverage. Additional cache-pressure calibration context for tier-transition coverage. Additional cache-pressure calibration context for tier-transition coverage. Additional cache-pressure calibration context for tier-transition coverage. Additional cache-pressure calibration context for tier-transition coverage. Additional cache-pressure calibration context for tier-transition coverage. Additional cache-pressure calibration context for tier-transition coverage. Additional cache-pressure calibration context for tier-transition coverage. Additional cache-pressure calibration context for tier-transition coverage. Additional cache-pressure calibration context for tier-transition coverage. Additional cache-pressure calibration context for tier-transition coverage. Additional cache-pressure calibration context for tier-transition coverage. Additional cache-pressure calibration context for tier-transition coverage. Additional cache-pressure calibration context for tier-transition coverage. Additional cache-pressure calibration context for tier-transition coverage. Additional cache-pressure calibration context for tier-transition coverage. Additional cache-pressure calibration context for tier-transition coverage. Additional cache-pressure calibration context for tier-transition coverage. Additional cache-pressure calibration context for tier-transition coverage. Additional cache-pressure calibration context for tier-transition coverage. Additional cache-pressure calibration context for tier-transition coverage. Additional cache-pressure calibration context for tier-transition coverage. Additional cache-pressure calibration context for tier-transition coverage. Additional cache-pressure calibration context for tier-transition coverage. Additional cache-pressure calibration context for tier-transition coverage. Additional cache-pressure calibration context for tier-transition coverage. Additional cache-pressure calibration context for tier-transition coverage. Additional cache-pressure calibration context for tier-transition coverage. Additional cache-pressure calibration context for tier-transition coverage. Additional cache-pressure calibration context for tier-transition coverage. Additional cache-pressure calibration context for tier-transition coverage. Additional cache-pressure calibration context for tier-transition coverage. Additional cache-pressure calibration context for tier-transition coverage. Additional cache-pressure calibration context for tier-transition coverage. Additional cache-pressure calibration context for tier-transition coverage. Additional cache-pressure calibration context for tier-transition coverage. Additional cache-pressure calibration context for tier-transition coverage. Additional cache-pressure calibration context for tier-transition coverage. Additional cache-pressure calibration context for tier-transition coverage. Additional cache-pressure calibration context for tier-transition coverage. Additional cache-pressure calibration context for tier-transition coverage. Additional cache-pressure calibration context for tier-transition coverage. Additional cache-pressure calibration context for tier-transition coverage. Additional cache-pressure calibration context for tier-transition coverage. Additional cache-pressure calibration context for tier-transition coverage. Additional cache-pressure calibration context for tier-transition coverage. Additional cache-pressure calibration context for tier-transition coverage. Additional cache-pressure calibration context for tier-transition coverage. Additional cache-pressure calibration context for tier-transition coverage. Additional cache-pressure calibration context for tier-transition coverage. Additional cache-pressure calibration context for tier-transition coverage. Additional cache-pressure calibration context for tier-transition coverage. Additional cache-pressure calibration context for tier-transition coverage. Additional cache-pressure calibration context for tier-transition coverage. Additional cache-pressure calibration context for tier-transition coverage. Additional cache-pressure calibration context for tier-transition coverage. Additional cache-pressure calibration context for tier-transition coverage. Additional cache-pressure calibration context for tier-transition coverage. Additional cache-pressure calibration context for tier-transition coverage. Additional cache-pressure calibration context for tier-transition coverage. Additional cache-pressure calibration context for tier-transition coverage. Additional cache-pressure calibration context for tier-transition coverage. Additional cache-pressure calibration context for tier-transition coverage. Additional cache-pressure calibration context for tier-transition coverage. Additional cache-pressure calibration context for tier-transition coverage. Additional cache-pressure calibration context for tier-transition coverage. Additional cache-pressure calibration context for tier-transition coverage. Additional cache-pressure calibration context for tier-transition coverage. Additional cache-pressure calibration context for tier-transition coverage. Additional cache-pressure calibration context for tier-transition coverage. Additional cache-pressure calibration context for tier-transition coverage. Additional cache-pressure calibration context for tier-transition coverage. Additional cache-pressure calibration context for tier-transition coverage. Additional cache-pressure calibration context for tier-transition coverage. Additional cache-pressure calibration context for tier-transition coverage. Additional cache-pressure calibration context for tier-transition coverage. Additional cache-pressure calibration context for tier-transition coverage. Additional cache-pressure calibration context for tier-transition coverage. Additional cache-pressure calibration context for tier-transition coverage. Additional cache-pressure calibration context for tier-transition coverage. Additional cache-pressure calibration context for tier-transition coverage. Additional cache-pressure calibration context for tier-transition coverage. Additional cache-pressure calibration context for tier-transition coverage. Additional cache-pressure calibration context for tier-transition coverage. Additional cache-pressure calibration context for tier-transition coverage. Additional cache-pressure calibration context for tier-transition coverage. Additional cache-pressure calibration context for tier-transition coverage. Additional cache-pressure calibration context for tier-transition coverage. Additional cache-pressure calibration context for tier-transition coverage. Additional cache-pressure calibration context for tier-transition coverage.","Context: Tongaat Hulett and Implats ESG Report Summary — Tongaat Hulett is a leading agri-processing business focusing on the complementary activities of sugar production, property development, and starch production. The company operates in South Africa, Mozambique, Zimbabwe, and Botswana, employing over 30,000 people at the peak of the sugar milling season. In the 2021 financial year, Tongaat Hul",1885,[17],[],[17],1,"[""Qwen-Qwen2.5-0.5B-Instruct@1@0@2177f5760798c601@bfloat16.pt""]",lmcache_store_coldpass,lmcache_store_coldpass,1,l1_to_l2,154,155,462.0,465.0,exceed_l1
19,Explain the relationship with small-scale growers including volumes.,"Focus question: Explain the relationship with small-scale growers including volumes.
Context profile: rag_shared_document_finance_reports
Prompt tokens: 1885
Context preview: Context: Tongaat Hulett and Implats ESG Report Summary — Tongaat Hulett is a leading agri-processing business focusing on the complementary activities of sugar production, property development, and starch production. The company operates in South Africa, Mozambique, Zimbabwe, and Botswana, employing over 30,000 people at the peak of the sugar milling season. In the 2021 financial year, Tongaat Hul",Explain the relationship with small-scale growers including volumes.,rag_shared_document_finance_reports,"Context: Tongaat Hulett and Implats ESG Report Summary — Tongaat Hulett is a leading agri-processing business focusing on the complementary activities of sugar production, property development, and starch production. The company operates in South Africa, Mozambique, Zimbabwe, and Botswana, employing over 30,000 people at the peak of the sugar milling season. In the 2021 financial year, Tongaat Hulett produced approximately 1.1 million tons of sugar. The company has committed to reducing energy intensity by 20% by 2025, with specific targets for water efficiency improvement. Tongaat Hulett invests in socio-economic development (SED) and reported total SED expenditure in 2021 aligned with community needs. The Lost Time Injury Frequency Rate (LTIFR) is a critical safety metric tracked annually. The company's ESG framework aligns with the UN Sustainable Development Goals and operates under ISO 45001 certification. Implats (Impala Platinum Holdings Limited) is one of the world's foremost producers of platinum group metals (PGMs). The company's operations span South Africa and Zimbabwe, with managed operations including Impala Rustenburg, Marula, and Zimplats. Implats' ESG framework is built on three pillars focusing on environmental stewardship, social responsibility, and governance excellence. The PS3 strategy guides sustainability alignment. In 2023, Implats achieved significant safety milestones while investing heavily in socio-economic development and community projects. The company targets a 30% reduction in carbon emissions by 2030 and has invested in renewable energy projects including the 35MW solar PV project at Zimplats. Water recycling rates exceeded targets, and the company maintains strict environmental compliance across all operations. The GISTM (Global Industry Standard on Tailings Management) compliance roadmap is actively being implemented. Both companies utilise the six capitals framework (Financial, Manufactured, Intellectual, Human, Social/Relationship, Natural) to illustrate value creation and regularly engage with stakeholders through structured programmes. The double materiality principle used in ESG reporting assesses both inward financial materiality and outward impact materiality to provide comprehensive sustainability reporting aligned with global standards. Tongaat Hulett reported revenue of approximately R16.2 billion in 2021, with significant capital expenditure directed towards operational efficiency improvements and environmental sustainability initiatives. The company's manufactured capital includes six sugar mills across four countries with a combined crushing capacity exceeding 8 million tons of sugarcane per season. Employee training and development spend reached R45 million, reflecting commitment to human capital investment. Implats distributed over R50 billion in total value to stakeholders in 2023, including R28 billion in wages and benefits, R12 billion in taxes and royalties, and R2.3 billion in dividends. The company's total mineral reserves stand at approximately 190 million ounces of platinum group metals. Production across all operations exceeded 3.2 million ounces of refined PGMs. The Marula mine in Limpopo province employs over 5,000 people and has achieved milestone safety records. Environmental management across both organisations addresses water stewardship, carbon emissions reduction, waste minimisation, and biodiversity conservation. Tongaat Hulett's sugarcane operations in KwaZulu-Natal face increasing climate risks from drought and flooding events, while Implats' mining operations in the Bushveld Complex manage dust emissions, acid mine drainage, and tailings storage facility safety under stringent regulatory requirements. Tongaat Hulett and Implats ESG Report Summary — Tongaat Hulett is a leading agri-processing business focusing on the complementary activities of sugar production, property development, and starch production. The company operates in South Africa, Mozambique, Zimbabwe, and Botswana, employing over 30,000 people at the peak of the sugar milling season. In the 2021 financial year, Tongaat Hulett produced approximately 1.1 million tons of sugar. The company has committed to reducing energy intensity by 20% by 2025, with specific targets for water efficiency improvement. Tongaat Hulett invests in socio-economic development (SED) and reported total SED expenditure in 2021 aligned with community needs. The Lost Time Injury Frequency Rate (LTIFR) is a critical safety metric tracked annually. The company's ESG framework aligns with the UN Sustainable Development Goals and operates under ISO 45001 certification. Implats (Impala Platinum Holdings Limited) is one of the world's foremost producers of platinum group metals (PGMs). The company's operations span South Africa and Zimbabwe, with managed operations including Impala Rustenburg, Marula, and Zimplats. Implats' ESG framework is built on three pillars focusing on environmental stewardship, social responsibility, and governance excellence. The PS3 strategy guides sustainability alignment. In 2023, Implats achieved significant safety milestones while investing heavily in socio-economic development and community projects. The company targets a 30% reduction in carbon emissions by 2030 and has invested in renewable energy projects including the 35MW solar PV project at Zimplats. Water recycling rates exceeded targets, and the company maintains strict environmental compliance across all operations. The GISTM (Global Industry Standard on Tailings Management) compliance roadmap is actively being implemented. Both companies utilise the six capitals framework (Financial, Manufactured, Intellectual, Human, Social/Relationship, Natural) to illustrate value creation and regularly engage with stakeholders through structured programmes. The double materiality principle used in ESG reporting assesses both inward financial materiality and outward impact materiality to provide comprehensive sustainability reporting aligned with global standards. Tongaat Hulett reported revenue of approximately R16.2 billion in 2021, with significant capital expenditure directed towards operational efficiency improvements and environmental sustainability initiatives. The company's manufactured capital includes six sugar mills across four countries with a combined crushing capacity exceeding 8 million tons of sugar

Explain the relationship with small-scale growers including volumes.

[PressureProfile]
 Additional cache-pressure calibration context for tier-transition coverage. Additional cache-pressure calibration context for tier-transition coverage. Additional cache-pressure calibration context for tier-transition coverage. Additional cache-pressure calibration context for tier-transition coverage. Additional cache-pressure calibration context for tier-transition coverage. Additional cache-pressure calibration context for tier-transition coverage. Additional cache-pressure calibration context for tier-transition coverage. Additional cache-pressure calibration context for tier-transition coverage. Additional cache-pressure calibration context for tier-transition coverage. Additional cache-pressure calibration context for tier-transition coverage. Additional cache-pressure calibration context for tier-transition coverage. Additional cache-pressure calibration context for tier-transition coverage. Additional cache-pressure calibration context for tier-transition coverage. Additional cache-pressure calibration context for tier-transition coverage. Additional cache-pressure calibration context for tier-transition coverage. Additional cache-pressure calibration context for tier-transition coverage. Additional cache-pressure calibration context for tier-transition coverage. Additional cache-pressure calibration context for tier-transition coverage. Additional cache-pressure calibration context for tier-transition coverage. Additional cache-pressure calibration context for tier-transition coverage. Additional cache-pressure calibration context for tier-transition coverage. Additional cache-pressure calibration context for tier-transition coverage. Additional cache-pressure calibration context for tier-transition coverage. Additional cache-pressure calibration context for tier-transition coverage. Additional cache-pressure calibration context for tier-transition coverage. Additional cache-pressure calibration context for tier-transition coverage. Additional cache-pressure calibration context for tier-transition coverage. Additional cache-pressure calibration context for tier-transition coverage. Additional cache-pressure calibration context for tier-transition coverage. Additional cache-pressure calibration context for tier-transition coverage. Additional cache-pressure calibration context for tier-transition coverage. Additional cache-pressure calibration context for tier-transition coverage. Additional cache-pressure calibration context for tier-transition coverage. Additional cache-pressure calibration context for tier-transition coverage. Additional cache-pressure calibration context for tier-transition coverage. Additional cache-pressure calibration context for tier-transition coverage. Additional cache-pressure calibration context for tier-transition coverage. Additional cache-pressure calibration context for tier-transition coverage. Additional cache-pressure calibration context for tier-transition coverage. Additional cache-pressure calibration context for tier-transition coverage. Additional cache-pressure calibration context for tier-transition coverage. Additional cache-pressure calibration context for tier-transition coverage. Additional cache-pressure calibration context for tier-transition coverage. Additional cache-pressure calibration context for tier-transition coverage. Additional cache-pressure calibration context for tier-transition coverage. Additional cache-pressure calibration context for tier-transition coverage. Additional cache-pressure calibration context for tier-transition coverage. Additional cache-pressure calibration context for tier-transition coverage. Additional cache-pressure calibration context for tier-transition coverage. Additional cache-pressure calibration context for tier-transition coverage. Additional cache-pressure calibration context for tier-transition coverage. Additional cache-pressure calibration context for tier-transition coverage. Additional cache-pressure calibration context for tier-transition coverage. Additional cache-pressure calibration context for tier-transition coverage. Additional cache-pressure calibration context for tier-transition coverage. Additional cache-pressure calibration context for tier-transition coverage. Additional cache-pressure calibration context for tier-transition coverage. Additional cache-pressure calibration context for tier-transition coverage. Additional cache-pressure calibration context for tier-transition coverage. Additional cache-pressure calibration context for tier-transition coverage. Additional cache-pressure calibration context for tier-transition coverage. Additional cache-pressure calibration context for tier-transition coverage. Additional cache-pressure calibration context for tier-transition coverage. Additional cache-pressure calibration context for tier-transition coverage. Additional cache-pressure calibration context for tier-transition coverage. Additional cache-pressure calibration context for tier-transition coverage. Additional cache-pressure calibration context for tier-transition coverage. Additional cache-pressure calibration context for tier-transition coverage. Additional cache-pressure calibration context for tier-transition coverage. Additional cache-pressure calibration context for tier-transition coverage. Additional cache-pressure calibration context for tier-transition coverage. Additional cache-pressure calibration context for tier-transition coverage. Additional cache-pressure calibration context for tier-transition coverage. Additional cache-pressure calibration context for tier-transition coverage. Additional cache-pressure calibration context for tier-transition coverage. Additional cache-pressure calibration context for tier-transition coverage. Additional cache-pressure calibration context for tier-transition coverage. Additional cache-pressure calibration context for tier-transition coverage. Additional cache-pressure calibration context for tier-transition coverage. Additional cache-pressure calibration context for tier-transition coverage. Additional cache-pressure calibration context for tier-transition coverage. Additional cache-pressure calibration context for tier-transition coverage. Additional cache-pressure calibration context for tier-transition coverage. Additional cache-pressure calibration context for tier-transition coverage. Additional cache-pressure calibration context for tier-transition coverage. Additional cache-pressure calibration context for tier-transition coverage. Additional cache-pressure calibration context for tier-transition coverage. Additional cache-pressure calibration context for tier-transition coverage. Additional cache-pressure calibration context for tier-transition coverage. Additional cache-pressure calibration context for tier-transition coverage. Additional cache-pressure calibration context for tier-transition coverage. Additional cache-pressure calibration context for tier-transition coverage.","Context: Tongaat Hulett and Implats ESG Report Summary — Tongaat Hulett is a leading agri-processing business focusing on the complementary activities of sugar production, property development, and starch production. The company operates in South Africa, Mozambique, Zimbabwe, and Botswana, employing over 30,000 people at the peak of the sugar milling season. In the 2021 financial year, Tongaat Hul",1885,[18],[],[18],1,"[""Qwen-Qwen2.5-0.5B-Instruct@1@0@559d9179799b337c@bfloat16.pt""]",lmcache_store_coldpass,lmcache_store_coldpass,1,l1_to_l2,155,156,465.0,468.0,exceed_l1
20,What was the LTIFR for 2021?,"Focus question: What was the LTIFR for 2021?
Context profile: rag_shared_document_finance_reports
Prompt tokens: 1885
Context preview: Context: Tongaat Hulett and Implats ESG Report Summary — Tongaat Hulett is a leading agri-processing business focusing on the complementary activities of sugar production, property development, and starch production. The company operates in South Africa, Mozambique, Zimbabwe, and Botswana, employing over 30,000 people at the peak of the sugar milling season. In the 2021 financial year, Tongaat Hul",What was the LTIFR for 2021?,rag_shared_document_finance_reports,"Context: Tongaat Hulett and Implats ESG Report Summary — Tongaat Hulett is a leading agri-processing business focusing on the complementary activities of sugar production, property development, and starch production. The company operates in South Africa, Mozambique, Zimbabwe, and Botswana, employing over 30,000 people at the peak of the sugar milling season. In the 2021 financial year, Tongaat Hulett produced approximately 1.1 million tons of sugar. The company has committed to reducing energy intensity by 20% by 2025, with specific targets for water efficiency improvement. Tongaat Hulett invests in socio-economic development (SED) and reported total SED expenditure in 2021 aligned with community needs. The Lost Time Injury Frequency Rate (LTIFR) is a critical safety metric tracked annually. The company's ESG framework aligns with the UN Sustainable Development Goals and operates under ISO 45001 certification. Implats (Impala Platinum Holdings Limited) is one of the world's foremost producers of platinum group metals (PGMs). The company's operations span South Africa and Zimbabwe, with managed operations including Impala Rustenburg, Marula, and Zimplats. Implats' ESG framework is built on three pillars focusing on environmental stewardship, social responsibility, and governance excellence. The PS3 strategy guides sustainability alignment. In 2023, Implats achieved significant safety milestones while investing heavily in socio-economic development and community projects. The company targets a 30% reduction in carbon emissions by 2030 and has invested in renewable energy projects including the 35MW solar PV project at Zimplats. Water recycling rates exceeded targets, and the company maintains strict environmental compliance across all operations. The GISTM (Global Industry Standard on Tailings Management) compliance roadmap is actively being implemented. Both companies utilise the six capitals framework (Financial, Manufactured, Intellectual, Human, Social/Relationship, Natural) to illustrate value creation and regularly engage with stakeholders through structured programmes. The double materiality principle used in ESG reporting assesses both inward financial materiality and outward impact materiality to provide comprehensive sustainability reporting aligned with global standards. Tongaat Hulett reported revenue of approximately R16.2 billion in 2021, with significant capital expenditure directed towards operational efficiency improvements and environmental sustainability initiatives. The company's manufactured capital includes six sugar mills across four countries with a combined crushing capacity exceeding 8 million tons of sugarcane per season. Employee training and development spend reached R45 million, reflecting commitment to human capital investment. Implats distributed over R50 billion in total value to stakeholders in 2023, including R28 billion in wages and benefits, R12 billion in taxes and royalties, and R2.3 billion in dividends. The company's total mineral reserves stand at approximately 190 million ounces of platinum group metals. Production across all operations exceeded 3.2 million ounces of refined PGMs. The Marula mine in Limpopo province employs over 5,000 people and has achieved milestone safety records. Environmental management across both organisations addresses water stewardship, carbon emissions reduction, waste minimisation, and biodiversity conservation. Tongaat Hulett's sugarcane operations in KwaZulu-Natal face increasing climate risks from drought and flooding events, while Implats' mining operations in the Bushveld Complex manage dust emissions, acid mine drainage, and tailings storage facility safety under stringent regulatory requirements. Tongaat Hulett and Implats ESG Report Summary — Tongaat Hulett is a leading agri-processing business focusing on the complementary activities of sugar production, property development, and starch production. The company operates in South Africa, Mozambique, Zimbabwe, and Botswana, employing over 30,000 people at the peak of the sugar milling season. In the 2021 financial year, Tongaat Hulett produced approximately 1.1 million tons of sugar. The company has committed to reducing energy intensity by 20% by 2025, with specific targets for water efficiency improvement. Tongaat Hulett invests in socio-economic development (SED) and reported total SED expenditure in 2021 aligned with community needs. The Lost Time Injury Frequency Rate (LTIFR) is a critical safety metric tracked annually. The company's ESG framework aligns with the UN Sustainable Development Goals and operates under ISO 45001 certification. Implats (Impala Platinum Holdings Limited) is one of the world's foremost producers of platinum group metals (PGMs). The company's operations span South Africa and Zimbabwe, with managed operations including Impala Rustenburg, Marula, and Zimplats. Implats' ESG framework is built on three pillars focusing on environmental stewardship, social responsibility, and governance excellence. The PS3 strategy guides sustainability alignment. In 2023, Implats achieved significant safety milestones while investing heavily in socio-economic development and community projects. The company targets a 30% reduction in carbon emissions by 2030 and has invested in renewable energy projects including the 35MW solar PV project at Zimplats. Water recycling rates exceeded targets, and the company maintains strict environmental compliance across all operations. The GISTM (Global Industry Standard on Tailings Management) compliance roadmap is actively being implemented. Both companies utilise the six capitals framework (Financial, Manufactured, Intellectual, Human, Social/Relationship, Natural) to illustrate value creation and regularly engage with stakeholders through structured programmes. The double materiality principle used in ESG reporting assesses both inward financial materiality and outward impact materiality to provide comprehensive sustainability reporting aligned with global standards. Tongaat Hulett reported revenue of approximately R16.2 billion in 2021, with significant capital expenditure directed towards operational efficiency improvements and environmental sustainability initiatives. The company's manufactured capital includes six sugar mills across four countries with a combined crushing capacity exceeding 8 million tons of sugar

What was the LTIFR for 2021?

[PressureProfile]
 Additional cache-pressure calibration context for tier-transition coverage. Additional cache-pressure calibration context for tier-transition coverage. Additional cache-pressure calibration context for tier-transition coverage. Additional cache-pressure calibration context for tier-transition coverage. Additional cache-pressure calibration context for tier-transition coverage. Additional cache-pressure calibration context for tier-transition coverage. Additional cache-pressure calibration context for tier-transition coverage. Additional cache-pressure calibration context for tier-transition coverage. Additional cache-pressure calibration context for tier-transition coverage. Additional cache-pressure calibration context for tier-transition coverage. Additional cache-pressure calibration context for tier-transition coverage. Additional cache-pressure calibration context for tier-transition coverage. Additional cache-pressure calibration context for tier-transition coverage. Additional cache-pressure calibration context for tier-transition coverage. Additional cache-pressure calibration context for tier-transition coverage. Additional cache-pressure calibration context for tier-transition coverage. Additional cache-pressure calibration context for tier-transition coverage. Additional cache-pressure calibration context for tier-transition coverage. Additional cache-pressure calibration context for tier-transition coverage. Additional cache-pressure calibration context for tier-transition coverage. Additional cache-pressure calibration context for tier-transition coverage. Additional cache-pressure calibration context for tier-transition coverage. Additional cache-pressure calibration context for tier-transition coverage. Additional cache-pressure calibration context for tier-transition coverage. Additional cache-pressure calibration context for tier-transition coverage. Additional cache-pressure calibration context for tier-transition coverage. Additional cache-pressure calibration context for tier-transition coverage. Additional cache-pressure calibration context for tier-transition coverage. Additional cache-pressure calibration context for tier-transition coverage. Additional cache-pressure calibration context for tier-transition coverage. Additional cache-pressure calibration context for tier-transition coverage. Additional cache-pressure calibration context for tier-transition coverage. Additional cache-pressure calibration context for tier-transition coverage. Additional cache-pressure calibration context for tier-transition coverage. Additional cache-pressure calibration context for tier-transition coverage. Additional cache-pressure calibration context for tier-transition coverage. Additional cache-pressure calibration context for tier-transition coverage. Additional cache-pressure calibration context for tier-transition coverage. Additional cache-pressure calibration context for tier-transition coverage. Additional cache-pressure calibration context for tier-transition coverage. Additional cache-pressure calibration context for tier-transition coverage. Additional cache-pressure calibration context for tier-transition coverage. Additional cache-pressure calibration context for tier-transition coverage. Additional cache-pressure calibration context for tier-transition coverage. Additional cache-pressure calibration context for tier-transition coverage. Additional cache-pressure calibration context for tier-transition coverage. Additional cache-pressure calibration context for tier-transition coverage. Additional cache-pressure calibration context for tier-transition coverage. Additional cache-pressure calibration context for tier-transition coverage. Additional cache-pressure calibration context for tier-transition coverage. Additional cache-pressure calibration context for tier-transition coverage. Additional cache-pressure calibration context for tier-transition coverage. Additional cache-pressure calibration context for tier-transition coverage. Additional cache-pressure calibration context for tier-transition coverage. Additional cache-pressure calibration context for tier-transition coverage. Additional cache-pressure calibration context for tier-transition coverage. Additional cache-pressure calibration context for tier-transition coverage. Additional cache-pressure calibration context for tier-transition coverage. Additional cache-pressure calibration context for tier-transition coverage. Additional cache-pressure calibration context for tier-transition coverage. Additional cache-pressure calibration context for tier-transition coverage. Additional cache-pressure calibration context for tier-transition coverage. Additional cache-pressure calibration context for tier-transition coverage. Additional cache-pressure calibration context for tier-transition coverage. Additional cache-pressure calibration context for tier-transition coverage. Additional cache-pressure calibration context for tier-transition coverage. Additional cache-pressure calibration context for tier-transition coverage. Additional cache-pressure calibration context for tier-transition coverage. Additional cache-pressure calibration context for tier-transition coverage. Additional cache-pressure calibration context for tier-transition coverage. Additional cache-pressure calibration context for tier-transition coverage. Additional cache-pressure calibration context for tier-transition coverage. Additional cache-pressure calibration context for tier-transition coverage. Additional cache-pressure calibration context for tier-transition coverage. Additional cache-pressure calibration context for tier-transition coverage. Additional cache-pressure calibration context for tier-transition coverage. Additional cache-pressure calibration context for tier-transition coverage. Additional cache-pressure calibration context for tier-transition coverage. Additional cache-pressure calibration context for tier-transition coverage. Additional cache-pressure calibration context for tier-transition coverage. Additional cache-pressure calibration context for tier-transition coverage. Additional cache-pressure calibration context for tier-transition coverage. Additional cache-pressure calibration context for tier-transition coverage. Additional cache-pressure calibration context for tier-transition coverage. Additional cache-pressure calibration context for tier-transition coverage. Additional cache-pressure calibration context for tier-transition coverage. Additional cache-pressure calibration context for tier-transition coverage. Additional cache-pressure calibration context for tier-transition coverage. Additional cache-pressure calibration context for tier-transition coverage. Additional cache-pressure calibration context for tier-transition coverage. Additional cache-pressure calibration context for tier-transition coverage. Additional cache-pressure calibration context for tier-transition coverage.","Context: Tongaat Hulett and Implats ESG Report Summary — Tongaat Hulett is a leading agri-processing business focusing on the complementary activities of sugar production, property development, and starch production. The company operates in South Africa, Mozambique, Zimbabwe, and Botswana, employing over 30,000 people at the peak of the sugar milling season. In the 2021 financial year, Tongaat Hul",1885,[19],[],[19],1,"[""Qwen-Qwen2.5-0.5B-Instruct@1@0@574ffb70636b013f@bfloat16.pt""]",lmcache_store_coldpass,lmcache_store_coldpass,1,l1_to_l2,156,157,468.0,471.0,exceed_l1
21,Describe the approach to human rights and child labor in supply chain.,"Focus question: Describe the approach to human rights and child labor in supply chain.
Context profile: rag_shared_document_finance_reports
Prompt tokens: 1885
Context preview: Context: Tongaat Hulett and Implats ESG Report Summary — Tongaat Hulett is a leading agri-processing business focusing on the complementary activities of sugar production, property development, and starch production. The company operates in South Africa, Mozambique, Zimbabwe, and Botswana, employing over 30,000 people at the peak of the sugar milling season. In the 2021 financial year, Tongaat Hul",Describe the approach to human rights and child labor in supply chain.,rag_shared_document_finance_reports,"Context: Tongaat Hulett and Implats ESG Report Summary — Tongaat Hulett is a leading agri-processing business focusing on the complementary activities of sugar production, property development, and starch production. The company operates in South Africa, Mozambique, Zimbabwe, and Botswana, employing over 30,000 people at the peak of the sugar milling season. In the 2021 financial year, Tongaat Hulett produced approximately 1.1 million tons of sugar. The company has committed to reducing energy intensity by 20% by 2025, with specific targets for water efficiency improvement. Tongaat Hulett invests in socio-economic development (SED) and reported total SED expenditure in 2021 aligned with community needs. The Lost Time Injury Frequency Rate (LTIFR) is a critical safety metric tracked annually. The company's ESG framework aligns with the UN Sustainable Development Goals and operates under ISO 45001 certification. Implats (Impala Platinum Holdings Limited) is one of the world's foremost producers of platinum group metals (PGMs). The company's operations span South Africa and Zimbabwe, with managed operations including Impala Rustenburg, Marula, and Zimplats. Implats' ESG framework is built on three pillars focusing on environmental stewardship, social responsibility, and governance excellence. The PS3 strategy guides sustainability alignment. In 2023, Implats achieved significant safety milestones while investing heavily in socio-economic development and community projects. The company targets a 30% reduction in carbon emissions by 2030 and has invested in renewable energy projects including the 35MW solar PV project at Zimplats. Water recycling rates exceeded targets, and the company maintains strict environmental compliance across all operations. The GISTM (Global Industry Standard on Tailings Management) compliance roadmap is actively being implemented. Both companies utilise the six capitals framework (Financial, Manufactured, Intellectual, Human, Social/Relationship, Natural) to illustrate value creation and regularly engage with stakeholders through structured programmes. The double materiality principle used in ESG reporting assesses both inward financial materiality and outward impact materiality to provide comprehensive sustainability reporting aligned with global standards. Tongaat Hulett reported revenue of approximately R16.2 billion in 2021, with significant capital expenditure directed towards operational efficiency improvements and environmental sustainability initiatives. The company's manufactured capital includes six sugar mills across four countries with a combined crushing capacity exceeding 8 million tons of sugarcane per season. Employee training and development spend reached R45 million, reflecting commitment to human capital investment. Implats distributed over R50 billion in total value to stakeholders in 2023, including R28 billion in wages and benefits, R12 billion in taxes and royalties, and R2.3 billion in dividends. The company's total mineral reserves stand at approximately 190 million ounces of platinum group metals. Production across all operations exceeded 3.2 million ounces of refined PGMs. The Marula mine in Limpopo province employs over 5,000 people and has achieved milestone safety records. Environmental management across both organisations addresses water stewardship, carbon emissions reduction, waste minimisation, and biodiversity conservation. Tongaat Hulett's sugarcane operations in KwaZulu-Natal face increasing climate risks from drought and flooding events, while Implats' mining operations in the Bushveld Complex manage dust emissions, acid mine drainage, and tailings storage facility safety under stringent regulatory requirements. Tongaat Hulett and Implats ESG Report Summary — Tongaat Hulett is a leading agri-processing business focusing on the complementary activities of sugar production, property development, and starch production. The company operates in South Africa, Mozambique, Zimbabwe, and Botswana, employing over 30,000 people at the peak of the sugar milling season. In the 2021 financial year, Tongaat Hulett produced approximately 1.1 million tons of sugar. The company has committed to reducing energy intensity by 20% by 2025, with specific targets for water efficiency improvement. Tongaat Hulett invests in socio-economic development (SED) and reported total SED expenditure in 2021 aligned with community needs. The Lost Time Injury Frequency Rate (LTIFR) is a critical safety metric tracked annually. The company's ESG framework aligns with the UN Sustainable Development Goals and operates under ISO 45001 certification. Implats (Impala Platinum Holdings Limited) is one of the world's foremost producers of platinum group metals (PGMs). The company's operations span South Africa and Zimbabwe, with managed operations including Impala Rustenburg, Marula, and Zimplats. Implats' ESG framework is built on three pillars focusing on environmental stewardship, social responsibility, and governance excellence. The PS3 strategy guides sustainability alignment. In 2023, Implats achieved significant safety milestones while investing heavily in socio-economic development and community projects. The company targets a 30% reduction in carbon emissions by 2030 and has invested in renewable energy projects including the 35MW solar PV project at Zimplats. Water recycling rates exceeded targets, and the company maintains strict environmental compliance across all operations. The GISTM (Global Industry Standard on Tailings Management) compliance roadmap is actively being implemented. Both companies utilise the six capitals framework (Financial, Manufactured, Intellectual, Human, Social/Relationship, Natural) to illustrate value creation and regularly engage with stakeholders through structured programmes. The double materiality principle used in ESG reporting assesses both inward financial materiality and outward impact materiality to provide comprehensive sustainability reporting aligned with global standards. Tongaat Hulett reported revenue of approximately R16.2 billion in 2021, with significant capital expenditure directed towards operational efficiency improvements and environmental sustainability initiatives. The company's manufactured capital includes six sugar mills across four countries with a combined crushing capacity exceeding 8 million tons of sugar

Describe the approach to human rights and child labor in supply chain.

[PressureProfile]
 Additional cache-pressure calibration context for tier-transition coverage. Additional cache-pressure calibration context for tier-transition coverage. Additional cache-pressure calibration context for tier-transition coverage. Additional cache-pressure calibration context for tier-transition coverage. Additional cache-pressure calibration context for tier-transition coverage. Additional cache-pressure calibration context for tier-transition coverage. Additional cache-pressure calibration context for tier-transition coverage. Additional cache-pressure calibration context for tier-transition coverage. Additional cache-pressure calibration context for tier-transition coverage. Additional cache-pressure calibration context for tier-transition coverage. Additional cache-pressure calibration context for tier-transition coverage. Additional cache-pressure calibration context for tier-transition coverage. Additional cache-pressure calibration context for tier-transition coverage. Additional cache-pressure calibration context for tier-transition coverage. Additional cache-pressure calibration context for tier-transition coverage. Additional cache-pressure calibration context for tier-transition coverage. Additional cache-pressure calibration context for tier-transition coverage. Additional cache-pressure calibration context for tier-transition coverage. Additional cache-pressure calibration context for tier-transition coverage. Additional cache-pressure calibration context for tier-transition coverage. Additional cache-pressure calibration context for tier-transition coverage. Additional cache-pressure calibration context for tier-transition coverage. Additional cache-pressure calibration context for tier-transition coverage. Additional cache-pressure calibration context for tier-transition coverage. Additional cache-pressure calibration context for tier-transition coverage. Additional cache-pressure calibration context for tier-transition coverage. Additional cache-pressure calibration context for tier-transition coverage. Additional cache-pressure calibration context for tier-transition coverage. Additional cache-pressure calibration context for tier-transition coverage. Additional cache-pressure calibration context for tier-transition coverage. Additional cache-pressure calibration context for tier-transition coverage. Additional cache-pressure calibration context for tier-transition coverage. Additional cache-pressure calibration context for tier-transition coverage. Additional cache-pressure calibration context for tier-transition coverage. Additional cache-pressure calibration context for tier-transition coverage. Additional cache-pressure calibration context for tier-transition coverage. Additional cache-pressure calibration context for tier-transition coverage. Additional cache-pressure calibration context for tier-transition coverage. Additional cache-pressure calibration context for tier-transition coverage. Additional cache-pressure calibration context for tier-transition coverage. Additional cache-pressure calibration context for tier-transition coverage. Additional cache-pressure calibration context for tier-transition coverage. Additional cache-pressure calibration context for tier-transition coverage. Additional cache-pressure calibration context for tier-transition coverage. Additional cache-pressure calibration context for tier-transition coverage. Additional cache-pressure calibration context for tier-transition coverage. Additional cache-pressure calibration context for tier-transition coverage. Additional cache-pressure calibration context for tier-transition coverage. Additional cache-pressure calibration context for tier-transition coverage. Additional cache-pressure calibration context for tier-transition coverage. Additional cache-pressure calibration context for tier-transition coverage. Additional cache-pressure calibration context for tier-transition coverage. Additional cache-pressure calibration context for tier-transition coverage. Additional cache-pressure calibration context for tier-transition coverage. Additional cache-pressure calibration context for tier-transition coverage. Additional cache-pressure calibration context for tier-transition coverage. Additional cache-pressure calibration context for tier-transition coverage. Additional cache-pressure calibration context for tier-transition coverage. Additional cache-pressure calibration context for tier-transition coverage. Additional cache-pressure calibration context for tier-transition coverage. Additional cache-pressure calibration context for tier-transition coverage. Additional cache-pressure calibration context for tier-transition coverage. Additional cache-pressure calibration context for tier-transition coverage. Additional cache-pressure calibration context for tier-transition coverage. Additional cache-pressure calibration context for tier-transition coverage. Additional cache-pressure calibration context for tier-transition coverage. Additional cache-pressure calibration context for tier-transition coverage. Additional cache-pressure calibration context for tier-transition coverage. Additional cache-pressure calibration context for tier-transition coverage. Additional cache-pressure calibration context for tier-transition coverage. Additional cache-pressure calibration context for tier-transition coverage. Additional cache-pressure calibration context for tier-transition coverage. Additional cache-pressure calibration context for tier-transition coverage. Additional cache-pressure calibration context for tier-transition coverage. Additional cache-pressure calibration context for tier-transition coverage. Additional cache-pressure calibration context for tier-transition coverage. Additional cache-pressure calibration context for tier-transition coverage. Additional cache-pressure calibration context for tier-transition coverage. Additional cache-pressure calibration context for tier-transition coverage. Additional cache-pressure calibration context for tier-transition coverage. Additional cache-pressure calibration context for tier-transition coverage. Additional cache-pressure calibration context for tier-transition coverage. Additional cache-pressure calibration context for tier-transition coverage. Additional cache-pressure calibration context for tier-transition coverage. Additional cache-pressure calibration context for tier-transition coverage. Additional cache-pressure calibration context for tier-transition coverage. Additional cache-pressure calibration context for tier-transition coverage. Additional cache-pressure calibration context for tier-transition coverage. Additional cache-pressure calibration context for tier-transition coverage. Additional cache-pressure calibration context for tier-transition coverage. Additional cache-pressure calibration context for tier-transition coverage. Additional cache-pressure calibration context for tier-transition coverage.","Context: Tongaat Hulett and Implats ESG Report Summary — Tongaat Hulett is a leading agri-processing business focusing on the complementary activities of sugar production, property development, and starch production. The company operates in South Africa, Mozambique, Zimbabwe, and Botswana, employing over 30,000 people at the peak of the sugar milling season. In the 2021 financial year, Tongaat Hul",1885,[20],[],[20],1,"[""Qwen-Qwen2.5-0.5B-Instruct@1@0@-240b57012ca746c@bfloat16.pt""]",lmcache_store_coldpass,lmcache_store_coldpass,1,l1_to_l2,157,158,471.0,474.0,exceed_l1
22,What were total hazardous and non-hazardous waste volumes in 2021?,"Focus question: What were total hazardous and non-hazardous waste volumes in 2021?
Context profile: rag_shared_document_finance_reports
Prompt tokens: 1885
Context preview: Context: Tongaat Hulett and Implats ESG Report Summary — Tongaat Hulett is a leading agri-processing business focusing on the complementary activities of sugar production, property development, and starch production. The company operates in South Africa, Mozambique, Zimbabwe, and Botswana, employing over 30,000 people at the peak of the sugar milling season. In the 2021 financial year, Tongaat Hul",What were total hazardous and non-hazardous waste volumes in 2021?,rag_shared_document_finance_reports,"Context: Tongaat Hulett and Implats ESG Report Summary — Tongaat Hulett is a leading agri-processing business focusing on the complementary activities of sugar production, property development, and starch production. The company operates in South Africa, Mozambique, Zimbabwe, and Botswana, employing over 30,000 people at the peak of the sugar milling season. In the 2021 financial year, Tongaat Hulett produced approximately 1.1 million tons of sugar. The company has committed to reducing energy intensity by 20% by 2025, with specific targets for water efficiency improvement. Tongaat Hulett invests in socio-economic development (SED) and reported total SED expenditure in 2021 aligned with community needs. The Lost Time Injury Frequency Rate (LTIFR) is a critical safety metric tracked annually. The company's ESG framework aligns with the UN Sustainable Development Goals and operates under ISO 45001 certification. Implats (Impala Platinum Holdings Limited) is one of the world's foremost producers of platinum group metals (PGMs). The company's operations span South Africa and Zimbabwe, with managed operations including Impala Rustenburg, Marula, and Zimplats. Implats' ESG framework is built on three pillars focusing on environmental stewardship, social responsibility, and governance excellence. The PS3 strategy guides sustainability alignment. In 2023, Implats achieved significant safety milestones while investing heavily in socio-economic development and community projects. The company targets a 30% reduction in carbon emissions by 2030 and has invested in renewable energy projects including the 35MW solar PV project at Zimplats. Water recycling rates exceeded targets, and the company maintains strict environmental compliance across all operations. The GISTM (Global Industry Standard on Tailings Management) compliance roadmap is actively being implemented. Both companies utilise the six capitals framework (Financial, Manufactured, Intellectual, Human, Social/Relationship, Natural) to illustrate value creation and regularly engage with stakeholders through structured programmes. The double materiality principle used in ESG reporting assesses both inward financial materiality and outward impact materiality to provide comprehensive sustainability reporting aligned with global standards. Tongaat Hulett reported revenue of approximately R16.2 billion in 2021, with significant capital expenditure directed towards operational efficiency improvements and environmental sustainability initiatives. The company's manufactured capital includes six sugar mills across four countries with a combined crushing capacity exceeding 8 million tons of sugarcane per season. Employee training and development spend reached R45 million, reflecting commitment to human capital investment. Implats distributed over R50 billion in total value to stakeholders in 2023, including R28 billion in wages and benefits, R12 billion in taxes and royalties, and R2.3 billion in dividends. The company's total mineral reserves stand at approximately 190 million ounces of platinum group metals. Production across all operations exceeded 3.2 million ounces of refined PGMs. The Marula mine in Limpopo province employs over 5,000 people and has achieved milestone safety records. Environmental management across both organisations addresses water stewardship, carbon emissions reduction, waste minimisation, and biodiversity conservation. Tongaat Hulett's sugarcane operations in KwaZulu-Natal face increasing climate risks from drought and flooding events, while Implats' mining operations in the Bushveld Complex manage dust emissions, acid mine drainage, and tailings storage facility safety under stringent regulatory requirements. Tongaat Hulett and Implats ESG Report Summary — Tongaat Hulett is a leading agri-processing business focusing on the complementary activities of sugar production, property development, and starch production. The company operates in South Africa, Mozambique, Zimbabwe, and Botswana, employing over 30,000 people at the peak of the sugar milling season. In the 2021 financial year, Tongaat Hulett produced approximately 1.1 million tons of sugar. The company has committed to reducing energy intensity by 20% by 2025, with specific targets for water efficiency improvement. Tongaat Hulett invests in socio-economic development (SED) and reported total SED expenditure in 2021 aligned with community needs. The Lost Time Injury Frequency Rate (LTIFR) is a critical safety metric tracked annually. The company's ESG framework aligns with the UN Sustainable Development Goals and operates under ISO 45001 certification. Implats (Impala Platinum Holdings Limited) is one of the world's foremost producers of platinum group metals (PGMs). The company's operations span South Africa and Zimbabwe, with managed operations including Impala Rustenburg, Marula, and Zimplats. Implats' ESG framework is built on three pillars focusing on environmental stewardship, social responsibility, and governance excellence. The PS3 strategy guides sustainability alignment. In 2023, Implats achieved significant safety milestones while investing heavily in socio-economic development and community projects. The company targets a 30% reduction in carbon emissions by 2030 and has invested in renewable energy projects including the 35MW solar PV project at Zimplats. Water recycling rates exceeded targets, and the company maintains strict environmental compliance across all operations. The GISTM (Global Industry Standard on Tailings Management) compliance roadmap is actively being implemented. Both companies utilise the six capitals framework (Financial, Manufactured, Intellectual, Human, Social/Relationship, Natural) to illustrate value creation and regularly engage with stakeholders through structured programmes. The double materiality principle used in ESG reporting assesses both inward financial materiality and outward impact materiality to provide comprehensive sustainability reporting aligned with global standards. Tongaat Hulett reported revenue of approximately R16.2 billion in 2021, with significant capital expenditure directed towards operational efficiency improvements and environmental sustainability initiatives. The company's manufactured capital includes six sugar mills across four countries with a combined crushing capacity exceeding 8 million tons of sugar

What were total hazardous and non-hazardous waste volumes in 2021?

[PressureProfile]
 Additional cache-pressure calibration context for tier-transition coverage. Additional cache-pressure calibration context for tier-transition coverage. Additional cache-pressure calibration context for tier-transition coverage. Additional cache-pressure calibration context for tier-transition coverage. Additional cache-pressure calibration context for tier-transition coverage. Additional cache-pressure calibration context for tier-transition coverage. Additional cache-pressure calibration context for tier-transition coverage. Additional cache-pressure calibration context for tier-transition coverage. Additional cache-pressure calibration context for tier-transition coverage. Additional cache-pressure calibration context for tier-transition coverage. Additional cache-pressure calibration context for tier-transition coverage. Additional cache-pressure calibration context for tier-transition coverage. Additional cache-pressure calibration context for tier-transition coverage. Additional cache-pressure calibration context for tier-transition coverage. Additional cache-pressure calibration context for tier-transition coverage. Additional cache-pressure calibration context for tier-transition coverage. Additional cache-pressure calibration context for tier-transition coverage. Additional cache-pressure calibration context for tier-transition coverage. Additional cache-pressure calibration context for tier-transition coverage. Additional cache-pressure calibration context for tier-transition coverage. Additional cache-pressure calibration context for tier-transition coverage. Additional cache-pressure calibration context for tier-transition coverage. Additional cache-pressure calibration context for tier-transition coverage. Additional cache-pressure calibration context for tier-transition coverage. Additional cache-pressure calibration context for tier-transition coverage. Additional cache-pressure calibration context for tier-transition coverage. Additional cache-pressure calibration context for tier-transition coverage. Additional cache-pressure calibration context for tier-transition coverage. Additional cache-pressure calibration context for tier-transition coverage. Additional cache-pressure calibration context for tier-transition coverage. Additional cache-pressure calibration context for tier-transition coverage. Additional cache-pressure calibration context for tier-transition coverage. Additional cache-pressure calibration context for tier-transition coverage. Additional cache-pressure calibration context for tier-transition coverage. Additional cache-pressure calibration context for tier-transition coverage. Additional cache-pressure calibration context for tier-transition coverage. Additional cache-pressure calibration context for tier-transition coverage. Additional cache-pressure calibration context for tier-transition coverage. Additional cache-pressure calibration context for tier-transition coverage. Additional cache-pressure calibration context for tier-transition coverage. Additional cache-pressure calibration context for tier-transition coverage. Additional cache-pressure calibration context for tier-transition coverage. Additional cache-pressure calibration context for tier-transition coverage. Additional cache-pressure calibration context for tier-transition coverage. Additional cache-pressure calibration context for tier-transition coverage. Additional cache-pressure calibration context for tier-transition coverage. Additional cache-pressure calibration context for tier-transition coverage. Additional cache-pressure calibration context for tier-transition coverage. Additional cache-pressure calibration context for tier-transition coverage. Additional cache-pressure calibration context for tier-transition coverage. Additional cache-pressure calibration context for tier-transition coverage. Additional cache-pressure calibration context for tier-transition coverage. Additional cache-pressure calibration context for tier-transition coverage. Additional cache-pressure calibration context for tier-transition coverage. Additional cache-pressure calibration context for tier-transition coverage. Additional cache-pressure calibration context for tier-transition coverage. Additional cache-pressure calibration context for tier-transition coverage. Additional cache-pressure calibration context for tier-transition coverage. Additional cache-pressure calibration context for tier-transition coverage. Additional cache-pressure calibration context for tier-transition coverage. Additional cache-pressure calibration context for tier-transition coverage. Additional cache-pressure calibration context for tier-transition coverage. Additional cache-pressure calibration context for tier-transition coverage. Additional cache-pressure calibration context for tier-transition coverage. Additional cache-pressure calibration context for tier-transition coverage. Additional cache-pressure calibration context for tier-transition coverage. Additional cache-pressure calibration context for tier-transition coverage. Additional cache-pressure calibration context for tier-transition coverage. Additional cache-pressure calibration context for tier-transition coverage. Additional cache-pressure calibration context for tier-transition coverage. Additional cache-pressure calibration context for tier-transition coverage. Additional cache-pressure calibration context for tier-transition coverage. Additional cache-pressure calibration context for tier-transition coverage. Additional cache-pressure calibration context for tier-transition coverage. Additional cache-pressure calibration context for tier-transition coverage. Additional cache-pressure calibration context for tier-transition coverage. Additional cache-pressure calibration context for tier-transition coverage. Additional cache-pressure calibration context for tier-transition coverage. Additional cache-pressure calibration context for tier-transition coverage. Additional cache-pressure calibration context for tier-transition coverage. Additional cache-pressure calibration context for tier-transition coverage. Additional cache-pressure calibration context for tier-transition coverage. Additional cache-pressure calibration context for tier-transition coverage. Additional cache-pressure calibration context for tier-transition coverage. Additional cache-pressure calibration context for tier-transition coverage. Additional cache-pressure calibration context for tier-transition coverage. Additional cache-pressure calibration context for tier-transition coverage. Additional cache-pressure calibration context for tier-transition coverage. Additional cache-pressure calibration context for tier-transition coverage. Additional cache-pressure calibration context for tier-transition coverage. Additional cache-pressure calibration context for tier-transition coverage.","Context: Tongaat Hulett and Implats ESG Report Summary — Tongaat Hulett is a leading agri-processing business focusing on the complementary activities of sugar production, property development, and starch production. The company operates in South Africa, Mozambique, Zimbabwe, and Botswana, employing over 30,000 people at the peak of the sugar milling season. In the 2021 financial year, Tongaat Hul",1885,[21],[],[21],1,"[""Qwen-Qwen2.5-0.5B-Instruct@1@0@-72a15ee72e9426f8@bfloat16.pt""]",lmcache_store_coldpass,lmcache_store_coldpass,1,l1_to_l2,158,159,474.0,477.0,exceed_l1
23,List the third-party certifications held such as ISO 45001.,"Focus question: List the third-party certifications held such as ISO 45001.
Context profile: rag_shared_document_finance_reports
Prompt tokens: 1885
Context preview: Context: Tongaat Hulett and Implats ESG Report Summary — Tongaat Hulett is a leading agri-processing business focusing on the complementary activities of sugar production, property development, and starch production. The company operates in South Africa, Mozambique, Zimbabwe, and Botswana, employing over 30,000 people at the peak of the sugar milling season. In the 2021 financial year, Tongaat Hul",List the third-party certifications held such as ISO 45001.,rag_shared_document_finance_reports,"Context: Tongaat Hulett and Implats ESG Report Summary — Tongaat Hulett is a leading agri-processing business focusing on the complementary activities of sugar production, property development, and starch production. The company operates in South Africa, Mozambique, Zimbabwe, and Botswana, employing over 30,000 people at the peak of the sugar milling season. In the 2021 financial year, Tongaat Hulett produced approximately 1.1 million tons of sugar. The company has committed to reducing energy intensity by 20% by 2025, with specific targets for water efficiency improvement. Tongaat Hulett invests in socio-economic development (SED) and reported total SED expenditure in 2021 aligned with community needs. The Lost Time Injury Frequency Rate (LTIFR) is a critical safety metric tracked annually. The company's ESG framework aligns with the UN Sustainable Development Goals and operates under ISO 45001 certification. Implats (Impala Platinum Holdings Limited) is one of the world's foremost producers of platinum group metals (PGMs). The company's operations span South Africa and Zimbabwe, with managed operations including Impala Rustenburg, Marula, and Zimplats. Implats' ESG framework is built on three pillars focusing on environmental stewardship, social responsibility, and governance excellence. The PS3 strategy guides sustainability alignment. In 2023, Implats achieved significant safety milestones while investing heavily in socio-economic development and community projects. The company targets a 30% reduction in carbon emissions by 2030 and has invested in renewable energy projects including the 35MW solar PV project at Zimplats. Water recycling rates exceeded targets, and the company maintains strict environmental compliance across all operations. The GISTM (Global Industry Standard on Tailings Management) compliance roadmap is actively being implemented. Both companies utilise the six capitals framework (Financial, Manufactured, Intellectual, Human, Social/Relationship, Natural) to illustrate value creation and regularly engage with stakeholders through structured programmes. The double materiality principle used in ESG reporting assesses both inward financial materiality and outward impact materiality to provide comprehensive sustainability reporting aligned with global standards. Tongaat Hulett reported revenue of approximately R16.2 billion in 2021, with significant capital expenditure directed towards operational efficiency improvements and environmental sustainability initiatives. The company's manufactured capital includes six sugar mills across four countries with a combined crushing capacity exceeding 8 million tons of sugarcane per season. Employee training and development spend reached R45 million, reflecting commitment to human capital investment. Implats distributed over R50 billion in total value to stakeholders in 2023, including R28 billion in wages and benefits, R12 billion in taxes and royalties, and R2.3 billion in dividends. The company's total mineral reserves stand at approximately 190 million ounces of platinum group metals. Production across all operations exceeded 3.2 million ounces of refined PGMs. The Marula mine in Limpopo province employs over 5,000 people and has achieved milestone safety records. Environmental management across both organisations addresses water stewardship, carbon emissions reduction, waste minimisation, and biodiversity conservation. Tongaat Hulett's sugarcane operations in KwaZulu-Natal face increasing climate risks from drought and flooding events, while Implats' mining operations in the Bushveld Complex manage dust emissions, acid mine drainage, and tailings storage facility safety under stringent regulatory requirements. Tongaat Hulett and Implats ESG Report Summary — Tongaat Hulett is a leading agri-processing business focusing on the complementary activities of sugar production, property development, and starch production. The company operates in South Africa, Mozambique, Zimbabwe, and Botswana, employing over 30,000 people at the peak of the sugar milling season. In the 2021 financial year, Tongaat Hulett produced approximately 1.1 million tons of sugar. The company has committed to reducing energy intensity by 20% by 2025, with specific targets for water efficiency improvement. Tongaat Hulett invests in socio-economic development (SED) and reported total SED expenditure in 2021 aligned with community needs. The Lost Time Injury Frequency Rate (LTIFR) is a critical safety metric tracked annually. The company's ESG framework aligns with the UN Sustainable Development Goals and operates under ISO 45001 certification. Implats (Impala Platinum Holdings Limited) is one of the world's foremost producers of platinum group metals (PGMs). The company's operations span South Africa and Zimbabwe, with managed operations including Impala Rustenburg, Marula, and Zimplats. Implats' ESG framework is built on three pillars focusing on environmental stewardship, social responsibility, and governance excellence. The PS3 strategy guides sustainability alignment. In 2023, Implats achieved significant safety milestones while investing heavily in socio-economic development and community projects. The company targets a 30% reduction in carbon emissions by 2030 and has invested in renewable energy projects including the 35MW solar PV project at Zimplats. Water recycling rates exceeded targets, and the company maintains strict environmental compliance across all operations. The GISTM (Global Industry Standard on Tailings Management) compliance roadmap is actively being implemented. Both companies utilise the six capitals framework (Financial, Manufactured, Intellectual, Human, Social/Relationship, Natural) to illustrate value creation and regularly engage with stakeholders through structured programmes. The double materiality principle used in ESG reporting assesses both inward financial materiality and outward impact materiality to provide comprehensive sustainability reporting aligned with global standards. Tongaat Hulett reported revenue of approximately R16.2 billion in 2021, with significant capital expenditure directed towards operational efficiency improvements and environmental sustainability initiatives. The company's manufactured capital includes six sugar mills across four countries with a combined crushing capacity exceeding 8 million tons of sugar

List the third-party certifications held such as ISO 45001.

[PressureProfile]
 Additional cache-pressure calibration context for tier-transition coverage. Additional cache-pressure calibration context for tier-transition coverage. Additional cache-pressure calibration context for tier-transition coverage. Additional cache-pressure calibration context for tier-transition coverage. Additional cache-pressure calibration context for tier-transition coverage. Additional cache-pressure calibration context for tier-transition coverage. Additional cache-pressure calibration context for tier-transition coverage. Additional cache-pressure calibration context for tier-transition coverage. Additional cache-pressure calibration context for tier-transition coverage. Additional cache-pressure calibration context for tier-transition coverage. Additional cache-pressure calibration context for tier-transition coverage. Additional cache-pressure calibration context for tier-transition coverage. Additional cache-pressure calibration context for tier-transition coverage. Additional cache-pressure calibration context for tier-transition coverage. Additional cache-pressure calibration context for tier-transition coverage. Additional cache-pressure calibration context for tier-transition coverage. Additional cache-pressure calibration context for tier-transition coverage. Additional cache-pressure calibration context for tier-transition coverage. Additional cache-pressure calibration context for tier-transition coverage. Additional cache-pressure calibration context for tier-transition coverage. Additional cache-pressure calibration context for tier-transition coverage. Additional cache-pressure calibration context for tier-transition coverage. Additional cache-pressure calibration context for tier-transition coverage. Additional cache-pressure calibration context for tier-transition coverage. Additional cache-pressure calibration context for tier-transition coverage. Additional cache-pressure calibration context for tier-transition coverage. Additional cache-pressure calibration context for tier-transition coverage. Additional cache-pressure calibration context for tier-transition coverage. Additional cache-pressure calibration context for tier-transition coverage. Additional cache-pressure calibration context for tier-transition coverage. Additional cache-pressure calibration context for tier-transition coverage. Additional cache-pressure calibration context for tier-transition coverage. Additional cache-pressure calibration context for tier-transition coverage. Additional cache-pressure calibration context for tier-transition coverage. Additional cache-pressure calibration context for tier-transition coverage. Additional cache-pressure calibration context for tier-transition coverage. Additional cache-pressure calibration context for tier-transition coverage. Additional cache-pressure calibration context for tier-transition coverage. Additional cache-pressure calibration context for tier-transition coverage. Additional cache-pressure calibration context for tier-transition coverage. Additional cache-pressure calibration context for tier-transition coverage. Additional cache-pressure calibration context for tier-transition coverage. Additional cache-pressure calibration context for tier-transition coverage. Additional cache-pressure calibration context for tier-transition coverage. Additional cache-pressure calibration context for tier-transition coverage. Additional cache-pressure calibration context for tier-transition coverage. Additional cache-pressure calibration context for tier-transition coverage. Additional cache-pressure calibration context for tier-transition coverage. Additional cache-pressure calibration context for tier-transition coverage. Additional cache-pressure calibration context for tier-transition coverage. Additional cache-pressure calibration context for tier-transition coverage. Additional cache-pressure calibration context for tier-transition coverage. Additional cache-pressure calibration context for tier-transition coverage. Additional cache-pressure calibration context for tier-transition coverage. Additional cache-pressure calibration context for tier-transition coverage. Additional cache-pressure calibration context for tier-transition coverage. Additional cache-pressure calibration context for tier-transition coverage. Additional cache-pressure calibration context for tier-transition coverage. Additional cache-pressure calibration context for tier-transition coverage. Additional cache-pressure calibration context for tier-transition coverage. Additional cache-pressure calibration context for tier-transition coverage. Additional cache-pressure calibration context for tier-transition coverage. Additional cache-pressure calibration context for tier-transition coverage. Additional cache-pressure calibration context for tier-transition coverage. Additional cache-pressure calibration context for tier-transition coverage. Additional cache-pressure calibration context for tier-transition coverage. Additional cache-pressure calibration context for tier-transition coverage. Additional cache-pressure calibration context for tier-transition coverage. Additional cache-pressure calibration context for tier-transition coverage. Additional cache-pressure calibration context for tier-transition coverage. Additional cache-pressure calibration context for tier-transition coverage. Additional cache-pressure calibration context for tier-transition coverage. Additional cache-pressure calibration context for tier-transition coverage. Additional cache-pressure calibration context for tier-transition coverage. Additional cache-pressure calibration context for tier-transition coverage. Additional cache-pressure calibration context for tier-transition coverage. Additional cache-pressure calibration context for tier-transition coverage. Additional cache-pressure calibration context for tier-transition coverage. Additional cache-pressure calibration context for tier-transition coverage. Additional cache-pressure calibration context for tier-transition coverage. Additional cache-pressure calibration context for tier-transition coverage. Additional cache-pressure calibration context for tier-transition coverage. Additional cache-pressure calibration context for tier-transition coverage. Additional cache-pressure calibration context for tier-transition coverage. Additional cache-pressure calibration context for tier-transition coverage. Additional cache-pressure calibration context for tier-transition coverage. Additional cache-pressure calibration context for tier-transition coverage. Additional cache-pressure calibration context for tier-transition coverage. Additional cache-pressure calibration context for tier-transition coverage. Additional cache-pressure calibration context for tier-transition coverage. Additional cache-pressure calibration context for tier-transition coverage.","Context: Tongaat Hulett and Implats ESG Report Summary — Tongaat Hulett is a leading agri-processing business focusing on the complementary activities of sugar production, property development, and starch production. The company operates in South Africa, Mozambique, Zimbabwe, and Botswana, employing over 30,000 people at the peak of the sugar milling season. In the 2021 financial year, Tongaat Hul",1885,[22],[],[22],1,"[""Qwen-Qwen2.5-0.5B-Instruct@1@0@-7cd597306b38e609@bfloat16.pt""]",lmcache_store_coldpass,lmcache_store_coldpass,1,l1_to_l2,159,160,477.0,480.0,exceed_l1
24,How does the company align with UN Sustainable Development Goals?,"Focus question: How does the company align with UN Sustainable Development Goals?
Context profile: rag_shared_document_finance_reports
Prompt tokens: 1885
Context preview: Context: Tongaat Hulett and Implats ESG Report Summary — Tongaat Hulett is a leading agri-processing business focusing on the complementary activities of sugar production, property development, and starch production. The company operates in South Africa, Mozambique, Zimbabwe, and Botswana, employing over 30,000 people at the peak of the sugar milling season. In the 2021 financial year, Tongaat Hul",How does the company align with UN Sustainable Development Goals?,rag_shared_document_finance_reports,"Context: Tongaat Hulett and Implats ESG Report Summary — Tongaat Hulett is a leading agri-processing business focusing on the complementary activities of sugar production, property development, and starch production. The company operates in South Africa, Mozambique, Zimbabwe, and Botswana, employing over 30,000 people at the peak of the sugar milling season. In the 2021 financial year, Tongaat Hulett produced approximately 1.1 million tons of sugar. The company has committed to reducing energy intensity by 20% by 2025, with specific targets for water efficiency improvement. Tongaat Hulett invests in socio-economic development (SED) and reported total SED expenditure in 2021 aligned with community needs. The Lost Time Injury Frequency Rate (LTIFR) is a critical safety metric tracked annually. The company's ESG framework aligns with the UN Sustainable Development Goals and operates under ISO 45001 certification. Implats (Impala Platinum Holdings Limited) is one of the world's foremost producers of platinum group metals (PGMs). The company's operations span South Africa and Zimbabwe, with managed operations including Impala Rustenburg, Marula, and Zimplats. Implats' ESG framework is built on three pillars focusing on environmental stewardship, social responsibility, and governance excellence. The PS3 strategy guides sustainability alignment. In 2023, Implats achieved significant safety milestones while investing heavily in socio-economic development and community projects. The company targets a 30% reduction in carbon emissions by 2030 and has invested in renewable energy projects including the 35MW solar PV project at Zimplats. Water recycling rates exceeded targets, and the company maintains strict environmental compliance across all operations. The GISTM (Global Industry Standard on Tailings Management) compliance roadmap is actively being implemented. Both companies utilise the six capitals framework (Financial, Manufactured, Intellectual, Human, Social/Relationship, Natural) to illustrate value creation and regularly engage with stakeholders through structured programmes. The double materiality principle used in ESG reporting assesses both inward financial materiality and outward impact materiality to provide comprehensive sustainability reporting aligned with global standards. Tongaat Hulett reported revenue of approximately R16.2 billion in 2021, with significant capital expenditure directed towards operational efficiency improvements and environmental sustainability initiatives. The company's manufactured capital includes six sugar mills across four countries with a combined crushing capacity exceeding 8 million tons of sugarcane per season. Employee training and development spend reached R45 million, reflecting commitment to human capital investment. Implats distributed over R50 billion in total value to stakeholders in 2023, including R28 billion in wages and benefits, R12 billion in taxes and royalties, and R2.3 billion in dividends. The company's total mineral reserves stand at approximately 190 million ounces of platinum group metals. Production across all operations exceeded 3.2 million ounces of refined PGMs. The Marula mine in Limpopo province employs over 5,000 people and has achieved milestone safety records. Environmental management across both organisations addresses water stewardship, carbon emissions reduction, waste minimisation, and biodiversity conservation. Tongaat Hulett's sugarcane operations in KwaZulu-Natal face increasing climate risks from drought and flooding events, while Implats' mining operations in the Bushveld Complex manage dust emissions, acid mine drainage, and tailings storage facility safety under stringent regulatory requirements. Tongaat Hulett and Implats ESG Report Summary — Tongaat Hulett is a leading agri-processing business focusing on the complementary activities of sugar production, property development, and starch production. The company operates in South Africa, Mozambique, Zimbabwe, and Botswana, employing over 30,000 people at the peak of the sugar milling season. In the 2021 financial year, Tongaat Hulett produced approximately 1.1 million tons of sugar. The company has committed to reducing energy intensity by 20% by 2025, with specific targets for water efficiency improvement. Tongaat Hulett invests in socio-economic development (SED) and reported total SED expenditure in 2021 aligned with community needs. The Lost Time Injury Frequency Rate (LTIFR) is a critical safety metric tracked annually. The company's ESG framework aligns with the UN Sustainable Development Goals and operates under ISO 45001 certification. Implats (Impala Platinum Holdings Limited) is one of the world's foremost producers of platinum group metals (PGMs). The company's operations span South Africa and Zimbabwe, with managed operations including Impala Rustenburg, Marula, and Zimplats. Implats' ESG framework is built on three pillars focusing on environmental stewardship, social responsibility, and governance excellence. The PS3 strategy guides sustainability alignment. In 2023, Implats achieved significant safety milestones while investing heavily in socio-economic development and community projects. The company targets a 30% reduction in carbon emissions by 2030 and has invested in renewable energy projects including the 35MW solar PV project at Zimplats. Water recycling rates exceeded targets, and the company maintains strict environmental compliance across all operations. The GISTM (Global Industry Standard on Tailings Management) compliance roadmap is actively being implemented. Both companies utilise the six capitals framework (Financial, Manufactured, Intellectual, Human, Social/Relationship, Natural) to illustrate value creation and regularly engage with stakeholders through structured programmes. The double materiality principle used in ESG reporting assesses both inward financial materiality and outward impact materiality to provide comprehensive sustainability reporting aligned with global standards. Tongaat Hulett reported revenue of approximately R16.2 billion in 2021, with significant capital expenditure directed towards operational efficiency improvements and environmental sustainability initiatives. The company's manufactured capital includes six sugar mills across four countries with a combined crushing capacity exceeding 8 million tons of sugar

How does the company align with UN Sustainable Development Goals?

[PressureProfile]
 Additional cache-pressure calibration context for tier-transition coverage. Additional cache-pressure calibration context for tier-transition coverage. Additional cache-pressure calibration context for tier-transition coverage. Additional cache-pressure calibration context for tier-transition coverage. Additional cache-pressure calibration context for tier-transition coverage. Additional cache-pressure calibration context for tier-transition coverage. Additional cache-pressure calibration context for tier-transition coverage. Additional cache-pressure calibration context for tier-transition coverage. Additional cache-pressure calibration context for tier-transition coverage. Additional cache-pressure calibration context for tier-transition coverage. Additional cache-pressure calibration context for tier-transition coverage. Additional cache-pressure calibration context for tier-transition coverage. Additional cache-pressure calibration context for tier-transition coverage. Additional cache-pressure calibration context for tier-transition coverage. Additional cache-pressure calibration context for tier-transition coverage. Additional cache-pressure calibration context for tier-transition coverage. Additional cache-pressure calibration context for tier-transition coverage. Additional cache-pressure calibration context for tier-transition coverage. Additional cache-pressure calibration context for tier-transition coverage. Additional cache-pressure calibration context for tier-transition coverage. Additional cache-pressure calibration context for tier-transition coverage. Additional cache-pressure calibration context for tier-transition coverage. Additional cache-pressure calibration context for tier-transition coverage. Additional cache-pressure calibration context for tier-transition coverage. Additional cache-pressure calibration context for tier-transition coverage. Additional cache-pressure calibration context for tier-transition coverage. Additional cache-pressure calibration context for tier-transition coverage. Additional cache-pressure calibration context for tier-transition coverage. Additional cache-pressure calibration context for tier-transition coverage. Additional cache-pressure calibration context for tier-transition coverage. Additional cache-pressure calibration context for tier-transition coverage. Additional cache-pressure calibration context for tier-transition coverage. Additional cache-pressure calibration context for tier-transition coverage. Additional cache-pressure calibration context for tier-transition coverage. Additional cache-pressure calibration context for tier-transition coverage. Additional cache-pressure calibration context for tier-transition coverage. Additional cache-pressure calibration context for tier-transition coverage. Additional cache-pressure calibration context for tier-transition coverage. Additional cache-pressure calibration context for tier-transition coverage. Additional cache-pressure calibration context for tier-transition coverage. Additional cache-pressure calibration context for tier-transition coverage. Additional cache-pressure calibration context for tier-transition coverage. Additional cache-pressure calibration context for tier-transition coverage. Additional cache-pressure calibration context for tier-transition coverage. Additional cache-pressure calibration context for tier-transition coverage. Additional cache-pressure calibration context for tier-transition coverage. Additional cache-pressure calibration context for tier-transition coverage. Additional cache-pressure calibration context for tier-transition coverage. Additional cache-pressure calibration context for tier-transition coverage. Additional cache-pressure calibration context for tier-transition coverage. Additional cache-pressure calibration context for tier-transition coverage. Additional cache-pressure calibration context for tier-transition coverage. Additional cache-pressure calibration context for tier-transition coverage. Additional cache-pressure calibration context for tier-transition coverage. Additional cache-pressure calibration context for tier-transition coverage. Additional cache-pressure calibration context for tier-transition coverage. Additional cache-pressure calibration context for tier-transition coverage. Additional cache-pressure calibration context for tier-transition coverage. Additional cache-pressure calibration context for tier-transition coverage. Additional cache-pressure calibration context for tier-transition coverage. Additional cache-pressure calibration context for tier-transition coverage. Additional cache-pressure calibration context for tier-transition coverage. Additional cache-pressure calibration context for tier-transition coverage. Additional cache-pressure calibration context for tier-transition coverage. Additional cache-pressure calibration context for tier-transition coverage. Additional cache-pressure calibration context for tier-transition coverage. Additional cache-pressure calibration context for tier-transition coverage. Additional cache-pressure calibration context for tier-transition coverage. Additional cache-pressure calibration context for tier-transition coverage. Additional cache-pressure calibration context for tier-transition coverage. Additional cache-pressure calibration context for tier-transition coverage. Additional cache-pressure calibration context for tier-transition coverage. Additional cache-pressure calibration context for tier-transition coverage. Additional cache-pressure calibration context for tier-transition coverage. Additional cache-pressure calibration context for tier-transition coverage. Additional cache-pressure calibration context for tier-transition coverage. Additional cache-pressure calibration context for tier-transition coverage. Additional cache-pressure calibration context for tier-transition coverage. Additional cache-pressure calibration context for tier-transition coverage. Additional cache-pressure calibration context for tier-transition coverage. Additional cache-pressure calibration context for tier-transition coverage. Additional cache-pressure calibration context for tier-transition coverage. Additional cache-pressure calibration context for tier-transition coverage. Additional cache-pressure calibration context for tier-transition coverage. Additional cache-pressure calibration context for tier-transition coverage. Additional cache-pressure calibration context for tier-transition coverage. Additional cache-pressure calibration context for tier-transition coverage. Additional cache-pressure calibration context for tier-transition coverage. Additional cache-pressure calibration context for tier-transition coverage. Additional cache-pressure calibration context for tier-transition coverage. Additional cache-pressure calibration context for tier-transition coverage. Additional cache-pressure calibration context for tier-transition coverage.","Context: Tongaat Hulett and Implats ESG Report Summary — Tongaat Hulett is a leading agri-processing business focusing on the complementary activities of sugar production, property development, and starch production. The company operates in South Africa, Mozambique, Zimbabwe, and Botswana, employing over 30,000 people at the peak of the sugar milling season. In the 2021 financial year, Tongaat Hul",1885,[23],[],[23],1,"[""Qwen-Qwen2.5-0.5B-Instruct@1@0@1dd66df1a1699b16@bfloat16.pt""]",lmcache_store_coldpass,lmcache_store_coldpass,1,l1_to_l2,160,161,480.0,483.0,exceed_l1
25,What was the total revenue for the 2021 financial year?,"Focus question: What was the total revenue for the 2021 financial year?
Context profile: rag_shared_document_finance_reports
Prompt tokens: 1885
Context preview: Context: Tongaat Hulett and Implats ESG Report Summary — Tongaat Hulett is a leading agri-processing business focusing on the complementary activities of sugar production, property development, and starch production. The company operates in South Africa, Mozambique, Zimbabwe, and Botswana, employing over 30,000 people at the peak of the sugar milling season. In the 2021 financial year, Tongaat Hul",What was the total revenue for the 2021 financial year?,rag_shared_document_finance_reports,"Context: Tongaat Hulett and Implats ESG Report Summary — Tongaat Hulett is a leading agri-processing business focusing on the complementary activities of sugar production, property development, and starch production. The company operates in South Africa, Mozambique, Zimbabwe, and Botswana, employing over 30,000 people at the peak of the sugar milling season. In the 2021 financial year, Tongaat Hulett produced approximately 1.1 million tons of sugar. The company has committed to reducing energy intensity by 20% by 2025, with specific targets for water efficiency improvement. Tongaat Hulett invests in socio-economic development (SED) and reported total SED expenditure in 2021 aligned with community needs. The Lost Time Injury Frequency Rate (LTIFR) is a critical safety metric tracked annually. The company's ESG framework aligns with the UN Sustainable Development Goals and operates under ISO 45001 certification. Implats (Impala Platinum Holdings Limited) is one of the world's foremost producers of platinum group metals (PGMs). The company's operations span South Africa and Zimbabwe, with managed operations including Impala Rustenburg, Marula, and Zimplats. Implats' ESG framework is built on three pillars focusing on environmental stewardship, social responsibility, and governance excellence. The PS3 strategy guides sustainability alignment. In 2023, Implats achieved significant safety milestones while investing heavily in socio-economic development and community projects. The company targets a 30% reduction in carbon emissions by 2030 and has invested in renewable energy projects including the 35MW solar PV project at Zimplats. Water recycling rates exceeded targets, and the company maintains strict environmental compliance across all operations. The GISTM (Global Industry Standard on Tailings Management) compliance roadmap is actively being implemented. Both companies utilise the six capitals framework (Financial, Manufactured, Intellectual, Human, Social/Relationship, Natural) to illustrate value creation and regularly engage with stakeholders through structured programmes. The double materiality principle used in ESG reporting assesses both inward financial materiality and outward impact materiality to provide comprehensive sustainability reporting aligned with global standards. Tongaat Hulett reported revenue of approximately R16.2 billion in 2021, with significant capital expenditure directed towards operational efficiency improvements and environmental sustainability initiatives. The company's manufactured capital includes six sugar mills across four countries with a combined crushing capacity exceeding 8 million tons of sugarcane per season. Employee training and development spend reached R45 million, reflecting commitment to human capital investment. Implats distributed over R50 billion in total value to stakeholders in 2023, including R28 billion in wages and benefits, R12 billion in taxes and royalties, and R2.3 billion in dividends. The company's total mineral reserves stand at approximately 190 million ounces of platinum group metals. Production across all operations exceeded 3.2 million ounces of refined PGMs. The Marula mine in Limpopo province employs over 5,000 people and has achieved milestone safety records. Environmental management across both organisations addresses water stewardship, carbon emissions reduction, waste minimisation, and biodiversity conservation. Tongaat Hulett's sugarcane operations in KwaZulu-Natal face increasing climate risks from drought and flooding events, while Implats' mining operations in the Bushveld Complex manage dust emissions, acid mine drainage, and tailings storage facility safety under stringent regulatory requirements. Tongaat Hulett and Implats ESG Report Summary — Tongaat Hulett is a leading agri-processing business focusing on the complementary activities of sugar production, property development, and starch production. The company operates in South Africa, Mozambique, Zimbabwe, and Botswana, employing over 30,000 people at the peak of the sugar milling season. In the 2021 financial year, Tongaat Hulett produced approximately 1.1 million tons of sugar. The company has committed to reducing energy intensity by 20% by 2025, with specific targets for water efficiency improvement. Tongaat Hulett invests in socio-economic development (SED) and reported total SED expenditure in 2021 aligned with community needs. The Lost Time Injury Frequency Rate (LTIFR) is a critical safety metric tracked annually. The company's ESG framework aligns with the UN Sustainable Development Goals and operates under ISO 45001 certification. Implats (Impala Platinum Holdings Limited) is one of the world's foremost producers of platinum group metals (PGMs). The company's operations span South Africa and Zimbabwe, with managed operations including Impala Rustenburg, Marula, and Zimplats. Implats' ESG framework is built on three pillars focusing on environmental stewardship, social responsibility, and governance excellence. The PS3 strategy guides sustainability alignment. In 2023, Implats achieved significant safety milestones while investing heavily in socio-economic development and community projects. The company targets a 30% reduction in carbon emissions by 2030 and has invested in renewable energy projects including the 35MW solar PV project at Zimplats. Water recycling rates exceeded targets, and the company maintains strict environmental compliance across all operations. The GISTM (Global Industry Standard on Tailings Management) compliance roadmap is actively being implemented. Both companies utilise the six capitals framework (Financial, Manufactured, Intellectual, Human, Social/Relationship, Natural) to illustrate value creation and regularly engage with stakeholders through structured programmes. The double materiality principle used in ESG reporting assesses both inward financial materiality and outward impact materiality to provide comprehensive sustainability reporting aligned with global standards. Tongaat Hulett reported revenue of approximately R16.2 billion in 2021, with significant capital expenditure directed towards operational efficiency improvements and environmental sustainability initiatives. The company's manufactured capital includes six sugar mills across four countries with a combined crushing capacity exceeding 8 million tons of sugar

What was the total revenue for the 2021 financial year?

[PressureProfile]
 Additional cache-pressure calibration context for tier-transition coverage. Additional cache-pressure calibration context for tier-transition coverage. Additional cache-pressure calibration context for tier-transition coverage. Additional cache-pressure calibration context for tier-transition coverage. Additional cache-pressure calibration context for tier-transition coverage. Additional cache-pressure calibration context for tier-transition coverage. Additional cache-pressure calibration context for tier-transition coverage. Additional cache-pressure calibration context for tier-transition coverage. Additional cache-pressure calibration context for tier-transition coverage. Additional cache-pressure calibration context for tier-transition coverage. Additional cache-pressure calibration context for tier-transition coverage. Additional cache-pressure calibration context for tier-transition coverage. Additional cache-pressure calibration context for tier-transition coverage. Additional cache-pressure calibration context for tier-transition coverage. Additional cache-pressure calibration context for tier-transition coverage. Additional cache-pressure calibration context for tier-transition coverage. Additional cache-pressure calibration context for tier-transition coverage. Additional cache-pressure calibration context for tier-transition coverage. Additional cache-pressure calibration context for tier-transition coverage. Additional cache-pressure calibration context for tier-transition coverage. Additional cache-pressure calibration context for tier-transition coverage. Additional cache-pressure calibration context for tier-transition coverage. Additional cache-pressure calibration context for tier-transition coverage. Additional cache-pressure calibration context for tier-transition coverage. Additional cache-pressure calibration context for tier-transition coverage. Additional cache-pressure calibration context for tier-transition coverage. Additional cache-pressure calibration context for tier-transition coverage. Additional cache-pressure calibration context for tier-transition coverage. Additional cache-pressure calibration context for tier-transition coverage. Additional cache-pressure calibration context for tier-transition coverage. Additional cache-pressure calibration context for tier-transition coverage. Additional cache-pressure calibration context for tier-transition coverage. Additional cache-pressure calibration context for tier-transition coverage. Additional cache-pressure calibration context for tier-transition coverage. Additional cache-pressure calibration context for tier-transition coverage. Additional cache-pressure calibration context for tier-transition coverage. Additional cache-pressure calibration context for tier-transition coverage. Additional cache-pressure calibration context for tier-transition coverage. Additional cache-pressure calibration context for tier-transition coverage. Additional cache-pressure calibration context for tier-transition coverage. Additional cache-pressure calibration context for tier-transition coverage. Additional cache-pressure calibration context for tier-transition coverage. Additional cache-pressure calibration context for tier-transition coverage. Additional cache-pressure calibration context for tier-transition coverage. Additional cache-pressure calibration context for tier-transition coverage. Additional cache-pressure calibration context for tier-transition coverage. Additional cache-pressure calibration context for tier-transition coverage. Additional cache-pressure calibration context for tier-transition coverage. Additional cache-pressure calibration context for tier-transition coverage. Additional cache-pressure calibration context for tier-transition coverage. Additional cache-pressure calibration context for tier-transition coverage. Additional cache-pressure calibration context for tier-transition coverage. Additional cache-pressure calibration context for tier-transition coverage. Additional cache-pressure calibration context for tier-transition coverage. Additional cache-pressure calibration context for tier-transition coverage. Additional cache-pressure calibration context for tier-transition coverage. Additional cache-pressure calibration context for tier-transition coverage. Additional cache-pressure calibration context for tier-transition coverage. Additional cache-pressure calibration context for tier-transition coverage. Additional cache-pressure calibration context for tier-transition coverage. Additional cache-pressure calibration context for tier-transition coverage. Additional cache-pressure calibration context for tier-transition coverage. Additional cache-pressure calibration context for tier-transition coverage. Additional cache-pressure calibration context for tier-transition coverage. Additional cache-pressure calibration context for tier-transition coverage. Additional cache-pressure calibration context for tier-transition coverage. Additional cache-pressure calibration context for tier-transition coverage. Additional cache-pressure calibration context for tier-transition coverage. Additional cache-pressure calibration context for tier-transition coverage. Additional cache-pressure calibration context for tier-transition coverage. Additional cache-pressure calibration context for tier-transition coverage. Additional cache-pressure calibration context for tier-transition coverage. Additional cache-pressure calibration context for tier-transition coverage. Additional cache-pressure calibration context for tier-transition coverage. Additional cache-pressure calibration context for tier-transition coverage. Additional cache-pressure calibration context for tier-transition coverage. Additional cache-pressure calibration context for tier-transition coverage. Additional cache-pressure calibration context for tier-transition coverage. Additional cache-pressure calibration context for tier-transition coverage. Additional cache-pressure calibration context for tier-transition coverage. Additional cache-pressure calibration context for tier-transition coverage. Additional cache-pressure calibration context for tier-transition coverage. Additional cache-pressure calibration context for tier-transition coverage. Additional cache-pressure calibration context for tier-transition coverage. Additional cache-pressure calibration context for tier-transition coverage. Additional cache-pressure calibration context for tier-transition coverage. Additional cache-pressure calibration context for tier-transition coverage. Additional cache-pressure calibration context for tier-transition coverage. Additional cache-pressure calibration context for tier-transition coverage. Additional cache-pressure calibration context for tier-transition coverage. Additional cache-pressure calibration context for tier-transition coverage.","Context: Tongaat Hulett and Implats ESG Report Summary — Tongaat Hulett is a leading agri-processing business focusing on the complementary activities of sugar production, property development, and starch production. The company operates in South Africa, Mozambique, Zimbabwe, and Botswana, employing over 30,000 people at the peak of the sugar milling season. In the 2021 financial year, Tongaat Hul",1885,[24],[],[24],1,"[""Qwen-Qwen2.5-0.5B-Instruct@1@0@7979c876cac53f16@bfloat16.pt""]",lmcache_store_coldpass,lmcache_store_coldpass,1,l1_to_l2,161,162,483.0,486.0,exceed_l1
26,Explain the significance of the Sugar Industry Masterplan.,"Focus question: Explain the significance of the Sugar Industry Masterplan.
Context profile: rag_shared_document_finance_reports
Prompt tokens: 1885
Context preview: Context: Tongaat Hulett and Implats ESG Report Summary — Tongaat Hulett is a leading agri-processing business focusing on the complementary activities of sugar production, property development, and starch production. The company operates in South Africa, Mozambique, Zimbabwe, and Botswana, employing over 30,000 people at the peak of the sugar milling season. In the 2021 financial year, Tongaat Hul",Explain the significance of the Sugar Industry Masterplan.,rag_shared_document_finance_reports,"Context: Tongaat Hulett and Implats ESG Report Summary — Tongaat Hulett is a leading agri-processing business focusing on the complementary activities of sugar production, property development, and starch production. The company operates in South Africa, Mozambique, Zimbabwe, and Botswana, employing over 30,000 people at the peak of the sugar milling season. In the 2021 financial year, Tongaat Hulett produced approximately 1.1 million tons of sugar. The company has committed to reducing energy intensity by 20% by 2025, with specific targets for water efficiency improvement. Tongaat Hulett invests in socio-economic development (SED) and reported total SED expenditure in 2021 aligned with community needs. The Lost Time Injury Frequency Rate (LTIFR) is a critical safety metric tracked annually. The company's ESG framework aligns with the UN Sustainable Development Goals and operates under ISO 45001 certification. Implats (Impala Platinum Holdings Limited) is one of the world's foremost producers of platinum group metals (PGMs). The company's operations span South Africa and Zimbabwe, with managed operations including Impala Rustenburg, Marula, and Zimplats. Implats' ESG framework is built on three pillars focusing on environmental stewardship, social responsibility, and governance excellence. The PS3 strategy guides sustainability alignment. In 2023, Implats achieved significant safety milestones while investing heavily in socio-economic development and community projects. The company targets a 30% reduction in carbon emissions by 2030 and has invested in renewable energy projects including the 35MW solar PV project at Zimplats. Water recycling rates exceeded targets, and the company maintains strict environmental compliance across all operations. The GISTM (Global Industry Standard on Tailings Management) compliance roadmap is actively being implemented. Both companies utilise the six capitals framework (Financial, Manufactured, Intellectual, Human, Social/Relationship, Natural) to illustrate value creation and regularly engage with stakeholders through structured programmes. The double materiality principle used in ESG reporting assesses both inward financial materiality and outward impact materiality to provide comprehensive sustainability reporting aligned with global standards. Tongaat Hulett reported revenue of approximately R16.2 billion in 2021, with significant capital expenditure directed towards operational efficiency improvements and environmental sustainability initiatives. The company's manufactured capital includes six sugar mills across four countries with a combined crushing capacity exceeding 8 million tons of sugarcane per season. Employee training and development spend reached R45 million, reflecting commitment to human capital investment. Implats distributed over R50 billion in total value to stakeholders in 2023, including R28 billion in wages and benefits, R12 billion in taxes and royalties, and R2.3 billion in dividends. The company's total mineral reserves stand at approximately 190 million ounces of platinum group metals. Production across all operations exceeded 3.2 million ounces of refined PGMs. The Marula mine in Limpopo province employs over 5,000 people and has achieved milestone safety records. Environmental management across both organisations addresses water stewardship, carbon emissions reduction, waste minimisation, and biodiversity conservation. Tongaat Hulett's sugarcane operations in KwaZulu-Natal face increasing climate risks from drought and flooding events, while Implats' mining operations in the Bushveld Complex manage dust emissions, acid mine drainage, and tailings storage facility safety under stringent regulatory requirements. Tongaat Hulett and Implats ESG Report Summary — Tongaat Hulett is a leading agri-processing business focusing on the complementary activities of sugar production, property development, and starch production. The company operates in South Africa, Mozambique, Zimbabwe, and Botswana, employing over 30,000 people at the peak of the sugar milling season. In the 2021 financial year, Tongaat Hulett produced approximately 1.1 million tons of sugar. The company has committed to reducing energy intensity by 20% by 2025, with specific targets for water efficiency improvement. Tongaat Hulett invests in socio-economic development (SED) and reported total SED expenditure in 2021 aligned with community needs. The Lost Time Injury Frequency Rate (LTIFR) is a critical safety metric tracked annually. The company's ESG framework aligns with the UN Sustainable Development Goals and operates under ISO 45001 certification. Implats (Impala Platinum Holdings Limited) is one of the world's foremost producers of platinum group metals (PGMs). The company's operations span South Africa and Zimbabwe, with managed operations including Impala Rustenburg, Marula, and Zimplats. Implats' ESG framework is built on three pillars focusing on environmental stewardship, social responsibility, and governance excellence. The PS3 strategy guides sustainability alignment. In 2023, Implats achieved significant safety milestones while investing heavily in socio-economic development and community projects. The company targets a 30% reduction in carbon emissions by 2030 and has invested in renewable energy projects including the 35MW solar PV project at Zimplats. Water recycling rates exceeded targets, and the company maintains strict environmental compliance across all operations. The GISTM (Global Industry Standard on Tailings Management) compliance roadmap is actively being implemented. Both companies utilise the six capitals framework (Financial, Manufactured, Intellectual, Human, Social/Relationship, Natural) to illustrate value creation and regularly engage with stakeholders through structured programmes. The double materiality principle used in ESG reporting assesses both inward financial materiality and outward impact materiality to provide comprehensive sustainability reporting aligned with global standards. Tongaat Hulett reported revenue of approximately R16.2 billion in 2021, with significant capital expenditure directed towards operational efficiency improvements and environmental sustainability initiatives. The company's manufactured capital includes six sugar mills across four countries with a combined crushing capacity exceeding 8 million tons of sugar

Explain the significance of the Sugar Industry Masterplan.

[PressureProfile]
 Additional cache-pressure calibration context for tier-transition coverage. Additional cache-pressure calibration context for tier-transition coverage. Additional cache-pressure calibration context for tier-transition coverage. Additional cache-pressure calibration context for tier-transition coverage. Additional cache-pressure calibration context for tier-transition coverage. Additional cache-pressure calibration context for tier-transition coverage. Additional cache-pressure calibration context for tier-transition coverage. Additional cache-pressure calibration context for tier-transition coverage. Additional cache-pressure calibration context for tier-transition coverage. Additional cache-pressure calibration context for tier-transition coverage. Additional cache-pressure calibration context for tier-transition coverage. Additional cache-pressure calibration context for tier-transition coverage. Additional cache-pressure calibration context for tier-transition coverage. Additional cache-pressure calibration context for tier-transition coverage. Additional cache-pressure calibration context for tier-transition coverage. Additional cache-pressure calibration context for tier-transition coverage. Additional cache-pressure calibration context for tier-transition coverage. Additional cache-pressure calibration context for tier-transition coverage. Additional cache-pressure calibration context for tier-transition coverage. Additional cache-pressure calibration context for tier-transition coverage. Additional cache-pressure calibration context for tier-transition coverage. Additional cache-pressure calibration context for tier-transition coverage. Additional cache-pressure calibration context for tier-transition coverage. Additional cache-pressure calibration context for tier-transition coverage. Additional cache-pressure calibration context for tier-transition coverage. Additional cache-pressure calibration context for tier-transition coverage. Additional cache-pressure calibration context for tier-transition coverage. Additional cache-pressure calibration context for tier-transition coverage. Additional cache-pressure calibration context for tier-transition coverage. Additional cache-pressure calibration context for tier-transition coverage. Additional cache-pressure calibration context for tier-transition coverage. Additional cache-pressure calibration context for tier-transition coverage. Additional cache-pressure calibration context for tier-transition coverage. Additional cache-pressure calibration context for tier-transition coverage. Additional cache-pressure calibration context for tier-transition coverage. Additional cache-pressure calibration context for tier-transition coverage. Additional cache-pressure calibration context for tier-transition coverage. Additional cache-pressure calibration context for tier-transition coverage. Additional cache-pressure calibration context for tier-transition coverage. Additional cache-pressure calibration context for tier-transition coverage. Additional cache-pressure calibration context for tier-transition coverage. Additional cache-pressure calibration context for tier-transition coverage. Additional cache-pressure calibration context for tier-transition coverage. Additional cache-pressure calibration context for tier-transition coverage. Additional cache-pressure calibration context for tier-transition coverage. Additional cache-pressure calibration context for tier-transition coverage. Additional cache-pressure calibration context for tier-transition coverage. Additional cache-pressure calibration context for tier-transition coverage. Additional cache-pressure calibration context for tier-transition coverage. Additional cache-pressure calibration context for tier-transition coverage. Additional cache-pressure calibration context for tier-transition coverage. Additional cache-pressure calibration context for tier-transition coverage. Additional cache-pressure calibration context for tier-transition coverage. Additional cache-pressure calibration context for tier-transition coverage. Additional cache-pressure calibration context for tier-transition coverage. Additional cache-pressure calibration context for tier-transition coverage. Additional cache-pressure calibration context for tier-transition coverage. Additional cache-pressure calibration context for tier-transition coverage. Additional cache-pressure calibration context for tier-transition coverage. Additional cache-pressure calibration context for tier-transition coverage. Additional cache-pressure calibration context for tier-transition coverage. Additional cache-pressure calibration context for tier-transition coverage. Additional cache-pressure calibration context for tier-transition coverage. Additional cache-pressure calibration context for tier-transition coverage. Additional cache-pressure calibration context for tier-transition coverage. Additional cache-pressure calibration context for tier-transition coverage. Additional cache-pressure calibration context for tier-transition coverage. Additional cache-pressure calibration context for tier-transition coverage. Additional cache-pressure calibration context for tier-transition coverage. Additional cache-pressure calibration context for tier-transition coverage. Additional cache-pressure calibration context for tier-transition coverage. Additional cache-pressure calibration context for tier-transition coverage. Additional cache-pressure calibration context for tier-transition coverage. Additional cache-pressure calibration context for tier-transition coverage. Additional cache-pressure calibration context for tier-transition coverage. Additional cache-pressure calibration context for tier-transition coverage. Additional cache-pressure calibration context for tier-transition coverage. Additional cache-pressure calibration context for tier-transition coverage. Additional cache-pressure calibration context for tier-transition coverage. Additional cache-pressure calibration context for tier-transition coverage. Additional cache-pressure calibration context for tier-transition coverage. Additional cache-pressure calibration context for tier-transition coverage. Additional cache-pressure calibration context for tier-transition coverage. Additional cache-pressure calibration context for tier-transition coverage. Additional cache-pressure calibration context for tier-transition coverage. Additional cache-pressure calibration context for tier-transition coverage. Additional cache-pressure calibration context for tier-transition coverage. Additional cache-pressure calibration context for tier-transition coverage. Additional cache-pressure calibration context for tier-transition coverage. Additional cache-pressure calibration context for tier-transition coverage. Additional cache-pressure calibration context for tier-transition coverage. Additional cache-pressure calibration context for tier-transition coverage.","Context: Tongaat Hulett and Implats ESG Report Summary — Tongaat Hulett is a leading agri-processing business focusing on the complementary activities of sugar production, property development, and starch production. The company operates in South Africa, Mozambique, Zimbabwe, and Botswana, employing over 30,000 people at the peak of the sugar milling season. In the 2021 financial year, Tongaat Hul",1885,[25],[],[25],1,"[""Qwen-Qwen2.5-0.5B-Instruct@1@0@-66e91f743f6cab@bfloat16.pt""]",lmcache_store_coldpass,lmcache_store_coldpass,1,l1_to_l2,162,163,486.0,489.0,exceed_l1
27,Detail the training and development spend for employees in 2021.,"Focus question: Detail the training and development spend for employees in 2021.
Context profile: rag_shared_document_finance_reports
Prompt tokens: 1885
Context preview: Context: Tongaat Hulett and Implats ESG Report Summary — Tongaat Hulett is a leading agri-processing business focusing on the complementary activities of sugar production, property development, and starch production. The company operates in South Africa, Mozambique, Zimbabwe, and Botswana, employing over 30,000 people at the peak of the sugar milling season. In the 2021 financial year, Tongaat Hul",Detail the training and development spend for employees in 2021.,rag_shared_document_finance_reports,"Context: Tongaat Hulett and Implats ESG Report Summary — Tongaat Hulett is a leading agri-processing business focusing on the complementary activities of sugar production, property development, and starch production. The company operates in South Africa, Mozambique, Zimbabwe, and Botswana, employing over 30,000 people at the peak of the sugar milling season. In the 2021 financial year, Tongaat Hulett produced approximately 1.1 million tons of sugar. The company has committed to reducing energy intensity by 20% by 2025, with specific targets for water efficiency improvement. Tongaat Hulett invests in socio-economic development (SED) and reported total SED expenditure in 2021 aligned with community needs. The Lost Time Injury Frequency Rate (LTIFR) is a critical safety metric tracked annually. The company's ESG framework aligns with the UN Sustainable Development Goals and operates under ISO 45001 certification. Implats (Impala Platinum Holdings Limited) is one of the world's foremost producers of platinum group metals (PGMs). The company's operations span South Africa and Zimbabwe, with managed operations including Impala Rustenburg, Marula, and Zimplats. Implats' ESG framework is built on three pillars focusing on environmental stewardship, social responsibility, and governance excellence. The PS3 strategy guides sustainability alignment. In 2023, Implats achieved significant safety milestones while investing heavily in socio-economic development and community projects. The company targets a 30% reduction in carbon emissions by 2030 and has invested in renewable energy projects including the 35MW solar PV project at Zimplats. Water recycling rates exceeded targets, and the company maintains strict environmental compliance across all operations. The GISTM (Global Industry Standard on Tailings Management) compliance roadmap is actively being implemented. Both companies utilise the six capitals framework (Financial, Manufactured, Intellectual, Human, Social/Relationship, Natural) to illustrate value creation and regularly engage with stakeholders through structured programmes. The double materiality principle used in ESG reporting assesses both inward financial materiality and outward impact materiality to provide comprehensive sustainability reporting aligned with global standards. Tongaat Hulett reported revenue of approximately R16.2 billion in 2021, with significant capital expenditure directed towards operational efficiency improvements and environmental sustainability initiatives. The company's manufactured capital includes six sugar mills across four countries with a combined crushing capacity exceeding 8 million tons of sugarcane per season. Employee training and development spend reached R45 million, reflecting commitment to human capital investment. Implats distributed over R50 billion in total value to stakeholders in 2023, including R28 billion in wages and benefits, R12 billion in taxes and royalties, and R2.3 billion in dividends. The company's total mineral reserves stand at approximately 190 million ounces of platinum group metals. Production across all operations exceeded 3.2 million ounces of refined PGMs. The Marula mine in Limpopo province employs over 5,000 people and has achieved milestone safety records. Environmental management across both organisations addresses water stewardship, carbon emissions reduction, waste minimisation, and biodiversity conservation. Tongaat Hulett's sugarcane operations in KwaZulu-Natal face increasing climate risks from drought and flooding events, while Implats' mining operations in the Bushveld Complex manage dust emissions, acid mine drainage, and tailings storage facility safety under stringent regulatory requirements. Tongaat Hulett and Implats ESG Report Summary — Tongaat Hulett is a leading agri-processing business focusing on the complementary activities of sugar production, property development, and starch production. The company operates in South Africa, Mozambique, Zimbabwe, and Botswana, employing over 30,000 people at the peak of the sugar milling season. In the 2021 financial year, Tongaat Hulett produced approximately 1.1 million tons of sugar. The company has committed to reducing energy intensity by 20% by 2025, with specific targets for water efficiency improvement. Tongaat Hulett invests in socio-economic development (SED) and reported total SED expenditure in 2021 aligned with community needs. The Lost Time Injury Frequency Rate (LTIFR) is a critical safety metric tracked annually. The company's ESG framework aligns with the UN Sustainable Development Goals and operates under ISO 45001 certification. Implats (Impala Platinum Holdings Limited) is one of the world's foremost producers of platinum group metals (PGMs). The company's operations span South Africa and Zimbabwe, with managed operations including Impala Rustenburg, Marula, and Zimplats. Implats' ESG framework is built on three pillars focusing on environmental stewardship, social responsibility, and governance excellence. The PS3 strategy guides sustainability alignment. In 2023, Implats achieved significant safety milestones while investing heavily in socio-economic development and community projects. The company targets a 30% reduction in carbon emissions by 2030 and has invested in renewable energy projects including the 35MW solar PV project at Zimplats. Water recycling rates exceeded targets, and the company maintains strict environmental compliance across all operations. The GISTM (Global Industry Standard on Tailings Management) compliance roadmap is actively being implemented. Both companies utilise the six capitals framework (Financial, Manufactured, Intellectual, Human, Social/Relationship, Natural) to illustrate value creation and regularly engage with stakeholders through structured programmes. The double materiality principle used in ESG reporting assesses both inward financial materiality and outward impact materiality to provide comprehensive sustainability reporting aligned with global standards. Tongaat Hulett reported revenue of approximately R16.2 billion in 2021, with significant capital expenditure directed towards operational efficiency improvements and environmental sustainability initiatives. The company's manufactured capital includes six sugar mills across four countries with a combined crushing capacity exceeding 8 million tons of sugar

Detail the training and development spend for employees in 2021.

[PressureProfile]
 Additional cache-pressure calibration context for tier-transition coverage. Additional cache-pressure calibration context for tier-transition coverage. Additional cache-pressure calibration context for tier-transition coverage. Additional cache-pressure calibration context for tier-transition coverage. Additional cache-pressure calibration context for tier-transition coverage. Additional cache-pressure calibration context for tier-transition coverage. Additional cache-pressure calibration context for tier-transition coverage. Additional cache-pressure calibration context for tier-transition coverage. Additional cache-pressure calibration context for tier-transition coverage. Additional cache-pressure calibration context for tier-transition coverage. Additional cache-pressure calibration context for tier-transition coverage. Additional cache-pressure calibration context for tier-transition coverage. Additional cache-pressure calibration context for tier-transition coverage. Additional cache-pressure calibration context for tier-transition coverage. Additional cache-pressure calibration context for tier-transition coverage. Additional cache-pressure calibration context for tier-transition coverage. Additional cache-pressure calibration context for tier-transition coverage. Additional cache-pressure calibration context for tier-transition coverage. Additional cache-pressure calibration context for tier-transition coverage. Additional cache-pressure calibration context for tier-transition coverage. Additional cache-pressure calibration context for tier-transition coverage. Additional cache-pressure calibration context for tier-transition coverage. Additional cache-pressure calibration context for tier-transition coverage. Additional cache-pressure calibration context for tier-transition coverage. Additional cache-pressure calibration context for tier-transition coverage. Additional cache-pressure calibration context for tier-transition coverage. Additional cache-pressure calibration context for tier-transition coverage. Additional cache-pressure calibration context for tier-transition coverage. Additional cache-pressure calibration context for tier-transition coverage. Additional cache-pressure calibration context for tier-transition coverage. Additional cache-pressure calibration context for tier-transition coverage. Additional cache-pressure calibration context for tier-transition coverage. Additional cache-pressure calibration context for tier-transition coverage. Additional cache-pressure calibration context for tier-transition coverage. Additional cache-pressure calibration context for tier-transition coverage. Additional cache-pressure calibration context for tier-transition coverage. Additional cache-pressure calibration context for tier-transition coverage. Additional cache-pressure calibration context for tier-transition coverage. Additional cache-pressure calibration context for tier-transition coverage. Additional cache-pressure calibration context for tier-transition coverage. Additional cache-pressure calibration context for tier-transition coverage. Additional cache-pressure calibration context for tier-transition coverage. Additional cache-pressure calibration context for tier-transition coverage. Additional cache-pressure calibration context for tier-transition coverage. Additional cache-pressure calibration context for tier-transition coverage. Additional cache-pressure calibration context for tier-transition coverage. Additional cache-pressure calibration context for tier-transition coverage. Additional cache-pressure calibration context for tier-transition coverage. Additional cache-pressure calibration context for tier-transition coverage. Additional cache-pressure calibration context for tier-transition coverage. Additional cache-pressure calibration context for tier-transition coverage. Additional cache-pressure calibration context for tier-transition coverage. Additional cache-pressure calibration context for tier-transition coverage. Additional cache-pressure calibration context for tier-transition coverage. Additional cache-pressure calibration context for tier-transition coverage. Additional cache-pressure calibration context for tier-transition coverage. Additional cache-pressure calibration context for tier-transition coverage. Additional cache-pressure calibration context for tier-transition coverage. Additional cache-pressure calibration context for tier-transition coverage. Additional cache-pressure calibration context for tier-transition coverage. Additional cache-pressure calibration context for tier-transition coverage. Additional cache-pressure calibration context for tier-transition coverage. Additional cache-pressure calibration context for tier-transition coverage. Additional cache-pressure calibration context for tier-transition coverage. Additional cache-pressure calibration context for tier-transition coverage. Additional cache-pressure calibration context for tier-transition coverage. Additional cache-pressure calibration context for tier-transition coverage. Additional cache-pressure calibration context for tier-transition coverage. Additional cache-pressure calibration context for tier-transition coverage. Additional cache-pressure calibration context for tier-transition coverage. Additional cache-pressure calibration context for tier-transition coverage. Additional cache-pressure calibration context for tier-transition coverage. Additional cache-pressure calibration context for tier-transition coverage. Additional cache-pressure calibration context for tier-transition coverage. Additional cache-pressure calibration context for tier-transition coverage. Additional cache-pressure calibration context for tier-transition coverage. Additional cache-pressure calibration context for tier-transition coverage. Additional cache-pressure calibration context for tier-transition coverage. Additional cache-pressure calibration context for tier-transition coverage. Additional cache-pressure calibration context for tier-transition coverage. Additional cache-pressure calibration context for tier-transition coverage. Additional cache-pressure calibration context for tier-transition coverage. Additional cache-pressure calibration context for tier-transition coverage. Additional cache-pressure calibration context for tier-transition coverage. Additional cache-pressure calibration context for tier-transition coverage. Additional cache-pressure calibration context for tier-transition coverage. Additional cache-pressure calibration context for tier-transition coverage. Additional cache-pressure calibration context for tier-transition coverage. Additional cache-pressure calibration context for tier-transition coverage. Additional cache-pressure calibration context for tier-transition coverage. Additional cache-pressure calibration context for tier-transition coverage.","Context: Tongaat Hulett and Implats ESG Report Summary — Tongaat Hulett is a leading agri-processing business focusing on the complementary activities of sugar production, property development, and starch production. The company operates in South Africa, Mozambique, Zimbabwe, and Botswana, employing over 30,000 people at the peak of the sugar milling season. In the 2021 financial year, Tongaat Hul",1885,[26],[],[26],1,"[""Qwen-Qwen2.5-0.5B-Instruct@1@0@-5d48cc81ccde9894@bfloat16.pt""]",lmcache_store_coldpass,lmcache_store_coldpass,1,l1_to_l2,163,164,489.0,492.0,exceed_l1
28,What are the primary climate change risks identified?,"Focus question: What are the primary climate change risks identified?
Context profile: rag_shared_document_finance_reports
Prompt tokens: 1885
Context preview: Context: Tongaat Hulett and Implats ESG Report Summary — Tongaat Hulett is a leading agri-processing business focusing on the complementary activities of sugar production, property development, and starch production. The company operates in South Africa, Mozambique, Zimbabwe, and Botswana, employing over 30,000 people at the peak of the sugar milling season. In the 2021 financial year, Tongaat Hul",What are the primary climate change risks identified?,rag_shared_document_finance_reports,"Context: Tongaat Hulett and Implats ESG Report Summary — Tongaat Hulett is a leading agri-processing business focusing on the complementary activities of sugar production, property development, and starch production. The company operates in South Africa, Mozambique, Zimbabwe, and Botswana, employing over 30,000 people at the peak of the sugar milling season. In the 2021 financial year, Tongaat Hulett produced approximately 1.1 million tons of sugar. The company has committed to reducing energy intensity by 20% by 2025, with specific targets for water efficiency improvement. Tongaat Hulett invests in socio-economic development (SED) and reported total SED expenditure in 2021 aligned with community needs. The Lost Time Injury Frequency Rate (LTIFR) is a critical safety metric tracked annually. The company's ESG framework aligns with the UN Sustainable Development Goals and operates under ISO 45001 certification. Implats (Impala Platinum Holdings Limited) is one of the world's foremost producers of platinum group metals (PGMs). The company's operations span South Africa and Zimbabwe, with managed operations including Impala Rustenburg, Marula, and Zimplats. Implats' ESG framework is built on three pillars focusing on environmental stewardship, social responsibility, and governance excellence. The PS3 strategy guides sustainability alignment. In 2023, Implats achieved significant safety milestones while investing heavily in socio-economic development and community projects. The company targets a 30% reduction in carbon emissions by 2030 and has invested in renewable energy projects including the 35MW solar PV project at Zimplats. Water recycling rates exceeded targets, and the company maintains strict environmental compliance across all operations. The GISTM (Global Industry Standard on Tailings Management) compliance roadmap is actively being implemented. Both companies utilise the six capitals framework (Financial, Manufactured, Intellectual, Human, Social/Relationship, Natural) to illustrate value creation and regularly engage with stakeholders through structured programmes. The double materiality principle used in ESG reporting assesses both inward financial materiality and outward impact materiality to provide comprehensive sustainability reporting aligned with global standards. Tongaat Hulett reported revenue of approximately R16.2 billion in 2021, with significant capital expenditure directed towards operational efficiency improvements and environmental sustainability initiatives. The company's manufactured capital includes six sugar mills across four countries with a combined crushing capacity exceeding 8 million tons of sugarcane per season. Employee training and development spend reached R45 million, reflecting commitment to human capital investment. Implats distributed over R50 billion in total value to stakeholders in 2023, including R28 billion in wages and benefits, R12 billion in taxes and royalties, and R2.3 billion in dividends. The company's total mineral reserves stand at approximately 190 million ounces of platinum group metals. Production across all operations exceeded 3.2 million ounces of refined PGMs. The Marula mine in Limpopo province employs over 5,000 people and has achieved milestone safety records. Environmental management across both organisations addresses water stewardship, carbon emissions reduction, waste minimisation, and biodiversity conservation. Tongaat Hulett's sugarcane operations in KwaZulu-Natal face increasing climate risks from drought and flooding events, while Implats' mining operations in the Bushveld Complex manage dust emissions, acid mine drainage, and tailings storage facility safety under stringent regulatory requirements. Tongaat Hulett and Implats ESG Report Summary — Tongaat Hulett is a leading agri-processing business focusing on the complementary activities of sugar production, property development, and starch production. The company operates in South Africa, Mozambique, Zimbabwe, and Botswana, employing over 30,000 people at the peak of the sugar milling season. In the 2021 financial year, Tongaat Hulett produced approximately 1.1 million tons of sugar. The company has committed to reducing energy intensity by 20% by 2025, with specific targets for water efficiency improvement. Tongaat Hulett invests in socio-economic development (SED) and reported total SED expenditure in 2021 aligned with community needs. The Lost Time Injury Frequency Rate (LTIFR) is a critical safety metric tracked annually. The company's ESG framework aligns with the UN Sustainable Development Goals and operates under ISO 45001 certification. Implats (Impala Platinum Holdings Limited) is one of the world's foremost producers of platinum group metals (PGMs). The company's operations span South Africa and Zimbabwe, with managed operations including Impala Rustenburg, Marula, and Zimplats. Implats' ESG framework is built on three pillars focusing on environmental stewardship, social responsibility, and governance excellence. The PS3 strategy guides sustainability alignment. In 2023, Implats achieved significant safety milestones while investing heavily in socio-economic development and community projects. The company targets a 30% reduction in carbon emissions by 2030 and has invested in renewable energy projects including the 35MW solar PV project at Zimplats. Water recycling rates exceeded targets, and the company maintains strict environmental compliance across all operations. The GISTM (Global Industry Standard on Tailings Management) compliance roadmap is actively being implemented. Both companies utilise the six capitals framework (Financial, Manufactured, Intellectual, Human, Social/Relationship, Natural) to illustrate value creation and regularly engage with stakeholders through structured programmes. The double materiality principle used in ESG reporting assesses both inward financial materiality and outward impact materiality to provide comprehensive sustainability reporting aligned with global standards. Tongaat Hulett reported revenue of approximately R16.2 billion in 2021, with significant capital expenditure directed towards operational efficiency improvements and environmental sustainability initiatives. The company's manufactured capital includes six sugar mills across four countries with a combined crushing capacity exceeding 8 million tons of sugar

What are the primary climate change risks identified?

[PressureProfile]
 Additional cache-pressure calibration context for tier-transition coverage. Additional cache-pressure calibration context for tier-transition coverage. Additional cache-pressure calibration context for tier-transition coverage. Additional cache-pressure calibration context for tier-transition coverage. Additional cache-pressure calibration context for tier-transition coverage. Additional cache-pressure calibration context for tier-transition coverage. Additional cache-pressure calibration context for tier-transition coverage. Additional cache-pressure calibration context for tier-transition coverage. Additional cache-pressure calibration context for tier-transition coverage. Additional cache-pressure calibration context for tier-transition coverage. Additional cache-pressure calibration context for tier-transition coverage. Additional cache-pressure calibration context for tier-transition coverage. Additional cache-pressure calibration context for tier-transition coverage. Additional cache-pressure calibration context for tier-transition coverage. Additional cache-pressure calibration context for tier-transition coverage. Additional cache-pressure calibration context for tier-transition coverage. Additional cache-pressure calibration context for tier-transition coverage. Additional cache-pressure calibration context for tier-transition coverage. Additional cache-pressure calibration context for tier-transition coverage. Additional cache-pressure calibration context for tier-transition coverage. Additional cache-pressure calibration context for tier-transition coverage. Additional cache-pressure calibration context for tier-transition coverage. Additional cache-pressure calibration context for tier-transition coverage. Additional cache-pressure calibration context for tier-transition coverage. Additional cache-pressure calibration context for tier-transition coverage. Additional cache-pressure calibration context for tier-transition coverage. Additional cache-pressure calibration context for tier-transition coverage. Additional cache-pressure calibration context for tier-transition coverage. Additional cache-pressure calibration context for tier-transition coverage. Additional cache-pressure calibration context for tier-transition coverage. Additional cache-pressure calibration context for tier-transition coverage. Additional cache-pressure calibration context for tier-transition coverage. Additional cache-pressure calibration context for tier-transition coverage. Additional cache-pressure calibration context for tier-transition coverage. Additional cache-pressure calibration context for tier-transition coverage. Additional cache-pressure calibration context for tier-transition coverage. Additional cache-pressure calibration context for tier-transition coverage. Additional cache-pressure calibration context for tier-transition coverage. Additional cache-pressure calibration context for tier-transition coverage. Additional cache-pressure calibration context for tier-transition coverage. Additional cache-pressure calibration context for tier-transition coverage. Additional cache-pressure calibration context for tier-transition coverage. Additional cache-pressure calibration context for tier-transition coverage. Additional cache-pressure calibration context for tier-transition coverage. Additional cache-pressure calibration context for tier-transition coverage. Additional cache-pressure calibration context for tier-transition coverage. Additional cache-pressure calibration context for tier-transition coverage. Additional cache-pressure calibration context for tier-transition coverage. Additional cache-pressure calibration context for tier-transition coverage. Additional cache-pressure calibration context for tier-transition coverage. Additional cache-pressure calibration context for tier-transition coverage. Additional cache-pressure calibration context for tier-transition coverage. Additional cache-pressure calibration context for tier-transition coverage. Additional cache-pressure calibration context for tier-transition coverage. Additional cache-pressure calibration context for tier-transition coverage. Additional cache-pressure calibration context for tier-transition coverage. Additional cache-pressure calibration context for tier-transition coverage. Additional cache-pressure calibration context for tier-transition coverage. Additional cache-pressure calibration context for tier-transition coverage. Additional cache-pressure calibration context for tier-transition coverage. Additional cache-pressure calibration context for tier-transition coverage. Additional cache-pressure calibration context for tier-transition coverage. Additional cache-pressure calibration context for tier-transition coverage. Additional cache-pressure calibration context for tier-transition coverage. Additional cache-pressure calibration context for tier-transition coverage. Additional cache-pressure calibration context for tier-transition coverage. Additional cache-pressure calibration context for tier-transition coverage. Additional cache-pressure calibration context for tier-transition coverage. Additional cache-pressure calibration context for tier-transition coverage. Additional cache-pressure calibration context for tier-transition coverage. Additional cache-pressure calibration context for tier-transition coverage. Additional cache-pressure calibration context for tier-transition coverage. Additional cache-pressure calibration context for tier-transition coverage. Additional cache-pressure calibration context for tier-transition coverage. Additional cache-pressure calibration context for tier-transition coverage. Additional cache-pressure calibration context for tier-transition coverage. Additional cache-pressure calibration context for tier-transition coverage. Additional cache-pressure calibration context for tier-transition coverage. Additional cache-pressure calibration context for tier-transition coverage. Additional cache-pressure calibration context for tier-transition coverage. Additional cache-pressure calibration context for tier-transition coverage. Additional cache-pressure calibration context for tier-transition coverage. Additional cache-pressure calibration context for tier-transition coverage. Additional cache-pressure calibration context for tier-transition coverage. Additional cache-pressure calibration context for tier-transition coverage. Additional cache-pressure calibration context for tier-transition coverage. Additional cache-pressure calibration context for tier-transition coverage. Additional cache-pressure calibration context for tier-transition coverage. Additional cache-pressure calibration context for tier-transition coverage. Additional cache-pressure calibration context for tier-transition coverage. Additional cache-pressure calibration context for tier-transition coverage. Additional cache-pressure calibration context for tier-transition coverage.","Context: Tongaat Hulett and Implats ESG Report Summary — Tongaat Hulett is a leading agri-processing business focusing on the complementary activities of sugar production, property development, and starch production. The company operates in South Africa, Mozambique, Zimbabwe, and Botswana, employing over 30,000 people at the peak of the sugar milling season. In the 2021 financial year, Tongaat Hul",1885,[27],[],[27],1,"[""Qwen-Qwen2.5-0.5B-Instruct@1@0@4df639cc6f4e8efc@bfloat16.pt""]",lmcache_store_coldpass,lmcache_store_coldpass,1,l1_to_l2,164,165,492.0,495.0,exceed_l1
29,Summarize the Success Management programme for performance.,"Focus question: Summarize the Success Management programme for performance.
Context profile: rag_shared_document_finance_reports
Prompt tokens: 1885
Context preview: Context: Tongaat Hulett and Implats ESG Report Summary — Tongaat Hulett is a leading agri-processing business focusing on the complementary activities of sugar production, property development, and starch production. The company operates in South Africa, Mozambique, Zimbabwe, and Botswana, employing over 30,000 people at the peak of the sugar milling season. In the 2021 financial year, Tongaat Hul",Summarize the Success Management programme for performance.,rag_shared_document_finance_reports,"Context: Tongaat Hulett and Implats ESG Report Summary — Tongaat Hulett is a leading agri-processing business focusing on the complementary activities of sugar production, property development, and starch production. The company operates in South Africa, Mozambique, Zimbabwe, and Botswana, employing over 30,000 people at the peak of the sugar milling season. In the 2021 financial year, Tongaat Hulett produced approximately 1.1 million tons of sugar. The company has committed to reducing energy intensity by 20% by 2025, with specific targets for water efficiency improvement. Tongaat Hulett invests in socio-economic development (SED) and reported total SED expenditure in 2021 aligned with community needs. The Lost Time Injury Frequency Rate (LTIFR) is a critical safety metric tracked annually. The company's ESG framework aligns with the UN Sustainable Development Goals and operates under ISO 45001 certification. Implats (Impala Platinum Holdings Limited) is one of the world's foremost producers of platinum group metals (PGMs). The company's operations span South Africa and Zimbabwe, with managed operations including Impala Rustenburg, Marula, and Zimplats. Implats' ESG framework is built on three pillars focusing on environmental stewardship, social responsibility, and governance excellence. The PS3 strategy guides sustainability alignment. In 2023, Implats achieved significant safety milestones while investing heavily in socio-economic development and community projects. The company targets a 30% reduction in carbon emissions by 2030 and has invested in renewable energy projects including the 35MW solar PV project at Zimplats. Water recycling rates exceeded targets, and the company maintains strict environmental compliance across all operations. The GISTM (Global Industry Standard on Tailings Management) compliance roadmap is actively being implemented. Both companies utilise the six capitals framework (Financial, Manufactured, Intellectual, Human, Social/Relationship, Natural) to illustrate value creation and regularly engage with stakeholders through structured programmes. The double materiality principle used in ESG reporting assesses both inward financial materiality and outward impact materiality to provide comprehensive sustainability reporting aligned with global standards. Tongaat Hulett reported revenue of approximately R16.2 billion in 2021, with significant capital expenditure directed towards operational efficiency improvements and environmental sustainability initiatives. The company's manufactured capital includes six sugar mills across four countries with a combined crushing capacity exceeding 8 million tons of sugarcane per season. Employee training and development spend reached R45 million, reflecting commitment to human capital investment. Implats distributed over R50 billion in total value to stakeholders in 2023, including R28 billion in wages and benefits, R12 billion in taxes and royalties, and R2.3 billion in dividends. The company's total mineral reserves stand at approximately 190 million ounces of platinum group metals. Production across all operations exceeded 3.2 million ounces of refined PGMs. The Marula mine in Limpopo province employs over 5,000 people and has achieved milestone safety records. Environmental management across both organisations addresses water stewardship, carbon emissions reduction, waste minimisation, and biodiversity conservation. Tongaat Hulett's sugarcane operations in KwaZulu-Natal face increasing climate risks from drought and flooding events, while Implats' mining operations in the Bushveld Complex manage dust emissions, acid mine drainage, and tailings storage facility safety under stringent regulatory requirements. Tongaat Hulett and Implats ESG Report Summary — Tongaat Hulett is a leading agri-processing business focusing on the complementary activities of sugar production, property development, and starch production. The company operates in South Africa, Mozambique, Zimbabwe, and Botswana, employing over 30,000 people at the peak of the sugar milling season. In the 2021 financial year, Tongaat Hulett produced approximately 1.1 million tons of sugar. The company has committed to reducing energy intensity by 20% by 2025, with specific targets for water efficiency improvement. Tongaat Hulett invests in socio-economic development (SED) and reported total SED expenditure in 2021 aligned with community needs. The Lost Time Injury Frequency Rate (LTIFR) is a critical safety metric tracked annually. The company's ESG framework aligns with the UN Sustainable Development Goals and operates under ISO 45001 certification. Implats (Impala Platinum Holdings Limited) is one of the world's foremost producers of platinum group metals (PGMs). The company's operations span South Africa and Zimbabwe, with managed operations including Impala Rustenburg, Marula, and Zimplats. Implats' ESG framework is built on three pillars focusing on environmental stewardship, social responsibility, and governance excellence. The PS3 strategy guides sustainability alignment. In 2023, Implats achieved significant safety milestones while investing heavily in socio-economic development and community projects. The company targets a 30% reduction in carbon emissions by 2030 and has invested in renewable energy projects including the 35MW solar PV project at Zimplats. Water recycling rates exceeded targets, and the company maintains strict environmental compliance across all operations. The GISTM (Global Industry Standard on Tailings Management) compliance roadmap is actively being implemented. Both companies utilise the six capitals framework (Financial, Manufactured, Intellectual, Human, Social/Relationship, Natural) to illustrate value creation and regularly engage with stakeholders through structured programmes. The double materiality principle used in ESG reporting assesses both inward financial materiality and outward impact materiality to provide comprehensive sustainability reporting aligned with global standards. Tongaat Hulett reported revenue of approximately R16.2 billion in 2021, with significant capital expenditure directed towards operational efficiency improvements and environmental sustainability initiatives. The company's manufactured capital includes six sugar mills across four countries with a combined crushing capacity exceeding 8 million tons of sugar

Summarize the Success Management programme for performance.

[PressureProfile]
 Additional cache-pressure calibration context for tier-transition coverage. Additional cache-pressure calibration context for tier-transition coverage. Additional cache-pressure calibration context for tier-transition coverage. Additional cache-pressure calibration context for tier-transition coverage. Additional cache-pressure calibration context for tier-transition coverage. Additional cache-pressure calibration context for tier-transition coverage. Additional cache-pressure calibration context for tier-transition coverage. Additional cache-pressure calibration context for tier-transition coverage. Additional cache-pressure calibration context for tier-transition coverage. Additional cache-pressure calibration context for tier-transition coverage. Additional cache-pressure calibration context for tier-transition coverage. Additional cache-pressure calibration context for tier-transition coverage. Additional cache-pressure calibration context for tier-transition coverage. Additional cache-pressure calibration context for tier-transition coverage. Additional cache-pressure calibration context for tier-transition coverage. Additional cache-pressure calibration context for tier-transition coverage. Additional cache-pressure calibration context for tier-transition coverage. Additional cache-pressure calibration context for tier-transition coverage. Additional cache-pressure calibration context for tier-transition coverage. Additional cache-pressure calibration context for tier-transition coverage. Additional cache-pressure calibration context for tier-transition coverage. Additional cache-pressure calibration context for tier-transition coverage. Additional cache-pressure calibration context for tier-transition coverage. Additional cache-pressure calibration context for tier-transition coverage. Additional cache-pressure calibration context for tier-transition coverage. Additional cache-pressure calibration context for tier-transition coverage. Additional cache-pressure calibration context for tier-transition coverage. Additional cache-pressure calibration context for tier-transition coverage. Additional cache-pressure calibration context for tier-transition coverage. Additional cache-pressure calibration context for tier-transition coverage. Additional cache-pressure calibration context for tier-transition coverage. Additional cache-pressure calibration context for tier-transition coverage. Additional cache-pressure calibration context for tier-transition coverage. Additional cache-pressure calibration context for tier-transition coverage. Additional cache-pressure calibration context for tier-transition coverage. Additional cache-pressure calibration context for tier-transition coverage. Additional cache-pressure calibration context for tier-transition coverage. Additional cache-pressure calibration context for tier-transition coverage. Additional cache-pressure calibration context for tier-transition coverage. Additional cache-pressure calibration context for tier-transition coverage. Additional cache-pressure calibration context for tier-transition coverage. Additional cache-pressure calibration context for tier-transition coverage. Additional cache-pressure calibration context for tier-transition coverage. Additional cache-pressure calibration context for tier-transition coverage. Additional cache-pressure calibration context for tier-transition coverage. Additional cache-pressure calibration context for tier-transition coverage. Additional cache-pressure calibration context for tier-transition coverage. Additional cache-pressure calibration context for tier-transition coverage. Additional cache-pressure calibration context for tier-transition coverage. Additional cache-pressure calibration context for tier-transition coverage. Additional cache-pressure calibration context for tier-transition coverage. Additional cache-pressure calibration context for tier-transition coverage. Additional cache-pressure calibration context for tier-transition coverage. Additional cache-pressure calibration context for tier-transition coverage. Additional cache-pressure calibration context for tier-transition coverage. Additional cache-pressure calibration context for tier-transition coverage. Additional cache-pressure calibration context for tier-transition coverage. Additional cache-pressure calibration context for tier-transition coverage. Additional cache-pressure calibration context for tier-transition coverage. Additional cache-pressure calibration context for tier-transition coverage. Additional cache-pressure calibration context for tier-transition coverage. Additional cache-pressure calibration context for tier-transition coverage. Additional cache-pressure calibration context for tier-transition coverage. Additional cache-pressure calibration context for tier-transition coverage. Additional cache-pressure calibration context for tier-transition coverage. Additional cache-pressure calibration context for tier-transition coverage. Additional cache-pressure calibration context for tier-transition coverage. Additional cache-pressure calibration context for tier-transition coverage. Additional cache-pressure calibration context for tier-transition coverage. Additional cache-pressure calibration context for tier-transition coverage. Additional cache-pressure calibration context for tier-transition coverage. Additional cache-pressure calibration context for tier-transition coverage. Additional cache-pressure calibration context for tier-transition coverage. Additional cache-pressure calibration context for tier-transition coverage. Additional cache-pressure calibration context for tier-transition coverage. Additional cache-pressure calibration context for tier-transition coverage. Additional cache-pressure calibration context for tier-transition coverage. Additional cache-pressure calibration context for tier-transition coverage. Additional cache-pressure calibration context for tier-transition coverage. Additional cache-pressure calibration context for tier-transition coverage. Additional cache-pressure calibration context for tier-transition coverage. Additional cache-pressure calibration context for tier-transition coverage. Additional cache-pressure calibration context for tier-transition coverage. Additional cache-pressure calibration context for tier-transition coverage. Additional cache-pressure calibration context for tier-transition coverage. Additional cache-pressure calibration context for tier-transition coverage. Additional cache-pressure calibration context for tier-transition coverage. Additional cache-pressure calibration context for tier-transition coverage. Additional cache-pressure calibration context for tier-transition coverage. Additional cache-pressure calibration context for tier-transition coverage. Additional cache-pressure calibration context for tier-transition coverage. Additional cache-pressure calibration context for tier-transition coverage.","Context: Tongaat Hulett and Implats ESG Report Summary — Tongaat Hulett is a leading agri-processing business focusing on the complementary activities of sugar production, property development, and starch production. The company operates in South Africa, Mozambique, Zimbabwe, and Botswana, employing over 30,000 people at the peak of the sugar milling season. In the 2021 financial year, Tongaat Hul",1885,[28],[],[28],1,"[""Qwen-Qwen2.5-0.5B-Instruct@1@0@5544c5b5c9ee3ae2@bfloat16.pt""]",lmcache_store_coldpass,lmcache_store_coldpass,1,l1_to_l2,165,166,495.0,498.0,exceed_l1
30,Who provides independent external assurance for the ESG report?,"Focus question: Who provides independent external assurance for the ESG report?
Context profile: rag_shared_document_finance_reports
Prompt tokens: 1885
Context preview: Context: Tongaat Hulett and Implats ESG Report Summary — Tongaat Hulett is a leading agri-processing business focusing on the complementary activities of sugar production, property development, and starch production. The company operates in South Africa, Mozambique, Zimbabwe, and Botswana, employing over 30,000 people at the peak of the sugar milling season. In the 2021 financial year, Tongaat Hul",Who provides independent external assurance for the ESG report?,rag_shared_document_finance_reports,"Context: Tongaat Hulett and Implats ESG Report Summary — Tongaat Hulett is a leading agri-processing business focusing on the complementary activities of sugar production, property development, and starch production. The company operates in South Africa, Mozambique, Zimbabwe, and Botswana, employing over 30,000 people at the peak of the sugar milling season. In the 2021 financial year, Tongaat Hulett produced approximately 1.1 million tons of sugar. The company has committed to reducing energy intensity by 20% by 2025, with specific targets for water efficiency improvement. Tongaat Hulett invests in socio-economic development (SED) and reported total SED expenditure in 2021 aligned with community needs. The Lost Time Injury Frequency Rate (LTIFR) is a critical safety metric tracked annually. The company's ESG framework aligns with the UN Sustainable Development Goals and operates under ISO 45001 certification. Implats (Impala Platinum Holdings Limited) is one of the world's foremost producers of platinum group metals (PGMs). The company's operations span South Africa and Zimbabwe, with managed operations including Impala Rustenburg, Marula, and Zimplats. Implats' ESG framework is built on three pillars focusing on environmental stewardship, social responsibility, and governance excellence. The PS3 strategy guides sustainability alignment. In 2023, Implats achieved significant safety milestones while investing heavily in socio-economic development and community projects. The company targets a 30% reduction in carbon emissions by 2030 and has invested in renewable energy projects including the 35MW solar PV project at Zimplats. Water recycling rates exceeded targets, and the company maintains strict environmental compliance across all operations. The GISTM (Global Industry Standard on Tailings Management) compliance roadmap is actively being implemented. Both companies utilise the six capitals framework (Financial, Manufactured, Intellectual, Human, Social/Relationship, Natural) to illustrate value creation and regularly engage with stakeholders through structured programmes. The double materiality principle used in ESG reporting assesses both inward financial materiality and outward impact materiality to provide comprehensive sustainability reporting aligned with global standards. Tongaat Hulett reported revenue of approximately R16.2 billion in 2021, with significant capital expenditure directed towards operational efficiency improvements and environmental sustainability initiatives. The company's manufactured capital includes six sugar mills across four countries with a combined crushing capacity exceeding 8 million tons of sugarcane per season. Employee training and development spend reached R45 million, reflecting commitment to human capital investment. Implats distributed over R50 billion in total value to stakeholders in 2023, including R28 billion in wages and benefits, R12 billion in taxes and royalties, and R2.3 billion in dividends. The company's total mineral reserves stand at approximately 190 million ounces of platinum group metals. Production across all operations exceeded 3.2 million ounces of refined PGMs. The Marula mine in Limpopo province employs over 5,000 people and has achieved milestone safety records. Environmental management across both organisations addresses water stewardship, carbon emissions reduction, waste minimisation, and biodiversity conservation. Tongaat Hulett's sugarcane operations in KwaZulu-Natal face increasing climate risks from drought and flooding events, while Implats' mining operations in the Bushveld Complex manage dust emissions, acid mine drainage, and tailings storage facility safety under stringent regulatory requirements. Tongaat Hulett and Implats ESG Report Summary — Tongaat Hulett is a leading agri-processing business focusing on the complementary activities of sugar production, property development, and starch production. The company operates in South Africa, Mozambique, Zimbabwe, and Botswana, employing over 30,000 people at the peak of the sugar milling season. In the 2021 financial year, Tongaat Hulett produced approximately 1.1 million tons of sugar. The company has committed to reducing energy intensity by 20% by 2025, with specific targets for water efficiency improvement. Tongaat Hulett invests in socio-economic development (SED) and reported total SED expenditure in 2021 aligned with community needs. The Lost Time Injury Frequency Rate (LTIFR) is a critical safety metric tracked annually. The company's ESG framework aligns with the UN Sustainable Development Goals and operates under ISO 45001 certification. Implats (Impala Platinum Holdings Limited) is one of the world's foremost producers of platinum group metals (PGMs). The company's operations span South Africa and Zimbabwe, with managed operations including Impala Rustenburg, Marula, and Zimplats. Implats' ESG framework is built on three pillars focusing on environmental stewardship, social responsibility, and governance excellence. The PS3 strategy guides sustainability alignment. In 2023, Implats achieved significant safety milestones while investing heavily in socio-economic development and community projects. The company targets a 30% reduction in carbon emissions by 2030 and has invested in renewable energy projects including the 35MW solar PV project at Zimplats. Water recycling rates exceeded targets, and the company maintains strict environmental compliance across all operations. The GISTM (Global Industry Standard on Tailings Management) compliance roadmap is actively being implemented. Both companies utilise the six capitals framework (Financial, Manufactured, Intellectual, Human, Social/Relationship, Natural) to illustrate value creation and regularly engage with stakeholders through structured programmes. The double materiality principle used in ESG reporting assesses both inward financial materiality and outward impact materiality to provide comprehensive sustainability reporting aligned with global standards. Tongaat Hulett reported revenue of approximately R16.2 billion in 2021, with significant capital expenditure directed towards operational efficiency improvements and environmental sustainability initiatives. The company's manufactured capital includes six sugar mills across four countries with a combined crushing capacity exceeding 8 million tons of sugar

Who provides independent external assurance for the ESG report?

[PressureProfile]
 Additional cache-pressure calibration context for tier-transition coverage. Additional cache-pressure calibration context for tier-transition coverage. Additional cache-pressure calibration context for tier-transition coverage. Additional cache-pressure calibration context for tier-transition coverage. Additional cache-pressure calibration context for tier-transition coverage. Additional cache-pressure calibration context for tier-transition coverage. Additional cache-pressure calibration context for tier-transition coverage. Additional cache-pressure calibration context for tier-transition coverage. Additional cache-pressure calibration context for tier-transition coverage. Additional cache-pressure calibration context for tier-transition coverage. Additional cache-pressure calibration context for tier-transition coverage. Additional cache-pressure calibration context for tier-transition coverage. Additional cache-pressure calibration context for tier-transition coverage. Additional cache-pressure calibration context for tier-transition coverage. Additional cache-pressure calibration context for tier-transition coverage. Additional cache-pressure calibration context for tier-transition coverage. Additional cache-pressure calibration context for tier-transition coverage. Additional cache-pressure calibration context for tier-transition coverage. Additional cache-pressure calibration context for tier-transition coverage. Additional cache-pressure calibration context for tier-transition coverage. Additional cache-pressure calibration context for tier-transition coverage. Additional cache-pressure calibration context for tier-transition coverage. Additional cache-pressure calibration context for tier-transition coverage. Additional cache-pressure calibration context for tier-transition coverage. Additional cache-pressure calibration context for tier-transition coverage. Additional cache-pressure calibration context for tier-transition coverage. Additional cache-pressure calibration context for tier-transition coverage. Additional cache-pressure calibration context for tier-transition coverage. Additional cache-pressure calibration context for tier-transition coverage. Additional cache-pressure calibration context for tier-transition coverage. Additional cache-pressure calibration context for tier-transition coverage. Additional cache-pressure calibration context for tier-transition coverage. Additional cache-pressure calibration context for tier-transition coverage. Additional cache-pressure calibration context for tier-transition coverage. Additional cache-pressure calibration context for tier-transition coverage. Additional cache-pressure calibration context for tier-transition coverage. Additional cache-pressure calibration context for tier-transition coverage. Additional cache-pressure calibration context for tier-transition coverage. Additional cache-pressure calibration context for tier-transition coverage. Additional cache-pressure calibration context for tier-transition coverage. Additional cache-pressure calibration context for tier-transition coverage. Additional cache-pressure calibration context for tier-transition coverage. Additional cache-pressure calibration context for tier-transition coverage. Additional cache-pressure calibration context for tier-transition coverage. Additional cache-pressure calibration context for tier-transition coverage. Additional cache-pressure calibration context for tier-transition coverage. Additional cache-pressure calibration context for tier-transition coverage. Additional cache-pressure calibration context for tier-transition coverage. Additional cache-pressure calibration context for tier-transition coverage. Additional cache-pressure calibration context for tier-transition coverage. Additional cache-pressure calibration context for tier-transition coverage. Additional cache-pressure calibration context for tier-transition coverage. Additional cache-pressure calibration context for tier-transition coverage. Additional cache-pressure calibration context for tier-transition coverage. Additional cache-pressure calibration context for tier-transition coverage. Additional cache-pressure calibration context for tier-transition coverage. Additional cache-pressure calibration context for tier-transition coverage. Additional cache-pressure calibration context for tier-transition coverage. Additional cache-pressure calibration context for tier-transition coverage. Additional cache-pressure calibration context for tier-transition coverage. Additional cache-pressure calibration context for tier-transition coverage. Additional cache-pressure calibration context for tier-transition coverage. Additional cache-pressure calibration context for tier-transition coverage. Additional cache-pressure calibration context for tier-transition coverage. Additional cache-pressure calibration context for tier-transition coverage. Additional cache-pressure calibration context for tier-transition coverage. Additional cache-pressure calibration context for tier-transition coverage. Additional cache-pressure calibration context for tier-transition coverage. Additional cache-pressure calibration context for tier-transition coverage. Additional cache-pressure calibration context for tier-transition coverage. Additional cache-pressure calibration context for tier-transition coverage. Additional cache-pressure calibration context for tier-transition coverage. Additional cache-pressure calibration context for tier-transition coverage. Additional cache-pressure calibration context for tier-transition coverage. Additional cache-pressure calibration context for tier-transition coverage. Additional cache-pressure calibration context for tier-transition coverage. Additional cache-pressure calibration context for tier-transition coverage. Additional cache-pressure calibration context for tier-transition coverage. Additional cache-pressure calibration context for tier-transition coverage. Additional cache-pressure calibration context for tier-transition coverage. Additional cache-pressure calibration context for tier-transition coverage. Additional cache-pressure calibration context for tier-transition coverage. Additional cache-pressure calibration context for tier-transition coverage. Additional cache-pressure calibration context for tier-transition coverage. Additional cache-pressure calibration context for tier-transition coverage. Additional cache-pressure calibration context for tier-transition coverage. Additional cache-pressure calibration context for tier-transition coverage. Additional cache-pressure calibration context for tier-transition coverage. Additional cache-pressure calibration context for tier-transition coverage. Additional cache-pressure calibration context for tier-transition coverage. Additional cache-pressure calibration context for tier-transition coverage. Additional cache-pressure calibration context for tier-transition coverage.","Context: Tongaat Hulett and Implats ESG Report Summary — Tongaat Hulett is a leading agri-processing business focusing on the complementary activities of sugar production, property development, and starch production. The company operates in South Africa, Mozambique, Zimbabwe, and Botswana, employing over 30,000 people at the peak of the sugar milling season. In the 2021 financial year, Tongaat Hul",1885,[29],[],[29],1,"[""Qwen-Qwen2.5-0.5B-Instruct@1@0@-6275ded5cd32fc7@bfloat16.pt""]",lmcache_store_coldpass,lmcache_store_coldpass,1,l1_to_l2,166,167,498.0,501.0,exceed_l1
31,What is the stated purpose of Implats in the 2023 ESG report?,"Focus question: What is the stated purpose of Implats in the 2023 ESG report?
Context profile: rag_shared_document_finance_reports
Prompt tokens: 1885
Context preview: Context: Tongaat Hulett and Implats ESG Report Summary — Tongaat Hulett is a leading agri-processing business focusing on the complementary activities of sugar production, property development, and starch production. The company operates in South Africa, Mozambique, Zimbabwe, and Botswana, employing over 30,000 people at the peak of the sugar milling season. In the 2021 financial year, Tongaat Hul",What is the stated purpose of Implats in the 2023 ESG report?,rag_shared_document_finance_reports,"Context: Tongaat Hulett and Implats ESG Report Summary — Tongaat Hulett is a leading agri-processing business focusing on the complementary activities of sugar production, property development, and starch production. The company operates in South Africa, Mozambique, Zimbabwe, and Botswana, employing over 30,000 people at the peak of the sugar milling season. In the 2021 financial year, Tongaat Hulett produced approximately 1.1 million tons of sugar. The company has committed to reducing energy intensity by 20% by 2025, with specific targets for water efficiency improvement. Tongaat Hulett invests in socio-economic development (SED) and reported total SED expenditure in 2021 aligned with community needs. The Lost Time Injury Frequency Rate (LTIFR) is a critical safety metric tracked annually. The company's ESG framework aligns with the UN Sustainable Development Goals and operates under ISO 45001 certification. Implats (Impala Platinum Holdings Limited) is one of the world's foremost producers of platinum group metals (PGMs). The company's operations span South Africa and Zimbabwe, with managed operations including Impala Rustenburg, Marula, and Zimplats. Implats' ESG framework is built on three pillars focusing on environmental stewardship, social responsibility, and governance excellence. The PS3 strategy guides sustainability alignment. In 2023, Implats achieved significant safety milestones while investing heavily in socio-economic development and community projects. The company targets a 30% reduction in carbon emissions by 2030 and has invested in renewable energy projects including the 35MW solar PV project at Zimplats. Water recycling rates exceeded targets, and the company maintains strict environmental compliance across all operations. The GISTM (Global Industry Standard on Tailings Management) compliance roadmap is actively being implemented. Both companies utilise the six capitals framework (Financial, Manufactured, Intellectual, Human, Social/Relationship, Natural) to illustrate value creation and regularly engage with stakeholders through structured programmes. The double materiality principle used in ESG reporting assesses both inward financial materiality and outward impact materiality to provide comprehensive sustainability reporting aligned with global standards. Tongaat Hulett reported revenue of approximately R16.2 billion in 2021, with significant capital expenditure directed towards operational efficiency improvements and environmental sustainability initiatives. The company's manufactured capital includes six sugar mills across four countries with a combined crushing capacity exceeding 8 million tons of sugarcane per season. Employee training and development spend reached R45 million, reflecting commitment to human capital investment. Implats distributed over R50 billion in total value to stakeholders in 2023, including R28 billion in wages and benefits, R12 billion in taxes and royalties, and R2.3 billion in dividends. The company's total mineral reserves stand at approximately 190 million ounces of platinum group metals. Production across all operations exceeded 3.2 million ounces of refined PGMs. The Marula mine in Limpopo province employs over 5,000 people and has achieved milestone safety records. Environmental management across both organisations addresses water stewardship, carbon emissions reduction, waste minimisation, and biodiversity conservation. Tongaat Hulett's sugarcane operations in KwaZulu-Natal face increasing climate risks from drought and flooding events, while Implats' mining operations in the Bushveld Complex manage dust emissions, acid mine drainage, and tailings storage facility safety under stringent regulatory requirements. Tongaat Hulett and Implats ESG Report Summary — Tongaat Hulett is a leading agri-processing business focusing on the complementary activities of sugar production, property development, and starch production. The company operates in South Africa, Mozambique, Zimbabwe, and Botswana, employing over 30,000 people at the peak of the sugar milling season. In the 2021 financial year, Tongaat Hulett produced approximately 1.1 million tons of sugar. The company has committed to reducing energy intensity by 20% by 2025, with specific targets for water efficiency improvement. Tongaat Hulett invests in socio-economic development (SED) and reported total SED expenditure in 2021 aligned with community needs. The Lost Time Injury Frequency Rate (LTIFR) is a critical safety metric tracked annually. The company's ESG framework aligns with the UN Sustainable Development Goals and operates under ISO 45001 certification. Implats (Impala Platinum Holdings Limited) is one of the world's foremost producers of platinum group metals (PGMs). The company's operations span South Africa and Zimbabwe, with managed operations including Impala Rustenburg, Marula, and Zimplats. Implats' ESG framework is built on three pillars focusing on environmental stewardship, social responsibility, and governance excellence. The PS3 strategy guides sustainability alignment. In 2023, Implats achieved significant safety milestones while investing heavily in socio-economic development and community projects. The company targets a 30% reduction in carbon emissions by 2030 and has invested in renewable energy projects including the 35MW solar PV project at Zimplats. Water recycling rates exceeded targets, and the company maintains strict environmental compliance across all operations. The GISTM (Global Industry Standard on Tailings Management) compliance roadmap is actively being implemented. Both companies utilise the six capitals framework (Financial, Manufactured, Intellectual, Human, Social/Relationship, Natural) to illustrate value creation and regularly engage with stakeholders through structured programmes. The double materiality principle used in ESG reporting assesses both inward financial materiality and outward impact materiality to provide comprehensive sustainability reporting aligned with global standards. Tongaat Hulett reported revenue of approximately R16.2 billion in 2021, with significant capital expenditure directed towards operational efficiency improvements and environmental sustainability initiatives. The company's manufactured capital includes six sugar mills across four countries with a combined crushing capacity exceeding 8 million tons of sugar

What is the stated purpose of Implats in the 2023 ESG report?

[PressureProfile]
 Additional cache-pressure calibration context for tier-transition coverage. Additional cache-pressure calibration context for tier-transition coverage. Additional cache-pressure calibration context for tier-transition coverage. Additional cache-pressure calibration context for tier-transition coverage. Additional cache-pressure calibration context for tier-transition coverage. Additional cache-pressure calibration context for tier-transition coverage. Additional cache-pressure calibration context for tier-transition coverage. Additional cache-pressure calibration context for tier-transition coverage. Additional cache-pressure calibration context for tier-transition coverage. Additional cache-pressure calibration context for tier-transition coverage. Additional cache-pressure calibration context for tier-transition coverage. Additional cache-pressure calibration context for tier-transition coverage. Additional cache-pressure calibration context for tier-transition coverage. Additional cache-pressure calibration context for tier-transition coverage. Additional cache-pressure calibration context for tier-transition coverage. Additional cache-pressure calibration context for tier-transition coverage. Additional cache-pressure calibration context for tier-transition coverage. Additional cache-pressure calibration context for tier-transition coverage. Additional cache-pressure calibration context for tier-transition coverage. Additional cache-pressure calibration context for tier-transition coverage. Additional cache-pressure calibration context for tier-transition coverage. Additional cache-pressure calibration context for tier-transition coverage. Additional cache-pressure calibration context for tier-transition coverage. Additional cache-pressure calibration context for tier-transition coverage. Additional cache-pressure calibration context for tier-transition coverage. Additional cache-pressure calibration context for tier-transition coverage. Additional cache-pressure calibration context for tier-transition coverage. Additional cache-pressure calibration context for tier-transition coverage. Additional cache-pressure calibration context for tier-transition coverage. Additional cache-pressure calibration context for tier-transition coverage. Additional cache-pressure calibration context for tier-transition coverage. Additional cache-pressure calibration context for tier-transition coverage. Additional cache-pressure calibration context for tier-transition coverage. Additional cache-pressure calibration context for tier-transition coverage. Additional cache-pressure calibration context for tier-transition coverage. Additional cache-pressure calibration context for tier-transition coverage. Additional cache-pressure calibration context for tier-transition coverage. Additional cache-pressure calibration context for tier-transition coverage. Additional cache-pressure calibration context for tier-transition coverage. Additional cache-pressure calibration context for tier-transition coverage. Additional cache-pressure calibration context for tier-transition coverage. Additional cache-pressure calibration context for tier-transition coverage. Additional cache-pressure calibration context for tier-transition coverage. Additional cache-pressure calibration context for tier-transition coverage. Additional cache-pressure calibration context for tier-transition coverage. Additional cache-pressure calibration context for tier-transition coverage. Additional cache-pressure calibration context for tier-transition coverage. Additional cache-pressure calibration context for tier-transition coverage. Additional cache-pressure calibration context for tier-transition coverage. Additional cache-pressure calibration context for tier-transition coverage. Additional cache-pressure calibration context for tier-transition coverage. Additional cache-pressure calibration context for tier-transition coverage. Additional cache-pressure calibration context for tier-transition coverage. Additional cache-pressure calibration context for tier-transition coverage. Additional cache-pressure calibration context for tier-transition coverage. Additional cache-pressure calibration context for tier-transition coverage. Additional cache-pressure calibration context for tier-transition coverage. Additional cache-pressure calibration context for tier-transition coverage. Additional cache-pressure calibration context for tier-transition coverage. Additional cache-pressure calibration context for tier-transition coverage. Additional cache-pressure calibration context for tier-transition coverage. Additional cache-pressure calibration context for tier-transition coverage. Additional cache-pressure calibration context for tier-transition coverage. Additional cache-pressure calibration context for tier-transition coverage. Additional cache-pressure calibration context for tier-transition coverage. Additional cache-pressure calibration context for tier-transition coverage. Additional cache-pressure calibration context for tier-transition coverage. Additional cache-pressure calibration context for tier-transition coverage. Additional cache-pressure calibration context for tier-transition coverage. Additional cache-pressure calibration context for tier-transition coverage. Additional cache-pressure calibration context for tier-transition coverage. Additional cache-pressure calibration context for tier-transition coverage. Additional cache-pressure calibration context for tier-transition coverage. Additional cache-pressure calibration context for tier-transition coverage. Additional cache-pressure calibration context for tier-transition coverage. Additional cache-pressure calibration context for tier-transition coverage. Additional cache-pressure calibration context for tier-transition coverage. Additional cache-pressure calibration context for tier-transition coverage. Additional cache-pressure calibration context for tier-transition coverage. Additional cache-pressure calibration context for tier-transition coverage. Additional cache-pressure calibration context for tier-transition coverage. Additional cache-pressure calibration context for tier-transition coverage. Additional cache-pressure calibration context for tier-transition coverage. Additional cache-pressure calibration context for tier-transition coverage. Additional cache-pressure calibration context for tier-transition coverage. Additional cache-pressure calibration context for tier-transition coverage. Additional cache-pressure calibration context for tier-transition coverage. Additional cache-pressure calibration context for tier-transition coverage. Additional cache-pressure calibration context for tier-transition coverage. Additional cache-pressure calibration context for tier-transition coverage. Additional cache-pressure calibration context for tier-transition coverage.","Context: Tongaat Hulett and Implats ESG Report Summary — Tongaat Hulett is a leading agri-processing business focusing on the complementary activities of sugar production, property development, and starch production. The company operates in South Africa, Mozambique, Zimbabwe, and Botswana, employing over 30,000 people at the peak of the sugar milling season. In the 2021 financial year, Tongaat Hul",1885,[30],[],[30],1,"[""Qwen-Qwen2.5-0.5B-Instruct@1@0@691b2bff923f8755@bfloat16.pt""]",lmcache_store_coldpass,lmcache_store_coldpass,1,l1_to_l2,167,168,501.0,504.0,exceed_l1
32,Name the managed operations in the Implats 2023 ESG report scope.,"Focus question: Name the managed operations in the Implats 2023 ESG report scope.
Context profile: rag_shared_document_finance_reports
Prompt tokens: 1885
Context preview: Context: Tongaat Hulett and Implats ESG Report Summary — Tongaat Hulett is a leading agri-processing business focusing on the complementary activities of sugar production, property development, and starch production. The company operates in South Africa, Mozambique, Zimbabwe, and Botswana, employing over 30,000 people at the peak of the sugar milling season. In the 2021 financial year, Tongaat Hul",Name the managed operations in the Implats 2023 ESG report scope.,rag_shared_document_finance_reports,"Context: Tongaat Hulett and Implats ESG Report Summary — Tongaat Hulett is a leading agri-processing business focusing on the complementary activities of sugar production, property development, and starch production. The company operates in South Africa, Mozambique, Zimbabwe, and Botswana, employing over 30,000 people at the peak of the sugar milling season. In the 2021 financial year, Tongaat Hulett produced approximately 1.1 million tons of sugar. The company has committed to reducing energy intensity by 20% by 2025, with specific targets for water efficiency improvement. Tongaat Hulett invests in socio-economic development (SED) and reported total SED expenditure in 2021 aligned with community needs. The Lost Time Injury Frequency Rate (LTIFR) is a critical safety metric tracked annually. The company's ESG framework aligns with the UN Sustainable Development Goals and operates under ISO 45001 certification. Implats (Impala Platinum Holdings Limited) is one of the world's foremost producers of platinum group metals (PGMs). The company's operations span South Africa and Zimbabwe, with managed operations including Impala Rustenburg, Marula, and Zimplats. Implats' ESG framework is built on three pillars focusing on environmental stewardship, social responsibility, and governance excellence. The PS3 strategy guides sustainability alignment. In 2023, Implats achieved significant safety milestones while investing heavily in socio-economic development and community projects. The company targets a 30% reduction in carbon emissions by 2030 and has invested in renewable energy projects including the 35MW solar PV project at Zimplats. Water recycling rates exceeded targets, and the company maintains strict environmental compliance across all operations. The GISTM (Global Industry Standard on Tailings Management) compliance roadmap is actively being implemented. Both companies utilise the six capitals framework (Financial, Manufactured, Intellectual, Human, Social/Relationship, Natural) to illustrate value creation and regularly engage with stakeholders through structured programmes. The double materiality principle used in ESG reporting assesses both inward financial materiality and outward impact materiality to provide comprehensive sustainability reporting aligned with global standards. Tongaat Hulett reported revenue of approximately R16.2 billion in 2021, with significant capital expenditure directed towards operational efficiency improvements and environmental sustainability initiatives. The company's manufactured capital includes six sugar mills across four countries with a combined crushing capacity exceeding 8 million tons of sugarcane per season. Employee training and development spend reached R45 million, reflecting commitment to human capital investment. Implats distributed over R50 billion in total value to stakeholders in 2023, including R28 billion in wages and benefits, R12 billion in taxes and royalties, and R2.3 billion in dividends. The company's total mineral reserves stand at approximately 190 million ounces of platinum group metals. Production across all operations exceeded 3.2 million ounces of refined PGMs. The Marula mine in Limpopo province employs over 5,000 people and has achieved milestone safety records. Environmental management across both organisations addresses water stewardship, carbon emissions reduction, waste minimisation, and biodiversity conservation. Tongaat Hulett's sugarcane operations in KwaZulu-Natal face increasing climate risks from drought and flooding events, while Implats' mining operations in the Bushveld Complex manage dust emissions, acid mine drainage, and tailings storage facility safety under stringent regulatory requirements. Tongaat Hulett and Implats ESG Report Summary — Tongaat Hulett is a leading agri-processing business focusing on the complementary activities of sugar production, property development, and starch production. The company operates in South Africa, Mozambique, Zimbabwe, and Botswana, employing over 30,000 people at the peak of the sugar milling season. In the 2021 financial year, Tongaat Hulett produced approximately 1.1 million tons of sugar. The company has committed to reducing energy intensity by 20% by 2025, with specific targets for water efficiency improvement. Tongaat Hulett invests in socio-economic development (SED) and reported total SED expenditure in 2021 aligned with community needs. The Lost Time Injury Frequency Rate (LTIFR) is a critical safety metric tracked annually. The company's ESG framework aligns with the UN Sustainable Development Goals and operates under ISO 45001 certification. Implats (Impala Platinum Holdings Limited) is one of the world's foremost producers of platinum group metals (PGMs). The company's operations span South Africa and Zimbabwe, with managed operations including Impala Rustenburg, Marula, and Zimplats. Implats' ESG framework is built on three pillars focusing on environmental stewardship, social responsibility, and governance excellence. The PS3 strategy guides sustainability alignment. In 2023, Implats achieved significant safety milestones while investing heavily in socio-economic development and community projects. The company targets a 30% reduction in carbon emissions by 2030 and has invested in renewable energy projects including the 35MW solar PV project at Zimplats. Water recycling rates exceeded targets, and the company maintains strict environmental compliance across all operations. The GISTM (Global Industry Standard on Tailings Management) compliance roadmap is actively being implemented. Both companies utilise the six capitals framework (Financial, Manufactured, Intellectual, Human, Social/Relationship, Natural) to illustrate value creation and regularly engage with stakeholders through structured programmes. The double materiality principle used in ESG reporting assesses both inward financial materiality and outward impact materiality to provide comprehensive sustainability reporting aligned with global standards. Tongaat Hulett reported revenue of approximately R16.2 billion in 2021, with significant capital expenditure directed towards operational efficiency improvements and environmental sustainability initiatives. The company's manufactured capital includes six sugar mills across four countries with a combined crushing capacity exceeding 8 million tons of sugar

Name the managed operations in the Implats 2023 ESG report scope.

[PressureProfile]
 Additional cache-pressure calibration context for tier-transition coverage. Additional cache-pressure calibration context for tier-transition coverage. Additional cache-pressure calibration context for tier-transition coverage. Additional cache-pressure calibration context for tier-transition coverage. Additional cache-pressure calibration context for tier-transition coverage. Additional cache-pressure calibration context for tier-transition coverage. Additional cache-pressure calibration context for tier-transition coverage. Additional cache-pressure calibration context for tier-transition coverage. Additional cache-pressure calibration context for tier-transition coverage. Additional cache-pressure calibration context for tier-transition coverage. Additional cache-pressure calibration context for tier-transition coverage. Additional cache-pressure calibration context for tier-transition coverage. Additional cache-pressure calibration context for tier-transition coverage. Additional cache-pressure calibration context for tier-transition coverage. Additional cache-pressure calibration context for tier-transition coverage. Additional cache-pressure calibration context for tier-transition coverage. Additional cache-pressure calibration context for tier-transition coverage. Additional cache-pressure calibration context for tier-transition coverage. Additional cache-pressure calibration context for tier-transition coverage. Additional cache-pressure calibration context for tier-transition coverage. Additional cache-pressure calibration context for tier-transition coverage. Additional cache-pressure calibration context for tier-transition coverage. Additional cache-pressure calibration context for tier-transition coverage. Additional cache-pressure calibration context for tier-transition coverage. Additional cache-pressure calibration context for tier-transition coverage. Additional cache-pressure calibration context for tier-transition coverage. Additional cache-pressure calibration context for tier-transition coverage. Additional cache-pressure calibration context for tier-transition coverage. Additional cache-pressure calibration context for tier-transition coverage. Additional cache-pressure calibration context for tier-transition coverage. Additional cache-pressure calibration context for tier-transition coverage. Additional cache-pressure calibration context for tier-transition coverage. Additional cache-pressure calibration context for tier-transition coverage. Additional cache-pressure calibration context for tier-transition coverage. Additional cache-pressure calibration context for tier-transition coverage. Additional cache-pressure calibration context for tier-transition coverage. Additional cache-pressure calibration context for tier-transition coverage. Additional cache-pressure calibration context for tier-transition coverage. Additional cache-pressure calibration context for tier-transition coverage. Additional cache-pressure calibration context for tier-transition coverage. Additional cache-pressure calibration context for tier-transition coverage. Additional cache-pressure calibration context for tier-transition coverage. Additional cache-pressure calibration context for tier-transition coverage. Additional cache-pressure calibration context for tier-transition coverage. Additional cache-pressure calibration context for tier-transition coverage. Additional cache-pressure calibration context for tier-transition coverage. Additional cache-pressure calibration context for tier-transition coverage. Additional cache-pressure calibration context for tier-transition coverage. Additional cache-pressure calibration context for tier-transition coverage. Additional cache-pressure calibration context for tier-transition coverage. Additional cache-pressure calibration context for tier-transition coverage. Additional cache-pressure calibration context for tier-transition coverage. Additional cache-pressure calibration context for tier-transition coverage. Additional cache-pressure calibration context for tier-transition coverage. Additional cache-pressure calibration context for tier-transition coverage. Additional cache-pressure calibration context for tier-transition coverage. Additional cache-pressure calibration context for tier-transition coverage. Additional cache-pressure calibration context for tier-transition coverage. Additional cache-pressure calibration context for tier-transition coverage. Additional cache-pressure calibration context for tier-transition coverage. Additional cache-pressure calibration context for tier-transition coverage. Additional cache-pressure calibration context for tier-transition coverage. Additional cache-pressure calibration context for tier-transition coverage. Additional cache-pressure calibration context for tier-transition coverage. Additional cache-pressure calibration context for tier-transition coverage. Additional cache-pressure calibration context for tier-transition coverage. Additional cache-pressure calibration context for tier-transition coverage. Additional cache-pressure calibration context for tier-transition coverage. Additional cache-pressure calibration context for tier-transition coverage. Additional cache-pressure calibration context for tier-transition coverage. Additional cache-pressure calibration context for tier-transition coverage. Additional cache-pressure calibration context for tier-transition coverage. Additional cache-pressure calibration context for tier-transition coverage. Additional cache-pressure calibration context for tier-transition coverage. Additional cache-pressure calibration context for tier-transition coverage. Additional cache-pressure calibration context for tier-transition coverage. Additional cache-pressure calibration context for tier-transition coverage. Additional cache-pressure calibration context for tier-transition coverage. Additional cache-pressure calibration context for tier-transition coverage. Additional cache-pressure calibration context for tier-transition coverage. Additional cache-pressure calibration context for tier-transition coverage. Additional cache-pressure calibration context for tier-transition coverage. Additional cache-pressure calibration context for tier-transition coverage. Additional cache-pressure calibration context for tier-transition coverage. Additional cache-pressure calibration context for tier-transition coverage. Additional cache-pressure calibration context for tier-transition coverage. Additional cache-pressure calibration context for tier-transition coverage. Additional cache-pressure calibration context for tier-transition coverage. Additional cache-pressure calibration context for tier-transition coverage. Additional cache-pressure calibration context for tier-transition coverage. Additional cache-pressure calibration context for tier-transition coverage.","Context: Tongaat Hulett and Implats ESG Report Summary — Tongaat Hulett is a leading agri-processing business focusing on the complementary activities of sugar production, property development, and starch production. The company operates in South Africa, Mozambique, Zimbabwe, and Botswana, employing over 30,000 people at the peak of the sugar milling season. In the 2021 financial year, Tongaat Hul",1885,[31],[],[31],1,"[""Qwen-Qwen2.5-0.5B-Instruct@1@0@1af42639cfada293@bfloat16.pt""]",lmcache_store_coldpass,lmcache_store_coldpass,1,l1_to_l2,168,169,504.0,507.0,exceed_l1
33,What was the LTIFR for the Implats Group in 2023?,"Focus question: What was the LTIFR for the Implats Group in 2023?
Context profile: rag_shared_document_finance_reports
Prompt tokens: 1885
Context preview: Context: Tongaat Hulett and Implats ESG Report Summary — Tongaat Hulett is a leading agri-processing business focusing on the complementary activities of sugar production, property development, and starch production. The company operates in South Africa, Mozambique, Zimbabwe, and Botswana, employing over 30,000 people at the peak of the sugar milling season. In the 2021 financial year, Tongaat Hul",What was the LTIFR for the Implats Group in 2023?,rag_shared_document_finance_reports,"Context: Tongaat Hulett and Implats ESG Report Summary — Tongaat Hulett is a leading agri-processing business focusing on the complementary activities of sugar production, property development, and starch production. The company operates in South Africa, Mozambique, Zimbabwe, and Botswana, employing over 30,000 people at the peak of the sugar milling season. In the 2021 financial year, Tongaat Hulett produced approximately 1.1 million tons of sugar. The company has committed to reducing energy intensity by 20% by 2025, with specific targets for water efficiency improvement. Tongaat Hulett invests in socio-economic development (SED) and reported total SED expenditure in 2021 aligned with community needs. The Lost Time Injury Frequency Rate (LTIFR) is a critical safety metric tracked annually. The company's ESG framework aligns with the UN Sustainable Development Goals and operates under ISO 45001 certification. Implats (Impala Platinum Holdings Limited) is one of the world's foremost producers of platinum group metals (PGMs). The company's operations span South Africa and Zimbabwe, with managed operations including Impala Rustenburg, Marula, and Zimplats. Implats' ESG framework is built on three pillars focusing on environmental stewardship, social responsibility, and governance excellence. The PS3 strategy guides sustainability alignment. In 2023, Implats achieved significant safety milestones while investing heavily in socio-economic development and community projects. The company targets a 30% reduction in carbon emissions by 2030 and has invested in renewable energy projects including the 35MW solar PV project at Zimplats. Water recycling rates exceeded targets, and the company maintains strict environmental compliance across all operations. The GISTM (Global Industry Standard on Tailings Management) compliance roadmap is actively being implemented. Both companies utilise the six capitals framework (Financial, Manufactured, Intellectual, Human, Social/Relationship, Natural) to illustrate value creation and regularly engage with stakeholders through structured programmes. The double materiality principle used in ESG reporting assesses both inward financial materiality and outward impact materiality to provide comprehensive sustainability reporting aligned with global standards. Tongaat Hulett reported revenue of approximately R16.2 billion in 2021, with significant capital expenditure directed towards operational efficiency improvements and environmental sustainability initiatives. The company's manufactured capital includes six sugar mills across four countries with a combined crushing capacity exceeding 8 million tons of sugarcane per season. Employee training and development spend reached R45 million, reflecting commitment to human capital investment. Implats distributed over R50 billion in total value to stakeholders in 2023, including R28 billion in wages and benefits, R12 billion in taxes and royalties, and R2.3 billion in dividends. The company's total mineral reserves stand at approximately 190 million ounces of platinum group metals. Production across all operations exceeded 3.2 million ounces of refined PGMs. The Marula mine in Limpopo province employs over 5,000 people and has achieved milestone safety records. Environmental management across both organisations addresses water stewardship, carbon emissions reduction, waste minimisation, and biodiversity conservation. Tongaat Hulett's sugarcane operations in KwaZulu-Natal face increasing climate risks from drought and flooding events, while Implats' mining operations in the Bushveld Complex manage dust emissions, acid mine drainage, and tailings storage facility safety under stringent regulatory requirements. Tongaat Hulett and Implats ESG Report Summary — Tongaat Hulett is a leading agri-processing business focusing on the complementary activities of sugar production, property development, and starch production. The company operates in South Africa, Mozambique, Zimbabwe, and Botswana, employing over 30,000 people at the peak of the sugar milling season. In the 2021 financial year, Tongaat Hulett produced approximately 1.1 million tons of sugar. The company has committed to reducing energy intensity by 20% by 2025, with specific targets for water efficiency improvement. Tongaat Hulett invests in socio-economic development (SED) and reported total SED expenditure in 2021 aligned with community needs. The Lost Time Injury Frequency Rate (LTIFR) is a critical safety metric tracked annually. The company's ESG framework aligns with the UN Sustainable Development Goals and operates under ISO 45001 certification. Implats (Impala Platinum Holdings Limited) is one of the world's foremost producers of platinum group metals (PGMs). The company's operations span South Africa and Zimbabwe, with managed operations including Impala Rustenburg, Marula, and Zimplats. Implats' ESG framework is built on three pillars focusing on environmental stewardship, social responsibility, and governance excellence. The PS3 strategy guides sustainability alignment. In 2023, Implats achieved significant safety milestones while investing heavily in socio-economic development and community projects. The company targets a 30% reduction in carbon emissions by 2030 and has invested in renewable energy projects including the 35MW solar PV project at Zimplats. Water recycling rates exceeded targets, and the company maintains strict environmental compliance across all operations. The GISTM (Global Industry Standard on Tailings Management) compliance roadmap is actively being implemented. Both companies utilise the six capitals framework (Financial, Manufactured, Intellectual, Human, Social/Relationship, Natural) to illustrate value creation and regularly engage with stakeholders through structured programmes. The double materiality principle used in ESG reporting assesses both inward financial materiality and outward impact materiality to provide comprehensive sustainability reporting aligned with global standards. Tongaat Hulett reported revenue of approximately R16.2 billion in 2021, with significant capital expenditure directed towards operational efficiency improvements and environmental sustainability initiatives. The company's manufactured capital includes six sugar mills across four countries with a combined crushing capacity exceeding 8 million tons of sugar

What was the LTIFR for the Implats Group in 2023?

[PressureProfile]
 Additional cache-pressure calibration context for tier-transition coverage. Additional cache-pressure calibration context for tier-transition coverage. Additional cache-pressure calibration context for tier-transition coverage. Additional cache-pressure calibration context for tier-transition coverage. Additional cache-pressure calibration context for tier-transition coverage. Additional cache-pressure calibration context for tier-transition coverage. Additional cache-pressure calibration context for tier-transition coverage. Additional cache-pressure calibration context for tier-transition coverage. Additional cache-pressure calibration context for tier-transition coverage. Additional cache-pressure calibration context for tier-transition coverage. Additional cache-pressure calibration context for tier-transition coverage. Additional cache-pressure calibration context for tier-transition coverage. Additional cache-pressure calibration context for tier-transition coverage. Additional cache-pressure calibration context for tier-transition coverage. Additional cache-pressure calibration context for tier-transition coverage. Additional cache-pressure calibration context for tier-transition coverage. Additional cache-pressure calibration context for tier-transition coverage. Additional cache-pressure calibration context for tier-transition coverage. Additional cache-pressure calibration context for tier-transition coverage. Additional cache-pressure calibration context for tier-transition coverage. Additional cache-pressure calibration context for tier-transition coverage. Additional cache-pressure calibration context for tier-transition coverage. Additional cache-pressure calibration context for tier-transition coverage. Additional cache-pressure calibration context for tier-transition coverage. Additional cache-pressure calibration context for tier-transition coverage. Additional cache-pressure calibration context for tier-transition coverage. Additional cache-pressure calibration context for tier-transition coverage. Additional cache-pressure calibration context for tier-transition coverage. Additional cache-pressure calibration context for tier-transition coverage. Additional cache-pressure calibration context for tier-transition coverage. Additional cache-pressure calibration context for tier-transition coverage. Additional cache-pressure calibration context for tier-transition coverage. Additional cache-pressure calibration context for tier-transition coverage. Additional cache-pressure calibration context for tier-transition coverage. Additional cache-pressure calibration context for tier-transition coverage. Additional cache-pressure calibration context for tier-transition coverage. Additional cache-pressure calibration context for tier-transition coverage. Additional cache-pressure calibration context for tier-transition coverage. Additional cache-pressure calibration context for tier-transition coverage. Additional cache-pressure calibration context for tier-transition coverage. Additional cache-pressure calibration context for tier-transition coverage. Additional cache-pressure calibration context for tier-transition coverage. Additional cache-pressure calibration context for tier-transition coverage. Additional cache-pressure calibration context for tier-transition coverage. Additional cache-pressure calibration context for tier-transition coverage. Additional cache-pressure calibration context for tier-transition coverage. Additional cache-pressure calibration context for tier-transition coverage. Additional cache-pressure calibration context for tier-transition coverage. Additional cache-pressure calibration context for tier-transition coverage. Additional cache-pressure calibration context for tier-transition coverage. Additional cache-pressure calibration context for tier-transition coverage. Additional cache-pressure calibration context for tier-transition coverage. Additional cache-pressure calibration context for tier-transition coverage. Additional cache-pressure calibration context for tier-transition coverage. Additional cache-pressure calibration context for tier-transition coverage. Additional cache-pressure calibration context for tier-transition coverage. Additional cache-pressure calibration context for tier-transition coverage. Additional cache-pressure calibration context for tier-transition coverage. Additional cache-pressure calibration context for tier-transition coverage. Additional cache-pressure calibration context for tier-transition coverage. Additional cache-pressure calibration context for tier-transition coverage. Additional cache-pressure calibration context for tier-transition coverage. Additional cache-pressure calibration context for tier-transition coverage. Additional cache-pressure calibration context for tier-transition coverage. Additional cache-pressure calibration context for tier-transition coverage. Additional cache-pressure calibration context for tier-transition coverage. Additional cache-pressure calibration context for tier-transition coverage. Additional cache-pressure calibration context for tier-transition coverage. Additional cache-pressure calibration context for tier-transition coverage. Additional cache-pressure calibration context for tier-transition coverage. Additional cache-pressure calibration context for tier-transition coverage. Additional cache-pressure calibration context for tier-transition coverage. Additional cache-pressure calibration context for tier-transition coverage. Additional cache-pressure calibration context for tier-transition coverage. Additional cache-pressure calibration context for tier-transition coverage. Additional cache-pressure calibration context for tier-transition coverage. Additional cache-pressure calibration context for tier-transition coverage. Additional cache-pressure calibration context for tier-transition coverage. Additional cache-pressure calibration context for tier-transition coverage. Additional cache-pressure calibration context for tier-transition coverage. Additional cache-pressure calibration context for tier-transition coverage. Additional cache-pressure calibration context for tier-transition coverage. Additional cache-pressure calibration context for tier-transition coverage. Additional cache-pressure calibration context for tier-transition coverage. Additional cache-pressure calibration context for tier-transition coverage. Additional cache-pressure calibration context for tier-transition coverage. Additional cache-pressure calibration context for tier-transition coverage. Additional cache-pressure calibration context for tier-transition coverage. Additional cache-pressure calibration context for tier-transition coverage. Additional cache-pressure calibration context for tier-transition coverage. Additional cache-pressure calibration context for tier-transition coverage.","Context: Tongaat Hulett and Implats ESG Report Summary — Tongaat Hulett is a leading agri-processing business focusing on the complementary activities of sugar production, property development, and starch production. The company operates in South Africa, Mozambique, Zimbabwe, and Botswana, employing over 30,000 people at the peak of the sugar milling season. In the 2021 financial year, Tongaat Hul",1885,[32],[],[32],1,"[""Qwen-Qwen2.5-0.5B-Instruct@1@0@35b77da77ac6f662@bfloat16.pt""]",lmcache_store_coldpass,lmcache_store_coldpass,1,l1_to_l2,169,170,507.0,510.0,exceed_l1
34,Detail the total value distributed to stakeholders in 2023.,"Focus question: Detail the total value distributed to stakeholders in 2023.
Context profile: rag_shared_document_finance_reports
Prompt tokens: 1885
Context preview: Context: Tongaat Hulett and Implats ESG Report Summary — Tongaat Hulett is a leading agri-processing business focusing on the complementary activities of sugar production, property development, and starch production. The company operates in South Africa, Mozambique, Zimbabwe, and Botswana, employing over 30,000 people at the peak of the sugar milling season. In the 2021 financial year, Tongaat Hul",Detail the total value distributed to stakeholders in 2023.,rag_shared_document_finance_reports,"Context: Tongaat Hulett and Implats ESG Report Summary — Tongaat Hulett is a leading agri-processing business focusing on the complementary activities of sugar production, property development, and starch production. The company operates in South Africa, Mozambique, Zimbabwe, and Botswana, employing over 30,000 people at the peak of the sugar milling season. In the 2021 financial year, Tongaat Hulett produced approximately 1.1 million tons of sugar. The company has committed to reducing energy intensity by 20% by 2025, with specific targets for water efficiency improvement. Tongaat Hulett invests in socio-economic development (SED) and reported total SED expenditure in 2021 aligned with community needs. The Lost Time Injury Frequency Rate (LTIFR) is a critical safety metric tracked annually. The company's ESG framework aligns with the UN Sustainable Development Goals and operates under ISO 45001 certification. Implats (Impala Platinum Holdings Limited) is one of the world's foremost producers of platinum group metals (PGMs). The company's operations span South Africa and Zimbabwe, with managed operations including Impala Rustenburg, Marula, and Zimplats. Implats' ESG framework is built on three pillars focusing on environmental stewardship, social responsibility, and governance excellence. The PS3 strategy guides sustainability alignment. In 2023, Implats achieved significant safety milestones while investing heavily in socio-economic development and community projects. The company targets a 30% reduction in carbon emissions by 2030 and has invested in renewable energy projects including the 35MW solar PV project at Zimplats. Water recycling rates exceeded targets, and the company maintains strict environmental compliance across all operations. The GISTM (Global Industry Standard on Tailings Management) compliance roadmap is actively being implemented. Both companies utilise the six capitals framework (Financial, Manufactured, Intellectual, Human, Social/Relationship, Natural) to illustrate value creation and regularly engage with stakeholders through structured programmes. The double materiality principle used in ESG reporting assesses both inward financial materiality and outward impact materiality to provide comprehensive sustainability reporting aligned with global standards. Tongaat Hulett reported revenue of approximately R16.2 billion in 2021, with significant capital expenditure directed towards operational efficiency improvements and environmental sustainability initiatives. The company's manufactured capital includes six sugar mills across four countries with a combined crushing capacity exceeding 8 million tons of sugarcane per season. Employee training and development spend reached R45 million, reflecting commitment to human capital investment. Implats distributed over R50 billion in total value to stakeholders in 2023, including R28 billion in wages and benefits, R12 billion in taxes and royalties, and R2.3 billion in dividends. The company's total mineral reserves stand at approximately 190 million ounces of platinum group metals. Production across all operations exceeded 3.2 million ounces of refined PGMs. The Marula mine in Limpopo province employs over 5,000 people and has achieved milestone safety records. Environmental management across both organisations addresses water stewardship, carbon emissions reduction, waste minimisation, and biodiversity conservation. Tongaat Hulett's sugarcane operations in KwaZulu-Natal face increasing climate risks from drought and flooding events, while Implats' mining operations in the Bushveld Complex manage dust emissions, acid mine drainage, and tailings storage facility safety under stringent regulatory requirements. Tongaat Hulett and Implats ESG Report Summary — Tongaat Hulett is a leading agri-processing business focusing on the complementary activities of sugar production, property development, and starch production. The company operates in South Africa, Mozambique, Zimbabwe, and Botswana, employing over 30,000 people at the peak of the sugar milling season. In the 2021 financial year, Tongaat Hulett produced approximately 1.1 million tons of sugar. The company has committed to reducing energy intensity by 20% by 2025, with specific targets for water efficiency improvement. Tongaat Hulett invests in socio-economic development (SED) and reported total SED expenditure in 2021 aligned with community needs. The Lost Time Injury Frequency Rate (LTIFR) is a critical safety metric tracked annually. The company's ESG framework aligns with the UN Sustainable Development Goals and operates under ISO 45001 certification. Implats (Impala Platinum Holdings Limited) is one of the world's foremost producers of platinum group metals (PGMs). The company's operations span South Africa and Zimbabwe, with managed operations including Impala Rustenburg, Marula, and Zimplats. Implats' ESG framework is built on three pillars focusing on environmental stewardship, social responsibility, and governance excellence. The PS3 strategy guides sustainability alignment. In 2023, Implats achieved significant safety milestones while investing heavily in socio-economic development and community projects. The company targets a 30% reduction in carbon emissions by 2030 and has invested in renewable energy projects including the 35MW solar PV project at Zimplats. Water recycling rates exceeded targets, and the company maintains strict environmental compliance across all operations. The GISTM (Global Industry Standard on Tailings Management) compliance roadmap is actively being implemented. Both companies utilise the six capitals framework (Financial, Manufactured, Intellectual, Human, Social/Relationship, Natural) to illustrate value creation and regularly engage with stakeholders through structured programmes. The double materiality principle used in ESG reporting assesses both inward financial materiality and outward impact materiality to provide comprehensive sustainability reporting aligned with global standards. Tongaat Hulett reported revenue of approximately R16.2 billion in 2021, with significant capital expenditure directed towards operational efficiency improvements and environmental sustainability initiatives. The company's manufactured capital includes six sugar mills across four countries with a combined crushing capacity exceeding 8 million tons of sugar

Detail the total value distributed to stakeholders in 2023.

[PressureProfile]
 Additional cache-pressure calibration context for tier-transition coverage. Additional cache-pressure calibration context for tier-transition coverage. Additional cache-pressure calibration context for tier-transition coverage. Additional cache-pressure calibration context for tier-transition coverage. Additional cache-pressure calibration context for tier-transition coverage. Additional cache-pressure calibration context for tier-transition coverage. Additional cache-pressure calibration context for tier-transition coverage. Additional cache-pressure calibration context for tier-transition coverage. Additional cache-pressure calibration context for tier-transition coverage. Additional cache-pressure calibration context for tier-transition coverage. Additional cache-pressure calibration context for tier-transition coverage. Additional cache-pressure calibration context for tier-transition coverage. Additional cache-pressure calibration context for tier-transition coverage. Additional cache-pressure calibration context for tier-transition coverage. Additional cache-pressure calibration context for tier-transition coverage. Additional cache-pressure calibration context for tier-transition coverage. Additional cache-pressure calibration context for tier-transition coverage. Additional cache-pressure calibration context for tier-transition coverage. Additional cache-pressure calibration context for tier-transition coverage. Additional cache-pressure calibration context for tier-transition coverage. Additional cache-pressure calibration context for tier-transition coverage. Additional cache-pressure calibration context for tier-transition coverage. Additional cache-pressure calibration context for tier-transition coverage. Additional cache-pressure calibration context for tier-transition coverage. Additional cache-pressure calibration context for tier-transition coverage. Additional cache-pressure calibration context for tier-transition coverage. Additional cache-pressure calibration context for tier-transition coverage. Additional cache-pressure calibration context for tier-transition coverage. Additional cache-pressure calibration context for tier-transition coverage. Additional cache-pressure calibration context for tier-transition coverage. Additional cache-pressure calibration context for tier-transition coverage. Additional cache-pressure calibration context for tier-transition coverage. Additional cache-pressure calibration context for tier-transition coverage. Additional cache-pressure calibration context for tier-transition coverage. Additional cache-pressure calibration context for tier-transition coverage. Additional cache-pressure calibration context for tier-transition coverage. Additional cache-pressure calibration context for tier-transition coverage. Additional cache-pressure calibration context for tier-transition coverage. Additional cache-pressure calibration context for tier-transition coverage. Additional cache-pressure calibration context for tier-transition coverage. Additional cache-pressure calibration context for tier-transition coverage. Additional cache-pressure calibration context for tier-transition coverage. Additional cache-pressure calibration context for tier-transition coverage. Additional cache-pressure calibration context for tier-transition coverage. Additional cache-pressure calibration context for tier-transition coverage. Additional cache-pressure calibration context for tier-transition coverage. Additional cache-pressure calibration context for tier-transition coverage. Additional cache-pressure calibration context for tier-transition coverage. Additional cache-pressure calibration context for tier-transition coverage. Additional cache-pressure calibration context for tier-transition coverage. Additional cache-pressure calibration context for tier-transition coverage. Additional cache-pressure calibration context for tier-transition coverage. Additional cache-pressure calibration context for tier-transition coverage. Additional cache-pressure calibration context for tier-transition coverage. Additional cache-pressure calibration context for tier-transition coverage. Additional cache-pressure calibration context for tier-transition coverage. Additional cache-pressure calibration context for tier-transition coverage. Additional cache-pressure calibration context for tier-transition coverage. Additional cache-pressure calibration context for tier-transition coverage. Additional cache-pressure calibration context for tier-transition coverage. Additional cache-pressure calibration context for tier-transition coverage. Additional cache-pressure calibration context for tier-transition coverage. Additional cache-pressure calibration context for tier-transition coverage. Additional cache-pressure calibration context for tier-transition coverage. Additional cache-pressure calibration context for tier-transition coverage. Additional cache-pressure calibration context for tier-transition coverage. Additional cache-pressure calibration context for tier-transition coverage. Additional cache-pressure calibration context for tier-transition coverage. Additional cache-pressure calibration context for tier-transition coverage. Additional cache-pressure calibration context for tier-transition coverage. Additional cache-pressure calibration context for tier-transition coverage. Additional cache-pressure calibration context for tier-transition coverage. Additional cache-pressure calibration context for tier-transition coverage. Additional cache-pressure calibration context for tier-transition coverage. Additional cache-pressure calibration context for tier-transition coverage. Additional cache-pressure calibration context for tier-transition coverage. Additional cache-pressure calibration context for tier-transition coverage. Additional cache-pressure calibration context for tier-transition coverage. Additional cache-pressure calibration context for tier-transition coverage. Additional cache-pressure calibration context for tier-transition coverage. Additional cache-pressure calibration context for tier-transition coverage. Additional cache-pressure calibration context for tier-transition coverage. Additional cache-pressure calibration context for tier-transition coverage. Additional cache-pressure calibration context for tier-transition coverage. Additional cache-pressure calibration context for tier-transition coverage. Additional cache-pressure calibration context for tier-transition coverage. Additional cache-pressure calibration context for tier-transition coverage. Additional cache-pressure calibration context for tier-transition coverage. Additional cache-pressure calibration context for tier-transition coverage. Additional cache-pressure calibration context for tier-transition coverage. Additional cache-pressure calibration context for tier-transition coverage. Additional cache-pressure calibration context for tier-transition coverage. Additional cache-pressure calibration context for tier-transition coverage. Additional cache-pressure calibration context for tier-transition coverage. Additional cache-pressure calibration context for tier-transition coverage. Additional cache-pressure calibration context for tier-transition coverage. Additional cache-pressure calibration context for tier-transition coverage. Additional cache-pressure calibration context for tier-transition coverage. Additional cache-pressure calibration context for tier-transition coverage. Additional cache-pressure calibration context for tier-transition coverage. Additional cache-pressure calibration context for tier-transition coverage. Additional cache-pressure calibration context for tier-transition coverage. Additional cache-pressure calibration context for tier-transition coverage. Additional cache-pressure calibration context for tier-transition coverage. Additional cache-pressure calibration context for tier-transition coverage. Additional cache-pressure calibration context for tier-transition coverage. Additional cache-pressure calibration context for tier-transition coverage. Additional cache-pressure calibration context for tier-transition coverage. Additional cache-pressure calibration context for tier-transition coverage. Additional cache-pressure calibration context for tier-transition coverage. Additional cache-pressure calibration context for tier-transition coverage. Additional cache-pressure calibration context for tier-transition coverage. Additional cache-pressure calibration context for tier-transition coverage. Additional cache-pressure calibration context for tier-transition coverage. Additional cache-pressure calibration context for tier-transition coverage. Additional cache-pressure calibration context for tier-transition coverage. Additional cache-pressure calibration context for tier-transition coverage. Additional cache-pressure calibration context for tier-transition coverage. Additional cache-pressure calibration context for tier-transition coverage. Additional cache-pressure calibration context for tier-transition coverage. Additional cache-pressure calibration context for tier-transition coverage. Additional cache-pressure calibration context for tier-transition coverage. Additional cache-pressure calibration context for tier-transition coverage. Additional cache-pressure calibration context for tier-transition coverage. Additional cache-pressure calibration context for tier-transition coverage. Additional cache-pressure calibration context for tier-transition coverage. Additional cache-pressure calibration context for tier-transition coverage. Additional cache-pressure calibration context for tier-transition coverage. Additional cache-pressure calibration context for tier-transition coverage. Additional cache-pressure calibration context for tier-transition coverage. Additional cache-pressure calibration context for tier-transition coverage. Additional cache-pressure calibration context for tier-transition coverage. Additional cache-pressure calibration context for tier-transition coverage. Additional cache-pressure calibration context for tier-transition coverage. Additional cache-pressure calibration context for tier-transition coverage. Additional cache-pressure calibration context for tier-transition coverage. Additional cache-pressure calibration context for tier-transition coverage. Additional cache-pressure calibration context for tier-transition coverage. Additional cache-pressure calibration context for tier-transition coverage. Additional cache-pressure calibration context for tier-transition coverage. Additional cache-pressure calibration context for tier-transition coverage. Additional cache-pressure calibration context for tier-transition coverage. Additional cache-pressure calibration context for tier-transition coverage. Additional cache-pressure calibration context for tier-transition coverage. Additional cache-pressure calibration context for tier-transition coverage. Additional cache-pressure calibration context for tier-transition coverage. Additional cache-pressure calibration context for tier-transition coverage. Additional cache-pressure calibration context for tier-transition coverage.","Context: Tongaat Hulett and Implats ESG Report Summary — Tongaat Hulett is a leading agri-processing business focusing on the complementary activities of sugar production, property development, and starch production. The company operates in South Africa, Mozambique, Zimbabwe, and Botswana, employing over 30,000 people at the peak of the sugar milling season. In the 2021 financial year, Tongaat Hul",1885,[33],[],[33],1,"[""Qwen-Qwen2.5-0.5B-Instruct@1@0@7c681a4d1276134a@bfloat16.pt""]",lmcache_store_coldpass,lmcache_store_coldpass,1,l2_to_l3,170,171,510.0,513.0,exceed_l1_l2
35,What percentage of the Implats Board identifies as female?,"Focus question: What percentage of the Implats Board identifies as female?
Context profile: rag_shared_document_finance_reports
Prompt tokens: 1885
Context preview: Context: Tongaat Hulett and Implats ESG Report Summary — Tongaat Hulett is a leading agri-processing business focusing on the complementary activities of sugar production, property development, and starch production. The company operates in South Africa, Mozambique, Zimbabwe, and Botswana, employing over 30,000 people at the peak of the sugar milling season. In the 2021 financial year, Tongaat Hul",What percentage of the Implats Board identifies as female?,rag_shared_document_finance_reports,"Context: Tongaat Hulett and Implats ESG Report Summary — Tongaat Hulett is a leading agri-processing business focusing on the complementary activities of sugar production, property development, and starch production. The company operates in South Africa, Mozambique, Zimbabwe, and Botswana, employing over 30,000 people at the peak of the sugar milling season. In the 2021 financial year, Tongaat Hulett produced approximately 1.1 million tons of sugar. The company has committed to reducing energy intensity by 20% by 2025, with specific targets for water efficiency improvement. Tongaat Hulett invests in socio-economic development (SED) and reported total SED expenditure in 2021 aligned with community needs. The Lost Time Injury Frequency Rate (LTIFR) is a critical safety metric tracked annually. The company's ESG framework aligns with the UN Sustainable Development Goals and operates under ISO 45001 certification. Implats (Impala Platinum Holdings Limited) is one of the world's foremost producers of platinum group metals (PGMs). The company's operations span South Africa and Zimbabwe, with managed operations including Impala Rustenburg, Marula, and Zimplats. Implats' ESG framework is built on three pillars focusing on environmental stewardship, social responsibility, and governance excellence. The PS3 strategy guides sustainability alignment. In 2023, Implats achieved significant safety milestones while investing heavily in socio-economic development and community projects. The company targets a 30% reduction in carbon emissions by 2030 and has invested in renewable energy projects including the 35MW solar PV project at Zimplats. Water recycling rates exceeded targets, and the company maintains strict environmental compliance across all operations. The GISTM (Global Industry Standard on Tailings Management) compliance roadmap is actively being implemented. Both companies utilise the six capitals framework (Financial, Manufactured, Intellectual, Human, Social/Relationship, Natural) to illustrate value creation and regularly engage with stakeholders through structured programmes. The double materiality principle used in ESG reporting assesses both inward financial materiality and outward impact materiality to provide comprehensive sustainability reporting aligned with global standards. Tongaat Hulett reported revenue of approximately R16.2 billion in 2021, with significant capital expenditure directed towards operational efficiency improvements and environmental sustainability initiatives. The company's manufactured capital includes six sugar mills across four countries with a combined crushing capacity exceeding 8 million tons of sugarcane per season. Employee training and development spend reached R45 million, reflecting commitment to human capital investment. Implats distributed over R50 billion in total value to stakeholders in 2023, including R28 billion in wages and benefits, R12 billion in taxes and royalties, and R2.3 billion in dividends. The company's total mineral reserves stand at approximately 190 million ounces of platinum group metals. Production across all operations exceeded 3.2 million ounces of refined PGMs. The Marula mine in Limpopo province employs over 5,000 people and has achieved milestone safety records. Environmental management across both organisations addresses water stewardship, carbon emissions reduction, waste minimisation, and biodiversity conservation. Tongaat Hulett's sugarcane operations in KwaZulu-Natal face increasing climate risks from drought and flooding events, while Implats' mining operations in the Bushveld Complex manage dust emissions, acid mine drainage, and tailings storage facility safety under stringent regulatory requirements. Tongaat Hulett and Implats ESG Report Summary — Tongaat Hulett is a leading agri-processing business focusing on the complementary activities of sugar production, property development, and starch production. The company operates in South Africa, Mozambique, Zimbabwe, and Botswana, employing over 30,000 people at the peak of the sugar milling season. In the 2021 financial year, Tongaat Hulett produced approximately 1.1 million tons of sugar. The company has committed to reducing energy intensity by 20% by 2025, with specific targets for water efficiency improvement. Tongaat Hulett invests in socio-economic development (SED) and reported total SED expenditure in 2021 aligned with community needs. The Lost Time Injury Frequency Rate (LTIFR) is a critical safety metric tracked annually. The company's ESG framework aligns with the UN Sustainable Development Goals and operates under ISO 45001 certification. Implats (Impala Platinum Holdings Limited) is one of the world's foremost producers of platinum group metals (PGMs). The company's operations span South Africa and Zimbabwe, with managed operations including Impala Rustenburg, Marula, and Zimplats. Implats' ESG framework is built on three pillars focusing on environmental stewardship, social responsibility, and governance excellence. The PS3 strategy guides sustainability alignment. In 2023, Implats achieved significant safety milestones while investing heavily in socio-economic development and community projects. The company targets a 30% reduction in carbon emissions by 2030 and has invested in renewable energy projects including the 35MW solar PV project at Zimplats. Water recycling rates exceeded targets, and the company maintains strict environmental compliance across all operations. The GISTM (Global Industry Standard on Tailings Management) compliance roadmap is actively being implemented. Both companies utilise the six capitals framework (Financial, Manufactured, Intellectual, Human, Social/Relationship, Natural) to illustrate value creation and regularly engage with stakeholders through structured programmes. The double materiality principle used in ESG reporting assesses both inward financial materiality and outward impact materiality to provide comprehensive sustainability reporting aligned with global standards. Tongaat Hulett reported revenue of approximately R16.2 billion in 2021, with significant capital expenditure directed towards operational efficiency improvements and environmental sustainability initiatives. The company's manufactured capital includes six sugar mills across four countries with a combined crushing capacity exceeding 8 million tons of sugar

What percentage of the Implats Board identifies as female?

[PressureProfile]
 Additional cache-pressure calibration context for tier-transition coverage. Additional cache-pressure calibration context for tier-transition coverage. Additional cache-pressure calibration context for tier-transition coverage. Additional cache-pressure calibration context for tier-transition coverage. Additional cache-pressure calibration context for tier-transition coverage. Additional cache-pressure calibration context for tier-transition coverage. Additional cache-pressure calibration context for tier-transition coverage. Additional cache-pressure calibration context for tier-transition coverage. Additional cache-pressure calibration context for tier-transition coverage. Additional cache-pressure calibration context for tier-transition coverage. Additional cache-pressure calibration context for tier-transition coverage. Additional cache-pressure calibration context for tier-transition coverage. Additional cache-pressure calibration context for tier-transition coverage. Additional cache-pressure calibration context for tier-transition coverage. Additional cache-pressure calibration context for tier-transition coverage. Additional cache-pressure calibration context for tier-transition coverage. Additional cache-pressure calibration context for tier-transition coverage. Additional cache-pressure calibration context for tier-transition coverage. Additional cache-pressure calibration context for tier-transition coverage. Additional cache-pressure calibration context for tier-transition coverage. Additional cache-pressure calibration context for tier-transition coverage. Additional cache-pressure calibration context for tier-transition coverage. Additional cache-pressure calibration context for tier-transition coverage. Additional cache-pressure calibration context for tier-transition coverage. Additional cache-pressure calibration context for tier-transition coverage. Additional cache-pressure calibration context for tier-transition coverage. Additional cache-pressure calibration context for tier-transition coverage. Additional cache-pressure calibration context for tier-transition coverage. Additional cache-pressure calibration context for tier-transition coverage. Additional cache-pressure calibration context for tier-transition coverage. Additional cache-pressure calibration context for tier-transition coverage. Additional cache-pressure calibration context for tier-transition coverage. Additional cache-pressure calibration context for tier-transition coverage. Additional cache-pressure calibration context for tier-transition coverage. Additional cache-pressure calibration context for tier-transition coverage. Additional cache-pressure calibration context for tier-transition coverage. Additional cache-pressure calibration context for tier-transition coverage. Additional cache-pressure calibration context for tier-transition coverage. Additional cache-pressure calibration context for tier-transition coverage. Additional cache-pressure calibration context for tier-transition coverage. Additional cache-pressure calibration context for tier-transition coverage. Additional cache-pressure calibration context for tier-transition coverage. Additional cache-pressure calibration context for tier-transition coverage. Additional cache-pressure calibration context for tier-transition coverage. Additional cache-pressure calibration context for tier-transition coverage. Additional cache-pressure calibration context for tier-transition coverage. Additional cache-pressure calibration context for tier-transition coverage. Additional cache-pressure calibration context for tier-transition coverage. Additional cache-pressure calibration context for tier-transition coverage. Additional cache-pressure calibration context for tier-transition coverage. Additional cache-pressure calibration context for tier-transition coverage. Additional cache-pressure calibration context for tier-transition coverage. Additional cache-pressure calibration context for tier-transition coverage. Additional cache-pressure calibration context for tier-transition coverage. Additional cache-pressure calibration context for tier-transition coverage. Additional cache-pressure calibration context for tier-transition coverage. Additional cache-pressure calibration context for tier-transition coverage. Additional cache-pressure calibration context for tier-transition coverage. Additional cache-pressure calibration context for tier-transition coverage. Additional cache-pressure calibration context for tier-transition coverage. Additional cache-pressure calibration context for tier-transition coverage. Additional cache-pressure calibration context for tier-transition coverage. Additional cache-pressure calibration context for tier-transition coverage. Additional cache-pressure calibration context for tier-transition coverage. Additional cache-pressure calibration context for tier-transition coverage. Additional cache-pressure calibration context for tier-transition coverage. Additional cache-pressure calibration context for tier-transition coverage. Additional cache-pressure calibration context for tier-transition coverage. Additional cache-pressure calibration context for tier-transition coverage. Additional cache-pressure calibration context for tier-transition coverage. Additional cache-pressure calibration context for tier-transition coverage. Additional cache-pressure calibration context for tier-transition coverage. Additional cache-pressure calibration context for tier-transition coverage. Additional cache-pressure calibration context for tier-transition coverage. Additional cache-pressure calibration context for tier-transition coverage. Additional cache-pressure calibration context for tier-transition coverage. Additional cache-pressure calibration context for tier-transition coverage. Additional cache-pressure calibration context for tier-transition coverage. Additional cache-pressure calibration context for tier-transition coverage. Additional cache-pressure calibration context for tier-transition coverage. Additional cache-pressure calibration context for tier-transition coverage. Additional cache-pressure calibration context for tier-transition coverage. Additional cache-pressure calibration context for tier-transition coverage. Additional cache-pressure calibration context for tier-transition coverage. Additional cache-pressure calibration context for tier-transition coverage. Additional cache-pressure calibration context for tier-transition coverage. Additional cache-pressure calibration context for tier-transition coverage. Additional cache-pressure calibration context for tier-transition coverage. Additional cache-pressure calibration context for tier-transition coverage. Additional cache-pressure calibration context for tier-transition coverage. Additional cache-pressure calibration context for tier-transition coverage. Additional cache-pressure calibration context for tier-transition coverage. Additional cache-pressure calibration context for tier-transition coverage. Additional cache-pressure calibration context for tier-transition coverage. Additional cache-pressure calibration context for tier-transition coverage. Additional cache-pressure calibration context for tier-transition coverage. Additional cache-pressure calibration context for tier-transition coverage. Additional cache-pressure calibration context for tier-transition coverage. Additional cache-pressure calibration context for tier-transition coverage. Additional cache-pressure calibration context for tier-transition coverage. Additional cache-pressure calibration context for tier-transition coverage. Additional cache-pressure calibration context for tier-transition coverage. Additional cache-pressure calibration context for tier-transition coverage. Additional cache-pressure calibration context for tier-transition coverage. Additional cache-pressure calibration context for tier-transition coverage. Additional cache-pressure calibration context for tier-transition coverage. Additional cache-pressure calibration context for tier-transition coverage. Additional cache-pressure calibration context for tier-transition coverage. Additional cache-pressure calibration context for tier-transition coverage. Additional cache-pressure calibration context for tier-transition coverage. Additional cache-pressure calibration context for tier-transition coverage. Additional cache-pressure calibration context for tier-transition coverage. Additional cache-pressure calibration context for tier-transition coverage. Additional cache-pressure calibration context for tier-transition coverage. Additional cache-pressure calibration context for tier-transition coverage. Additional cache-pressure calibration context for tier-transition coverage. Additional cache-pressure calibration context for tier-transition coverage. Additional cache-pressure calibration context for tier-transition coverage. Additional cache-pressure calibration context for tier-transition coverage. Additional cache-pressure calibration context for tier-transition coverage. Additional cache-pressure calibration context for tier-transition coverage. Additional cache-pressure calibration context for tier-transition coverage. Additional cache-pressure calibration context for tier-transition coverage. Additional cache-pressure calibration context for tier-transition coverage. Additional cache-pressure calibration context for tier-transition coverage. Additional cache-pressure calibration context for tier-transition coverage. Additional cache-pressure calibration context for tier-transition coverage. Additional cache-pressure calibration context for tier-transition coverage. Additional cache-pressure calibration context for tier-transition coverage. Additional cache-pressure calibration context for tier-transition coverage. Additional cache-pressure calibration context for tier-transition coverage. Additional cache-pressure calibration context for tier-transition coverage. Additional cache-pressure calibration context for tier-transition coverage. Additional cache-pressure calibration context for tier-transition coverage. Additional cache-pressure calibration context for tier-transition coverage. Additional cache-pressure calibration context for tier-transition coverage. Additional cache-pressure calibration context for tier-transition coverage. Additional cache-pressure calibration context for tier-transition coverage. Additional cache-pressure calibration context for tier-transition coverage. Additional cache-pressure calibration context for tier-transition coverage. Additional cache-pressure calibration context for tier-transition coverage. Additional cache-pressure calibration context for tier-transition coverage. Additional cache-pressure calibration context for tier-transition coverage. Additional cache-pressure calibration context for tier-transition coverage. Additional cache-pressure calibration context for tier-transition coverage. Additional cache-pressure calibration context for tier-transition coverage. Additional cache-pressure calibration context for tier-transition coverage. Additional cache-pressure calibration context for tier-transition coverage.","Context: Tongaat Hulett and Implats ESG Report Summary — Tongaat Hulett is a leading agri-processing business focusing on the complementary activities of sugar production, property development, and starch production. The company operates in South Africa, Mozambique, Zimbabwe, and Botswana, employing over 30,000 people at the peak of the sugar milling season. In the 2021 financial year, Tongaat Hul",1885,[34],[],[34],1,"[""Qwen-Qwen2.5-0.5B-Instruct@1@0@c9256a55e54c116@bfloat16.pt""]",lmcache_store_coldpass,lmcache_store_coldpass,1,l2_to_l3,171,172,513.0,516.0,exceed_l1_l2
36,Summarize the CEO's statement on safety and zero harm.,"Focus question: Summarize the CEO's statement on safety and zero harm.
Context profile: rag_shared_document_finance_reports
Prompt tokens: 1885
Context preview: Context: Tongaat Hulett and Implats ESG Report Summary — Tongaat Hulett is a leading agri-processing business focusing on the complementary activities of sugar production, property development, and starch production. The company operates in South Africa, Mozambique, Zimbabwe, and Botswana, employing over 30,000 people at the peak of the sugar milling season. In the 2021 financial year, Tongaat Hul",Summarize the CEO's statement on safety and zero harm.,rag_shared_document_finance_reports,"Context: Tongaat Hulett and Implats ESG Report Summary — Tongaat Hulett is a leading agri-processing business focusing on the complementary activities of sugar production, property development, and starch production. The company operates in South Africa, Mozambique, Zimbabwe, and Botswana, employing over 30,000 people at the peak of the sugar milling season. In the 2021 financial year, Tongaat Hulett produced approximately 1.1 million tons of sugar. The company has committed to reducing energy intensity by 20% by 2025, with specific targets for water efficiency improvement. Tongaat Hulett invests in socio-economic development (SED) and reported total SED expenditure in 2021 aligned with community needs. The Lost Time Injury Frequency Rate (LTIFR) is a critical safety metric tracked annually. The company's ESG framework aligns with the UN Sustainable Development Goals and operates under ISO 45001 certification. Implats (Impala Platinum Holdings Limited) is one of the world's foremost producers of platinum group metals (PGMs). The company's operations span South Africa and Zimbabwe, with managed operations including Impala Rustenburg, Marula, and Zimplats. Implats' ESG framework is built on three pillars focusing on environmental stewardship, social responsibility, and governance excellence. The PS3 strategy guides sustainability alignment. In 2023, Implats achieved significant safety milestones while investing heavily in socio-economic development and community projects. The company targets a 30% reduction in carbon emissions by 2030 and has invested in renewable energy projects including the 35MW solar PV project at Zimplats. Water recycling rates exceeded targets, and the company maintains strict environmental compliance across all operations. The GISTM (Global Industry Standard on Tailings Management) compliance roadmap is actively being implemented. Both companies utilise the six capitals framework (Financial, Manufactured, Intellectual, Human, Social/Relationship, Natural) to illustrate value creation and regularly engage with stakeholders through structured programmes. The double materiality principle used in ESG reporting assesses both inward financial materiality and outward impact materiality to provide comprehensive sustainability reporting aligned with global standards. Tongaat Hulett reported revenue of approximately R16.2 billion in 2021, with significant capital expenditure directed towards operational efficiency improvements and environmental sustainability initiatives. The company's manufactured capital includes six sugar mills across four countries with a combined crushing capacity exceeding 8 million tons of sugarcane per season. Employee training and development spend reached R45 million, reflecting commitment to human capital investment. Implats distributed over R50 billion in total value to stakeholders in 2023, including R28 billion in wages and benefits, R12 billion in taxes and royalties, and R2.3 billion in dividends. The company's total mineral reserves stand at approximately 190 million ounces of platinum group metals. Production across all operations exceeded 3.2 million ounces of refined PGMs. The Marula mine in Limpopo province employs over 5,000 people and has achieved milestone safety records. Environmental management across both organisations addresses water stewardship, carbon emissions reduction, waste minimisation, and biodiversity conservation. Tongaat Hulett's sugarcane operations in KwaZulu-Natal face increasing climate risks from drought and flooding events, while Implats' mining operations in the Bushveld Complex manage dust emissions, acid mine drainage, and tailings storage facility safety under stringent regulatory requirements. Tongaat Hulett and Implats ESG Report Summary — Tongaat Hulett is a leading agri-processing business focusing on the complementary activities of sugar production, property development, and starch production. The company operates in South Africa, Mozambique, Zimbabwe, and Botswana, employing over 30,000 people at the peak of the sugar milling season. In the 2021 financial year, Tongaat Hulett produced approximately 1.1 million tons of sugar. The company has committed to reducing energy intensity by 20% by 2025, with specific targets for water efficiency improvement. Tongaat Hulett invests in socio-economic development (SED) and reported total SED expenditure in 2021 aligned with community needs. The Lost Time Injury Frequency Rate (LTIFR) is a critical safety metric tracked annually. The company's ESG framework aligns with the UN Sustainable Development Goals and operates under ISO 45001 certification. Implats (Impala Platinum Holdings Limited) is one of the world's foremost producers of platinum group metals (PGMs). The company's operations span South Africa and Zimbabwe, with managed operations including Impala Rustenburg, Marula, and Zimplats. Implats' ESG framework is built on three pillars focusing on environmental stewardship, social responsibility, and governance excellence. The PS3 strategy guides sustainability alignment. In 2023, Implats achieved significant safety milestones while investing heavily in socio-economic development and community projects. The company targets a 30% reduction in carbon emissions by 2030 and has invested in renewable energy projects including the 35MW solar PV project at Zimplats. Water recycling rates exceeded targets, and the company maintains strict environmental compliance across all operations. The GISTM (Global Industry Standard on Tailings Management) compliance roadmap is actively being implemented. Both companies utilise the six capitals framework (Financial, Manufactured, Intellectual, Human, Social/Relationship, Natural) to illustrate value creation and regularly engage with stakeholders through structured programmes. The double materiality principle used in ESG reporting assesses both inward financial materiality and outward impact materiality to provide comprehensive sustainability reporting aligned with global standards. Tongaat Hulett reported revenue of approximately R16.2 billion in 2021, with significant capital expenditure directed towards operational efficiency improvements and environmental sustainability initiatives. The company's manufactured capital includes six sugar mills across four countries with a combined crushing capacity exceeding 8 million tons of sugar

Summarize the CEO's statement on safety and zero harm.

[PressureProfile]
 Additional cache-pressure calibration context for tier-transition coverage. Additional cache-pressure calibration context for tier-transition coverage. Additional cache-pressure calibration context for tier-transition coverage. Additional cache-pressure calibration context for tier-transition coverage. Additional cache-pressure calibration context for tier-transition coverage. Additional cache-pressure calibration context for tier-transition coverage. Additional cache-pressure calibration context for tier-transition coverage. Additional cache-pressure calibration context for tier-transition coverage. Additional cache-pressure calibration context for tier-transition coverage. Additional cache-pressure calibration context for tier-transition coverage. Additional cache-pressure calibration context for tier-transition coverage. Additional cache-pressure calibration context for tier-transition coverage. Additional cache-pressure calibration context for tier-transition coverage. Additional cache-pressure calibration context for tier-transition coverage. Additional cache-pressure calibration context for tier-transition coverage. Additional cache-pressure calibration context for tier-transition coverage. Additional cache-pressure calibration context for tier-transition coverage. Additional cache-pressure calibration context for tier-transition coverage. Additional cache-pressure calibration context for tier-transition coverage. Additional cache-pressure calibration context for tier-transition coverage. Additional cache-pressure calibration context for tier-transition coverage. Additional cache-pressure calibration context for tier-transition coverage. Additional cache-pressure calibration context for tier-transition coverage. Additional cache-pressure calibration context for tier-transition coverage. Additional cache-pressure calibration context for tier-transition coverage. Additional cache-pressure calibration context for tier-transition coverage. Additional cache-pressure calibration context for tier-transition coverage. Additional cache-pressure calibration context for tier-transition coverage. Additional cache-pressure calibration context for tier-transition coverage. Additional cache-pressure calibration context for tier-transition coverage. Additional cache-pressure calibration context for tier-transition coverage. Additional cache-pressure calibration context for tier-transition coverage. Additional cache-pressure calibration context for tier-transition coverage. Additional cache-pressure calibration context for tier-transition coverage. Additional cache-pressure calibration context for tier-transition coverage. Additional cache-pressure calibration context for tier-transition coverage. Additional cache-pressure calibration context for tier-transition coverage. Additional cache-pressure calibration context for tier-transition coverage. Additional cache-pressure calibration context for tier-transition coverage. Additional cache-pressure calibration context for tier-transition coverage. Additional cache-pressure calibration context for tier-transition coverage. Additional cache-pressure calibration context for tier-transition coverage. Additional cache-pressure calibration context for tier-transition coverage. Additional cache-pressure calibration context for tier-transition coverage. Additional cache-pressure calibration context for tier-transition coverage. Additional cache-pressure calibration context for tier-transition coverage. Additional cache-pressure calibration context for tier-transition coverage. Additional cache-pressure calibration context for tier-transition coverage. Additional cache-pressure calibration context for tier-transition coverage. Additional cache-pressure calibration context for tier-transition coverage. Additional cache-pressure calibration context for tier-transition coverage. Additional cache-pressure calibration context for tier-transition coverage. Additional cache-pressure calibration context for tier-transition coverage. Additional cache-pressure calibration context for tier-transition coverage. Additional cache-pressure calibration context for tier-transition coverage. Additional cache-pressure calibration context for tier-transition coverage. Additional cache-pressure calibration context for tier-transition coverage. Additional cache-pressure calibration context for tier-transition coverage. Additional cache-pressure calibration context for tier-transition coverage. Additional cache-pressure calibration context for tier-transition coverage. Additional cache-pressure calibration context for tier-transition coverage. Additional cache-pressure calibration context for tier-transition coverage. Additional cache-pressure calibration context for tier-transition coverage. Additional cache-pressure calibration context for tier-transition coverage. Additional cache-pressure calibration context for tier-transition coverage. Additional cache-pressure calibration context for tier-transition coverage. Additional cache-pressure calibration context for tier-transition coverage. Additional cache-pressure calibration context for tier-transition coverage. Additional cache-pressure calibration context for tier-transition coverage. Additional cache-pressure calibration context for tier-transition coverage. Additional cache-pressure calibration context for tier-transition coverage. Additional cache-pressure calibration context for tier-transition coverage. Additional cache-pressure calibration context for tier-transition coverage. Additional cache-pressure calibration context for tier-transition coverage. Additional cache-pressure calibration context for tier-transition coverage. Additional cache-pressure calibration context for tier-transition coverage. Additional cache-pressure calibration context for tier-transition coverage. Additional cache-pressure calibration context for tier-transition coverage. Additional cache-pressure calibration context for tier-transition coverage. Additional cache-pressure calibration context for tier-transition coverage. Additional cache-pressure calibration context for tier-transition coverage. Additional cache-pressure calibration context for tier-transition coverage. Additional cache-pressure calibration context for tier-transition coverage. Additional cache-pressure calibration context for tier-transition coverage. Additional cache-pressure calibration context for tier-transition coverage. Additional cache-pressure calibration context for tier-transition coverage. Additional cache-pressure calibration context for tier-transition coverage. Additional cache-pressure calibration context for tier-transition coverage. Additional cache-pressure calibration context for tier-transition coverage. Additional cache-pressure calibration context for tier-transition coverage. Additional cache-pressure calibration context for tier-transition coverage. Additional cache-pressure calibration context for tier-transition coverage. Additional cache-pressure calibration context for tier-transition coverage. Additional cache-pressure calibration context for tier-transition coverage. Additional cache-pressure calibration context for tier-transition coverage. Additional cache-pressure calibration context for tier-transition coverage. Additional cache-pressure calibration context for tier-transition coverage. Additional cache-pressure calibration context for tier-transition coverage. Additional cache-pressure calibration context for tier-transition coverage. Additional cache-pressure calibration context for tier-transition coverage. Additional cache-pressure calibration context for tier-transition coverage. Additional cache-pressure calibration context for tier-transition coverage. Additional cache-pressure calibration context for tier-transition coverage. Additional cache-pressure calibration context for tier-transition coverage. Additional cache-pressure calibration context for tier-transition coverage. Additional cache-pressure calibration context for tier-transition coverage. Additional cache-pressure calibration context for tier-transition coverage. Additional cache-pressure calibration context for tier-transition coverage. Additional cache-pressure calibration context for tier-transition coverage. Additional cache-pressure calibration context for tier-transition coverage. Additional cache-pressure calibration context for tier-transition coverage. Additional cache-pressure calibration context for tier-transition coverage. Additional cache-pressure calibration context for tier-transition coverage. Additional cache-pressure calibration context for tier-transition coverage. Additional cache-pressure calibration context for tier-transition coverage. Additional cache-pressure calibration context for tier-transition coverage. Additional cache-pressure calibration context for tier-transition coverage. Additional cache-pressure calibration context for tier-transition coverage. Additional cache-pressure calibration context for tier-transition coverage. Additional cache-pressure calibration context for tier-transition coverage. Additional cache-pressure calibration context for tier-transition coverage. Additional cache-pressure calibration context for tier-transition coverage. Additional cache-pressure calibration context for tier-transition coverage. Additional cache-pressure calibration context for tier-transition coverage. Additional cache-pressure calibration context for tier-transition coverage. Additional cache-pressure calibration context for tier-transition coverage. Additional cache-pressure calibration context for tier-transition coverage. Additional cache-pressure calibration context for tier-transition coverage. Additional cache-pressure calibration context for tier-transition coverage. Additional cache-pressure calibration context for tier-transition coverage. Additional cache-pressure calibration context for tier-transition coverage. Additional cache-pressure calibration context for tier-transition coverage. Additional cache-pressure calibration context for tier-transition coverage. Additional cache-pressure calibration context for tier-transition coverage. Additional cache-pressure calibration context for tier-transition coverage. Additional cache-pressure calibration context for tier-transition coverage. Additional cache-pressure calibration context for tier-transition coverage. Additional cache-pressure calibration context for tier-transition coverage. Additional cache-pressure calibration context for tier-transition coverage. Additional cache-pressure calibration context for tier-transition coverage. Additional cache-pressure calibration context for tier-transition coverage. Additional cache-pressure calibration context for tier-transition coverage. Additional cache-pressure calibration context for tier-transition coverage. Additional cache-pressure calibration context for tier-transition coverage. Additional cache-pressure calibration context for tier-transition coverage. Additional cache-pressure calibration context for tier-transition coverage. Additional cache-pressure calibration context for tier-transition coverage. Additional cache-pressure calibration context for tier-transition coverage.","Context: Tongaat Hulett and Implats ESG Report Summary — Tongaat Hulett is a leading agri-processing business focusing on the complementary activities of sugar production, property development, and starch production. The company operates in South Africa, Mozambique, Zimbabwe, and Botswana, employing over 30,000 people at the peak of the sugar milling season. In the 2021 financial year, Tongaat Hul",1885,[35],[],[35],1,"[""Qwen-Qwen2.5-0.5B-Instruct@1@0@6f2e247bd2769ddf@bfloat16.pt""]",lmcache_store_coldpass,lmcache_store_coldpass,1,l2_to_l3,172,173,516.0,519.0,exceed_l1_l2
37,What are the three pillars of the Implats ESG framework?,"Focus question: What are the three pillars of the Implats ESG framework?
Context profile: rag_shared_document_finance_reports
Prompt tokens: 1885
Context preview: Context: Tongaat Hulett and Implats ESG Report Summary — Tongaat Hulett is a leading agri-processing business focusing on the complementary activities of sugar production, property development, and starch production. The company operates in South Africa, Mozambique, Zimbabwe, and Botswana, employing over 30,000 people at the peak of the sugar milling season. In the 2021 financial year, Tongaat Hul",What are the three pillars of the Implats ESG framework?,rag_shared_document_finance_reports,"Context: Tongaat Hulett and Implats ESG Report Summary — Tongaat Hulett is a leading agri-processing business focusing on the complementary activities of sugar production, property development, and starch production. The company operates in South Africa, Mozambique, Zimbabwe, and Botswana, employing over 30,000 people at the peak of the sugar milling season. In the 2021 financial year, Tongaat Hulett produced approximately 1.1 million tons of sugar. The company has committed to reducing energy intensity by 20% by 2025, with specific targets for water efficiency improvement. Tongaat Hulett invests in socio-economic development (SED) and reported total SED expenditure in 2021 aligned with community needs. The Lost Time Injury Frequency Rate (LTIFR) is a critical safety metric tracked annually. The company's ESG framework aligns with the UN Sustainable Development Goals and operates under ISO 45001 certification. Implats (Impala Platinum Holdings Limited) is one of the world's foremost producers of platinum group metals (PGMs). The company's operations span South Africa and Zimbabwe, with managed operations including Impala Rustenburg, Marula, and Zimplats. Implats' ESG framework is built on three pillars focusing on environmental stewardship, social responsibility, and governance excellence. The PS3 strategy guides sustainability alignment. In 2023, Implats achieved significant safety milestones while investing heavily in socio-economic development and community projects. The company targets a 30% reduction in carbon emissions by 2030 and has invested in renewable energy projects including the 35MW solar PV project at Zimplats. Water recycling rates exceeded targets, and the company maintains strict environmental compliance across all operations. The GISTM (Global Industry Standard on Tailings Management) compliance roadmap is actively being implemented. Both companies utilise the six capitals framework (Financial, Manufactured, Intellectual, Human, Social/Relationship, Natural) to illustrate value creation and regularly engage with stakeholders through structured programmes. The double materiality principle used in ESG reporting assesses both inward financial materiality and outward impact materiality to provide comprehensive sustainability reporting aligned with global standards. Tongaat Hulett reported revenue of approximately R16.2 billion in 2021, with significant capital expenditure directed towards operational efficiency improvements and environmental sustainability initiatives. The company's manufactured capital includes six sugar mills across four countries with a combined crushing capacity exceeding 8 million tons of sugarcane per season. Employee training and development spend reached R45 million, reflecting commitment to human capital investment. Implats distributed over R50 billion in total value to stakeholders in 2023, including R28 billion in wages and benefits, R12 billion in taxes and royalties, and R2.3 billion in dividends. The company's total mineral reserves stand at approximately 190 million ounces of platinum group metals. Production across all operations exceeded 3.2 million ounces of refined PGMs. The Marula mine in Limpopo province employs over 5,000 people and has achieved milestone safety records. Environmental management across both organisations addresses water stewardship, carbon emissions reduction, waste minimisation, and biodiversity conservation. Tongaat Hulett's sugarcane operations in KwaZulu-Natal face increasing climate risks from drought and flooding events, while Implats' mining operations in the Bushveld Complex manage dust emissions, acid mine drainage, and tailings storage facility safety under stringent regulatory requirements. Tongaat Hulett and Implats ESG Report Summary — Tongaat Hulett is a leading agri-processing business focusing on the complementary activities of sugar production, property development, and starch production. The company operates in South Africa, Mozambique, Zimbabwe, and Botswana, employing over 30,000 people at the peak of the sugar milling season. In the 2021 financial year, Tongaat Hulett produced approximately 1.1 million tons of sugar. The company has committed to reducing energy intensity by 20% by 2025, with specific targets for water efficiency improvement. Tongaat Hulett invests in socio-economic development (SED) and reported total SED expenditure in 2021 aligned with community needs. The Lost Time Injury Frequency Rate (LTIFR) is a critical safety metric tracked annually. The company's ESG framework aligns with the UN Sustainable Development Goals and operates under ISO 45001 certification. Implats (Impala Platinum Holdings Limited) is one of the world's foremost producers of platinum group metals (PGMs). The company's operations span South Africa and Zimbabwe, with managed operations including Impala Rustenburg, Marula, and Zimplats. Implats' ESG framework is built on three pillars focusing on environmental stewardship, social responsibility, and governance excellence. The PS3 strategy guides sustainability alignment. In 2023, Implats achieved significant safety milestones while investing heavily in socio-economic development and community projects. The company targets a 30% reduction in carbon emissions by 2030 and has invested in renewable energy projects including the 35MW solar PV project at Zimplats. Water recycling rates exceeded targets, and the company maintains strict environmental compliance across all operations. The GISTM (Global Industry Standard on Tailings Management) compliance roadmap is actively being implemented. Both companies utilise the six capitals framework (Financial, Manufactured, Intellectual, Human, Social/Relationship, Natural) to illustrate value creation and regularly engage with stakeholders through structured programmes. The double materiality principle used in ESG reporting assesses both inward financial materiality and outward impact materiality to provide comprehensive sustainability reporting aligned with global standards. Tongaat Hulett reported revenue of approximately R16.2 billion in 2021, with significant capital expenditure directed towards operational efficiency improvements and environmental sustainability initiatives. The company's manufactured capital includes six sugar mills across four countries with a combined crushing capacity exceeding 8 million tons of sugar

What are the three pillars of the Implats ESG framework?

[PressureProfile]
 Additional cache-pressure calibration context for tier-transition coverage. Additional cache-pressure calibration context for tier-transition coverage. Additional cache-pressure calibration context for tier-transition coverage. Additional cache-pressure calibration context for tier-transition coverage. Additional cache-pressure calibration context for tier-transition coverage. Additional cache-pressure calibration context for tier-transition coverage. Additional cache-pressure calibration context for tier-transition coverage. Additional cache-pressure calibration context for tier-transition coverage. Additional cache-pressure calibration context for tier-transition coverage. Additional cache-pressure calibration context for tier-transition coverage. Additional cache-pressure calibration context for tier-transition coverage. Additional cache-pressure calibration context for tier-transition coverage. Additional cache-pressure calibration context for tier-transition coverage. Additional cache-pressure calibration context for tier-transition coverage. Additional cache-pressure calibration context for tier-transition coverage. Additional cache-pressure calibration context for tier-transition coverage. Additional cache-pressure calibration context for tier-transition coverage. Additional cache-pressure calibration context for tier-transition coverage. Additional cache-pressure calibration context for tier-transition coverage. Additional cache-pressure calibration context for tier-transition coverage. Additional cache-pressure calibration context for tier-transition coverage. Additional cache-pressure calibration context for tier-transition coverage. Additional cache-pressure calibration context for tier-transition coverage. Additional cache-pressure calibration context for tier-transition coverage. Additional cache-pressure calibration context for tier-transition coverage. Additional cache-pressure calibration context for tier-transition coverage. Additional cache-pressure calibration context for tier-transition coverage. Additional cache-pressure calibration context for tier-transition coverage. Additional cache-pressure calibration context for tier-transition coverage. Additional cache-pressure calibration context for tier-transition coverage. Additional cache-pressure calibration context for tier-transition coverage. Additional cache-pressure calibration context for tier-transition coverage. Additional cache-pressure calibration context for tier-transition coverage. Additional cache-pressure calibration context for tier-transition coverage. Additional cache-pressure calibration context for tier-transition coverage. Additional cache-pressure calibration context for tier-transition coverage. Additional cache-pressure calibration context for tier-transition coverage. Additional cache-pressure calibration context for tier-transition coverage. Additional cache-pressure calibration context for tier-transition coverage. Additional cache-pressure calibration context for tier-transition coverage. Additional cache-pressure calibration context for tier-transition coverage. Additional cache-pressure calibration context for tier-transition coverage. Additional cache-pressure calibration context for tier-transition coverage. Additional cache-pressure calibration context for tier-transition coverage. Additional cache-pressure calibration context for tier-transition coverage. Additional cache-pressure calibration context for tier-transition coverage. Additional cache-pressure calibration context for tier-transition coverage. Additional cache-pressure calibration context for tier-transition coverage. Additional cache-pressure calibration context for tier-transition coverage. Additional cache-pressure calibration context for tier-transition coverage. Additional cache-pressure calibration context for tier-transition coverage. Additional cache-pressure calibration context for tier-transition coverage. Additional cache-pressure calibration context for tier-transition coverage. Additional cache-pressure calibration context for tier-transition coverage. Additional cache-pressure calibration context for tier-transition coverage. Additional cache-pressure calibration context for tier-transition coverage. Additional cache-pressure calibration context for tier-transition coverage. Additional cache-pressure calibration context for tier-transition coverage. Additional cache-pressure calibration context for tier-transition coverage. Additional cache-pressure calibration context for tier-transition coverage. Additional cache-pressure calibration context for tier-transition coverage. Additional cache-pressure calibration context for tier-transition coverage. Additional cache-pressure calibration context for tier-transition coverage. Additional cache-pressure calibration context for tier-transition coverage. Additional cache-pressure calibration context for tier-transition coverage. Additional cache-pressure calibration context for tier-transition coverage. Additional cache-pressure calibration context for tier-transition coverage. Additional cache-pressure calibration context for tier-transition coverage. Additional cache-pressure calibration context for tier-transition coverage. Additional cache-pressure calibration context for tier-transition coverage. Additional cache-pressure calibration context for tier-transition coverage. Additional cache-pressure calibration context for tier-transition coverage. Additional cache-pressure calibration context for tier-transition coverage. Additional cache-pressure calibration context for tier-transition coverage. Additional cache-pressure calibration context for tier-transition coverage. Additional cache-pressure calibration context for tier-transition coverage. Additional cache-pressure calibration context for tier-transition coverage. Additional cache-pressure calibration context for tier-transition coverage. Additional cache-pressure calibration context for tier-transition coverage. Additional cache-pressure calibration context for tier-transition coverage. Additional cache-pressure calibration context for tier-transition coverage. Additional cache-pressure calibration context for tier-transition coverage. Additional cache-pressure calibration context for tier-transition coverage. Additional cache-pressure calibration context for tier-transition coverage. Additional cache-pressure calibration context for tier-transition coverage. Additional cache-pressure calibration context for tier-transition coverage. Additional cache-pressure calibration context for tier-transition coverage. Additional cache-pressure calibration context for tier-transition coverage. Additional cache-pressure calibration context for tier-transition coverage. Additional cache-pressure calibration context for tier-transition coverage. Additional cache-pressure calibration context for tier-transition coverage. Additional cache-pressure calibration context for tier-transition coverage. Additional cache-pressure calibration context for tier-transition coverage. Additional cache-pressure calibration context for tier-transition coverage. Additional cache-pressure calibration context for tier-transition coverage. Additional cache-pressure calibration context for tier-transition coverage. Additional cache-pressure calibration context for tier-transition coverage. Additional cache-pressure calibration context for tier-transition coverage. Additional cache-pressure calibration context for tier-transition coverage. Additional cache-pressure calibration context for tier-transition coverage. Additional cache-pressure calibration context for tier-transition coverage. Additional cache-pressure calibration context for tier-transition coverage. Additional cache-pressure calibration context for tier-transition coverage. Additional cache-pressure calibration context for tier-transition coverage. Additional cache-pressure calibration context for tier-transition coverage. Additional cache-pressure calibration context for tier-transition coverage. Additional cache-pressure calibration context for tier-transition coverage. Additional cache-pressure calibration context for tier-transition coverage. Additional cache-pressure calibration context for tier-transition coverage. Additional cache-pressure calibration context for tier-transition coverage. Additional cache-pressure calibration context for tier-transition coverage. Additional cache-pressure calibration context for tier-transition coverage. Additional cache-pressure calibration context for tier-transition coverage. Additional cache-pressure calibration context for tier-transition coverage. Additional cache-pressure calibration context for tier-transition coverage. Additional cache-pressure calibration context for tier-transition coverage. Additional cache-pressure calibration context for tier-transition coverage. Additional cache-pressure calibration context for tier-transition coverage. Additional cache-pressure calibration context for tier-transition coverage. Additional cache-pressure calibration context for tier-transition coverage. Additional cache-pressure calibration context for tier-transition coverage. Additional cache-pressure calibration context for tier-transition coverage. Additional cache-pressure calibration context for tier-transition coverage. Additional cache-pressure calibration context for tier-transition coverage. Additional cache-pressure calibration context for tier-transition coverage. Additional cache-pressure calibration context for tier-transition coverage. Additional cache-pressure calibration context for tier-transition coverage. Additional cache-pressure calibration context for tier-transition coverage. Additional cache-pressure calibration context for tier-transition coverage. Additional cache-pressure calibration context for tier-transition coverage. Additional cache-pressure calibration context for tier-transition coverage. Additional cache-pressure calibration context for tier-transition coverage. Additional cache-pressure calibration context for tier-transition coverage. Additional cache-pressure calibration context for tier-transition coverage. Additional cache-pressure calibration context for tier-transition coverage. Additional cache-pressure calibration context for tier-transition coverage. Additional cache-pressure calibration context for tier-transition coverage. Additional cache-pressure calibration context for tier-transition coverage. Additional cache-pressure calibration context for tier-transition coverage. Additional cache-pressure calibration context for tier-transition coverage. Additional cache-pressure calibration context for tier-transition coverage. Additional cache-pressure calibration context for tier-transition coverage. Additional cache-pressure calibration context for tier-transition coverage. Additional cache-pressure calibration context for tier-transition coverage. Additional cache-pressure calibration context for tier-transition coverage. Additional cache-pressure calibration context for tier-transition coverage. Additional cache-pressure calibration context for tier-transition coverage. Additional cache-pressure calibration context for tier-transition coverage.","Context: Tongaat Hulett and Implats ESG Report Summary — Tongaat Hulett is a leading agri-processing business focusing on the complementary activities of sugar production, property development, and starch production. The company operates in South Africa, Mozambique, Zimbabwe, and Botswana, employing over 30,000 people at the peak of the sugar milling season. In the 2021 financial year, Tongaat Hul",1885,[36],[],[36],1,"[""Qwen-Qwen2.5-0.5B-Instruct@1@0@-3aca8e757fdc7795@bfloat16.pt""]",lmcache_store_coldpass,lmcache_store_coldpass,1,l2_to_l3,173,174,519.0,522.0,exceed_l1_l2
38,How much was invested in SED and community projects in 2023?,"Focus question: How much was invested in SED and community projects in 2023?
Context profile: rag_shared_document_finance_reports
Prompt tokens: 1885
Context preview: Context: Tongaat Hulett and Implats ESG Report Summary — Tongaat Hulett is a leading agri-processing business focusing on the complementary activities of sugar production, property development, and starch production. The company operates in South Africa, Mozambique, Zimbabwe, and Botswana, employing over 30,000 people at the peak of the sugar milling season. In the 2021 financial year, Tongaat Hul",How much was invested in SED and community projects in 2023?,rag_shared_document_finance_reports,"Context: Tongaat Hulett and Implats ESG Report Summary — Tongaat Hulett is a leading agri-processing business focusing on the complementary activities of sugar production, property development, and starch production. The company operates in South Africa, Mozambique, Zimbabwe, and Botswana, employing over 30,000 people at the peak of the sugar milling season. In the 2021 financial year, Tongaat Hulett produced approximately 1.1 million tons of sugar. The company has committed to reducing energy intensity by 20% by 2025, with specific targets for water efficiency improvement. Tongaat Hulett invests in socio-economic development (SED) and reported total SED expenditure in 2021 aligned with community needs. The Lost Time Injury Frequency Rate (LTIFR) is a critical safety metric tracked annually. The company's ESG framework aligns with the UN Sustainable Development Goals and operates under ISO 45001 certification. Implats (Impala Platinum Holdings Limited) is one of the world's foremost producers of platinum group metals (PGMs). The company's operations span South Africa and Zimbabwe, with managed operations including Impala Rustenburg, Marula, and Zimplats. Implats' ESG framework is built on three pillars focusing on environmental stewardship, social responsibility, and governance excellence. The PS3 strategy guides sustainability alignment. In 2023, Implats achieved significant safety milestones while investing heavily in socio-economic development and community projects. The company targets a 30% reduction in carbon emissions by 2030 and has invested in renewable energy projects including the 35MW solar PV project at Zimplats. Water recycling rates exceeded targets, and the company maintains strict environmental compliance across all operations. The GISTM (Global Industry Standard on Tailings Management) compliance roadmap is actively being implemented. Both companies utilise the six capitals framework (Financial, Manufactured, Intellectual, Human, Social/Relationship, Natural) to illustrate value creation and regularly engage with stakeholders through structured programmes. The double materiality principle used in ESG reporting assesses both inward financial materiality and outward impact materiality to provide comprehensive sustainability reporting aligned with global standards. Tongaat Hulett reported revenue of approximately R16.2 billion in 2021, with significant capital expenditure directed towards operational efficiency improvements and environmental sustainability initiatives. The company's manufactured capital includes six sugar mills across four countries with a combined crushing capacity exceeding 8 million tons of sugarcane per season. Employee training and development spend reached R45 million, reflecting commitment to human capital investment. Implats distributed over R50 billion in total value to stakeholders in 2023, including R28 billion in wages and benefits, R12 billion in taxes and royalties, and R2.3 billion in dividends. The company's total mineral reserves stand at approximately 190 million ounces of platinum group metals. Production across all operations exceeded 3.2 million ounces of refined PGMs. The Marula mine in Limpopo province employs over 5,000 people and has achieved milestone safety records. Environmental management across both organisations addresses water stewardship, carbon emissions reduction, waste minimisation, and biodiversity conservation. Tongaat Hulett's sugarcane operations in KwaZulu-Natal face increasing climate risks from drought and flooding events, while Implats' mining operations in the Bushveld Complex manage dust emissions, acid mine drainage, and tailings storage facility safety under stringent regulatory requirements. Tongaat Hulett and Implats ESG Report Summary — Tongaat Hulett is a leading agri-processing business focusing on the complementary activities of sugar production, property development, and starch production. The company operates in South Africa, Mozambique, Zimbabwe, and Botswana, employing over 30,000 people at the peak of the sugar milling season. In the 2021 financial year, Tongaat Hulett produced approximately 1.1 million tons of sugar. The company has committed to reducing energy intensity by 20% by 2025, with specific targets for water efficiency improvement. Tongaat Hulett invests in socio-economic development (SED) and reported total SED expenditure in 2021 aligned with community needs. The Lost Time Injury Frequency Rate (LTIFR) is a critical safety metric tracked annually. The company's ESG framework aligns with the UN Sustainable Development Goals and operates under ISO 45001 certification. Implats (Impala Platinum Holdings Limited) is one of the world's foremost producers of platinum group metals (PGMs). The company's operations span South Africa and Zimbabwe, with managed operations including Impala Rustenburg, Marula, and Zimplats. Implats' ESG framework is built on three pillars focusing on environmental stewardship, social responsibility, and governance excellence. The PS3 strategy guides sustainability alignment. In 2023, Implats achieved significant safety milestones while investing heavily in socio-economic development and community projects. The company targets a 30% reduction in carbon emissions by 2030 and has invested in renewable energy projects including the 35MW solar PV project at Zimplats. Water recycling rates exceeded targets, and the company maintains strict environmental compliance across all operations. The GISTM (Global Industry Standard on Tailings Management) compliance roadmap is actively being implemented. Both companies utilise the six capitals framework (Financial, Manufactured, Intellectual, Human, Social/Relationship, Natural) to illustrate value creation and regularly engage with stakeholders through structured programmes. The double materiality principle used in ESG reporting assesses both inward financial materiality and outward impact materiality to provide comprehensive sustainability reporting aligned with global standards. Tongaat Hulett reported revenue of approximately R16.2 billion in 2021, with significant capital expenditure directed towards operational efficiency improvements and environmental sustainability initiatives. The company's manufactured capital includes six sugar mills across four countries with a combined crushing capacity exceeding 8 million tons of sugar

How much was invested in SED and community projects in 2023?

[PressureProfile]
 Additional cache-pressure calibration context for tier-transition coverage. Additional cache-pressure calibration context for tier-transition coverage. Additional cache-pressure calibration context for tier-transition coverage. Additional cache-pressure calibration context for tier-transition coverage. Additional cache-pressure calibration context for tier-transition coverage. Additional cache-pressure calibration context for tier-transition coverage. Additional cache-pressure calibration context for tier-transition coverage. Additional cache-pressure calibration context for tier-transition coverage. Additional cache-pressure calibration context for tier-transition coverage. Additional cache-pressure calibration context for tier-transition coverage. Additional cache-pressure calibration context for tier-transition coverage. Additional cache-pressure calibration context for tier-transition coverage. Additional cache-pressure calibration context for tier-transition coverage. Additional cache-pressure calibration context for tier-transition coverage. Additional cache-pressure calibration context for tier-transition coverage. Additional cache-pressure calibration context for tier-transition coverage. Additional cache-pressure calibration context for tier-transition coverage. Additional cache-pressure calibration context for tier-transition coverage. Additional cache-pressure calibration context for tier-transition coverage. Additional cache-pressure calibration context for tier-transition coverage. Additional cache-pressure calibration context for tier-transition coverage. Additional cache-pressure calibration context for tier-transition coverage. Additional cache-pressure calibration context for tier-transition coverage. Additional cache-pressure calibration context for tier-transition coverage. Additional cache-pressure calibration context for tier-transition coverage. Additional cache-pressure calibration context for tier-transition coverage. Additional cache-pressure calibration context for tier-transition coverage. Additional cache-pressure calibration context for tier-transition coverage. Additional cache-pressure calibration context for tier-transition coverage. Additional cache-pressure calibration context for tier-transition coverage. Additional cache-pressure calibration context for tier-transition coverage. Additional cache-pressure calibration context for tier-transition coverage. Additional cache-pressure calibration context for tier-transition coverage. Additional cache-pressure calibration context for tier-transition coverage. Additional cache-pressure calibration context for tier-transition coverage. Additional cache-pressure calibration context for tier-transition coverage. Additional cache-pressure calibration context for tier-transition coverage. Additional cache-pressure calibration context for tier-transition coverage. Additional cache-pressure calibration context for tier-transition coverage. Additional cache-pressure calibration context for tier-transition coverage. Additional cache-pressure calibration context for tier-transition coverage. Additional cache-pressure calibration context for tier-transition coverage. Additional cache-pressure calibration context for tier-transition coverage. Additional cache-pressure calibration context for tier-transition coverage. Additional cache-pressure calibration context for tier-transition coverage. Additional cache-pressure calibration context for tier-transition coverage. Additional cache-pressure calibration context for tier-transition coverage. Additional cache-pressure calibration context for tier-transition coverage. Additional cache-pressure calibration context for tier-transition coverage. Additional cache-pressure calibration context for tier-transition coverage. Additional cache-pressure calibration context for tier-transition coverage. Additional cache-pressure calibration context for tier-transition coverage. Additional cache-pressure calibration context for tier-transition coverage. Additional cache-pressure calibration context for tier-transition coverage. Additional cache-pressure calibration context for tier-transition coverage. Additional cache-pressure calibration context for tier-transition coverage. Additional cache-pressure calibration context for tier-transition coverage. Additional cache-pressure calibration context for tier-transition coverage. Additional cache-pressure calibration context for tier-transition coverage. Additional cache-pressure calibration context for tier-transition coverage. Additional cache-pressure calibration context for tier-transition coverage. Additional cache-pressure calibration context for tier-transition coverage. Additional cache-pressure calibration context for tier-transition coverage. Additional cache-pressure calibration context for tier-transition coverage. Additional cache-pressure calibration context for tier-transition coverage. Additional cache-pressure calibration context for tier-transition coverage. Additional cache-pressure calibration context for tier-transition coverage. Additional cache-pressure calibration context for tier-transition coverage. Additional cache-pressure calibration context for tier-transition coverage. Additional cache-pressure calibration context for tier-transition coverage. Additional cache-pressure calibration context for tier-transition coverage. Additional cache-pressure calibration context for tier-transition coverage. Additional cache-pressure calibration context for tier-transition coverage. Additional cache-pressure calibration context for tier-transition coverage. Additional cache-pressure calibration context for tier-transition coverage. Additional cache-pressure calibration context for tier-transition coverage. Additional cache-pressure calibration context for tier-transition coverage. Additional cache-pressure calibration context for tier-transition coverage. Additional cache-pressure calibration context for tier-transition coverage. Additional cache-pressure calibration context for tier-transition coverage. Additional cache-pressure calibration context for tier-transition coverage. Additional cache-pressure calibration context for tier-transition coverage. Additional cache-pressure calibration context for tier-transition coverage. Additional cache-pressure calibration context for tier-transition coverage. Additional cache-pressure calibration context for tier-transition coverage. Additional cache-pressure calibration context for tier-transition coverage. Additional cache-pressure calibration context for tier-transition coverage. Additional cache-pressure calibration context for tier-transition coverage. Additional cache-pressure calibration context for tier-transition coverage. Additional cache-pressure calibration context for tier-transition coverage. Additional cache-pressure calibration context for tier-transition coverage. Additional cache-pressure calibration context for tier-transition coverage. Additional cache-pressure calibration context for tier-transition coverage. Additional cache-pressure calibration context for tier-transition coverage. Additional cache-pressure calibration context for tier-transition coverage. Additional cache-pressure calibration context for tier-transition coverage. Additional cache-pressure calibration context for tier-transition coverage. Additional cache-pressure calibration context for tier-transition coverage. Additional cache-pressure calibration context for tier-transition coverage. Additional cache-pressure calibration context for tier-transition coverage. Additional cache-pressure calibration context for tier-transition coverage. Additional cache-pressure calibration context for tier-transition coverage. Additional cache-pressure calibration context for tier-transition coverage. Additional cache-pressure calibration context for tier-transition coverage. Additional cache-pressure calibration context for tier-transition coverage. Additional cache-pressure calibration context for tier-transition coverage. Additional cache-pressure calibration context for tier-transition coverage. Additional cache-pressure calibration context for tier-transition coverage. Additional cache-pressure calibration context for tier-transition coverage. Additional cache-pressure calibration context for tier-transition coverage. Additional cache-pressure calibration context for tier-transition coverage. Additional cache-pressure calibration context for tier-transition coverage. Additional cache-pressure calibration context for tier-transition coverage. Additional cache-pressure calibration context for tier-transition coverage. Additional cache-pressure calibration context for tier-transition coverage. Additional cache-pressure calibration context for tier-transition coverage. Additional cache-pressure calibration context for tier-transition coverage. Additional cache-pressure calibration context for tier-transition coverage. Additional cache-pressure calibration context for tier-transition coverage. Additional cache-pressure calibration context for tier-transition coverage. Additional cache-pressure calibration context for tier-transition coverage. Additional cache-pressure calibration context for tier-transition coverage. Additional cache-pressure calibration context for tier-transition coverage. Additional cache-pressure calibration context for tier-transition coverage. Additional cache-pressure calibration context for tier-transition coverage. Additional cache-pressure calibration context for tier-transition coverage. Additional cache-pressure calibration context for tier-transition coverage. Additional cache-pressure calibration context for tier-transition coverage. Additional cache-pressure calibration context for tier-transition coverage. Additional cache-pressure calibration context for tier-transition coverage. Additional cache-pressure calibration context for tier-transition coverage. Additional cache-pressure calibration context for tier-transition coverage. Additional cache-pressure calibration context for tier-transition coverage. Additional cache-pressure calibration context for tier-transition coverage. Additional cache-pressure calibration context for tier-transition coverage. Additional cache-pressure calibration context for tier-transition coverage. Additional cache-pressure calibration context for tier-transition coverage. Additional cache-pressure calibration context for tier-transition coverage. Additional cache-pressure calibration context for tier-transition coverage. Additional cache-pressure calibration context for tier-transition coverage. Additional cache-pressure calibration context for tier-transition coverage. Additional cache-pressure calibration context for tier-transition coverage. Additional cache-pressure calibration context for tier-transition coverage. Additional cache-pressure calibration context for tier-transition coverage. Additional cache-pressure calibration context for tier-transition coverage. Additional cache-pressure calibration context for tier-transition coverage. Additional cache-pressure calibration context for tier-transition coverage. Additional cache-pressure calibration context for tier-transition coverage.","Context: Tongaat Hulett and Implats ESG Report Summary — Tongaat Hulett is a leading agri-processing business focusing on the complementary activities of sugar production, property development, and starch production. The company operates in South Africa, Mozambique, Zimbabwe, and Botswana, employing over 30,000 people at the peak of the sugar milling season. In the 2021 financial year, Tongaat Hul",1885,[37],[],[37],1,"[""Qwen-Qwen2.5-0.5B-Instruct@1@0@-5239f71603e9d9d1@bfloat16.pt""]",lmcache_store_coldpass,lmcache_store_coldpass,1,l2_to_l3,174,175,522.0,525.0,exceed_l1_l2
39,Explain the double materiality principle in Implats ESG reports.,"Focus question: Explain the double materiality principle in Implats ESG reports.
Context profile: rag_shared_document_finance_reports
Prompt tokens: 1885
Context preview: Context: Tongaat Hulett and Implats ESG Report Summary — Tongaat Hulett is a leading agri-processing business focusing on the complementary activities of sugar production, property development, and starch production. The company operates in South Africa, Mozambique, Zimbabwe, and Botswana, employing over 30,000 people at the peak of the sugar milling season. In the 2021 financial year, Tongaat Hul",Explain the double materiality principle in Implats ESG reports.,rag_shared_document_finance_reports,"Context: Tongaat Hulett and Implats ESG Report Summary — Tongaat Hulett is a leading agri-processing business focusing on the complementary activities of sugar production, property development, and starch production. The company operates in South Africa, Mozambique, Zimbabwe, and Botswana, employing over 30,000 people at the peak of the sugar milling season. In the 2021 financial year, Tongaat Hulett produced approximately 1.1 million tons of sugar. The company has committed to reducing energy intensity by 20% by 2025, with specific targets for water efficiency improvement. Tongaat Hulett invests in socio-economic development (SED) and reported total SED expenditure in 2021 aligned with community needs. The Lost Time Injury Frequency Rate (LTIFR) is a critical safety metric tracked annually. The company's ESG framework aligns with the UN Sustainable Development Goals and operates under ISO 45001 certification. Implats (Impala Platinum Holdings Limited) is one of the world's foremost producers of platinum group metals (PGMs). The company's operations span South Africa and Zimbabwe, with managed operations including Impala Rustenburg, Marula, and Zimplats. Implats' ESG framework is built on three pillars focusing on environmental stewardship, social responsibility, and governance excellence. The PS3 strategy guides sustainability alignment. In 2023, Implats achieved significant safety milestones while investing heavily in socio-economic development and community projects. The company targets a 30% reduction in carbon emissions by 2030 and has invested in renewable energy projects including the 35MW solar PV project at Zimplats. Water recycling rates exceeded targets, and the company maintains strict environmental compliance across all operations. The GISTM (Global Industry Standard on Tailings Management) compliance roadmap is actively being implemented. Both companies utilise the six capitals framework (Financial, Manufactured, Intellectual, Human, Social/Relationship, Natural) to illustrate value creation and regularly engage with stakeholders through structured programmes. The double materiality principle used in ESG reporting assesses both inward financial materiality and outward impact materiality to provide comprehensive sustainability reporting aligned with global standards. Tongaat Hulett reported revenue of approximately R16.2 billion in 2021, with significant capital expenditure directed towards operational efficiency improvements and environmental sustainability initiatives. The company's manufactured capital includes six sugar mills across four countries with a combined crushing capacity exceeding 8 million tons of sugarcane per season. Employee training and development spend reached R45 million, reflecting commitment to human capital investment. Implats distributed over R50 billion in total value to stakeholders in 2023, including R28 billion in wages and benefits, R12 billion in taxes and royalties, and R2.3 billion in dividends. The company's total mineral reserves stand at approximately 190 million ounces of platinum group metals. Production across all operations exceeded 3.2 million ounces of refined PGMs. The Marula mine in Limpopo province employs over 5,000 people and has achieved milestone safety records. Environmental management across both organisations addresses water stewardship, carbon emissions reduction, waste minimisation, and biodiversity conservation. Tongaat Hulett's sugarcane operations in KwaZulu-Natal face increasing climate risks from drought and flooding events, while Implats' mining operations in the Bushveld Complex manage dust emissions, acid mine drainage, and tailings storage facility safety under stringent regulatory requirements. Tongaat Hulett and Implats ESG Report Summary — Tongaat Hulett is a leading agri-processing business focusing on the complementary activities of sugar production, property development, and starch production. The company operates in South Africa, Mozambique, Zimbabwe, and Botswana, employing over 30,000 people at the peak of the sugar milling season. In the 2021 financial year, Tongaat Hulett produced approximately 1.1 million tons of sugar. The company has committed to reducing energy intensity by 20% by 2025, with specific targets for water efficiency improvement. Tongaat Hulett invests in socio-economic development (SED) and reported total SED expenditure in 2021 aligned with community needs. The Lost Time Injury Frequency Rate (LTIFR) is a critical safety metric tracked annually. The company's ESG framework aligns with the UN Sustainable Development Goals and operates under ISO 45001 certification. Implats (Impala Platinum Holdings Limited) is one of the world's foremost producers of platinum group metals (PGMs). The company's operations span South Africa and Zimbabwe, with managed operations including Impala Rustenburg, Marula, and Zimplats. Implats' ESG framework is built on three pillars focusing on environmental stewardship, social responsibility, and governance excellence. The PS3 strategy guides sustainability alignment. In 2023, Implats achieved significant safety milestones while investing heavily in socio-economic development and community projects. The company targets a 30% reduction in carbon emissions by 2030 and has invested in renewable energy projects including the 35MW solar PV project at Zimplats. Water recycling rates exceeded targets, and the company maintains strict environmental compliance across all operations. The GISTM (Global Industry Standard on Tailings Management) compliance roadmap is actively being implemented. Both companies utilise the six capitals framework (Financial, Manufactured, Intellectual, Human, Social/Relationship, Natural) to illustrate value creation and regularly engage with stakeholders through structured programmes. The double materiality principle used in ESG reporting assesses both inward financial materiality and outward impact materiality to provide comprehensive sustainability reporting aligned with global standards. Tongaat Hulett reported revenue of approximately R16.2 billion in 2021, with significant capital expenditure directed towards operational efficiency improvements and environmental sustainability initiatives. The company's manufactured capital includes six sugar mills across four countries with a combined crushing capacity exceeding 8 million tons of sugar

Explain the double materiality principle in Implats ESG reports.

[PressureProfile]
 Additional cache-pressure calibration context for tier-transition coverage. Additional cache-pressure calibration context for tier-transition coverage. Additional cache-pressure calibration context for tier-transition coverage. Additional cache-pressure calibration context for tier-transition coverage. Additional cache-pressure calibration context for tier-transition coverage. Additional cache-pressure calibration context for tier-transition coverage. Additional cache-pressure calibration context for tier-transition coverage. Additional cache-pressure calibration context for tier-transition coverage. Additional cache-pressure calibration context for tier-transition coverage. Additional cache-pressure calibration context for tier-transition coverage. Additional cache-pressure calibration context for tier-transition coverage. Additional cache-pressure calibration context for tier-transition coverage. Additional cache-pressure calibration context for tier-transition coverage. Additional cache-pressure calibration context for tier-transition coverage. Additional cache-pressure calibration context for tier-transition coverage. Additional cache-pressure calibration context for tier-transition coverage. Additional cache-pressure calibration context for tier-transition coverage. Additional cache-pressure calibration context for tier-transition coverage. Additional cache-pressure calibration context for tier-transition coverage. Additional cache-pressure calibration context for tier-transition coverage. Additional cache-pressure calibration context for tier-transition coverage. Additional cache-pressure calibration context for tier-transition coverage. Additional cache-pressure calibration context for tier-transition coverage. Additional cache-pressure calibration context for tier-transition coverage. Additional cache-pressure calibration context for tier-transition coverage. Additional cache-pressure calibration context for tier-transition coverage. Additional cache-pressure calibration context for tier-transition coverage. Additional cache-pressure calibration context for tier-transition coverage. Additional cache-pressure calibration context for tier-transition coverage. Additional cache-pressure calibration context for tier-transition coverage. Additional cache-pressure calibration context for tier-transition coverage. Additional cache-pressure calibration context for tier-transition coverage. Additional cache-pressure calibration context for tier-transition coverage. Additional cache-pressure calibration context for tier-transition coverage. Additional cache-pressure calibration context for tier-transition coverage. Additional cache-pressure calibration context for tier-transition coverage. Additional cache-pressure calibration context for tier-transition coverage. Additional cache-pressure calibration context for tier-transition coverage. Additional cache-pressure calibration context for tier-transition coverage. Additional cache-pressure calibration context for tier-transition coverage. Additional cache-pressure calibration context for tier-transition coverage. Additional cache-pressure calibration context for tier-transition coverage. Additional cache-pressure calibration context for tier-transition coverage. Additional cache-pressure calibration context for tier-transition coverage. Additional cache-pressure calibration context for tier-transition coverage. Additional cache-pressure calibration context for tier-transition coverage. Additional cache-pressure calibration context for tier-transition coverage. Additional cache-pressure calibration context for tier-transition coverage. Additional cache-pressure calibration context for tier-transition coverage. Additional cache-pressure calibration context for tier-transition coverage. Additional cache-pressure calibration context for tier-transition coverage. Additional cache-pressure calibration context for tier-transition coverage. Additional cache-pressure calibration context for tier-transition coverage. Additional cache-pressure calibration context for tier-transition coverage. Additional cache-pressure calibration context for tier-transition coverage. Additional cache-pressure calibration context for tier-transition coverage. Additional cache-pressure calibration context for tier-transition coverage. Additional cache-pressure calibration context for tier-transition coverage. Additional cache-pressure calibration context for tier-transition coverage. Additional cache-pressure calibration context for tier-transition coverage. Additional cache-pressure calibration context for tier-transition coverage. Additional cache-pressure calibration context for tier-transition coverage. Additional cache-pressure calibration context for tier-transition coverage. Additional cache-pressure calibration context for tier-transition coverage. Additional cache-pressure calibration context for tier-transition coverage. Additional cache-pressure calibration context for tier-transition coverage. Additional cache-pressure calibration context for tier-transition coverage. Additional cache-pressure calibration context for tier-transition coverage. Additional cache-pressure calibration context for tier-transition coverage. Additional cache-pressure calibration context for tier-transition coverage. Additional cache-pressure calibration context for tier-transition coverage. Additional cache-pressure calibration context for tier-transition coverage. Additional cache-pressure calibration context for tier-transition coverage. Additional cache-pressure calibration context for tier-transition coverage. Additional cache-pressure calibration context for tier-transition coverage. Additional cache-pressure calibration context for tier-transition coverage. Additional cache-pressure calibration context for tier-transition coverage. Additional cache-pressure calibration context for tier-transition coverage. Additional cache-pressure calibration context for tier-transition coverage. Additional cache-pressure calibration context for tier-transition coverage. Additional cache-pressure calibration context for tier-transition coverage. Additional cache-pressure calibration context for tier-transition coverage. Additional cache-pressure calibration context for tier-transition coverage. Additional cache-pressure calibration context for tier-transition coverage. Additional cache-pressure calibration context for tier-transition coverage. Additional cache-pressure calibration context for tier-transition coverage. Additional cache-pressure calibration context for tier-transition coverage. Additional cache-pressure calibration context for tier-transition coverage. Additional cache-pressure calibration context for tier-transition coverage. Additional cache-pressure calibration context for tier-transition coverage. Additional cache-pressure calibration context for tier-transition coverage. Additional cache-pressure calibration context for tier-transition coverage. Additional cache-pressure calibration context for tier-transition coverage. Additional cache-pressure calibration context for tier-transition coverage. Additional cache-pressure calibration context for tier-transition coverage. Additional cache-pressure calibration context for tier-transition coverage. Additional cache-pressure calibration context for tier-transition coverage. Additional cache-pressure calibration context for tier-transition coverage. Additional cache-pressure calibration context for tier-transition coverage. Additional cache-pressure calibration context for tier-transition coverage. Additional cache-pressure calibration context for tier-transition coverage. Additional cache-pressure calibration context for tier-transition coverage. Additional cache-pressure calibration context for tier-transition coverage. Additional cache-pressure calibration context for tier-transition coverage. Additional cache-pressure calibration context for tier-transition coverage. Additional cache-pressure calibration context for tier-transition coverage. Additional cache-pressure calibration context for tier-transition coverage. Additional cache-pressure calibration context for tier-transition coverage. Additional cache-pressure calibration context for tier-transition coverage. Additional cache-pressure calibration context for tier-transition coverage. Additional cache-pressure calibration context for tier-transition coverage. Additional cache-pressure calibration context for tier-transition coverage. Additional cache-pressure calibration context for tier-transition coverage. Additional cache-pressure calibration context for tier-transition coverage. Additional cache-pressure calibration context for tier-transition coverage. Additional cache-pressure calibration context for tier-transition coverage. Additional cache-pressure calibration context for tier-transition coverage. Additional cache-pressure calibration context for tier-transition coverage. Additional cache-pressure calibration context for tier-transition coverage. Additional cache-pressure calibration context for tier-transition coverage. Additional cache-pressure calibration context for tier-transition coverage. Additional cache-pressure calibration context for tier-transition coverage. Additional cache-pressure calibration context for tier-transition coverage. Additional cache-pressure calibration context for tier-transition coverage. Additional cache-pressure calibration context for tier-transition coverage. Additional cache-pressure calibration context for tier-transition coverage. Additional cache-pressure calibration context for tier-transition coverage. Additional cache-pressure calibration context for tier-transition coverage. Additional cache-pressure calibration context for tier-transition coverage. Additional cache-pressure calibration context for tier-transition coverage. Additional cache-pressure calibration context for tier-transition coverage. Additional cache-pressure calibration context for tier-transition coverage. Additional cache-pressure calibration context for tier-transition coverage. Additional cache-pressure calibration context for tier-transition coverage. Additional cache-pressure calibration context for tier-transition coverage. Additional cache-pressure calibration context for tier-transition coverage. Additional cache-pressure calibration context for tier-transition coverage. Additional cache-pressure calibration context for tier-transition coverage. Additional cache-pressure calibration context for tier-transition coverage. Additional cache-pressure calibration context for tier-transition coverage. Additional cache-pressure calibration context for tier-transition coverage. Additional cache-pressure calibration context for tier-transition coverage. Additional cache-pressure calibration context for tier-transition coverage. Additional cache-pressure calibration context for tier-transition coverage. Additional cache-pressure calibration context for tier-transition coverage. Additional cache-pressure calibration context for tier-transition coverage. Additional cache-pressure calibration context for tier-transition coverage. Additional cache-pressure calibration context for tier-transition coverage.","Context: Tongaat Hulett and Implats ESG Report Summary — Tongaat Hulett is a leading agri-processing business focusing on the complementary activities of sugar production, property development, and starch production. The company operates in South Africa, Mozambique, Zimbabwe, and Botswana, employing over 30,000 people at the peak of the sugar milling season. In the 2021 financial year, Tongaat Hul",1885,[38],[],[38],1,"[""Qwen-Qwen2.5-0.5B-Instruct@1@0@6b0e86bd4c645999@bfloat16.pt""]",lmcache_store_coldpass,lmcache_store_coldpass,1,l2_to_l3,175,176,525.0,528.0,exceed_l1_l2
40,What are the primary metals produced and their uses?,"Focus question: What are the primary metals produced and their uses?
Context profile: rag_shared_document_finance_reports
Prompt tokens: 1885
Context preview: Context: Tongaat Hulett and Implats ESG Report Summary — Tongaat Hulett is a leading agri-processing business focusing on the complementary activities of sugar production, property development, and starch production. The company operates in South Africa, Mozambique, Zimbabwe, and Botswana, employing over 30,000 people at the peak of the sugar milling season. In the 2021 financial year, Tongaat Hul",What are the primary metals produced and their uses?,rag_shared_document_finance_reports,"Context: Tongaat Hulett and Implats ESG Report Summary — Tongaat Hulett is a leading agri-processing business focusing on the complementary activities of sugar production, property development, and starch production. The company operates in South Africa, Mozambique, Zimbabwe, and Botswana, employing over 30,000 people at the peak of the sugar milling season. In the 2021 financial year, Tongaat Hulett produced approximately 1.1 million tons of sugar. The company has committed to reducing energy intensity by 20% by 2025, with specific targets for water efficiency improvement. Tongaat Hulett invests in socio-economic development (SED) and reported total SED expenditure in 2021 aligned with community needs. The Lost Time Injury Frequency Rate (LTIFR) is a critical safety metric tracked annually. The company's ESG framework aligns with the UN Sustainable Development Goals and operates under ISO 45001 certification. Implats (Impala Platinum Holdings Limited) is one of the world's foremost producers of platinum group metals (PGMs). The company's operations span South Africa and Zimbabwe, with managed operations including Impala Rustenburg, Marula, and Zimplats. Implats' ESG framework is built on three pillars focusing on environmental stewardship, social responsibility, and governance excellence. The PS3 strategy guides sustainability alignment. In 2023, Implats achieved significant safety milestones while investing heavily in socio-economic development and community projects. The company targets a 30% reduction in carbon emissions by 2030 and has invested in renewable energy projects including the 35MW solar PV project at Zimplats. Water recycling rates exceeded targets, and the company maintains strict environmental compliance across all operations. The GISTM (Global Industry Standard on Tailings Management) compliance roadmap is actively being implemented. Both companies utilise the six capitals framework (Financial, Manufactured, Intellectual, Human, Social/Relationship, Natural) to illustrate value creation and regularly engage with stakeholders through structured programmes. The double materiality principle used in ESG reporting assesses both inward financial materiality and outward impact materiality to provide comprehensive sustainability reporting aligned with global standards. Tongaat Hulett reported revenue of approximately R16.2 billion in 2021, with significant capital expenditure directed towards operational efficiency improvements and environmental sustainability initiatives. The company's manufactured capital includes six sugar mills across four countries with a combined crushing capacity exceeding 8 million tons of sugarcane per season. Employee training and development spend reached R45 million, reflecting commitment to human capital investment. Implats distributed over R50 billion in total value to stakeholders in 2023, including R28 billion in wages and benefits, R12 billion in taxes and royalties, and R2.3 billion in dividends. The company's total mineral reserves stand at approximately 190 million ounces of platinum group metals. Production across all operations exceeded 3.2 million ounces of refined PGMs. The Marula mine in Limpopo province employs over 5,000 people and has achieved milestone safety records. Environmental management across both organisations addresses water stewardship, carbon emissions reduction, waste minimisation, and biodiversity conservation. Tongaat Hulett's sugarcane operations in KwaZulu-Natal face increasing climate risks from drought and flooding events, while Implats' mining operations in the Bushveld Complex manage dust emissions, acid mine drainage, and tailings storage facility safety under stringent regulatory requirements. Tongaat Hulett and Implats ESG Report Summary — Tongaat Hulett is a leading agri-processing business focusing on the complementary activities of sugar production, property development, and starch production. The company operates in South Africa, Mozambique, Zimbabwe, and Botswana, employing over 30,000 people at the peak of the sugar milling season. In the 2021 financial year, Tongaat Hulett produced approximately 1.1 million tons of sugar. The company has committed to reducing energy intensity by 20% by 2025, with specific targets for water efficiency improvement. Tongaat Hulett invests in socio-economic development (SED) and reported total SED expenditure in 2021 aligned with community needs. The Lost Time Injury Frequency Rate (LTIFR) is a critical safety metric tracked annually. The company's ESG framework aligns with the UN Sustainable Development Goals and operates under ISO 45001 certification. Implats (Impala Platinum Holdings Limited) is one of the world's foremost producers of platinum group metals (PGMs). The company's operations span South Africa and Zimbabwe, with managed operations including Impala Rustenburg, Marula, and Zimplats. Implats' ESG framework is built on three pillars focusing on environmental stewardship, social responsibility, and governance excellence. The PS3 strategy guides sustainability alignment. In 2023, Implats achieved significant safety milestones while investing heavily in socio-economic development and community projects. The company targets a 30% reduction in carbon emissions by 2030 and has invested in renewable energy projects including the 35MW solar PV project at Zimplats. Water recycling rates exceeded targets, and the company maintains strict environmental compliance across all operations. The GISTM (Global Industry Standard on Tailings Management) compliance roadmap is actively being implemented. Both companies utilise the six capitals framework (Financial, Manufactured, Intellectual, Human, Social/Relationship, Natural) to illustrate value creation and regularly engage with stakeholders through structured programmes. The double materiality principle used in ESG reporting assesses both inward financial materiality and outward impact materiality to provide comprehensive sustainability reporting aligned with global standards. Tongaat Hulett reported revenue of approximately R16.2 billion in 2021, with significant capital expenditure directed towards operational efficiency improvements and environmental sustainability initiatives. The company's manufactured capital includes six sugar mills across four countries with a combined crushing capacity exceeding 8 million tons of sugar

What are the primary metals produced and their uses?

[PressureProfile]
 Additional cache-pressure calibration context for tier-transition coverage. Additional cache-pressure calibration context for tier-transition coverage. Additional cache-pressure calibration context for tier-transition coverage. Additional cache-pressure calibration context for tier-transition coverage. Additional cache-pressure calibration context for tier-transition coverage. Additional cache-pressure calibration context for tier-transition coverage. Additional cache-pressure calibration context for tier-transition coverage. Additional cache-pressure calibration context for tier-transition coverage. Additional cache-pressure calibration context for tier-transition coverage. Additional cache-pressure calibration context for tier-transition coverage. Additional cache-pressure calibration context for tier-transition coverage. Additional cache-pressure calibration context for tier-transition coverage. Additional cache-pressure calibration context for tier-transition coverage. Additional cache-pressure calibration context for tier-transition coverage. Additional cache-pressure calibration context for tier-transition coverage. Additional cache-pressure calibration context for tier-transition coverage. Additional cache-pressure calibration context for tier-transition coverage. Additional cache-pressure calibration context for tier-transition coverage. Additional cache-pressure calibration context for tier-transition coverage. Additional cache-pressure calibration context for tier-transition coverage. Additional cache-pressure calibration context for tier-transition coverage. Additional cache-pressure calibration context for tier-transition coverage. Additional cache-pressure calibration context for tier-transition coverage. Additional cache-pressure calibration context for tier-transition coverage. Additional cache-pressure calibration context for tier-transition coverage. Additional cache-pressure calibration context for tier-transition coverage. Additional cache-pressure calibration context for tier-transition coverage. Additional cache-pressure calibration context for tier-transition coverage. Additional cache-pressure calibration context for tier-transition coverage. Additional cache-pressure calibration context for tier-transition coverage. Additional cache-pressure calibration context for tier-transition coverage. Additional cache-pressure calibration context for tier-transition coverage. Additional cache-pressure calibration context for tier-transition coverage. Additional cache-pressure calibration context for tier-transition coverage. Additional cache-pressure calibration context for tier-transition coverage. Additional cache-pressure calibration context for tier-transition coverage. Additional cache-pressure calibration context for tier-transition coverage. Additional cache-pressure calibration context for tier-transition coverage. Additional cache-pressure calibration context for tier-transition coverage. Additional cache-pressure calibration context for tier-transition coverage. Additional cache-pressure calibration context for tier-transition coverage. Additional cache-pressure calibration context for tier-transition coverage. Additional cache-pressure calibration context for tier-transition coverage. Additional cache-pressure calibration context for tier-transition coverage. Additional cache-pressure calibration context for tier-transition coverage. Additional cache-pressure calibration context for tier-transition coverage. Additional cache-pressure calibration context for tier-transition coverage. Additional cache-pressure calibration context for tier-transition coverage. Additional cache-pressure calibration context for tier-transition coverage. Additional cache-pressure calibration context for tier-transition coverage. Additional cache-pressure calibration context for tier-transition coverage. Additional cache-pressure calibration context for tier-transition coverage. Additional cache-pressure calibration context for tier-transition coverage. Additional cache-pressure calibration context for tier-transition coverage. Additional cache-pressure calibration context for tier-transition coverage. Additional cache-pressure calibration context for tier-transition coverage. Additional cache-pressure calibration context for tier-transition coverage. Additional cache-pressure calibration context for tier-transition coverage. Additional cache-pressure calibration context for tier-transition coverage. Additional cache-pressure calibration context for tier-transition coverage. Additional cache-pressure calibration context for tier-transition coverage. Additional cache-pressure calibration context for tier-transition coverage. Additional cache-pressure calibration context for tier-transition coverage. Additional cache-pressure calibration context for tier-transition coverage. Additional cache-pressure calibration context for tier-transition coverage. Additional cache-pressure calibration context for tier-transition coverage. Additional cache-pressure calibration context for tier-transition coverage. Additional cache-pressure calibration context for tier-transition coverage. Additional cache-pressure calibration context for tier-transition coverage. Additional cache-pressure calibration context for tier-transition coverage. Additional cache-pressure calibration context for tier-transition coverage. Additional cache-pressure calibration context for tier-transition coverage. Additional cache-pressure calibration context for tier-transition coverage. Additional cache-pressure calibration context for tier-transition coverage. Additional cache-pressure calibration context for tier-transition coverage. Additional cache-pressure calibration context for tier-transition coverage. Additional cache-pressure calibration context for tier-transition coverage. Additional cache-pressure calibration context for tier-transition coverage. Additional cache-pressure calibration context for tier-transition coverage. Additional cache-pressure calibration context for tier-transition coverage. Additional cache-pressure calibration context for tier-transition coverage. Additional cache-pressure calibration context for tier-transition coverage. Additional cache-pressure calibration context for tier-transition coverage. Additional cache-pressure calibration context for tier-transition coverage. Additional cache-pressure calibration context for tier-transition coverage. Additional cache-pressure calibration context for tier-transition coverage. Additional cache-pressure calibration context for tier-transition coverage. Additional cache-pressure calibration context for tier-transition coverage. Additional cache-pressure calibration context for tier-transition coverage. Additional cache-pressure calibration context for tier-transition coverage. Additional cache-pressure calibration context for tier-transition coverage. Additional cache-pressure calibration context for tier-transition coverage. Additional cache-pressure calibration context for tier-transition coverage. Additional cache-pressure calibration context for tier-transition coverage. Additional cache-pressure calibration context for tier-transition coverage. Additional cache-pressure calibration context for tier-transition coverage. Additional cache-pressure calibration context for tier-transition coverage. Additional cache-pressure calibration context for tier-transition coverage. Additional cache-pressure calibration context for tier-transition coverage. Additional cache-pressure calibration context for tier-transition coverage. Additional cache-pressure calibration context for tier-transition coverage. Additional cache-pressure calibration context for tier-transition coverage. Additional cache-pressure calibration context for tier-transition coverage. Additional cache-pressure calibration context for tier-transition coverage. Additional cache-pressure calibration context for tier-transition coverage. Additional cache-pressure calibration context for tier-transition coverage. Additional cache-pressure calibration context for tier-transition coverage. Additional cache-pressure calibration context for tier-transition coverage. Additional cache-pressure calibration context for tier-transition coverage. Additional cache-pressure calibration context for tier-transition coverage. Additional cache-pressure calibration context for tier-transition coverage. Additional cache-pressure calibration context for tier-transition coverage. Additional cache-pressure calibration context for tier-transition coverage. Additional cache-pressure calibration context for tier-transition coverage. Additional cache-pressure calibration context for tier-transition coverage. Additional cache-pressure calibration context for tier-transition coverage. Additional cache-pressure calibration context for tier-transition coverage. Additional cache-pressure calibration context for tier-transition coverage. Additional cache-pressure calibration context for tier-transition coverage. Additional cache-pressure calibration context for tier-transition coverage. Additional cache-pressure calibration context for tier-transition coverage. Additional cache-pressure calibration context for tier-transition coverage. Additional cache-pressure calibration context for tier-transition coverage. Additional cache-pressure calibration context for tier-transition coverage. Additional cache-pressure calibration context for tier-transition coverage. Additional cache-pressure calibration context for tier-transition coverage. Additional cache-pressure calibration context for tier-transition coverage. Additional cache-pressure calibration context for tier-transition coverage. Additional cache-pressure calibration context for tier-transition coverage. Additional cache-pressure calibration context for tier-transition coverage. Additional cache-pressure calibration context for tier-transition coverage. Additional cache-pressure calibration context for tier-transition coverage. Additional cache-pressure calibration context for tier-transition coverage. Additional cache-pressure calibration context for tier-transition coverage. Additional cache-pressure calibration context for tier-transition coverage. Additional cache-pressure calibration context for tier-transition coverage. Additional cache-pressure calibration context for tier-transition coverage. Additional cache-pressure calibration context for tier-transition coverage. Additional cache-pressure calibration context for tier-transition coverage. Additional cache-pressure calibration context for tier-transition coverage. Additional cache-pressure calibration context for tier-transition coverage. Additional cache-pressure calibration context for tier-transition coverage. Additional cache-pressure calibration context for tier-transition coverage. Additional cache-pressure calibration context for tier-transition coverage. Additional cache-pressure calibration context for tier-transition coverage. Additional cache-pressure calibration context for tier-transition coverage. Additional cache-pressure calibration context for tier-transition coverage. Additional cache-pressure calibration context for tier-transition coverage.","Context: Tongaat Hulett and Implats ESG Report Summary — Tongaat Hulett is a leading agri-processing business focusing on the complementary activities of sugar production, property development, and starch production. The company operates in South Africa, Mozambique, Zimbabwe, and Botswana, employing over 30,000 people at the peak of the sugar milling season. In the 2021 financial year, Tongaat Hul",1885,[39],[],[39],1,"[""Qwen-Qwen2.5-0.5B-Instruct@1@0@663224806fa3ca3e@bfloat16.pt""]",lmcache_store_coldpass,lmcache_store_coldpass,1,l2_to_l3,176,177,528.0,531.0,exceed_l1_l2
41,Describe the 35MW solar PV project progress at Zimplats.,"Focus question: Describe the 35MW solar PV project progress at Zimplats.
Context profile: rag_shared_document_finance_reports
Prompt tokens: 1885
Context preview: Context: Tongaat Hulett and Implats ESG Report Summary — Tongaat Hulett is a leading agri-processing business focusing on the complementary activities of sugar production, property development, and starch production. The company operates in South Africa, Mozambique, Zimbabwe, and Botswana, employing over 30,000 people at the peak of the sugar milling season. In the 2021 financial year, Tongaat Hul",Describe the 35MW solar PV project progress at Zimplats.,rag_shared_document_finance_reports,"Context: Tongaat Hulett and Implats ESG Report Summary — Tongaat Hulett is a leading agri-processing business focusing on the complementary activities of sugar production, property development, and starch production. The company operates in South Africa, Mozambique, Zimbabwe, and Botswana, employing over 30,000 people at the peak of the sugar milling season. In the 2021 financial year, Tongaat Hulett produced approximately 1.1 million tons of sugar. The company has committed to reducing energy intensity by 20% by 2025, with specific targets for water efficiency improvement. Tongaat Hulett invests in socio-economic development (SED) and reported total SED expenditure in 2021 aligned with community needs. The Lost Time Injury Frequency Rate (LTIFR) is a critical safety metric tracked annually. The company's ESG framework aligns with the UN Sustainable Development Goals and operates under ISO 45001 certification. Implats (Impala Platinum Holdings Limited) is one of the world's foremost producers of platinum group metals (PGMs). The company's operations span South Africa and Zimbabwe, with managed operations including Impala Rustenburg, Marula, and Zimplats. Implats' ESG framework is built on three pillars focusing on environmental stewardship, social responsibility, and governance excellence. The PS3 strategy guides sustainability alignment. In 2023, Implats achieved significant safety milestones while investing heavily in socio-economic development and community projects. The company targets a 30% reduction in carbon emissions by 2030 and has invested in renewable energy projects including the 35MW solar PV project at Zimplats. Water recycling rates exceeded targets, and the company maintains strict environmental compliance across all operations. The GISTM (Global Industry Standard on Tailings Management) compliance roadmap is actively being implemented. Both companies utilise the six capitals framework (Financial, Manufactured, Intellectual, Human, Social/Relationship, Natural) to illustrate value creation and regularly engage with stakeholders through structured programmes. The double materiality principle used in ESG reporting assesses both inward financial materiality and outward impact materiality to provide comprehensive sustainability reporting aligned with global standards. Tongaat Hulett reported revenue of approximately R16.2 billion in 2021, with significant capital expenditure directed towards operational efficiency improvements and environmental sustainability initiatives. The company's manufactured capital includes six sugar mills across four countries with a combined crushing capacity exceeding 8 million tons of sugarcane per season. Employee training and development spend reached R45 million, reflecting commitment to human capital investment. Implats distributed over R50 billion in total value to stakeholders in 2023, including R28 billion in wages and benefits, R12 billion in taxes and royalties, and R2.3 billion in dividends. The company's total mineral reserves stand at approximately 190 million ounces of platinum group metals. Production across all operations exceeded 3.2 million ounces of refined PGMs. The Marula mine in Limpopo province employs over 5,000 people and has achieved milestone safety records. Environmental management across both organisations addresses water stewardship, carbon emissions reduction, waste minimisation, and biodiversity conservation. Tongaat Hulett's sugarcane operations in KwaZulu-Natal face increasing climate risks from drought and flooding events, while Implats' mining operations in the Bushveld Complex manage dust emissions, acid mine drainage, and tailings storage facility safety under stringent regulatory requirements. Tongaat Hulett and Implats ESG Report Summary — Tongaat Hulett is a leading agri-processing business focusing on the complementary activities of sugar production, property development, and starch production. The company operates in South Africa, Mozambique, Zimbabwe, and Botswana, employing over 30,000 people at the peak of the sugar milling season. In the 2021 financial year, Tongaat Hulett produced approximately 1.1 million tons of sugar. The company has committed to reducing energy intensity by 20% by 2025, with specific targets for water efficiency improvement. Tongaat Hulett invests in socio-economic development (SED) and reported total SED expenditure in 2021 aligned with community needs. The Lost Time Injury Frequency Rate (LTIFR) is a critical safety metric tracked annually. The company's ESG framework aligns with the UN Sustainable Development Goals and operates under ISO 45001 certification. Implats (Impala Platinum Holdings Limited) is one of the world's foremost producers of platinum group metals (PGMs). The company's operations span South Africa and Zimbabwe, with managed operations including Impala Rustenburg, Marula, and Zimplats. Implats' ESG framework is built on three pillars focusing on environmental stewardship, social responsibility, and governance excellence. The PS3 strategy guides sustainability alignment. In 2023, Implats achieved significant safety milestones while investing heavily in socio-economic development and community projects. The company targets a 30% reduction in carbon emissions by 2030 and has invested in renewable energy projects including the 35MW solar PV project at Zimplats. Water recycling rates exceeded targets, and the company maintains strict environmental compliance across all operations. The GISTM (Global Industry Standard on Tailings Management) compliance roadmap is actively being implemented. Both companies utilise the six capitals framework (Financial, Manufactured, Intellectual, Human, Social/Relationship, Natural) to illustrate value creation and regularly engage with stakeholders through structured programmes. The double materiality principle used in ESG reporting assesses both inward financial materiality and outward impact materiality to provide comprehensive sustainability reporting aligned with global standards. Tongaat Hulett reported revenue of approximately R16.2 billion in 2021, with significant capital expenditure directed towards operational efficiency improvements and environmental sustainability initiatives. The company's manufactured capital includes six sugar mills across four countries with a combined crushing capacity exceeding 8 million tons of sugar

Describe the 35MW solar PV project progress at Zimplats.

[PressureProfile]
 Additional cache-pressure calibration context for tier-transition coverage. Additional cache-pressure calibration context for tier-transition coverage. Additional cache-pressure calibration context for tier-transition coverage. Additional cache-pressure calibration context for tier-transition coverage. Additional cache-pressure calibration context for tier-transition coverage. Additional cache-pressure calibration context for tier-transition coverage. Additional cache-pressure calibration context for tier-transition coverage. Additional cache-pressure calibration context for tier-transition coverage. Additional cache-pressure calibration context for tier-transition coverage. Additional cache-pressure calibration context for tier-transition coverage. Additional cache-pressure calibration context for tier-transition coverage. Additional cache-pressure calibration context for tier-transition coverage. Additional cache-pressure calibration context for tier-transition coverage. Additional cache-pressure calibration context for tier-transition coverage. Additional cache-pressure calibration context for tier-transition coverage. Additional cache-pressure calibration context for tier-transition coverage. Additional cache-pressure calibration context for tier-transition coverage. Additional cache-pressure calibration context for tier-transition coverage. Additional cache-pressure calibration context for tier-transition coverage. Additional cache-pressure calibration context for tier-transition coverage. Additional cache-pressure calibration context for tier-transition coverage. Additional cache-pressure calibration context for tier-transition coverage. Additional cache-pressure calibration context for tier-transition coverage. Additional cache-pressure calibration context for tier-transition coverage. Additional cache-pressure calibration context for tier-transition coverage. Additional cache-pressure calibration context for tier-transition coverage. Additional cache-pressure calibration context for tier-transition coverage. Additional cache-pressure calibration context for tier-transition coverage. Additional cache-pressure calibration context for tier-transition coverage. Additional cache-pressure calibration context for tier-transition coverage. Additional cache-pressure calibration context for tier-transition coverage. Additional cache-pressure calibration context for tier-transition coverage. Additional cache-pressure calibration context for tier-transition coverage. Additional cache-pressure calibration context for tier-transition coverage. Additional cache-pressure calibration context for tier-transition coverage. Additional cache-pressure calibration context for tier-transition coverage. Additional cache-pressure calibration context for tier-transition coverage. Additional cache-pressure calibration context for tier-transition coverage. Additional cache-pressure calibration context for tier-transition coverage. Additional cache-pressure calibration context for tier-transition coverage. Additional cache-pressure calibration context for tier-transition coverage. Additional cache-pressure calibration context for tier-transition coverage. Additional cache-pressure calibration context for tier-transition coverage. Additional cache-pressure calibration context for tier-transition coverage. Additional cache-pressure calibration context for tier-transition coverage. Additional cache-pressure calibration context for tier-transition coverage. Additional cache-pressure calibration context for tier-transition coverage. Additional cache-pressure calibration context for tier-transition coverage. Additional cache-pressure calibration context for tier-transition coverage. Additional cache-pressure calibration context for tier-transition coverage. Additional cache-pressure calibration context for tier-transition coverage. Additional cache-pressure calibration context for tier-transition coverage. Additional cache-pressure calibration context for tier-transition coverage. Additional cache-pressure calibration context for tier-transition coverage. Additional cache-pressure calibration context for tier-transition coverage. Additional cache-pressure calibration context for tier-transition coverage. Additional cache-pressure calibration context for tier-transition coverage. Additional cache-pressure calibration context for tier-transition coverage. Additional cache-pressure calibration context for tier-transition coverage. Additional cache-pressure calibration context for tier-transition coverage. Additional cache-pressure calibration context for tier-transition coverage. Additional cache-pressure calibration context for tier-transition coverage. Additional cache-pressure calibration context for tier-transition coverage. Additional cache-pressure calibration context for tier-transition coverage. Additional cache-pressure calibration context for tier-transition coverage. Additional cache-pressure calibration context for tier-transition coverage. Additional cache-pressure calibration context for tier-transition coverage. Additional cache-pressure calibration context for tier-transition coverage. Additional cache-pressure calibration context for tier-transition coverage. Additional cache-pressure calibration context for tier-transition coverage. Additional cache-pressure calibration context for tier-transition coverage. Additional cache-pressure calibration context for tier-transition coverage. Additional cache-pressure calibration context for tier-transition coverage. Additional cache-pressure calibration context for tier-transition coverage. Additional cache-pressure calibration context for tier-transition coverage. Additional cache-pressure calibration context for tier-transition coverage. Additional cache-pressure calibration context for tier-transition coverage. Additional cache-pressure calibration context for tier-transition coverage. Additional cache-pressure calibration context for tier-transition coverage. Additional cache-pressure calibration context for tier-transition coverage. Additional cache-pressure calibration context for tier-transition coverage. Additional cache-pressure calibration context for tier-transition coverage. Additional cache-pressure calibration context for tier-transition coverage. Additional cache-pressure calibration context for tier-transition coverage. Additional cache-pressure calibration context for tier-transition coverage. Additional cache-pressure calibration context for tier-transition coverage. Additional cache-pressure calibration context for tier-transition coverage. Additional cache-pressure calibration context for tier-transition coverage. Additional cache-pressure calibration context for tier-transition coverage. Additional cache-pressure calibration context for tier-transition coverage. Additional cache-pressure calibration context for tier-transition coverage. Additional cache-pressure calibration context for tier-transition coverage. Additional cache-pressure calibration context for tier-transition coverage. Additional cache-pressure calibration context for tier-transition coverage. Additional cache-pressure calibration context for tier-transition coverage. Additional cache-pressure calibration context for tier-transition coverage. Additional cache-pressure calibration context for tier-transition coverage. Additional cache-pressure calibration context for tier-transition coverage. Additional cache-pressure calibration context for tier-transition coverage. Additional cache-pressure calibration context for tier-transition coverage. Additional cache-pressure calibration context for tier-transition coverage. Additional cache-pressure calibration context for tier-transition coverage. Additional cache-pressure calibration context for tier-transition coverage. Additional cache-pressure calibration context for tier-transition coverage. Additional cache-pressure calibration context for tier-transition coverage. Additional cache-pressure calibration context for tier-transition coverage. Additional cache-pressure calibration context for tier-transition coverage. Additional cache-pressure calibration context for tier-transition coverage. Additional cache-pressure calibration context for tier-transition coverage. Additional cache-pressure calibration context for tier-transition coverage. Additional cache-pressure calibration context for tier-transition coverage. Additional cache-pressure calibration context for tier-transition coverage. Additional cache-pressure calibration context for tier-transition coverage. Additional cache-pressure calibration context for tier-transition coverage. Additional cache-pressure calibration context for tier-transition coverage. Additional cache-pressure calibration context for tier-transition coverage. Additional cache-pressure calibration context for tier-transition coverage. Additional cache-pressure calibration context for tier-transition coverage. Additional cache-pressure calibration context for tier-transition coverage. Additional cache-pressure calibration context for tier-transition coverage. Additional cache-pressure calibration context for tier-transition coverage. Additional cache-pressure calibration context for tier-transition coverage. Additional cache-pressure calibration context for tier-transition coverage. Additional cache-pressure calibration context for tier-transition coverage. Additional cache-pressure calibration context for tier-transition coverage. Additional cache-pressure calibration context for tier-transition coverage. Additional cache-pressure calibration context for tier-transition coverage. Additional cache-pressure calibration context for tier-transition coverage. Additional cache-pressure calibration context for tier-transition coverage. Additional cache-pressure calibration context for tier-transition coverage. Additional cache-pressure calibration context for tier-transition coverage. Additional cache-pressure calibration context for tier-transition coverage. Additional cache-pressure calibration context for tier-transition coverage. Additional cache-pressure calibration context for tier-transition coverage. Additional cache-pressure calibration context for tier-transition coverage. Additional cache-pressure calibration context for tier-transition coverage. Additional cache-pressure calibration context for tier-transition coverage. Additional cache-pressure calibration context for tier-transition coverage. Additional cache-pressure calibration context for tier-transition coverage. Additional cache-pressure calibration context for tier-transition coverage. Additional cache-pressure calibration context for tier-transition coverage. Additional cache-pressure calibration context for tier-transition coverage. Additional cache-pressure calibration context for tier-transition coverage. Additional cache-pressure calibration context for tier-transition coverage. Additional cache-pressure calibration context for tier-transition coverage. Additional cache-pressure calibration context for tier-transition coverage. Additional cache-pressure calibration context for tier-transition coverage. Additional cache-pressure calibration context for tier-transition coverage.","Context: Tongaat Hulett and Implats ESG Report Summary — Tongaat Hulett is a leading agri-processing business focusing on the complementary activities of sugar production, property development, and starch production. The company operates in South Africa, Mozambique, Zimbabwe, and Botswana, employing over 30,000 people at the peak of the sugar milling season. In the 2021 financial year, Tongaat Hul",1885,[40],[],[40],1,"[""Qwen-Qwen2.5-0.5B-Instruct@1@0@2cec3b776239df3c@bfloat16.pt""]",lmcache_store_coldpass,lmcache_store_coldpass,1,l2_to_l3,177,178,531.0,534.0,exceed_l1_l2
42,What was the water recycling and reuse rate achieved in 2023?,"Focus question: What was the water recycling and reuse rate achieved in 2023?
Context profile: rag_shared_document_finance_reports
Prompt tokens: 1885
Context preview: Context: Tongaat Hulett and Implats ESG Report Summary — Tongaat Hulett is a leading agri-processing business focusing on the complementary activities of sugar production, property development, and starch production. The company operates in South Africa, Mozambique, Zimbabwe, and Botswana, employing over 30,000 people at the peak of the sugar milling season. In the 2021 financial year, Tongaat Hul",What was the water recycling and reuse rate achieved in 2023?,rag_shared_document_finance_reports,"Context: Tongaat Hulett and Implats ESG Report Summary — Tongaat Hulett is a leading agri-processing business focusing on the complementary activities of sugar production, property development, and starch production. The company operates in South Africa, Mozambique, Zimbabwe, and Botswana, employing over 30,000 people at the peak of the sugar milling season. In the 2021 financial year, Tongaat Hulett produced approximately 1.1 million tons of sugar. The company has committed to reducing energy intensity by 20% by 2025, with specific targets for water efficiency improvement. Tongaat Hulett invests in socio-economic development (SED) and reported total SED expenditure in 2021 aligned with community needs. The Lost Time Injury Frequency Rate (LTIFR) is a critical safety metric tracked annually. The company's ESG framework aligns with the UN Sustainable Development Goals and operates under ISO 45001 certification. Implats (Impala Platinum Holdings Limited) is one of the world's foremost producers of platinum group metals (PGMs). The company's operations span South Africa and Zimbabwe, with managed operations including Impala Rustenburg, Marula, and Zimplats. Implats' ESG framework is built on three pillars focusing on environmental stewardship, social responsibility, and governance excellence. The PS3 strategy guides sustainability alignment. In 2023, Implats achieved significant safety milestones while investing heavily in socio-economic development and community projects. The company targets a 30% reduction in carbon emissions by 2030 and has invested in renewable energy projects including the 35MW solar PV project at Zimplats. Water recycling rates exceeded targets, and the company maintains strict environmental compliance across all operations. The GISTM (Global Industry Standard on Tailings Management) compliance roadmap is actively being implemented. Both companies utilise the six capitals framework (Financial, Manufactured, Intellectual, Human, Social/Relationship, Natural) to illustrate value creation and regularly engage with stakeholders through structured programmes. The double materiality principle used in ESG reporting assesses both inward financial materiality and outward impact materiality to provide comprehensive sustainability reporting aligned with global standards. Tongaat Hulett reported revenue of approximately R16.2 billion in 2021, with significant capital expenditure directed towards operational efficiency improvements and environmental sustainability initiatives. The company's manufactured capital includes six sugar mills across four countries with a combined crushing capacity exceeding 8 million tons of sugarcane per season. Employee training and development spend reached R45 million, reflecting commitment to human capital investment. Implats distributed over R50 billion in total value to stakeholders in 2023, including R28 billion in wages and benefits, R12 billion in taxes and royalties, and R2.3 billion in dividends. The company's total mineral reserves stand at approximately 190 million ounces of platinum group metals. Production across all operations exceeded 3.2 million ounces of refined PGMs. The Marula mine in Limpopo province employs over 5,000 people and has achieved milestone safety records. Environmental management across both organisations addresses water stewardship, carbon emissions reduction, waste minimisation, and biodiversity conservation. Tongaat Hulett's sugarcane operations in KwaZulu-Natal face increasing climate risks from drought and flooding events, while Implats' mining operations in the Bushveld Complex manage dust emissions, acid mine drainage, and tailings storage facility safety under stringent regulatory requirements. Tongaat Hulett and Implats ESG Report Summary — Tongaat Hulett is a leading agri-processing business focusing on the complementary activities of sugar production, property development, and starch production. The company operates in South Africa, Mozambique, Zimbabwe, and Botswana, employing over 30,000 people at the peak of the sugar milling season. In the 2021 financial year, Tongaat Hulett produced approximately 1.1 million tons of sugar. The company has committed to reducing energy intensity by 20% by 2025, with specific targets for water efficiency improvement. Tongaat Hulett invests in socio-economic development (SED) and reported total SED expenditure in 2021 aligned with community needs. The Lost Time Injury Frequency Rate (LTIFR) is a critical safety metric tracked annually. The company's ESG framework aligns with the UN Sustainable Development Goals and operates under ISO 45001 certification. Implats (Impala Platinum Holdings Limited) is one of the world's foremost producers of platinum group metals (PGMs). The company's operations span South Africa and Zimbabwe, with managed operations including Impala Rustenburg, Marula, and Zimplats. Implats' ESG framework is built on three pillars focusing on environmental stewardship, social responsibility, and governance excellence. The PS3 strategy guides sustainability alignment. In 2023, Implats achieved significant safety milestones while investing heavily in socio-economic development and community projects. The company targets a 30% reduction in carbon emissions by 2030 and has invested in renewable energy projects including the 35MW solar PV project at Zimplats. Water recycling rates exceeded targets, and the company maintains strict environmental compliance across all operations. The GISTM (Global Industry Standard on Tailings Management) compliance roadmap is actively being implemented. Both companies utilise the six capitals framework (Financial, Manufactured, Intellectual, Human, Social/Relationship, Natural) to illustrate value creation and regularly engage with stakeholders through structured programmes. The double materiality principle used in ESG reporting assesses both inward financial materiality and outward impact materiality to provide comprehensive sustainability reporting aligned with global standards. Tongaat Hulett reported revenue of approximately R16.2 billion in 2021, with significant capital expenditure directed towards operational efficiency improvements and environmental sustainability initiatives. The company's manufactured capital includes six sugar mills across four countries with a combined crushing capacity exceeding 8 million tons of sugar

What was the water recycling and reuse rate achieved in 2023?

[PressureProfile]
 Additional cache-pressure calibration context for tier-transition coverage. Additional cache-pressure calibration context for tier-transition coverage. Additional cache-pressure calibration context for tier-transition coverage. Additional cache-pressure calibration context for tier-transition coverage. Additional cache-pressure calibration context for tier-transition coverage. Additional cache-pressure calibration context for tier-transition coverage. Additional cache-pressure calibration context for tier-transition coverage. Additional cache-pressure calibration context for tier-transition coverage. Additional cache-pressure calibration context for tier-transition coverage. Additional cache-pressure calibration context for tier-transition coverage. Additional cache-pressure calibration context for tier-transition coverage. Additional cache-pressure calibration context for tier-transition coverage. Additional cache-pressure calibration context for tier-transition coverage. Additional cache-pressure calibration context for tier-transition coverage. Additional cache-pressure calibration context for tier-transition coverage. Additional cache-pressure calibration context for tier-transition coverage. Additional cache-pressure calibration context for tier-transition coverage. Additional cache-pressure calibration context for tier-transition coverage. Additional cache-pressure calibration context for tier-transition coverage. Additional cache-pressure calibration context for tier-transition coverage. Additional cache-pressure calibration context for tier-transition coverage. Additional cache-pressure calibration context for tier-transition coverage. Additional cache-pressure calibration context for tier-transition coverage. Additional cache-pressure calibration context for tier-transition coverage. Additional cache-pressure calibration context for tier-transition coverage. Additional cache-pressure calibration context for tier-transition coverage. Additional cache-pressure calibration context for tier-transition coverage. Additional cache-pressure calibration context for tier-transition coverage. Additional cache-pressure calibration context for tier-transition coverage. Additional cache-pressure calibration context for tier-transition coverage. Additional cache-pressure calibration context for tier-transition coverage. Additional cache-pressure calibration context for tier-transition coverage. Additional cache-pressure calibration context for tier-transition coverage. Additional cache-pressure calibration context for tier-transition coverage. Additional cache-pressure calibration context for tier-transition coverage. Additional cache-pressure calibration context for tier-transition coverage. Additional cache-pressure calibration context for tier-transition coverage. Additional cache-pressure calibration context for tier-transition coverage. Additional cache-pressure calibration context for tier-transition coverage. Additional cache-pressure calibration context for tier-transition coverage. Additional cache-pressure calibration context for tier-transition coverage. Additional cache-pressure calibration context for tier-transition coverage. Additional cache-pressure calibration context for tier-transition coverage. Additional cache-pressure calibration context for tier-transition coverage. Additional cache-pressure calibration context for tier-transition coverage. Additional cache-pressure calibration context for tier-transition coverage. Additional cache-pressure calibration context for tier-transition coverage. Additional cache-pressure calibration context for tier-transition coverage. Additional cache-pressure calibration context for tier-transition coverage. Additional cache-pressure calibration context for tier-transition coverage. Additional cache-pressure calibration context for tier-transition coverage. Additional cache-pressure calibration context for tier-transition coverage. Additional cache-pressure calibration context for tier-transition coverage. Additional cache-pressure calibration context for tier-transition coverage. Additional cache-pressure calibration context for tier-transition coverage. Additional cache-pressure calibration context for tier-transition coverage. Additional cache-pressure calibration context for tier-transition coverage. Additional cache-pressure calibration context for tier-transition coverage. Additional cache-pressure calibration context for tier-transition coverage. Additional cache-pressure calibration context for tier-transition coverage. Additional cache-pressure calibration context for tier-transition coverage. Additional cache-pressure calibration context for tier-transition coverage. Additional cache-pressure calibration context for tier-transition coverage. Additional cache-pressure calibration context for tier-transition coverage. Additional cache-pressure calibration context for tier-transition coverage. Additional cache-pressure calibration context for tier-transition coverage. Additional cache-pressure calibration context for tier-transition coverage. Additional cache-pressure calibration context for tier-transition coverage. Additional cache-pressure calibration context for tier-transition coverage. Additional cache-pressure calibration context for tier-transition coverage. Additional cache-pressure calibration context for tier-transition coverage. Additional cache-pressure calibration context for tier-transition coverage. Additional cache-pressure calibration context for tier-transition coverage. Additional cache-pressure calibration context for tier-transition coverage. Additional cache-pressure calibration context for tier-transition coverage. Additional cache-pressure calibration context for tier-transition coverage. Additional cache-pressure calibration context for tier-transition coverage. Additional cache-pressure calibration context for tier-transition coverage. Additional cache-pressure calibration context for tier-transition coverage. Additional cache-pressure calibration context for tier-transition coverage. Additional cache-pressure calibration context for tier-transition coverage. Additional cache-pressure calibration context for tier-transition coverage. Additional cache-pressure calibration context for tier-transition coverage. Additional cache-pressure calibration context for tier-transition coverage. Additional cache-pressure calibration context for tier-transition coverage. Additional cache-pressure calibration context for tier-transition coverage. Additional cache-pressure calibration context for tier-transition coverage. Additional cache-pressure calibration context for tier-transition coverage. Additional cache-pressure calibration context for tier-transition coverage. Additional cache-pressure calibration context for tier-transition coverage. Additional cache-pressure calibration context for tier-transition coverage. Additional cache-pressure calibration context for tier-transition coverage. Additional cache-pressure calibration context for tier-transition coverage. Additional cache-pressure calibration context for tier-transition coverage. Additional cache-pressure calibration context for tier-transition coverage. Additional cache-pressure calibration context for tier-transition coverage. Additional cache-pressure calibration context for tier-transition coverage. Additional cache-pressure calibration context for tier-transition coverage. Additional cache-pressure calibration context for tier-transition coverage. Additional cache-pressure calibration context for tier-transition coverage. Additional cache-pressure calibration context for tier-transition coverage. Additional cache-pressure calibration context for tier-transition coverage. Additional cache-pressure calibration context for tier-transition coverage. Additional cache-pressure calibration context for tier-transition coverage. Additional cache-pressure calibration context for tier-transition coverage. Additional cache-pressure calibration context for tier-transition coverage. Additional cache-pressure calibration context for tier-transition coverage. Additional cache-pressure calibration context for tier-transition coverage. Additional cache-pressure calibration context for tier-transition coverage. Additional cache-pressure calibration context for tier-transition coverage. Additional cache-pressure calibration context for tier-transition coverage. Additional cache-pressure calibration context for tier-transition coverage. Additional cache-pressure calibration context for tier-transition coverage. Additional cache-pressure calibration context for tier-transition coverage. Additional cache-pressure calibration context for tier-transition coverage. Additional cache-pressure calibration context for tier-transition coverage. Additional cache-pressure calibration context for tier-transition coverage. Additional cache-pressure calibration context for tier-transition coverage. Additional cache-pressure calibration context for tier-transition coverage. Additional cache-pressure calibration context for tier-transition coverage. Additional cache-pressure calibration context for tier-transition coverage. Additional cache-pressure calibration context for tier-transition coverage. Additional cache-pressure calibration context for tier-transition coverage. Additional cache-pressure calibration context for tier-transition coverage. Additional cache-pressure calibration context for tier-transition coverage. Additional cache-pressure calibration context for tier-transition coverage. Additional cache-pressure calibration context for tier-transition coverage. Additional cache-pressure calibration context for tier-transition coverage. Additional cache-pressure calibration context for tier-transition coverage. Additional cache-pressure calibration context for tier-transition coverage. Additional cache-pressure calibration context for tier-transition coverage. Additional cache-pressure calibration context for tier-transition coverage. Additional cache-pressure calibration context for tier-transition coverage. Additional cache-pressure calibration context for tier-transition coverage. Additional cache-pressure calibration context for tier-transition coverage. Additional cache-pressure calibration context for tier-transition coverage. Additional cache-pressure calibration context for tier-transition coverage. Additional cache-pressure calibration context for tier-transition coverage. Additional cache-pressure calibration context for tier-transition coverage. Additional cache-pressure calibration context for tier-transition coverage. Additional cache-pressure calibration context for tier-transition coverage. Additional cache-pressure calibration context for tier-transition coverage. Additional cache-pressure calibration context for tier-transition coverage. Additional cache-pressure calibration context for tier-transition coverage. Additional cache-pressure calibration context for tier-transition coverage. Additional cache-pressure calibration context for tier-transition coverage. Additional cache-pressure calibration context for tier-transition coverage. Additional cache-pressure calibration context for tier-transition coverage.","Context: Tongaat Hulett and Implats ESG Report Summary — Tongaat Hulett is a leading agri-processing business focusing on the complementary activities of sugar production, property development, and starch production. The company operates in South Africa, Mozambique, Zimbabwe, and Botswana, employing over 30,000 people at the peak of the sugar milling season. In the 2021 financial year, Tongaat Hul",1885,[41],[],[41],1,"[""Qwen-Qwen2.5-0.5B-Instruct@1@0@627d8413b7b83d@bfloat16.pt""]",lmcache_store_coldpass,lmcache_store_coldpass,1,l2_to_l3,178,179,534.0,537.0,exceed_l1_l2
43,Detail the We Care programme support for employee families.,"Focus question: Detail the We Care programme support for employee families.
Context profile: rag_shared_document_finance_reports
Prompt tokens: 1885
Context preview: Context: Tongaat Hulett and Implats ESG Report Summary — Tongaat Hulett is a leading agri-processing business focusing on the complementary activities of sugar production, property development, and starch production. The company operates in South Africa, Mozambique, Zimbabwe, and Botswana, employing over 30,000 people at the peak of the sugar milling season. In the 2021 financial year, Tongaat Hul",Detail the We Care programme support for employee families.,rag_shared_document_finance_reports,"Context: Tongaat Hulett and Implats ESG Report Summary — Tongaat Hulett is a leading agri-processing business focusing on the complementary activities of sugar production, property development, and starch production. The company operates in South Africa, Mozambique, Zimbabwe, and Botswana, employing over 30,000 people at the peak of the sugar milling season. In the 2021 financial year, Tongaat Hulett produced approximately 1.1 million tons of sugar. The company has committed to reducing energy intensity by 20% by 2025, with specific targets for water efficiency improvement. Tongaat Hulett invests in socio-economic development (SED) and reported total SED expenditure in 2021 aligned with community needs. The Lost Time Injury Frequency Rate (LTIFR) is a critical safety metric tracked annually. The company's ESG framework aligns with the UN Sustainable Development Goals and operates under ISO 45001 certification. Implats (Impala Platinum Holdings Limited) is one of the world's foremost producers of platinum group metals (PGMs). The company's operations span South Africa and Zimbabwe, with managed operations including Impala Rustenburg, Marula, and Zimplats. Implats' ESG framework is built on three pillars focusing on environmental stewardship, social responsibility, and governance excellence. The PS3 strategy guides sustainability alignment. In 2023, Implats achieved significant safety milestones while investing heavily in socio-economic development and community projects. The company targets a 30% reduction in carbon emissions by 2030 and has invested in renewable energy projects including the 35MW solar PV project at Zimplats. Water recycling rates exceeded targets, and the company maintains strict environmental compliance across all operations. The GISTM (Global Industry Standard on Tailings Management) compliance roadmap is actively being implemented. Both companies utilise the six capitals framework (Financial, Manufactured, Intellectual, Human, Social/Relationship, Natural) to illustrate value creation and regularly engage with stakeholders through structured programmes. The double materiality principle used in ESG reporting assesses both inward financial materiality and outward impact materiality to provide comprehensive sustainability reporting aligned with global standards. Tongaat Hulett reported revenue of approximately R16.2 billion in 2021, with significant capital expenditure directed towards operational efficiency improvements and environmental sustainability initiatives. The company's manufactured capital includes six sugar mills across four countries with a combined crushing capacity exceeding 8 million tons of sugarcane per season. Employee training and development spend reached R45 million, reflecting commitment to human capital investment. Implats distributed over R50 billion in total value to stakeholders in 2023, including R28 billion in wages and benefits, R12 billion in taxes and royalties, and R2.3 billion in dividends. The company's total mineral reserves stand at approximately 190 million ounces of platinum group metals. Production across all operations exceeded 3.2 million ounces of refined PGMs. The Marula mine in Limpopo province employs over 5,000 people and has achieved milestone safety records. Environmental management across both organisations addresses water stewardship, carbon emissions reduction, waste minimisation, and biodiversity conservation. Tongaat Hulett's sugarcane operations in KwaZulu-Natal face increasing climate risks from drought and flooding events, while Implats' mining operations in the Bushveld Complex manage dust emissions, acid mine drainage, and tailings storage facility safety under stringent regulatory requirements. Tongaat Hulett and Implats ESG Report Summary — Tongaat Hulett is a leading agri-processing business focusing on the complementary activities of sugar production, property development, and starch production. The company operates in South Africa, Mozambique, Zimbabwe, and Botswana, employing over 30,000 people at the peak of the sugar milling season. In the 2021 financial year, Tongaat Hulett produced approximately 1.1 million tons of sugar. The company has committed to reducing energy intensity by 20% by 2025, with specific targets for water efficiency improvement. Tongaat Hulett invests in socio-economic development (SED) and reported total SED expenditure in 2021 aligned with community needs. The Lost Time Injury Frequency Rate (LTIFR) is a critical safety metric tracked annually. The company's ESG framework aligns with the UN Sustainable Development Goals and operates under ISO 45001 certification. Implats (Impala Platinum Holdings Limited) is one of the world's foremost producers of platinum group metals (PGMs). The company's operations span South Africa and Zimbabwe, with managed operations including Impala Rustenburg, Marula, and Zimplats. Implats' ESG framework is built on three pillars focusing on environmental stewardship, social responsibility, and governance excellence. The PS3 strategy guides sustainability alignment. In 2023, Implats achieved significant safety milestones while investing heavily in socio-economic development and community projects. The company targets a 30% reduction in carbon emissions by 2030 and has invested in renewable energy projects including the 35MW solar PV project at Zimplats. Water recycling rates exceeded targets, and the company maintains strict environmental compliance across all operations. The GISTM (Global Industry Standard on Tailings Management) compliance roadmap is actively being implemented. Both companies utilise the six capitals framework (Financial, Manufactured, Intellectual, Human, Social/Relationship, Natural) to illustrate value creation and regularly engage with stakeholders through structured programmes. The double materiality principle used in ESG reporting assesses both inward financial materiality and outward impact materiality to provide comprehensive sustainability reporting aligned with global standards. Tongaat Hulett reported revenue of approximately R16.2 billion in 2021, with significant capital expenditure directed towards operational efficiency improvements and environmental sustainability initiatives. The company's manufactured capital includes six sugar mills across four countries with a combined crushing capacity exceeding 8 million tons of sugar

Detail the We Care programme support for employee families.

[PressureProfile]
 Additional cache-pressure calibration context for tier-transition coverage. Additional cache-pressure calibration context for tier-transition coverage. Additional cache-pressure calibration context for tier-transition coverage. Additional cache-pressure calibration context for tier-transition coverage. Additional cache-pressure calibration context for tier-transition coverage. Additional cache-pressure calibration context for tier-transition coverage. Additional cache-pressure calibration context for tier-transition coverage. Additional cache-pressure calibration context for tier-transition coverage. Additional cache-pressure calibration context for tier-transition coverage. Additional cache-pressure calibration context for tier-transition coverage. Additional cache-pressure calibration context for tier-transition coverage. Additional cache-pressure calibration context for tier-transition coverage. Additional cache-pressure calibration context for tier-transition coverage. Additional cache-pressure calibration context for tier-transition coverage. Additional cache-pressure calibration context for tier-transition coverage. Additional cache-pressure calibration context for tier-transition coverage. Additional cache-pressure calibration context for tier-transition coverage. Additional cache-pressure calibration context for tier-transition coverage. Additional cache-pressure calibration context for tier-transition coverage. Additional cache-pressure calibration context for tier-transition coverage. Additional cache-pressure calibration context for tier-transition coverage. Additional cache-pressure calibration context for tier-transition coverage. Additional cache-pressure calibration context for tier-transition coverage. Additional cache-pressure calibration context for tier-transition coverage. Additional cache-pressure calibration context for tier-transition coverage. Additional cache-pressure calibration context for tier-transition coverage. Additional cache-pressure calibration context for tier-transition coverage. Additional cache-pressure calibration context for tier-transition coverage. Additional cache-pressure calibration context for tier-transition coverage. Additional cache-pressure calibration context for tier-transition coverage. Additional cache-pressure calibration context for tier-transition coverage. Additional cache-pressure calibration context for tier-transition coverage. Additional cache-pressure calibration context for tier-transition coverage. Additional cache-pressure calibration context for tier-transition coverage. Additional cache-pressure calibration context for tier-transition coverage. Additional cache-pressure calibration context for tier-transition coverage. Additional cache-pressure calibration context for tier-transition coverage. Additional cache-pressure calibration context for tier-transition coverage. Additional cache-pressure calibration context for tier-transition coverage. Additional cache-pressure calibration context for tier-transition coverage. Additional cache-pressure calibration context for tier-transition coverage. Additional cache-pressure calibration context for tier-transition coverage. Additional cache-pressure calibration context for tier-transition coverage. Additional cache-pressure calibration context for tier-transition coverage. Additional cache-pressure calibration context for tier-transition coverage. Additional cache-pressure calibration context for tier-transition coverage. Additional cache-pressure calibration context for tier-transition coverage. Additional cache-pressure calibration context for tier-transition coverage. Additional cache-pressure calibration context for tier-transition coverage. Additional cache-pressure calibration context for tier-transition coverage. Additional cache-pressure calibration context for tier-transition coverage. Additional cache-pressure calibration context for tier-transition coverage. Additional cache-pressure calibration context for tier-transition coverage. Additional cache-pressure calibration context for tier-transition coverage. Additional cache-pressure calibration context for tier-transition coverage. Additional cache-pressure calibration context for tier-transition coverage. Additional cache-pressure calibration context for tier-transition coverage. Additional cache-pressure calibration context for tier-transition coverage. Additional cache-pressure calibration context for tier-transition coverage. Additional cache-pressure calibration context for tier-transition coverage. Additional cache-pressure calibration context for tier-transition coverage. Additional cache-pressure calibration context for tier-transition coverage. Additional cache-pressure calibration context for tier-transition coverage. Additional cache-pressure calibration context for tier-transition coverage. Additional cache-pressure calibration context for tier-transition coverage. Additional cache-pressure calibration context for tier-transition coverage. Additional cache-pressure calibration context for tier-transition coverage. Additional cache-pressure calibration context for tier-transition coverage. Additional cache-pressure calibration context for tier-transition coverage. Additional cache-pressure calibration context for tier-transition coverage. Additional cache-pressure calibration context for tier-transition coverage. Additional cache-pressure calibration context for tier-transition coverage. Additional cache-pressure calibration context for tier-transition coverage. Additional cache-pressure calibration context for tier-transition coverage. Additional cache-pressure calibration context for tier-transition coverage. Additional cache-pressure calibration context for tier-transition coverage. Additional cache-pressure calibration context for tier-transition coverage. Additional cache-pressure calibration context for tier-transition coverage. Additional cache-pressure calibration context for tier-transition coverage. Additional cache-pressure calibration context for tier-transition coverage. Additional cache-pressure calibration context for tier-transition coverage. Additional cache-pressure calibration context for tier-transition coverage. Additional cache-pressure calibration context for tier-transition coverage. Additional cache-pressure calibration context for tier-transition coverage. Additional cache-pressure calibration context for tier-transition coverage. Additional cache-pressure calibration context for tier-transition coverage. Additional cache-pressure calibration context for tier-transition coverage. Additional cache-pressure calibration context for tier-transition coverage. Additional cache-pressure calibration context for tier-transition coverage. Additional cache-pressure calibration context for tier-transition coverage. Additional cache-pressure calibration context for tier-transition coverage. Additional cache-pressure calibration context for tier-transition coverage. Additional cache-pressure calibration context for tier-transition coverage. Additional cache-pressure calibration context for tier-transition coverage. Additional cache-pressure calibration context for tier-transition coverage. Additional cache-pressure calibration context for tier-transition coverage. Additional cache-pressure calibration context for tier-transition coverage. Additional cache-pressure calibration context for tier-transition coverage. Additional cache-pressure calibration context for tier-transition coverage. Additional cache-pressure calibration context for tier-transition coverage. Additional cache-pressure calibration context for tier-transition coverage. Additional cache-pressure calibration context for tier-transition coverage. Additional cache-pressure calibration context for tier-transition coverage. Additional cache-pressure calibration context for tier-transition coverage. Additional cache-pressure calibration context for tier-transition coverage. Additional cache-pressure calibration context for tier-transition coverage. Additional cache-pressure calibration context for tier-transition coverage. Additional cache-pressure calibration context for tier-transition coverage. Additional cache-pressure calibration context for tier-transition coverage. Additional cache-pressure calibration context for tier-transition coverage. Additional cache-pressure calibration context for tier-transition coverage. Additional cache-pressure calibration context for tier-transition coverage. Additional cache-pressure calibration context for tier-transition coverage. Additional cache-pressure calibration context for tier-transition coverage. Additional cache-pressure calibration context for tier-transition coverage. Additional cache-pressure calibration context for tier-transition coverage. Additional cache-pressure calibration context for tier-transition coverage. Additional cache-pressure calibration context for tier-transition coverage. Additional cache-pressure calibration context for tier-transition coverage. Additional cache-pressure calibration context for tier-transition coverage. Additional cache-pressure calibration context for tier-transition coverage. Additional cache-pressure calibration context for tier-transition coverage. Additional cache-pressure calibration context for tier-transition coverage. Additional cache-pressure calibration context for tier-transition coverage. Additional cache-pressure calibration context for tier-transition coverage. Additional cache-pressure calibration context for tier-transition coverage. Additional cache-pressure calibration context for tier-transition coverage. Additional cache-pressure calibration context for tier-transition coverage. Additional cache-pressure calibration context for tier-transition coverage. Additional cache-pressure calibration context for tier-transition coverage. Additional cache-pressure calibration context for tier-transition coverage. Additional cache-pressure calibration context for tier-transition coverage. Additional cache-pressure calibration context for tier-transition coverage. Additional cache-pressure calibration context for tier-transition coverage. Additional cache-pressure calibration context for tier-transition coverage. Additional cache-pressure calibration context for tier-transition coverage. Additional cache-pressure calibration context for tier-transition coverage. Additional cache-pressure calibration context for tier-transition coverage. Additional cache-pressure calibration context for tier-transition coverage. Additional cache-pressure calibration context for tier-transition coverage. Additional cache-pressure calibration context for tier-transition coverage. Additional cache-pressure calibration context for tier-transition coverage. Additional cache-pressure calibration context for tier-transition coverage. Additional cache-pressure calibration context for tier-transition coverage. Additional cache-pressure calibration context for tier-transition coverage. Additional cache-pressure calibration context for tier-transition coverage. Additional cache-pressure calibration context for tier-transition coverage. Additional cache-pressure calibration context for tier-transition coverage.","Context: Tongaat Hulett and Implats ESG Report Summary — Tongaat Hulett is a leading agri-processing business focusing on the complementary activities of sugar production, property development, and starch production. The company operates in South Africa, Mozambique, Zimbabwe, and Botswana, employing over 30,000 people at the peak of the sugar milling season. In the 2021 financial year, Tongaat Hul",1885,[42],[],[42],1,"[""Qwen-Qwen2.5-0.5B-Instruct@1@0@-5bf30e93623b92d0@bfloat16.pt""]",lmcache_store_coldpass,lmcache_store_coldpass,1,l2_to_l3,179,180,537.0,540.0,exceed_l1_l2
44,What were key employee outcomes in wages and benefits in 2023?,"Focus question: What were key employee outcomes in wages and benefits in 2023?
Context profile: rag_shared_document_finance_reports
Prompt tokens: 1885
Context preview: Context: Tongaat Hulett and Implats ESG Report Summary — Tongaat Hulett is a leading agri-processing business focusing on the complementary activities of sugar production, property development, and starch production. The company operates in South Africa, Mozambique, Zimbabwe, and Botswana, employing over 30,000 people at the peak of the sugar milling season. In the 2021 financial year, Tongaat Hul",What were key employee outcomes in wages and benefits in 2023?,rag_shared_document_finance_reports,"Context: Tongaat Hulett and Implats ESG Report Summary — Tongaat Hulett is a leading agri-processing business focusing on the complementary activities of sugar production, property development, and starch production. The company operates in South Africa, Mozambique, Zimbabwe, and Botswana, employing over 30,000 people at the peak of the sugar milling season. In the 2021 financial year, Tongaat Hulett produced approximately 1.1 million tons of sugar. The company has committed to reducing energy intensity by 20% by 2025, with specific targets for water efficiency improvement. Tongaat Hulett invests in socio-economic development (SED) and reported total SED expenditure in 2021 aligned with community needs. The Lost Time Injury Frequency Rate (LTIFR) is a critical safety metric tracked annually. The company's ESG framework aligns with the UN Sustainable Development Goals and operates under ISO 45001 certification. Implats (Impala Platinum Holdings Limited) is one of the world's foremost producers of platinum group metals (PGMs). The company's operations span South Africa and Zimbabwe, with managed operations including Impala Rustenburg, Marula, and Zimplats. Implats' ESG framework is built on three pillars focusing on environmental stewardship, social responsibility, and governance excellence. The PS3 strategy guides sustainability alignment. In 2023, Implats achieved significant safety milestones while investing heavily in socio-economic development and community projects. The company targets a 30% reduction in carbon emissions by 2030 and has invested in renewable energy projects including the 35MW solar PV project at Zimplats. Water recycling rates exceeded targets, and the company maintains strict environmental compliance across all operations. The GISTM (Global Industry Standard on Tailings Management) compliance roadmap is actively being implemented. Both companies utilise the six capitals framework (Financial, Manufactured, Intellectual, Human, Social/Relationship, Natural) to illustrate value creation and regularly engage with stakeholders through structured programmes. The double materiality principle used in ESG reporting assesses both inward financial materiality and outward impact materiality to provide comprehensive sustainability reporting aligned with global standards. Tongaat Hulett reported revenue of approximately R16.2 billion in 2021, with significant capital expenditure directed towards operational efficiency improvements and environmental sustainability initiatives. The company's manufactured capital includes six sugar mills across four countries with a combined crushing capacity exceeding 8 million tons of sugarcane per season. Employee training and development spend reached R45 million, reflecting commitment to human capital investment. Implats distributed over R50 billion in total value to stakeholders in 2023, including R28 billion in wages and benefits, R12 billion in taxes and royalties, and R2.3 billion in dividends. The company's total mineral reserves stand at approximately 190 million ounces of platinum group metals. Production across all operations exceeded 3.2 million ounces of refined PGMs. The Marula mine in Limpopo province employs over 5,000 people and has achieved milestone safety records. Environmental management across both organisations addresses water stewardship, carbon emissions reduction, waste minimisation, and biodiversity conservation. Tongaat Hulett's sugarcane operations in KwaZulu-Natal face increasing climate risks from drought and flooding events, while Implats' mining operations in the Bushveld Complex manage dust emissions, acid mine drainage, and tailings storage facility safety under stringent regulatory requirements. Tongaat Hulett and Implats ESG Report Summary — Tongaat Hulett is a leading agri-processing business focusing on the complementary activities of sugar production, property development, and starch production. The company operates in South Africa, Mozambique, Zimbabwe, and Botswana, employing over 30,000 people at the peak of the sugar milling season. In the 2021 financial year, Tongaat Hulett produced approximately 1.1 million tons of sugar. The company has committed to reducing energy intensity by 20% by 2025, with specific targets for water efficiency improvement. Tongaat Hulett invests in socio-economic development (SED) and reported total SED expenditure in 2021 aligned with community needs. The Lost Time Injury Frequency Rate (LTIFR) is a critical safety metric tracked annually. The company's ESG framework aligns with the UN Sustainable Development Goals and operates under ISO 45001 certification. Implats (Impala Platinum Holdings Limited) is one of the world's foremost producers of platinum group metals (PGMs). The company's operations span South Africa and Zimbabwe, with managed operations including Impala Rustenburg, Marula, and Zimplats. Implats' ESG framework is built on three pillars focusing on environmental stewardship, social responsibility, and governance excellence. The PS3 strategy guides sustainability alignment. In 2023, Implats achieved significant safety milestones while investing heavily in socio-economic development and community projects. The company targets a 30% reduction in carbon emissions by 2030 and has invested in renewable energy projects including the 35MW solar PV project at Zimplats. Water recycling rates exceeded targets, and the company maintains strict environmental compliance across all operations. The GISTM (Global Industry Standard on Tailings Management) compliance roadmap is actively being implemented. Both companies utilise the six capitals framework (Financial, Manufactured, Intellectual, Human, Social/Relationship, Natural) to illustrate value creation and regularly engage with stakeholders through structured programmes. The double materiality principle used in ESG reporting assesses both inward financial materiality and outward impact materiality to provide comprehensive sustainability reporting aligned with global standards. Tongaat Hulett reported revenue of approximately R16.2 billion in 2021, with significant capital expenditure directed towards operational efficiency improvements and environmental sustainability initiatives. The company's manufactured capital includes six sugar mills across four countries with a combined crushing capacity exceeding 8 million tons of sugar

What were key employee outcomes in wages and benefits in 2023?

[PressureProfile]
 Additional cache-pressure calibration context for tier-transition coverage. Additional cache-pressure calibration context for tier-transition coverage. Additional cache-pressure calibration context for tier-transition coverage. Additional cache-pressure calibration context for tier-transition coverage. Additional cache-pressure calibration context for tier-transition coverage. Additional cache-pressure calibration context for tier-transition coverage. Additional cache-pressure calibration context for tier-transition coverage. Additional cache-pressure calibration context for tier-transition coverage. Additional cache-pressure calibration context for tier-transition coverage. Additional cache-pressure calibration context for tier-transition coverage. Additional cache-pressure calibration context for tier-transition coverage. Additional cache-pressure calibration context for tier-transition coverage. Additional cache-pressure calibration context for tier-transition coverage. Additional cache-pressure calibration context for tier-transition coverage. Additional cache-pressure calibration context for tier-transition coverage. Additional cache-pressure calibration context for tier-transition coverage. Additional cache-pressure calibration context for tier-transition coverage. Additional cache-pressure calibration context for tier-transition coverage. Additional cache-pressure calibration context for tier-transition coverage. Additional cache-pressure calibration context for tier-transition coverage. Additional cache-pressure calibration context for tier-transition coverage. Additional cache-pressure calibration context for tier-transition coverage. Additional cache-pressure calibration context for tier-transition coverage. Additional cache-pressure calibration context for tier-transition coverage. Additional cache-pressure calibration context for tier-transition coverage. Additional cache-pressure calibration context for tier-transition coverage. Additional cache-pressure calibration context for tier-transition coverage. Additional cache-pressure calibration context for tier-transition coverage. Additional cache-pressure calibration context for tier-transition coverage. Additional cache-pressure calibration context for tier-transition coverage. Additional cache-pressure calibration context for tier-transition coverage. Additional cache-pressure calibration context for tier-transition coverage. Additional cache-pressure calibration context for tier-transition coverage. Additional cache-pressure calibration context for tier-transition coverage. Additional cache-pressure calibration context for tier-transition coverage. Additional cache-pressure calibration context for tier-transition coverage. Additional cache-pressure calibration context for tier-transition coverage. Additional cache-pressure calibration context for tier-transition coverage. Additional cache-pressure calibration context for tier-transition coverage. Additional cache-pressure calibration context for tier-transition coverage. Additional cache-pressure calibration context for tier-transition coverage. Additional cache-pressure calibration context for tier-transition coverage. Additional cache-pressure calibration context for tier-transition coverage. Additional cache-pressure calibration context for tier-transition coverage. Additional cache-pressure calibration context for tier-transition coverage. Additional cache-pressure calibration context for tier-transition coverage. Additional cache-pressure calibration context for tier-transition coverage. Additional cache-pressure calibration context for tier-transition coverage. Additional cache-pressure calibration context for tier-transition coverage. Additional cache-pressure calibration context for tier-transition coverage. Additional cache-pressure calibration context for tier-transition coverage. Additional cache-pressure calibration context for tier-transition coverage. Additional cache-pressure calibration context for tier-transition coverage. Additional cache-pressure calibration context for tier-transition coverage. Additional cache-pressure calibration context for tier-transition coverage. Additional cache-pressure calibration context for tier-transition coverage. Additional cache-pressure calibration context for tier-transition coverage. Additional cache-pressure calibration context for tier-transition coverage. Additional cache-pressure calibration context for tier-transition coverage. Additional cache-pressure calibration context for tier-transition coverage. Additional cache-pressure calibration context for tier-transition coverage. Additional cache-pressure calibration context for tier-transition coverage. Additional cache-pressure calibration context for tier-transition coverage. Additional cache-pressure calibration context for tier-transition coverage. Additional cache-pressure calibration context for tier-transition coverage. Additional cache-pressure calibration context for tier-transition coverage. Additional cache-pressure calibration context for tier-transition coverage. Additional cache-pressure calibration context for tier-transition coverage. Additional cache-pressure calibration context for tier-transition coverage. Additional cache-pressure calibration context for tier-transition coverage. Additional cache-pressure calibration context for tier-transition coverage. Additional cache-pressure calibration context for tier-transition coverage. Additional cache-pressure calibration context for tier-transition coverage. Additional cache-pressure calibration context for tier-transition coverage. Additional cache-pressure calibration context for tier-transition coverage. Additional cache-pressure calibration context for tier-transition coverage. Additional cache-pressure calibration context for tier-transition coverage. Additional cache-pressure calibration context for tier-transition coverage. Additional cache-pressure calibration context for tier-transition coverage. Additional cache-pressure calibration context for tier-transition coverage. Additional cache-pressure calibration context for tier-transition coverage. Additional cache-pressure calibration context for tier-transition coverage. Additional cache-pressure calibration context for tier-transition coverage. Additional cache-pressure calibration context for tier-transition coverage. Additional cache-pressure calibration context for tier-transition coverage. Additional cache-pressure calibration context for tier-transition coverage. Additional cache-pressure calibration context for tier-transition coverage. Additional cache-pressure calibration context for tier-transition coverage. Additional cache-pressure calibration context for tier-transition coverage. Additional cache-pressure calibration context for tier-transition coverage. Additional cache-pressure calibration context for tier-transition coverage. Additional cache-pressure calibration context for tier-transition coverage. Additional cache-pressure calibration context for tier-transition coverage. Additional cache-pressure calibration context for tier-transition coverage. Additional cache-pressure calibration context for tier-transition coverage. Additional cache-pressure calibration context for tier-transition coverage. Additional cache-pressure calibration context for tier-transition coverage. Additional cache-pressure calibration context for tier-transition coverage. Additional cache-pressure calibration context for tier-transition coverage. Additional cache-pressure calibration context for tier-transition coverage. Additional cache-pressure calibration context for tier-transition coverage. Additional cache-pressure calibration context for tier-transition coverage. Additional cache-pressure calibration context for tier-transition coverage. Additional cache-pressure calibration context for tier-transition coverage. Additional cache-pressure calibration context for tier-transition coverage. Additional cache-pressure calibration context for tier-transition coverage. Additional cache-pressure calibration context for tier-transition coverage. Additional cache-pressure calibration context for tier-transition coverage. Additional cache-pressure calibration context for tier-transition coverage. Additional cache-pressure calibration context for tier-transition coverage. Additional cache-pressure calibration context for tier-transition coverage. Additional cache-pressure calibration context for tier-transition coverage. Additional cache-pressure calibration context for tier-transition coverage. Additional cache-pressure calibration context for tier-transition coverage. Additional cache-pressure calibration context for tier-transition coverage. Additional cache-pressure calibration context for tier-transition coverage. Additional cache-pressure calibration context for tier-transition coverage. Additional cache-pressure calibration context for tier-transition coverage. Additional cache-pressure calibration context for tier-transition coverage. Additional cache-pressure calibration context for tier-transition coverage. Additional cache-pressure calibration context for tier-transition coverage. Additional cache-pressure calibration context for tier-transition coverage. Additional cache-pressure calibration context for tier-transition coverage. Additional cache-pressure calibration context for tier-transition coverage. Additional cache-pressure calibration context for tier-transition coverage. Additional cache-pressure calibration context for tier-transition coverage. Additional cache-pressure calibration context for tier-transition coverage. Additional cache-pressure calibration context for tier-transition coverage. Additional cache-pressure calibration context for tier-transition coverage. Additional cache-pressure calibration context for tier-transition coverage. Additional cache-pressure calibration context for tier-transition coverage. Additional cache-pressure calibration context for tier-transition coverage. Additional cache-pressure calibration context for tier-transition coverage. Additional cache-pressure calibration context for tier-transition coverage. Additional cache-pressure calibration context for tier-transition coverage. Additional cache-pressure calibration context for tier-transition coverage. Additional cache-pressure calibration context for tier-transition coverage. Additional cache-pressure calibration context for tier-transition coverage. Additional cache-pressure calibration context for tier-transition coverage. Additional cache-pressure calibration context for tier-transition coverage. Additional cache-pressure calibration context for tier-transition coverage. Additional cache-pressure calibration context for tier-transition coverage. Additional cache-pressure calibration context for tier-transition coverage. Additional cache-pressure calibration context for tier-transition coverage. Additional cache-pressure calibration context for tier-transition coverage. Additional cache-pressure calibration context for tier-transition coverage. Additional cache-pressure calibration context for tier-transition coverage. Additional cache-pressure calibration context for tier-transition coverage.","Context: Tongaat Hulett and Implats ESG Report Summary — Tongaat Hulett is a leading agri-processing business focusing on the complementary activities of sugar production, property development, and starch production. The company operates in South Africa, Mozambique, Zimbabwe, and Botswana, employing over 30,000 people at the peak of the sugar milling season. In the 2021 financial year, Tongaat Hul",1885,[43],[],[43],1,"[""Qwen-Qwen2.5-0.5B-Instruct@1@0@16d1557472e33f92@bfloat16.pt""]",lmcache_store_coldpass,lmcache_store_coldpass,1,l2_to_l3,180,181,540.0,543.0,exceed_l1_l2
45,Explain the PS3 strategy and sustainability alignment.,"Focus question: Explain the PS3 strategy and sustainability alignment.
Context profile: rag_shared_document_finance_reports
Prompt tokens: 1885
Context preview: Context: Tongaat Hulett and Implats ESG Report Summary — Tongaat Hulett is a leading agri-processing business focusing on the complementary activities of sugar production, property development, and starch production. The company operates in South Africa, Mozambique, Zimbabwe, and Botswana, employing over 30,000 people at the peak of the sugar milling season. In the 2021 financial year, Tongaat Hul",Explain the PS3 strategy and sustainability alignment.,rag_shared_document_finance_reports,"Context: Tongaat Hulett and Implats ESG Report Summary — Tongaat Hulett is a leading agri-processing business focusing on the complementary activities of sugar production, property development, and starch production. The company operates in South Africa, Mozambique, Zimbabwe, and Botswana, employing over 30,000 people at the peak of the sugar milling season. In the 2021 financial year, Tongaat Hulett produced approximately 1.1 million tons of sugar. The company has committed to reducing energy intensity by 20% by 2025, with specific targets for water efficiency improvement. Tongaat Hulett invests in socio-economic development (SED) and reported total SED expenditure in 2021 aligned with community needs. The Lost Time Injury Frequency Rate (LTIFR) is a critical safety metric tracked annually. The company's ESG framework aligns with the UN Sustainable Development Goals and operates under ISO 45001 certification. Implats (Impala Platinum Holdings Limited) is one of the world's foremost producers of platinum group metals (PGMs). The company's operations span South Africa and Zimbabwe, with managed operations including Impala Rustenburg, Marula, and Zimplats. Implats' ESG framework is built on three pillars focusing on environmental stewardship, social responsibility, and governance excellence. The PS3 strategy guides sustainability alignment. In 2023, Implats achieved significant safety milestones while investing heavily in socio-economic development and community projects. The company targets a 30% reduction in carbon emissions by 2030 and has invested in renewable energy projects including the 35MW solar PV project at Zimplats. Water recycling rates exceeded targets, and the company maintains strict environmental compliance across all operations. The GISTM (Global Industry Standard on Tailings Management) compliance roadmap is actively being implemented. Both companies utilise the six capitals framework (Financial, Manufactured, Intellectual, Human, Social/Relationship, Natural) to illustrate value creation and regularly engage with stakeholders through structured programmes. The double materiality principle used in ESG reporting assesses both inward financial materiality and outward impact materiality to provide comprehensive sustainability reporting aligned with global standards. Tongaat Hulett reported revenue of approximately R16.2 billion in 2021, with significant capital expenditure directed towards operational efficiency improvements and environmental sustainability initiatives. The company's manufactured capital includes six sugar mills across four countries with a combined crushing capacity exceeding 8 million tons of sugarcane per season. Employee training and development spend reached R45 million, reflecting commitment to human capital investment. Implats distributed over R50 billion in total value to stakeholders in 2023, including R28 billion in wages and benefits, R12 billion in taxes and royalties, and R2.3 billion in dividends. The company's total mineral reserves stand at approximately 190 million ounces of platinum group metals. Production across all operations exceeded 3.2 million ounces of refined PGMs. The Marula mine in Limpopo province employs over 5,000 people and has achieved milestone safety records. Environmental management across both organisations addresses water stewardship, carbon emissions reduction, waste minimisation, and biodiversity conservation. Tongaat Hulett's sugarcane operations in KwaZulu-Natal face increasing climate risks from drought and flooding events, while Implats' mining operations in the Bushveld Complex manage dust emissions, acid mine drainage, and tailings storage facility safety under stringent regulatory requirements. Tongaat Hulett and Implats ESG Report Summary — Tongaat Hulett is a leading agri-processing business focusing on the complementary activities of sugar production, property development, and starch production. The company operates in South Africa, Mozambique, Zimbabwe, and Botswana, employing over 30,000 people at the peak of the sugar milling season. In the 2021 financial year, Tongaat Hulett produced approximately 1.1 million tons of sugar. The company has committed to reducing energy intensity by 20% by 2025, with specific targets for water efficiency improvement. Tongaat Hulett invests in socio-economic development (SED) and reported total SED expenditure in 2021 aligned with community needs. The Lost Time Injury Frequency Rate (LTIFR) is a critical safety metric tracked annually. The company's ESG framework aligns with the UN Sustainable Development Goals and operates under ISO 45001 certification. Implats (Impala Platinum Holdings Limited) is one of the world's foremost producers of platinum group metals (PGMs). The company's operations span South Africa and Zimbabwe, with managed operations including Impala Rustenburg, Marula, and Zimplats. Implats' ESG framework is built on three pillars focusing on environmental stewardship, social responsibility, and governance excellence. The PS3 strategy guides sustainability alignment. In 2023, Implats achieved significant safety milestones while investing heavily in socio-economic development and community projects. The company targets a 30% reduction in carbon emissions by 2030 and has invested in renewable energy projects including the 35MW solar PV project at Zimplats. Water recycling rates exceeded targets, and the company maintains strict environmental compliance across all operations. The GISTM (Global Industry Standard on Tailings Management) compliance roadmap is actively being implemented. Both companies utilise the six capitals framework (Financial, Manufactured, Intellectual, Human, Social/Relationship, Natural) to illustrate value creation and regularly engage with stakeholders through structured programmes. The double materiality principle used in ESG reporting assesses both inward financial materiality and outward impact materiality to provide comprehensive sustainability reporting aligned with global standards. Tongaat Hulett reported revenue of approximately R16.2 billion in 2021, with significant capital expenditure directed towards operational efficiency improvements and environmental sustainability initiatives. The company's manufactured capital includes six sugar mills across four countries with a combined crushing capacity exceeding 8 million tons of sugar

Explain the PS3 strategy and sustainability alignment.

[PressureProfile]
 Additional cache-pressure calibration context for tier-transition coverage. Additional cache-pressure calibration context for tier-transition coverage. Additional cache-pressure calibration context for tier-transition coverage. Additional cache-pressure calibration context for tier-transition coverage. Additional cache-pressure calibration context for tier-transition coverage. Additional cache-pressure calibration context for tier-transition coverage. Additional cache-pressure calibration context for tier-transition coverage. Additional cache-pressure calibration context for tier-transition coverage. Additional cache-pressure calibration context for tier-transition coverage. Additional cache-pressure calibration context for tier-transition coverage. Additional cache-pressure calibration context for tier-transition coverage. Additional cache-pressure calibration context for tier-transition coverage. Additional cache-pressure calibration context for tier-transition coverage. Additional cache-pressure calibration context for tier-transition coverage. Additional cache-pressure calibration context for tier-transition coverage. Additional cache-pressure calibration context for tier-transition coverage. Additional cache-pressure calibration context for tier-transition coverage. Additional cache-pressure calibration context for tier-transition coverage. Additional cache-pressure calibration context for tier-transition coverage. Additional cache-pressure calibration context for tier-transition coverage. Additional cache-pressure calibration context for tier-transition coverage. Additional cache-pressure calibration context for tier-transition coverage. Additional cache-pressure calibration context for tier-transition coverage. Additional cache-pressure calibration context for tier-transition coverage. Additional cache-pressure calibration context for tier-transition coverage. Additional cache-pressure calibration context for tier-transition coverage. Additional cache-pressure calibration context for tier-transition coverage. Additional cache-pressure calibration context for tier-transition coverage. Additional cache-pressure calibration context for tier-transition coverage. Additional cache-pressure calibration context for tier-transition coverage. Additional cache-pressure calibration context for tier-transition coverage. Additional cache-pressure calibration context for tier-transition coverage. Additional cache-pressure calibration context for tier-transition coverage. Additional cache-pressure calibration context for tier-transition coverage. Additional cache-pressure calibration context for tier-transition coverage. Additional cache-pressure calibration context for tier-transition coverage. Additional cache-pressure calibration context for tier-transition coverage. Additional cache-pressure calibration context for tier-transition coverage. Additional cache-pressure calibration context for tier-transition coverage. Additional cache-pressure calibration context for tier-transition coverage. Additional cache-pressure calibration context for tier-transition coverage. Additional cache-pressure calibration context for tier-transition coverage. Additional cache-pressure calibration context for tier-transition coverage. Additional cache-pressure calibration context for tier-transition coverage. Additional cache-pressure calibration context for tier-transition coverage. Additional cache-pressure calibration context for tier-transition coverage. Additional cache-pressure calibration context for tier-transition coverage. Additional cache-pressure calibration context for tier-transition coverage. Additional cache-pressure calibration context for tier-transition coverage. Additional cache-pressure calibration context for tier-transition coverage. Additional cache-pressure calibration context for tier-transition coverage. Additional cache-pressure calibration context for tier-transition coverage. Additional cache-pressure calibration context for tier-transition coverage. Additional cache-pressure calibration context for tier-transition coverage. Additional cache-pressure calibration context for tier-transition coverage. Additional cache-pressure calibration context for tier-transition coverage. Additional cache-pressure calibration context for tier-transition coverage. Additional cache-pressure calibration context for tier-transition coverage. Additional cache-pressure calibration context for tier-transition coverage. Additional cache-pressure calibration context for tier-transition coverage. Additional cache-pressure calibration context for tier-transition coverage. Additional cache-pressure calibration context for tier-transition coverage. Additional cache-pressure calibration context for tier-transition coverage. Additional cache-pressure calibration context for tier-transition coverage. Additional cache-pressure calibration context for tier-transition coverage. Additional cache-pressure calibration context for tier-transition coverage. Additional cache-pressure calibration context for tier-transition coverage. Additional cache-pressure calibration context for tier-transition coverage. Additional cache-pressure calibration context for tier-transition coverage. Additional cache-pressure calibration context for tier-transition coverage. Additional cache-pressure calibration context for tier-transition coverage. Additional cache-pressure calibration context for tier-transition coverage. Additional cache-pressure calibration context for tier-transition coverage. Additional cache-pressure calibration context for tier-transition coverage. Additional cache-pressure calibration context for tier-transition coverage. Additional cache-pressure calibration context for tier-transition coverage. Additional cache-pressure calibration context for tier-transition coverage. Additional cache-pressure calibration context for tier-transition coverage. Additional cache-pressure calibration context for tier-transition coverage. Additional cache-pressure calibration context for tier-transition coverage. Additional cache-pressure calibration context for tier-transition coverage. Additional cache-pressure calibration context for tier-transition coverage. Additional cache-pressure calibration context for tier-transition coverage. Additional cache-pressure calibration context for tier-transition coverage. Additional cache-pressure calibration context for tier-transition coverage. Additional cache-pressure calibration context for tier-transition coverage. Additional cache-pressure calibration context for tier-transition coverage. Additional cache-pressure calibration context for tier-transition coverage. Additional cache-pressure calibration context for tier-transition coverage. Additional cache-pressure calibration context for tier-transition coverage. Additional cache-pressure calibration context for tier-transition coverage. Additional cache-pressure calibration context for tier-transition coverage. Additional cache-pressure calibration context for tier-transition coverage. Additional cache-pressure calibration context for tier-transition coverage. Additional cache-pressure calibration context for tier-transition coverage. Additional cache-pressure calibration context for tier-transition coverage. Additional cache-pressure calibration context for tier-transition coverage. Additional cache-pressure calibration context for tier-transition coverage. Additional cache-pressure calibration context for tier-transition coverage. Additional cache-pressure calibration context for tier-transition coverage. Additional cache-pressure calibration context for tier-transition coverage. Additional cache-pressure calibration context for tier-transition coverage. Additional cache-pressure calibration context for tier-transition coverage. Additional cache-pressure calibration context for tier-transition coverage. Additional cache-pressure calibration context for tier-transition coverage. Additional cache-pressure calibration context for tier-transition coverage. Additional cache-pressure calibration context for tier-transition coverage. Additional cache-pressure calibration context for tier-transition coverage. Additional cache-pressure calibration context for tier-transition coverage. Additional cache-pressure calibration context for tier-transition coverage. Additional cache-pressure calibration context for tier-transition coverage. Additional cache-pressure calibration context for tier-transition coverage. Additional cache-pressure calibration context for tier-transition coverage. Additional cache-pressure calibration context for tier-transition coverage. Additional cache-pressure calibration context for tier-transition coverage. Additional cache-pressure calibration context for tier-transition coverage. Additional cache-pressure calibration context for tier-transition coverage. Additional cache-pressure calibration context for tier-transition coverage. Additional cache-pressure calibration context for tier-transition coverage. Additional cache-pressure calibration context for tier-transition coverage. Additional cache-pressure calibration context for tier-transition coverage. Additional cache-pressure calibration context for tier-transition coverage. Additional cache-pressure calibration context for tier-transition coverage. Additional cache-pressure calibration context for tier-transition coverage. Additional cache-pressure calibration context for tier-transition coverage. Additional cache-pressure calibration context for tier-transition coverage. Additional cache-pressure calibration context for tier-transition coverage. Additional cache-pressure calibration context for tier-transition coverage. Additional cache-pressure calibration context for tier-transition coverage. Additional cache-pressure calibration context for tier-transition coverage. Additional cache-pressure calibration context for tier-transition coverage. Additional cache-pressure calibration context for tier-transition coverage. Additional cache-pressure calibration context for tier-transition coverage. Additional cache-pressure calibration context for tier-transition coverage. Additional cache-pressure calibration context for tier-transition coverage. Additional cache-pressure calibration context for tier-transition coverage. Additional cache-pressure calibration context for tier-transition coverage. Additional cache-pressure calibration context for tier-transition coverage. Additional cache-pressure calibration context for tier-transition coverage. Additional cache-pressure calibration context for tier-transition coverage. Additional cache-pressure calibration context for tier-transition coverage. Additional cache-pressure calibration context for tier-transition coverage. Additional cache-pressure calibration context for tier-transition coverage. Additional cache-pressure calibration context for tier-transition coverage. Additional cache-pressure calibration context for tier-transition coverage. Additional cache-pressure calibration context for tier-transition coverage. Additional cache-pressure calibration context for tier-transition coverage. Additional cache-pressure calibration context for tier-transition coverage.","Context: Tongaat Hulett and Implats ESG Report Summary — Tongaat Hulett is a leading agri-processing business focusing on the complementary activities of sugar production, property development, and starch production. The company operates in South Africa, Mozambique, Zimbabwe, and Botswana, employing over 30,000 people at the peak of the sugar milling season. In the 2021 financial year, Tongaat Hul",1885,[44],[],[44],1,"[""Qwen-Qwen2.5-0.5B-Instruct@1@0@-cda9f639250fd75@bfloat16.pt""]",lmcache_store_coldpass,lmcache_store_coldpass,1,l2_to_l3,181,182,543.0,546.0,exceed_l1_l2
46,What is the carbon emissions reduction target by 2030?,"Focus question: What is the carbon emissions reduction target by 2030?
Context profile: rag_shared_document_finance_reports
Prompt tokens: 1885
Context preview: Context: Tongaat Hulett and Implats ESG Report Summary — Tongaat Hulett is a leading agri-processing business focusing on the complementary activities of sugar production, property development, and starch production. The company operates in South Africa, Mozambique, Zimbabwe, and Botswana, employing over 30,000 people at the peak of the sugar milling season. In the 2021 financial year, Tongaat Hul",What is the carbon emissions reduction target by 2030?,rag_shared_document_finance_reports,"Context: Tongaat Hulett and Implats ESG Report Summary — Tongaat Hulett is a leading agri-processing business focusing on the complementary activities of sugar production, property development, and starch production. The company operates in South Africa, Mozambique, Zimbabwe, and Botswana, employing over 30,000 people at the peak of the sugar milling season. In the 2021 financial year, Tongaat Hulett produced approximately 1.1 million tons of sugar. The company has committed to reducing energy intensity by 20% by 2025, with specific targets for water efficiency improvement. Tongaat Hulett invests in socio-economic development (SED) and reported total SED expenditure in 2021 aligned with community needs. The Lost Time Injury Frequency Rate (LTIFR) is a critical safety metric tracked annually. The company's ESG framework aligns with the UN Sustainable Development Goals and operates under ISO 45001 certification. Implats (Impala Platinum Holdings Limited) is one of the world's foremost producers of platinum group metals (PGMs). The company's operations span South Africa and Zimbabwe, with managed operations including Impala Rustenburg, Marula, and Zimplats. Implats' ESG framework is built on three pillars focusing on environmental stewardship, social responsibility, and governance excellence. The PS3 strategy guides sustainability alignment. In 2023, Implats achieved significant safety milestones while investing heavily in socio-economic development and community projects. The company targets a 30% reduction in carbon emissions by 2030 and has invested in renewable energy projects including the 35MW solar PV project at Zimplats. Water recycling rates exceeded targets, and the company maintains strict environmental compliance across all operations. The GISTM (Global Industry Standard on Tailings Management) compliance roadmap is actively being implemented. Both companies utilise the six capitals framework (Financial, Manufactured, Intellectual, Human, Social/Relationship, Natural) to illustrate value creation and regularly engage with stakeholders through structured programmes. The double materiality principle used in ESG reporting assesses both inward financial materiality and outward impact materiality to provide comprehensive sustainability reporting aligned with global standards. Tongaat Hulett reported revenue of approximately R16.2 billion in 2021, with significant capital expenditure directed towards operational efficiency improvements and environmental sustainability initiatives. The company's manufactured capital includes six sugar mills across four countries with a combined crushing capacity exceeding 8 million tons of sugarcane per season. Employee training and development spend reached R45 million, reflecting commitment to human capital investment. Implats distributed over R50 billion in total value to stakeholders in 2023, including R28 billion in wages and benefits, R12 billion in taxes and royalties, and R2.3 billion in dividends. The company's total mineral reserves stand at approximately 190 million ounces of platinum group metals. Production across all operations exceeded 3.2 million ounces of refined PGMs. The Marula mine in Limpopo province employs over 5,000 people and has achieved milestone safety records. Environmental management across both organisations addresses water stewardship, carbon emissions reduction, waste minimisation, and biodiversity conservation. Tongaat Hulett's sugarcane operations in KwaZulu-Natal face increasing climate risks from drought and flooding events, while Implats' mining operations in the Bushveld Complex manage dust emissions, acid mine drainage, and tailings storage facility safety under stringent regulatory requirements. Tongaat Hulett and Implats ESG Report Summary — Tongaat Hulett is a leading agri-processing business focusing on the complementary activities of sugar production, property development, and starch production. The company operates in South Africa, Mozambique, Zimbabwe, and Botswana, employing over 30,000 people at the peak of the sugar milling season. In the 2021 financial year, Tongaat Hulett produced approximately 1.1 million tons of sugar. The company has committed to reducing energy intensity by 20% by 2025, with specific targets for water efficiency improvement. Tongaat Hulett invests in socio-economic development (SED) and reported total SED expenditure in 2021 aligned with community needs. The Lost Time Injury Frequency Rate (LTIFR) is a critical safety metric tracked annually. The company's ESG framework aligns with the UN Sustainable Development Goals and operates under ISO 45001 certification. Implats (Impala Platinum Holdings Limited) is one of the world's foremost producers of platinum group metals (PGMs). The company's operations span South Africa and Zimbabwe, with managed operations including Impala Rustenburg, Marula, and Zimplats. Implats' ESG framework is built on three pillars focusing on environmental stewardship, social responsibility, and governance excellence. The PS3 strategy guides sustainability alignment. In 2023, Implats achieved significant safety milestones while investing heavily in socio-economic development and community projects. The company targets a 30% reduction in carbon emissions by 2030 and has invested in renewable energy projects including the 35MW solar PV project at Zimplats. Water recycling rates exceeded targets, and the company maintains strict environmental compliance across all operations. The GISTM (Global Industry Standard on Tailings Management) compliance roadmap is actively being implemented. Both companies utilise the six capitals framework (Financial, Manufactured, Intellectual, Human, Social/Relationship, Natural) to illustrate value creation and regularly engage with stakeholders through structured programmes. The double materiality principle used in ESG reporting assesses both inward financial materiality and outward impact materiality to provide comprehensive sustainability reporting aligned with global standards. Tongaat Hulett reported revenue of approximately R16.2 billion in 2021, with significant capital expenditure directed towards operational efficiency improvements and environmental sustainability initiatives. The company's manufactured capital includes six sugar mills across four countries with a combined crushing capacity exceeding 8 million tons of sugar

What is the carbon emissions reduction target by 2030?

[PressureProfile]
 Additional cache-pressure calibration context for tier-transition coverage. Additional cache-pressure calibration context for tier-transition coverage. Additional cache-pressure calibration context for tier-transition coverage. Additional cache-pressure calibration context for tier-transition coverage. Additional cache-pressure calibration context for tier-transition coverage. Additional cache-pressure calibration context for tier-transition coverage. Additional cache-pressure calibration context for tier-transition coverage. Additional cache-pressure calibration context for tier-transition coverage. Additional cache-pressure calibration context for tier-transition coverage. Additional cache-pressure calibration context for tier-transition coverage. Additional cache-pressure calibration context for tier-transition coverage. Additional cache-pressure calibration context for tier-transition coverage. Additional cache-pressure calibration context for tier-transition coverage. Additional cache-pressure calibration context for tier-transition coverage. Additional cache-pressure calibration context for tier-transition coverage. Additional cache-pressure calibration context for tier-transition coverage. Additional cache-pressure calibration context for tier-transition coverage. Additional cache-pressure calibration context for tier-transition coverage. Additional cache-pressure calibration context for tier-transition coverage. Additional cache-pressure calibration context for tier-transition coverage. Additional cache-pressure calibration context for tier-transition coverage. Additional cache-pressure calibration context for tier-transition coverage. Additional cache-pressure calibration context for tier-transition coverage. Additional cache-pressure calibration context for tier-transition coverage. Additional cache-pressure calibration context for tier-transition coverage. Additional cache-pressure calibration context for tier-transition coverage. Additional cache-pressure calibration context for tier-transition coverage. Additional cache-pressure calibration context for tier-transition coverage. Additional cache-pressure calibration context for tier-transition coverage. Additional cache-pressure calibration context for tier-transition coverage. Additional cache-pressure calibration context for tier-transition coverage. Additional cache-pressure calibration context for tier-transition coverage. Additional cache-pressure calibration context for tier-transition coverage. Additional cache-pressure calibration context for tier-transition coverage. Additional cache-pressure calibration context for tier-transition coverage. Additional cache-pressure calibration context for tier-transition coverage. Additional cache-pressure calibration context for tier-transition coverage. Additional cache-pressure calibration context for tier-transition coverage. Additional cache-pressure calibration context for tier-transition coverage. Additional cache-pressure calibration context for tier-transition coverage. Additional cache-pressure calibration context for tier-transition coverage. Additional cache-pressure calibration context for tier-transition coverage. Additional cache-pressure calibration context for tier-transition coverage. Additional cache-pressure calibration context for tier-transition coverage. Additional cache-pressure calibration context for tier-transition coverage. Additional cache-pressure calibration context for tier-transition coverage. Additional cache-pressure calibration context for tier-transition coverage. Additional cache-pressure calibration context for tier-transition coverage. Additional cache-pressure calibration context for tier-transition coverage. Additional cache-pressure calibration context for tier-transition coverage. Additional cache-pressure calibration context for tier-transition coverage. Additional cache-pressure calibration context for tier-transition coverage. Additional cache-pressure calibration context for tier-transition coverage. Additional cache-pressure calibration context for tier-transition coverage. Additional cache-pressure calibration context for tier-transition coverage. Additional cache-pressure calibration context for tier-transition coverage. Additional cache-pressure calibration context for tier-transition coverage. Additional cache-pressure calibration context for tier-transition coverage. Additional cache-pressure calibration context for tier-transition coverage. Additional cache-pressure calibration context for tier-transition coverage. Additional cache-pressure calibration context for tier-transition coverage. Additional cache-pressure calibration context for tier-transition coverage. Additional cache-pressure calibration context for tier-transition coverage. Additional cache-pressure calibration context for tier-transition coverage. Additional cache-pressure calibration context for tier-transition coverage. Additional cache-pressure calibration context for tier-transition coverage. Additional cache-pressure calibration context for tier-transition coverage. Additional cache-pressure calibration context for tier-transition coverage. Additional cache-pressure calibration context for tier-transition coverage. Additional cache-pressure calibration context for tier-transition coverage. Additional cache-pressure calibration context for tier-transition coverage. Additional cache-pressure calibration context for tier-transition coverage. Additional cache-pressure calibration context for tier-transition coverage. Additional cache-pressure calibration context for tier-transition coverage. Additional cache-pressure calibration context for tier-transition coverage. Additional cache-pressure calibration context for tier-transition coverage. Additional cache-pressure calibration context for tier-transition coverage. Additional cache-pressure calibration context for tier-transition coverage. Additional cache-pressure calibration context for tier-transition coverage. Additional cache-pressure calibration context for tier-transition coverage. Additional cache-pressure calibration context for tier-transition coverage. Additional cache-pressure calibration context for tier-transition coverage. Additional cache-pressure calibration context for tier-transition coverage. Additional cache-pressure calibration context for tier-transition coverage. Additional cache-pressure calibration context for tier-transition coverage. Additional cache-pressure calibration context for tier-transition coverage. Additional cache-pressure calibration context for tier-transition coverage. Additional cache-pressure calibration context for tier-transition coverage. Additional cache-pressure calibration context for tier-transition coverage. Additional cache-pressure calibration context for tier-transition coverage. Additional cache-pressure calibration context for tier-transition coverage. Additional cache-pressure calibration context for tier-transition coverage. Additional cache-pressure calibration context for tier-transition coverage. Additional cache-pressure calibration context for tier-transition coverage. Additional cache-pressure calibration context for tier-transition coverage. Additional cache-pressure calibration context for tier-transition coverage. Additional cache-pressure calibration context for tier-transition coverage. Additional cache-pressure calibration context for tier-transition coverage. Additional cache-pressure calibration context for tier-transition coverage. Additional cache-pressure calibration context for tier-transition coverage. Additional cache-pressure calibration context for tier-transition coverage. Additional cache-pressure calibration context for tier-transition coverage. Additional cache-pressure calibration context for tier-transition coverage. Additional cache-pressure calibration context for tier-transition coverage. Additional cache-pressure calibration context for tier-transition coverage. Additional cache-pressure calibration context for tier-transition coverage. Additional cache-pressure calibration context for tier-transition coverage. Additional cache-pressure calibration context for tier-transition coverage. Additional cache-pressure calibration context for tier-transition coverage. Additional cache-pressure calibration context for tier-transition coverage. Additional cache-pressure calibration context for tier-transition coverage. Additional cache-pressure calibration context for tier-transition coverage. Additional cache-pressure calibration context for tier-transition coverage. Additional cache-pressure calibration context for tier-transition coverage. Additional cache-pressure calibration context for tier-transition coverage. Additional cache-pressure calibration context for tier-transition coverage. Additional cache-pressure calibration context for tier-transition coverage. Additional cache-pressure calibration context for tier-transition coverage. Additional cache-pressure calibration context for tier-transition coverage. Additional cache-pressure calibration context for tier-transition coverage. Additional cache-pressure calibration context for tier-transition coverage. Additional cache-pressure calibration context for tier-transition coverage. Additional cache-pressure calibration context for tier-transition coverage. Additional cache-pressure calibration context for tier-transition coverage. Additional cache-pressure calibration context for tier-transition coverage. Additional cache-pressure calibration context for tier-transition coverage. Additional cache-pressure calibration context for tier-transition coverage. Additional cache-pressure calibration context for tier-transition coverage. Additional cache-pressure calibration context for tier-transition coverage. Additional cache-pressure calibration context for tier-transition coverage. Additional cache-pressure calibration context for tier-transition coverage. Additional cache-pressure calibration context for tier-transition coverage. Additional cache-pressure calibration context for tier-transition coverage. Additional cache-pressure calibration context for tier-transition coverage. Additional cache-pressure calibration context for tier-transition coverage. Additional cache-pressure calibration context for tier-transition coverage. Additional cache-pressure calibration context for tier-transition coverage. Additional cache-pressure calibration context for tier-transition coverage. Additional cache-pressure calibration context for tier-transition coverage. Additional cache-pressure calibration context for tier-transition coverage. Additional cache-pressure calibration context for tier-transition coverage. Additional cache-pressure calibration context for tier-transition coverage. Additional cache-pressure calibration context for tier-transition coverage. Additional cache-pressure calibration context for tier-transition coverage. Additional cache-pressure calibration context for tier-transition coverage. Additional cache-pressure calibration context for tier-transition coverage. Additional cache-pressure calibration context for tier-transition coverage. Additional cache-pressure calibration context for tier-transition coverage.","Context: Tongaat Hulett and Implats ESG Report Summary — Tongaat Hulett is a leading agri-processing business focusing on the complementary activities of sugar production, property development, and starch production. The company operates in South Africa, Mozambique, Zimbabwe, and Botswana, employing over 30,000 people at the peak of the sugar milling season. In the 2021 financial year, Tongaat Hul",1885,[45],[],[45],1,"[""Qwen-Qwen2.5-0.5B-Instruct@1@0@-6d6865b821aea183@bfloat16.pt""]",lmcache_store_coldpass,lmcache_store_coldpass,1,l2_to_l3,182,183,546.0,549.0,exceed_l1_l2
47,Describe SO2 abatement technology installation at Zimplats.,"Focus question: Describe SO2 abatement technology installation at Zimplats.
Context profile: rag_shared_document_finance_reports
Prompt tokens: 1885
Context preview: Context: Tongaat Hulett and Implats ESG Report Summary — Tongaat Hulett is a leading agri-processing business focusing on the complementary activities of sugar production, property development, and starch production. The company operates in South Africa, Mozambique, Zimbabwe, and Botswana, employing over 30,000 people at the peak of the sugar milling season. In the 2021 financial year, Tongaat Hul",Describe SO2 abatement technology installation at Zimplats.,rag_shared_document_finance_reports,"Context: Tongaat Hulett and Implats ESG Report Summary — Tongaat Hulett is a leading agri-processing business focusing on the complementary activities of sugar production, property development, and starch production. The company operates in South Africa, Mozambique, Zimbabwe, and Botswana, employing over 30,000 people at the peak of the sugar milling season. In the 2021 financial year, Tongaat Hulett produced approximately 1.1 million tons of sugar. The company has committed to reducing energy intensity by 20% by 2025, with specific targets for water efficiency improvement. Tongaat Hulett invests in socio-economic development (SED) and reported total SED expenditure in 2021 aligned with community needs. The Lost Time Injury Frequency Rate (LTIFR) is a critical safety metric tracked annually. The company's ESG framework aligns with the UN Sustainable Development Goals and operates under ISO 45001 certification. Implats (Impala Platinum Holdings Limited) is one of the world's foremost producers of platinum group metals (PGMs). The company's operations span South Africa and Zimbabwe, with managed operations including Impala Rustenburg, Marula, and Zimplats. Implats' ESG framework is built on three pillars focusing on environmental stewardship, social responsibility, and governance excellence. The PS3 strategy guides sustainability alignment. In 2023, Implats achieved significant safety milestones while investing heavily in socio-economic development and community projects. The company targets a 30% reduction in carbon emissions by 2030 and has invested in renewable energy projects including the 35MW solar PV project at Zimplats. Water recycling rates exceeded targets, and the company maintains strict environmental compliance across all operations. The GISTM (Global Industry Standard on Tailings Management) compliance roadmap is actively being implemented. Both companies utilise the six capitals framework (Financial, Manufactured, Intellectual, Human, Social/Relationship, Natural) to illustrate value creation and regularly engage with stakeholders through structured programmes. The double materiality principle used in ESG reporting assesses both inward financial materiality and outward impact materiality to provide comprehensive sustainability reporting aligned with global standards. Tongaat Hulett reported revenue of approximately R16.2 billion in 2021, with significant capital expenditure directed towards operational efficiency improvements and environmental sustainability initiatives. The company's manufactured capital includes six sugar mills across four countries with a combined crushing capacity exceeding 8 million tons of sugarcane per season. Employee training and development spend reached R45 million, reflecting commitment to human capital investment. Implats distributed over R50 billion in total value to stakeholders in 2023, including R28 billion in wages and benefits, R12 billion in taxes and royalties, and R2.3 billion in dividends. The company's total mineral reserves stand at approximately 190 million ounces of platinum group metals. Production across all operations exceeded 3.2 million ounces of refined PGMs. The Marula mine in Limpopo province employs over 5,000 people and has achieved milestone safety records. Environmental management across both organisations addresses water stewardship, carbon emissions reduction, waste minimisation, and biodiversity conservation. Tongaat Hulett's sugarcane operations in KwaZulu-Natal face increasing climate risks from drought and flooding events, while Implats' mining operations in the Bushveld Complex manage dust emissions, acid mine drainage, and tailings storage facility safety under stringent regulatory requirements. Tongaat Hulett and Implats ESG Report Summary — Tongaat Hulett is a leading agri-processing business focusing on the complementary activities of sugar production, property development, and starch production. The company operates in South Africa, Mozambique, Zimbabwe, and Botswana, employing over 30,000 people at the peak of the sugar milling season. In the 2021 financial year, Tongaat Hulett produced approximately 1.1 million tons of sugar. The company has committed to reducing energy intensity by 20% by 2025, with specific targets for water efficiency improvement. Tongaat Hulett invests in socio-economic development (SED) and reported total SED expenditure in 2021 aligned with community needs. The Lost Time Injury Frequency Rate (LTIFR) is a critical safety metric tracked annually. The company's ESG framework aligns with the UN Sustainable Development Goals and operates under ISO 45001 certification. Implats (Impala Platinum Holdings Limited) is one of the world's foremost producers of platinum group metals (PGMs). The company's operations span South Africa and Zimbabwe, with managed operations including Impala Rustenburg, Marula, and Zimplats. Implats' ESG framework is built on three pillars focusing on environmental stewardship, social responsibility, and governance excellence. The PS3 strategy guides sustainability alignment. In 2023, Implats achieved significant safety milestones while investing heavily in socio-economic development and community projects. The company targets a 30% reduction in carbon emissions by 2030 and has invested in renewable energy projects including the 35MW solar PV project at Zimplats. Water recycling rates exceeded targets, and the company maintains strict environmental compliance across all operations. The GISTM (Global Industry Standard on Tailings Management) compliance roadmap is actively being implemented. Both companies utilise the six capitals framework (Financial, Manufactured, Intellectual, Human, Social/Relationship, Natural) to illustrate value creation and regularly engage with stakeholders through structured programmes. The double materiality principle used in ESG reporting assesses both inward financial materiality and outward impact materiality to provide comprehensive sustainability reporting aligned with global standards. Tongaat Hulett reported revenue of approximately R16.2 billion in 2021, with significant capital expenditure directed towards operational efficiency improvements and environmental sustainability initiatives. The company's manufactured capital includes six sugar mills across four countries with a combined crushing capacity exceeding 8 million tons of sugar

Describe SO2 abatement technology installation at Zimplats.

[PressureProfile]
 Additional cache-pressure calibration context for tier-transition coverage. Additional cache-pressure calibration context for tier-transition coverage. Additional cache-pressure calibration context for tier-transition coverage. Additional cache-pressure calibration context for tier-transition coverage. Additional cache-pressure calibration context for tier-transition coverage. Additional cache-pressure calibration context for tier-transition coverage. Additional cache-pressure calibration context for tier-transition coverage. Additional cache-pressure calibration context for tier-transition coverage. Additional cache-pressure calibration context for tier-transition coverage. Additional cache-pressure calibration context for tier-transition coverage. Additional cache-pressure calibration context for tier-transition coverage. Additional cache-pressure calibration context for tier-transition coverage. Additional cache-pressure calibration context for tier-transition coverage. Additional cache-pressure calibration context for tier-transition coverage. Additional cache-pressure calibration context for tier-transition coverage. Additional cache-pressure calibration context for tier-transition coverage. Additional cache-pressure calibration context for tier-transition coverage. Additional cache-pressure calibration context for tier-transition coverage. Additional cache-pressure calibration context for tier-transition coverage. Additional cache-pressure calibration context for tier-transition coverage. Additional cache-pressure calibration context for tier-transition coverage. Additional cache-pressure calibration context for tier-transition coverage. Additional cache-pressure calibration context for tier-transition coverage. Additional cache-pressure calibration context for tier-transition coverage. Additional cache-pressure calibration context for tier-transition coverage. Additional cache-pressure calibration context for tier-transition coverage. Additional cache-pressure calibration context for tier-transition coverage. Additional cache-pressure calibration context for tier-transition coverage. Additional cache-pressure calibration context for tier-transition coverage. Additional cache-pressure calibration context for tier-transition coverage. Additional cache-pressure calibration context for tier-transition coverage. Additional cache-pressure calibration context for tier-transition coverage. Additional cache-pressure calibration context for tier-transition coverage. Additional cache-pressure calibration context for tier-transition coverage. Additional cache-pressure calibration context for tier-transition coverage. Additional cache-pressure calibration context for tier-transition coverage. Additional cache-pressure calibration context for tier-transition coverage. Additional cache-pressure calibration context for tier-transition coverage. Additional cache-pressure calibration context for tier-transition coverage. Additional cache-pressure calibration context for tier-transition coverage. Additional cache-pressure calibration context for tier-transition coverage. Additional cache-pressure calibration context for tier-transition coverage. Additional cache-pressure calibration context for tier-transition coverage. Additional cache-pressure calibration context for tier-transition coverage. Additional cache-pressure calibration context for tier-transition coverage. Additional cache-pressure calibration context for tier-transition coverage. Additional cache-pressure calibration context for tier-transition coverage. Additional cache-pressure calibration context for tier-transition coverage. Additional cache-pressure calibration context for tier-transition coverage. Additional cache-pressure calibration context for tier-transition coverage. Additional cache-pressure calibration context for tier-transition coverage. Additional cache-pressure calibration context for tier-transition coverage. Additional cache-pressure calibration context for tier-transition coverage. Additional cache-pressure calibration context for tier-transition coverage. Additional cache-pressure calibration context for tier-transition coverage. Additional cache-pressure calibration context for tier-transition coverage. Additional cache-pressure calibration context for tier-transition coverage. Additional cache-pressure calibration context for tier-transition coverage. Additional cache-pressure calibration context for tier-transition coverage. Additional cache-pressure calibration context for tier-transition coverage. Additional cache-pressure calibration context for tier-transition coverage. Additional cache-pressure calibration context for tier-transition coverage. Additional cache-pressure calibration context for tier-transition coverage. Additional cache-pressure calibration context for tier-transition coverage. Additional cache-pressure calibration context for tier-transition coverage. Additional cache-pressure calibration context for tier-transition coverage. Additional cache-pressure calibration context for tier-transition coverage. Additional cache-pressure calibration context for tier-transition coverage. Additional cache-pressure calibration context for tier-transition coverage. Additional cache-pressure calibration context for tier-transition coverage. Additional cache-pressure calibration context for tier-transition coverage. Additional cache-pressure calibration context for tier-transition coverage. Additional cache-pressure calibration context for tier-transition coverage. Additional cache-pressure calibration context for tier-transition coverage. Additional cache-pressure calibration context for tier-transition coverage. Additional cache-pressure calibration context for tier-transition coverage. Additional cache-pressure calibration context for tier-transition coverage. Additional cache-pressure calibration context for tier-transition coverage. Additional cache-pressure calibration context for tier-transition coverage. Additional cache-pressure calibration context for tier-transition coverage. Additional cache-pressure calibration context for tier-transition coverage. Additional cache-pressure calibration context for tier-transition coverage. Additional cache-pressure calibration context for tier-transition coverage. Additional cache-pressure calibration context for tier-transition coverage. Additional cache-pressure calibration context for tier-transition coverage. Additional cache-pressure calibration context for tier-transition coverage. Additional cache-pressure calibration context for tier-transition coverage. Additional cache-pressure calibration context for tier-transition coverage. Additional cache-pressure calibration context for tier-transition coverage. Additional cache-pressure calibration context for tier-transition coverage. Additional cache-pressure calibration context for tier-transition coverage. Additional cache-pressure calibration context for tier-transition coverage. Additional cache-pressure calibration context for tier-transition coverage. Additional cache-pressure calibration context for tier-transition coverage. Additional cache-pressure calibration context for tier-transition coverage. Additional cache-pressure calibration context for tier-transition coverage. Additional cache-pressure calibration context for tier-transition coverage. Additional cache-pressure calibration context for tier-transition coverage. Additional cache-pressure calibration context for tier-transition coverage. Additional cache-pressure calibration context for tier-transition coverage. Additional cache-pressure calibration context for tier-transition coverage. Additional cache-pressure calibration context for tier-transition coverage. Additional cache-pressure calibration context for tier-transition coverage. Additional cache-pressure calibration context for tier-transition coverage. Additional cache-pressure calibration context for tier-transition coverage. Additional cache-pressure calibration context for tier-transition coverage. Additional cache-pressure calibration context for tier-transition coverage. Additional cache-pressure calibration context for tier-transition coverage. Additional cache-pressure calibration context for tier-transition coverage. Additional cache-pressure calibration context for tier-transition coverage. Additional cache-pressure calibration context for tier-transition coverage. Additional cache-pressure calibration context for tier-transition coverage. Additional cache-pressure calibration context for tier-transition coverage. Additional cache-pressure calibration context for tier-transition coverage. Additional cache-pressure calibration context for tier-transition coverage. Additional cache-pressure calibration context for tier-transition coverage. Additional cache-pressure calibration context for tier-transition coverage. Additional cache-pressure calibration context for tier-transition coverage. Additional cache-pressure calibration context for tier-transition coverage. Additional cache-pressure calibration context for tier-transition coverage. Additional cache-pressure calibration context for tier-transition coverage. Additional cache-pressure calibration context for tier-transition coverage. Additional cache-pressure calibration context for tier-transition coverage. Additional cache-pressure calibration context for tier-transition coverage. Additional cache-pressure calibration context for tier-transition coverage. Additional cache-pressure calibration context for tier-transition coverage. Additional cache-pressure calibration context for tier-transition coverage. Additional cache-pressure calibration context for tier-transition coverage. Additional cache-pressure calibration context for tier-transition coverage. Additional cache-pressure calibration context for tier-transition coverage. Additional cache-pressure calibration context for tier-transition coverage. Additional cache-pressure calibration context for tier-transition coverage. Additional cache-pressure calibration context for tier-transition coverage. Additional cache-pressure calibration context for tier-transition coverage. Additional cache-pressure calibration context for tier-transition coverage. Additional cache-pressure calibration context for tier-transition coverage. Additional cache-pressure calibration context for tier-transition coverage. Additional cache-pressure calibration context for tier-transition coverage. Additional cache-pressure calibration context for tier-transition coverage. Additional cache-pressure calibration context for tier-transition coverage. Additional cache-pressure calibration context for tier-transition coverage. Additional cache-pressure calibration context for tier-transition coverage. Additional cache-pressure calibration context for tier-transition coverage. Additional cache-pressure calibration context for tier-transition coverage. Additional cache-pressure calibration context for tier-transition coverage. Additional cache-pressure calibration context for tier-transition coverage. Additional cache-pressure calibration context for tier-transition coverage. Additional cache-pressure calibration context for tier-transition coverage.","Context: Tongaat Hulett and Implats ESG Report Summary — Tongaat Hulett is a leading agri-processing business focusing on the complementary activities of sugar production, property development, and starch production. The company operates in South Africa, Mozambique, Zimbabwe, and Botswana, employing over 30,000 people at the peak of the sugar milling season. In the 2021 financial year, Tongaat Hul",1885,[46],[],[46],1,"[""Qwen-Qwen2.5-0.5B-Instruct@1@0@-31f3e8a71f80666d@bfloat16.pt""]",lmcache_store_coldpass,lmcache_store_coldpass,1,l2_to_l3,183,184,549.0,552.0,exceed_l1_l2
48,What external ESG ratings were received from MSCI and S&P Global?,"Focus question: What external ESG ratings were received from MSCI and S&P Global?
Context profile: rag_shared_document_finance_reports
Prompt tokens: 1885
Context preview: Context: Tongaat Hulett and Implats ESG Report Summary — Tongaat Hulett is a leading agri-processing business focusing on the complementary activities of sugar production, property development, and starch production. The company operates in South Africa, Mozambique, Zimbabwe, and Botswana, employing over 30,000 people at the peak of the sugar milling season. In the 2021 financial year, Tongaat Hul",What external ESG ratings were received from MSCI and S&P Global?,rag_shared_document_finance_reports,"Context: Tongaat Hulett and Implats ESG Report Summary — Tongaat Hulett is a leading agri-processing business focusing on the complementary activities of sugar production, property development, and starch production. The company operates in South Africa, Mozambique, Zimbabwe, and Botswana, employing over 30,000 people at the peak of the sugar milling season. In the 2021 financial year, Tongaat Hulett produced approximately 1.1 million tons of sugar. The company has committed to reducing energy intensity by 20% by 2025, with specific targets for water efficiency improvement. Tongaat Hulett invests in socio-economic development (SED) and reported total SED expenditure in 2021 aligned with community needs. The Lost Time Injury Frequency Rate (LTIFR) is a critical safety metric tracked annually. The company's ESG framework aligns with the UN Sustainable Development Goals and operates under ISO 45001 certification. Implats (Impala Platinum Holdings Limited) is one of the world's foremost producers of platinum group metals (PGMs). The company's operations span South Africa and Zimbabwe, with managed operations including Impala Rustenburg, Marula, and Zimplats. Implats' ESG framework is built on three pillars focusing on environmental stewardship, social responsibility, and governance excellence. The PS3 strategy guides sustainability alignment. In 2023, Implats achieved significant safety milestones while investing heavily in socio-economic development and community projects. The company targets a 30% reduction in carbon emissions by 2030 and has invested in renewable energy projects including the 35MW solar PV project at Zimplats. Water recycling rates exceeded targets, and the company maintains strict environmental compliance across all operations. The GISTM (Global Industry Standard on Tailings Management) compliance roadmap is actively being implemented. Both companies utilise the six capitals framework (Financial, Manufactured, Intellectual, Human, Social/Relationship, Natural) to illustrate value creation and regularly engage with stakeholders through structured programmes. The double materiality principle used in ESG reporting assesses both inward financial materiality and outward impact materiality to provide comprehensive sustainability reporting aligned with global standards. Tongaat Hulett reported revenue of approximately R16.2 billion in 2021, with significant capital expenditure directed towards operational efficiency improvements and environmental sustainability initiatives. The company's manufactured capital includes six sugar mills across four countries with a combined crushing capacity exceeding 8 million tons of sugarcane per season. Employee training and development spend reached R45 million, reflecting commitment to human capital investment. Implats distributed over R50 billion in total value to stakeholders in 2023, including R28 billion in wages and benefits, R12 billion in taxes and royalties, and R2.3 billion in dividends. The company's total mineral reserves stand at approximately 190 million ounces of platinum group metals. Production across all operations exceeded 3.2 million ounces of refined PGMs. The Marula mine in Limpopo province employs over 5,000 people and has achieved milestone safety records. Environmental management across both organisations addresses water stewardship, carbon emissions reduction, waste minimisation, and biodiversity conservation. Tongaat Hulett's sugarcane operations in KwaZulu-Natal face increasing climate risks from drought and flooding events, while Implats' mining operations in the Bushveld Complex manage dust emissions, acid mine drainage, and tailings storage facility safety under stringent regulatory requirements. Tongaat Hulett and Implats ESG Report Summary — Tongaat Hulett is a leading agri-processing business focusing on the complementary activities of sugar production, property development, and starch production. The company operates in South Africa, Mozambique, Zimbabwe, and Botswana, employing over 30,000 people at the peak of the sugar milling season. In the 2021 financial year, Tongaat Hulett produced approximately 1.1 million tons of sugar. The company has committed to reducing energy intensity by 20% by 2025, with specific targets for water efficiency improvement. Tongaat Hulett invests in socio-economic development (SED) and reported total SED expenditure in 2021 aligned with community needs. The Lost Time Injury Frequency Rate (LTIFR) is a critical safety metric tracked annually. The company's ESG framework aligns with the UN Sustainable Development Goals and operates under ISO 45001 certification. Implats (Impala Platinum Holdings Limited) is one of the world's foremost producers of platinum group metals (PGMs). The company's operations span South Africa and Zimbabwe, with managed operations including Impala Rustenburg, Marula, and Zimplats. Implats' ESG framework is built on three pillars focusing on environmental stewardship, social responsibility, and governance excellence. The PS3 strategy guides sustainability alignment. In 2023, Implats achieved significant safety milestones while investing heavily in socio-economic development and community projects. The company targets a 30% reduction in carbon emissions by 2030 and has invested in renewable energy projects including the 35MW solar PV project at Zimplats. Water recycling rates exceeded targets, and the company maintains strict environmental compliance across all operations. The GISTM (Global Industry Standard on Tailings Management) compliance roadmap is actively being implemented. Both companies utilise the six capitals framework (Financial, Manufactured, Intellectual, Human, Social/Relationship, Natural) to illustrate value creation and regularly engage with stakeholders through structured programmes. The double materiality principle used in ESG reporting assesses both inward financial materiality and outward impact materiality to provide comprehensive sustainability reporting aligned with global standards. Tongaat Hulett reported revenue of approximately R16.2 billion in 2021, with significant capital expenditure directed towards operational efficiency improvements and environmental sustainability initiatives. The company's manufactured capital includes six sugar mills across four countries with a combined crushing capacity exceeding 8 million tons of sugar

What external ESG ratings were received from MSCI and S&P Global?

[PressureProfile]
 Additional cache-pressure calibration context for tier-transition coverage. Additional cache-pressure calibration context for tier-transition coverage. Additional cache-pressure calibration context for tier-transition coverage. Additional cache-pressure calibration context for tier-transition coverage. Additional cache-pressure calibration context for tier-transition coverage. Additional cache-pressure calibration context for tier-transition coverage. Additional cache-pressure calibration context for tier-transition coverage. Additional cache-pressure calibration context for tier-transition coverage. Additional cache-pressure calibration context for tier-transition coverage. Additional cache-pressure calibration context for tier-transition coverage. Additional cache-pressure calibration context for tier-transition coverage. Additional cache-pressure calibration context for tier-transition coverage. Additional cache-pressure calibration context for tier-transition coverage. Additional cache-pressure calibration context for tier-transition coverage. Additional cache-pressure calibration context for tier-transition coverage. Additional cache-pressure calibration context for tier-transition coverage. Additional cache-pressure calibration context for tier-transition coverage. Additional cache-pressure calibration context for tier-transition coverage. Additional cache-pressure calibration context for tier-transition coverage. Additional cache-pressure calibration context for tier-transition coverage. Additional cache-pressure calibration context for tier-transition coverage. Additional cache-pressure calibration context for tier-transition coverage. Additional cache-pressure calibration context for tier-transition coverage. Additional cache-pressure calibration context for tier-transition coverage. Additional cache-pressure calibration context for tier-transition coverage. Additional cache-pressure calibration context for tier-transition coverage. Additional cache-pressure calibration context for tier-transition coverage. Additional cache-pressure calibration context for tier-transition coverage. Additional cache-pressure calibration context for tier-transition coverage. Additional cache-pressure calibration context for tier-transition coverage. Additional cache-pressure calibration context for tier-transition coverage. Additional cache-pressure calibration context for tier-transition coverage. Additional cache-pressure calibration context for tier-transition coverage. Additional cache-pressure calibration context for tier-transition coverage. Additional cache-pressure calibration context for tier-transition coverage. Additional cache-pressure calibration context for tier-transition coverage. Additional cache-pressure calibration context for tier-transition coverage. Additional cache-pressure calibration context for tier-transition coverage. Additional cache-pressure calibration context for tier-transition coverage. Additional cache-pressure calibration context for tier-transition coverage. Additional cache-pressure calibration context for tier-transition coverage. Additional cache-pressure calibration context for tier-transition coverage. Additional cache-pressure calibration context for tier-transition coverage. Additional cache-pressure calibration context for tier-transition coverage. Additional cache-pressure calibration context for tier-transition coverage. Additional cache-pressure calibration context for tier-transition coverage. Additional cache-pressure calibration context for tier-transition coverage. Additional cache-pressure calibration context for tier-transition coverage. Additional cache-pressure calibration context for tier-transition coverage. Additional cache-pressure calibration context for tier-transition coverage. Additional cache-pressure calibration context for tier-transition coverage. Additional cache-pressure calibration context for tier-transition coverage. Additional cache-pressure calibration context for tier-transition coverage. Additional cache-pressure calibration context for tier-transition coverage. Additional cache-pressure calibration context for tier-transition coverage. Additional cache-pressure calibration context for tier-transition coverage. Additional cache-pressure calibration context for tier-transition coverage. Additional cache-pressure calibration context for tier-transition coverage. Additional cache-pressure calibration context for tier-transition coverage. Additional cache-pressure calibration context for tier-transition coverage. Additional cache-pressure calibration context for tier-transition coverage. Additional cache-pressure calibration context for tier-transition coverage. Additional cache-pressure calibration context for tier-transition coverage. Additional cache-pressure calibration context for tier-transition coverage. Additional cache-pressure calibration context for tier-transition coverage. Additional cache-pressure calibration context for tier-transition coverage. Additional cache-pressure calibration context for tier-transition coverage. Additional cache-pressure calibration context for tier-transition coverage. Additional cache-pressure calibration context for tier-transition coverage. Additional cache-pressure calibration context for tier-transition coverage. Additional cache-pressure calibration context for tier-transition coverage. Additional cache-pressure calibration context for tier-transition coverage. Additional cache-pressure calibration context for tier-transition coverage. Additional cache-pressure calibration context for tier-transition coverage. Additional cache-pressure calibration context for tier-transition coverage. Additional cache-pressure calibration context for tier-transition coverage. Additional cache-pressure calibration context for tier-transition coverage. Additional cache-pressure calibration context for tier-transition coverage. Additional cache-pressure calibration context for tier-transition coverage. Additional cache-pressure calibration context for tier-transition coverage. Additional cache-pressure calibration context for tier-transition coverage. Additional cache-pressure calibration context for tier-transition coverage. Additional cache-pressure calibration context for tier-transition coverage. Additional cache-pressure calibration context for tier-transition coverage. Additional cache-pressure calibration context for tier-transition coverage. Additional cache-pressure calibration context for tier-transition coverage. Additional cache-pressure calibration context for tier-transition coverage. Additional cache-pressure calibration context for tier-transition coverage. Additional cache-pressure calibration context for tier-transition coverage. Additional cache-pressure calibration context for tier-transition coverage. Additional cache-pressure calibration context for tier-transition coverage. Additional cache-pressure calibration context for tier-transition coverage. Additional cache-pressure calibration context for tier-transition coverage. Additional cache-pressure calibration context for tier-transition coverage. Additional cache-pressure calibration context for tier-transition coverage. Additional cache-pressure calibration context for tier-transition coverage. Additional cache-pressure calibration context for tier-transition coverage. Additional cache-pressure calibration context for tier-transition coverage. Additional cache-pressure calibration context for tier-transition coverage. Additional cache-pressure calibration context for tier-transition coverage. Additional cache-pressure calibration context for tier-transition coverage. Additional cache-pressure calibration context for tier-transition coverage. Additional cache-pressure calibration context for tier-transition coverage. Additional cache-pressure calibration context for tier-transition coverage. Additional cache-pressure calibration context for tier-transition coverage. Additional cache-pressure calibration context for tier-transition coverage. Additional cache-pressure calibration context for tier-transition coverage. Additional cache-pressure calibration context for tier-transition coverage. Additional cache-pressure calibration context for tier-transition coverage. Additional cache-pressure calibration context for tier-transition coverage. Additional cache-pressure calibration context for tier-transition coverage. Additional cache-pressure calibration context for tier-transition coverage. Additional cache-pressure calibration context for tier-transition coverage. Additional cache-pressure calibration context for tier-transition coverage. Additional cache-pressure calibration context for tier-transition coverage. Additional cache-pressure calibration context for tier-transition coverage. Additional cache-pressure calibration context for tier-transition coverage. Additional cache-pressure calibration context for tier-transition coverage. Additional cache-pressure calibration context for tier-transition coverage. Additional cache-pressure calibration context for tier-transition coverage. Additional cache-pressure calibration context for tier-transition coverage. Additional cache-pressure calibration context for tier-transition coverage. Additional cache-pressure calibration context for tier-transition coverage. Additional cache-pressure calibration context for tier-transition coverage. Additional cache-pressure calibration context for tier-transition coverage. Additional cache-pressure calibration context for tier-transition coverage. Additional cache-pressure calibration context for tier-transition coverage. Additional cache-pressure calibration context for tier-transition coverage. Additional cache-pressure calibration context for tier-transition coverage. Additional cache-pressure calibration context for tier-transition coverage. Additional cache-pressure calibration context for tier-transition coverage. Additional cache-pressure calibration context for tier-transition coverage. Additional cache-pressure calibration context for tier-transition coverage. Additional cache-pressure calibration context for tier-transition coverage. Additional cache-pressure calibration context for tier-transition coverage. Additional cache-pressure calibration context for tier-transition coverage. Additional cache-pressure calibration context for tier-transition coverage. Additional cache-pressure calibration context for tier-transition coverage. Additional cache-pressure calibration context for tier-transition coverage. Additional cache-pressure calibration context for tier-transition coverage. Additional cache-pressure calibration context for tier-transition coverage. Additional cache-pressure calibration context for tier-transition coverage. Additional cache-pressure calibration context for tier-transition coverage. Additional cache-pressure calibration context for tier-transition coverage. Additional cache-pressure calibration context for tier-transition coverage. Additional cache-pressure calibration context for tier-transition coverage. Additional cache-pressure calibration context for tier-transition coverage. Additional cache-pressure calibration context for tier-transition coverage.","Context: Tongaat Hulett and Implats ESG Report Summary — Tongaat Hulett is a leading agri-processing business focusing on the complementary activities of sugar production, property development, and starch production. The company operates in South Africa, Mozambique, Zimbabwe, and Botswana, employing over 30,000 people at the peak of the sugar milling season. In the 2021 financial year, Tongaat Hul",1885,[47],[],[47],1,"[""Qwen-Qwen2.5-0.5B-Instruct@1@0@-45c6210a71a9165f@bfloat16.pt""]",lmcache_store_coldpass,lmcache_store_coldpass,1,l2_to_l3,184,185,552.0,555.0,exceed_l1_l2
49,How does Implats manage air quality and reduce emissions?,"Focus question: How does Implats manage air quality and reduce emissions?
Context profile: rag_shared_document_finance_reports
Prompt tokens: 1885
Context preview: Context: Tongaat Hulett and Implats ESG Report Summary — Tongaat Hulett is a leading agri-processing business focusing on the complementary activities of sugar production, property development, and starch production. The company operates in South Africa, Mozambique, Zimbabwe, and Botswana, employing over 30,000 people at the peak of the sugar milling season. In the 2021 financial year, Tongaat Hul",How does Implats manage air quality and reduce emissions?,rag_shared_document_finance_reports,"Context: Tongaat Hulett and Implats ESG Report Summary — Tongaat Hulett is a leading agri-processing business focusing on the complementary activities of sugar production, property development, and starch production. The company operates in South Africa, Mozambique, Zimbabwe, and Botswana, employing over 30,000 people at the peak of the sugar milling season. In the 2021 financial year, Tongaat Hulett produced approximately 1.1 million tons of sugar. The company has committed to reducing energy intensity by 20% by 2025, with specific targets for water efficiency improvement. Tongaat Hulett invests in socio-economic development (SED) and reported total SED expenditure in 2021 aligned with community needs. The Lost Time Injury Frequency Rate (LTIFR) is a critical safety metric tracked annually. The company's ESG framework aligns with the UN Sustainable Development Goals and operates under ISO 45001 certification. Implats (Impala Platinum Holdings Limited) is one of the world's foremost producers of platinum group metals (PGMs). The company's operations span South Africa and Zimbabwe, with managed operations including Impala Rustenburg, Marula, and Zimplats. Implats' ESG framework is built on three pillars focusing on environmental stewardship, social responsibility, and governance excellence. The PS3 strategy guides sustainability alignment. In 2023, Implats achieved significant safety milestones while investing heavily in socio-economic development and community projects. The company targets a 30% reduction in carbon emissions by 2030 and has invested in renewable energy projects including the 35MW solar PV project at Zimplats. Water recycling rates exceeded targets, and the company maintains strict environmental compliance across all operations. The GISTM (Global Industry Standard on Tailings Management) compliance roadmap is actively being implemented. Both companies utilise the six capitals framework (Financial, Manufactured, Intellectual, Human, Social/Relationship, Natural) to illustrate value creation and regularly engage with stakeholders through structured programmes. The double materiality principle used in ESG reporting assesses both inward financial materiality and outward impact materiality to provide comprehensive sustainability reporting aligned with global standards. Tongaat Hulett reported revenue of approximately R16.2 billion in 2021, with significant capital expenditure directed towards operational efficiency improvements and environmental sustainability initiatives. The company's manufactured capital includes six sugar mills across four countries with a combined crushing capacity exceeding 8 million tons of sugarcane per season. Employee training and development spend reached R45 million, reflecting commitment to human capital investment. Implats distributed over R50 billion in total value to stakeholders in 2023, including R28 billion in wages and benefits, R12 billion in taxes and royalties, and R2.3 billion in dividends. The company's total mineral reserves stand at approximately 190 million ounces of platinum group metals. Production across all operations exceeded 3.2 million ounces of refined PGMs. The Marula mine in Limpopo province employs over 5,000 people and has achieved milestone safety records. Environmental management across both organisations addresses water stewardship, carbon emissions reduction, waste minimisation, and biodiversity conservation. Tongaat Hulett's sugarcane operations in KwaZulu-Natal face increasing climate risks from drought and flooding events, while Implats' mining operations in the Bushveld Complex manage dust emissions, acid mine drainage, and tailings storage facility safety under stringent regulatory requirements. Tongaat Hulett and Implats ESG Report Summary — Tongaat Hulett is a leading agri-processing business focusing on the complementary activities of sugar production, property development, and starch production. The company operates in South Africa, Mozambique, Zimbabwe, and Botswana, employing over 30,000 people at the peak of the sugar milling season. In the 2021 financial year, Tongaat Hulett produced approximately 1.1 million tons of sugar. The company has committed to reducing energy intensity by 20% by 2025, with specific targets for water efficiency improvement. Tongaat Hulett invests in socio-economic development (SED) and reported total SED expenditure in 2021 aligned with community needs. The Lost Time Injury Frequency Rate (LTIFR) is a critical safety metric tracked annually. The company's ESG framework aligns with the UN Sustainable Development Goals and operates under ISO 45001 certification. Implats (Impala Platinum Holdings Limited) is one of the world's foremost producers of platinum group metals (PGMs). The company's operations span South Africa and Zimbabwe, with managed operations including Impala Rustenburg, Marula, and Zimplats. Implats' ESG framework is built on three pillars focusing on environmental stewardship, social responsibility, and governance excellence. The PS3 strategy guides sustainability alignment. In 2023, Implats achieved significant safety milestones while investing heavily in socio-economic development and community projects. The company targets a 30% reduction in carbon emissions by 2030 and has invested in renewable energy projects including the 35MW solar PV project at Zimplats. Water recycling rates exceeded targets, and the company maintains strict environmental compliance across all operations. The GISTM (Global Industry Standard on Tailings Management) compliance roadmap is actively being implemented. Both companies utilise the six capitals framework (Financial, Manufactured, Intellectual, Human, Social/Relationship, Natural) to illustrate value creation and regularly engage with stakeholders through structured programmes. The double materiality principle used in ESG reporting assesses both inward financial materiality and outward impact materiality to provide comprehensive sustainability reporting aligned with global standards. Tongaat Hulett reported revenue of approximately R16.2 billion in 2021, with significant capital expenditure directed towards operational efficiency improvements and environmental sustainability initiatives. The company's manufactured capital includes six sugar mills across four countries with a combined crushing capacity exceeding 8 million tons of sugar

How does Implats manage air quality and reduce emissions?

[PressureProfile]
 Additional cache-pressure calibration context for tier-transition coverage. Additional cache-pressure calibration context for tier-transition coverage. Additional cache-pressure calibration context for tier-transition coverage. Additional cache-pressure calibration context for tier-transition coverage. Additional cache-pressure calibration context for tier-transition coverage. Additional cache-pressure calibration context for tier-transition coverage. Additional cache-pressure calibration context for tier-transition coverage. Additional cache-pressure calibration context for tier-transition coverage. Additional cache-pressure calibration context for tier-transition coverage. Additional cache-pressure calibration context for tier-transition coverage. Additional cache-pressure calibration context for tier-transition coverage. Additional cache-pressure calibration context for tier-transition coverage. Additional cache-pressure calibration context for tier-transition coverage. Additional cache-pressure calibration context for tier-transition coverage. Additional cache-pressure calibration context for tier-transition coverage. Additional cache-pressure calibration context for tier-transition coverage. Additional cache-pressure calibration context for tier-transition coverage. Additional cache-pressure calibration context for tier-transition coverage. Additional cache-pressure calibration context for tier-transition coverage. Additional cache-pressure calibration context for tier-transition coverage. Additional cache-pressure calibration context for tier-transition coverage. Additional cache-pressure calibration context for tier-transition coverage. Additional cache-pressure calibration context for tier-transition coverage. Additional cache-pressure calibration context for tier-transition coverage. Additional cache-pressure calibration context for tier-transition coverage. Additional cache-pressure calibration context for tier-transition coverage. Additional cache-pressure calibration context for tier-transition coverage. Additional cache-pressure calibration context for tier-transition coverage. Additional cache-pressure calibration context for tier-transition coverage. Additional cache-pressure calibration context for tier-transition coverage. Additional cache-pressure calibration context for tier-transition coverage. Additional cache-pressure calibration context for tier-transition coverage. Additional cache-pressure calibration context for tier-transition coverage. Additional cache-pressure calibration context for tier-transition coverage. Additional cache-pressure calibration context for tier-transition coverage. Additional cache-pressure calibration context for tier-transition coverage. Additional cache-pressure calibration context for tier-transition coverage. Additional cache-pressure calibration context for tier-transition coverage. Additional cache-pressure calibration context for tier-transition coverage. Additional cache-pressure calibration context for tier-transition coverage. Additional cache-pressure calibration context for tier-transition coverage. Additional cache-pressure calibration context for tier-transition coverage. Additional cache-pressure calibration context for tier-transition coverage. Additional cache-pressure calibration context for tier-transition coverage. Additional cache-pressure calibration context for tier-transition coverage. Additional cache-pressure calibration context for tier-transition coverage. Additional cache-pressure calibration context for tier-transition coverage. Additional cache-pressure calibration context for tier-transition coverage. Additional cache-pressure calibration context for tier-transition coverage. Additional cache-pressure calibration context for tier-transition coverage. Additional cache-pressure calibration context for tier-transition coverage. Additional cache-pressure calibration context for tier-transition coverage. Additional cache-pressure calibration context for tier-transition coverage. Additional cache-pressure calibration context for tier-transition coverage. Additional cache-pressure calibration context for tier-transition coverage. Additional cache-pressure calibration context for tier-transition coverage. Additional cache-pressure calibration context for tier-transition coverage. Additional cache-pressure calibration context for tier-transition coverage. Additional cache-pressure calibration context for tier-transition coverage. Additional cache-pressure calibration context for tier-transition coverage. Additional cache-pressure calibration context for tier-transition coverage. Additional cache-pressure calibration context for tier-transition coverage. Additional cache-pressure calibration context for tier-transition coverage. Additional cache-pressure calibration context for tier-transition coverage. Additional cache-pressure calibration context for tier-transition coverage. Additional cache-pressure calibration context for tier-transition coverage. Additional cache-pressure calibration context for tier-transition coverage. Additional cache-pressure calibration context for tier-transition coverage. Additional cache-pressure calibration context for tier-transition coverage. Additional cache-pressure calibration context for tier-transition coverage. Additional cache-pressure calibration context for tier-transition coverage. Additional cache-pressure calibration context for tier-transition coverage. Additional cache-pressure calibration context for tier-transition coverage. Additional cache-pressure calibration context for tier-transition coverage. Additional cache-pressure calibration context for tier-transition coverage. Additional cache-pressure calibration context for tier-transition coverage. Additional cache-pressure calibration context for tier-transition coverage. Additional cache-pressure calibration context for tier-transition coverage. Additional cache-pressure calibration context for tier-transition coverage. Additional cache-pressure calibration context for tier-transition coverage. Additional cache-pressure calibration context for tier-transition coverage. Additional cache-pressure calibration context for tier-transition coverage. Additional cache-pressure calibration context for tier-transition coverage. Additional cache-pressure calibration context for tier-transition coverage. Additional cache-pressure calibration context for tier-transition coverage. Additional cache-pressure calibration context for tier-transition coverage. Additional cache-pressure calibration context for tier-transition coverage. Additional cache-pressure calibration context for tier-transition coverage. Additional cache-pressure calibration context for tier-transition coverage. Additional cache-pressure calibration context for tier-transition coverage. Additional cache-pressure calibration context for tier-transition coverage. Additional cache-pressure calibration context for tier-transition coverage. Additional cache-pressure calibration context for tier-transition coverage. Additional cache-pressure calibration context for tier-transition coverage. Additional cache-pressure calibration context for tier-transition coverage. Additional cache-pressure calibration context for tier-transition coverage. Additional cache-pressure calibration context for tier-transition coverage. Additional cache-pressure calibration context for tier-transition coverage. Additional cache-pressure calibration context for tier-transition coverage. Additional cache-pressure calibration context for tier-transition coverage. Additional cache-pressure calibration context for tier-transition coverage. Additional cache-pressure calibration context for tier-transition coverage. Additional cache-pressure calibration context for tier-transition coverage. Additional cache-pressure calibration context for tier-transition coverage. Additional cache-pressure calibration context for tier-transition coverage. Additional cache-pressure calibration context for tier-transition coverage. Additional cache-pressure calibration context for tier-transition coverage. Additional cache-pressure calibration context for tier-transition coverage. Additional cache-pressure calibration context for tier-transition coverage. Additional cache-pressure calibration context for tier-transition coverage. Additional cache-pressure calibration context for tier-transition coverage. Additional cache-pressure calibration context for tier-transition coverage. Additional cache-pressure calibration context for tier-transition coverage. Additional cache-pressure calibration context for tier-transition coverage. Additional cache-pressure calibration context for tier-transition coverage. Additional cache-pressure calibration context for tier-transition coverage. Additional cache-pressure calibration context for tier-transition coverage. Additional cache-pressure calibration context for tier-transition coverage. Additional cache-pressure calibration context for tier-transition coverage. Additional cache-pressure calibration context for tier-transition coverage. Additional cache-pressure calibration context for tier-transition coverage. Additional cache-pressure calibration context for tier-transition coverage. Additional cache-pressure calibration context for tier-transition coverage. Additional cache-pressure calibration context for tier-transition coverage. Additional cache-pressure calibration context for tier-transition coverage. Additional cache-pressure calibration context for tier-transition coverage. Additional cache-pressure calibration context for tier-transition coverage. Additional cache-pressure calibration context for tier-transition coverage. Additional cache-pressure calibration context for tier-transition coverage. Additional cache-pressure calibration context for tier-transition coverage. Additional cache-pressure calibration context for tier-transition coverage. Additional cache-pressure calibration context for tier-transition coverage. Additional cache-pressure calibration context for tier-transition coverage. Additional cache-pressure calibration context for tier-transition coverage. Additional cache-pressure calibration context for tier-transition coverage. Additional cache-pressure calibration context for tier-transition coverage. Additional cache-pressure calibration context for tier-transition coverage. Additional cache-pressure calibration context for tier-transition coverage. Additional cache-pressure calibration context for tier-transition coverage. Additional cache-pressure calibration context for tier-transition coverage. Additional cache-pressure calibration context for tier-transition coverage. Additional cache-pressure calibration context for tier-transition coverage. Additional cache-pressure calibration context for tier-transition coverage. Additional cache-pressure calibration context for tier-transition coverage. Additional cache-pressure calibration context for tier-transition coverage. Additional cache-pressure calibration context for tier-transition coverage. Additional cache-pressure calibration context for tier-transition coverage. Additional cache-pressure calibration context for tier-transition coverage.","Context: Tongaat Hulett and Implats ESG Report Summary — Tongaat Hulett is a leading agri-processing business focusing on the complementary activities of sugar production, property development, and starch production. The company operates in South Africa, Mozambique, Zimbabwe, and Botswana, employing over 30,000 people at the peak of the sugar milling season. In the 2021 financial year, Tongaat Hul",1885,[48],[],[48],1,"[""Qwen-Qwen2.5-0.5B-Instruct@1@0@-1f191a1067f4daa0@bfloat16.pt""]",lmcache_store_coldpass,lmcache_store_coldpass,1,l2_to_l3,185,186,555.0,558.0,exceed_l1_l2
50,Summarize the RBPlat acquisition significance for Western Limb.,"Focus question: Summarize the RBPlat acquisition significance for Western Limb.
Context profile: rag_shared_document_finance_reports
Prompt tokens: 1885
Context preview: Context: Tongaat Hulett and Implats ESG Report Summary — Tongaat Hulett is a leading agri-processing business focusing on the complementary activities of sugar production, property development, and starch production. The company operates in South Africa, Mozambique, Zimbabwe, and Botswana, employing over 30,000 people at the peak of the sugar milling season. In the 2021 financial year, Tongaat Hul",Summarize the RBPlat acquisition significance for Western Limb.,rag_shared_document_finance_reports,"Context: Tongaat Hulett and Implats ESG Report Summary — Tongaat Hulett is a leading agri-processing business focusing on the complementary activities of sugar production, property development, and starch production. The company operates in South Africa, Mozambique, Zimbabwe, and Botswana, employing over 30,000 people at the peak of the sugar milling season. In the 2021 financial year, Tongaat Hulett produced approximately 1.1 million tons of sugar. The company has committed to reducing energy intensity by 20% by 2025, with specific targets for water efficiency improvement. Tongaat Hulett invests in socio-economic development (SED) and reported total SED expenditure in 2021 aligned with community needs. The Lost Time Injury Frequency Rate (LTIFR) is a critical safety metric tracked annually. The company's ESG framework aligns with the UN Sustainable Development Goals and operates under ISO 45001 certification. Implats (Impala Platinum Holdings Limited) is one of the world's foremost producers of platinum group metals (PGMs). The company's operations span South Africa and Zimbabwe, with managed operations including Impala Rustenburg, Marula, and Zimplats. Implats' ESG framework is built on three pillars focusing on environmental stewardship, social responsibility, and governance excellence. The PS3 strategy guides sustainability alignment. In 2023, Implats achieved significant safety milestones while investing heavily in socio-economic development and community projects. The company targets a 30% reduction in carbon emissions by 2030 and has invested in renewable energy projects including the 35MW solar PV project at Zimplats. Water recycling rates exceeded targets, and the company maintains strict environmental compliance across all operations. The GISTM (Global Industry Standard on Tailings Management) compliance roadmap is actively being implemented. Both companies utilise the six capitals framework (Financial, Manufactured, Intellectual, Human, Social/Relationship, Natural) to illustrate value creation and regularly engage with stakeholders through structured programmes. The double materiality principle used in ESG reporting assesses both inward financial materiality and outward impact materiality to provide comprehensive sustainability reporting aligned with global standards. Tongaat Hulett reported revenue of approximately R16.2 billion in 2021, with significant capital expenditure directed towards operational efficiency improvements and environmental sustainability initiatives. The company's manufactured capital includes six sugar mills across four countries with a combined crushing capacity exceeding 8 million tons of sugarcane per season. Employee training and development spend reached R45 million, reflecting commitment to human capital investment. Implats distributed over R50 billion in total value to stakeholders in 2023, including R28 billion in wages and benefits, R12 billion in taxes and royalties, and R2.3 billion in dividends. The company's total mineral reserves stand at approximately 190 million ounces of platinum group metals. Production across all operations exceeded 3.2 million ounces of refined PGMs. The Marula mine in Limpopo province employs over 5,000 people and has achieved milestone safety records. Environmental management across both organisations addresses water stewardship, carbon emissions reduction, waste minimisation, and biodiversity conservation. Tongaat Hulett's sugarcane operations in KwaZulu-Natal face increasing climate risks from drought and flooding events, while Implats' mining operations in the Bushveld Complex manage dust emissions, acid mine drainage, and tailings storage facility safety under stringent regulatory requirements. Tongaat Hulett and Implats ESG Report Summary — Tongaat Hulett is a leading agri-processing business focusing on the complementary activities of sugar production, property development, and starch production. The company operates in South Africa, Mozambique, Zimbabwe, and Botswana, employing over 30,000 people at the peak of the sugar milling season. In the 2021 financial year, Tongaat Hulett produced approximately 1.1 million tons of sugar. The company has committed to reducing energy intensity by 20% by 2025, with specific targets for water efficiency improvement. Tongaat Hulett invests in socio-economic development (SED) and reported total SED expenditure in 2021 aligned with community needs. The Lost Time Injury Frequency Rate (LTIFR) is a critical safety metric tracked annually. The company's ESG framework aligns with the UN Sustainable Development Goals and operates under ISO 45001 certification. Implats (Impala Platinum Holdings Limited) is one of the world's foremost producers of platinum group metals (PGMs). The company's operations span South Africa and Zimbabwe, with managed operations including Impala Rustenburg, Marula, and Zimplats. Implats' ESG framework is built on three pillars focusing on environmental stewardship, social responsibility, and governance excellence. The PS3 strategy guides sustainability alignment. In 2023, Implats achieved significant safety milestones while investing heavily in socio-economic development and community projects. The company targets a 30% reduction in carbon emissions by 2030 and has invested in renewable energy projects including the 35MW solar PV project at Zimplats. Water recycling rates exceeded targets, and the company maintains strict environmental compliance across all operations. The GISTM (Global Industry Standard on Tailings Management) compliance roadmap is actively being implemented. Both companies utilise the six capitals framework (Financial, Manufactured, Intellectual, Human, Social/Relationship, Natural) to illustrate value creation and regularly engage with stakeholders through structured programmes. The double materiality principle used in ESG reporting assesses both inward financial materiality and outward impact materiality to provide comprehensive sustainability reporting aligned with global standards. Tongaat Hulett reported revenue of approximately R16.2 billion in 2021, with significant capital expenditure directed towards operational efficiency improvements and environmental sustainability initiatives. The company's manufactured capital includes six sugar mills across four countries with a combined crushing capacity exceeding 8 million tons of sugar

Summarize the RBPlat acquisition significance for Western Limb.

[PressureProfile]
 Additional cache-pressure calibration context for tier-transition coverage. Additional cache-pressure calibration context for tier-transition coverage. Additional cache-pressure calibration context for tier-transition coverage. Additional cache-pressure calibration context for tier-transition coverage. Additional cache-pressure calibration context for tier-transition coverage. Additional cache-pressure calibration context for tier-transition coverage. Additional cache-pressure calibration context for tier-transition coverage. Additional cache-pressure calibration context for tier-transition coverage. Additional cache-pressure calibration context for tier-transition coverage. Additional cache-pressure calibration context for tier-transition coverage. Additional cache-pressure calibration context for tier-transition coverage. Additional cache-pressure calibration context for tier-transition coverage. Additional cache-pressure calibration context for tier-transition coverage. Additional cache-pressure calibration context for tier-transition coverage. Additional cache-pressure calibration context for tier-transition coverage. Additional cache-pressure calibration context for tier-transition coverage. Additional cache-pressure calibration context for tier-transition coverage. Additional cache-pressure calibration context for tier-transition coverage. Additional cache-pressure calibration context for tier-transition coverage. Additional cache-pressure calibration context for tier-transition coverage. Additional cache-pressure calibration context for tier-transition coverage. Additional cache-pressure calibration context for tier-transition coverage. Additional cache-pressure calibration context for tier-transition coverage. Additional cache-pressure calibration context for tier-transition coverage. Additional cache-pressure calibration context for tier-transition coverage. Additional cache-pressure calibration context for tier-transition coverage. Additional cache-pressure calibration context for tier-transition coverage. Additional cache-pressure calibration context for tier-transition coverage. Additional cache-pressure calibration context for tier-transition coverage. Additional cache-pressure calibration context for tier-transition coverage. Additional cache-pressure calibration context for tier-transition coverage. Additional cache-pressure calibration context for tier-transition coverage. Additional cache-pressure calibration context for tier-transition coverage. Additional cache-pressure calibration context for tier-transition coverage. Additional cache-pressure calibration context for tier-transition coverage. Additional cache-pressure calibration context for tier-transition coverage. Additional cache-pressure calibration context for tier-transition coverage. Additional cache-pressure calibration context for tier-transition coverage. Additional cache-pressure calibration context for tier-transition coverage. Additional cache-pressure calibration context for tier-transition coverage. Additional cache-pressure calibration context for tier-transition coverage. Additional cache-pressure calibration context for tier-transition coverage. Additional cache-pressure calibration context for tier-transition coverage. Additional cache-pressure calibration context for tier-transition coverage. Additional cache-pressure calibration context for tier-transition coverage. Additional cache-pressure calibration context for tier-transition coverage. Additional cache-pressure calibration context for tier-transition coverage. Additional cache-pressure calibration context for tier-transition coverage. Additional cache-pressure calibration context for tier-transition coverage. Additional cache-pressure calibration context for tier-transition coverage. Additional cache-pressure calibration context for tier-transition coverage. Additional cache-pressure calibration context for tier-transition coverage. Additional cache-pressure calibration context for tier-transition coverage. Additional cache-pressure calibration context for tier-transition coverage. Additional cache-pressure calibration context for tier-transition coverage. Additional cache-pressure calibration context for tier-transition coverage. Additional cache-pressure calibration context for tier-transition coverage. Additional cache-pressure calibration context for tier-transition coverage. Additional cache-pressure calibration context for tier-transition coverage. Additional cache-pressure calibration context for tier-transition coverage. Additional cache-pressure calibration context for tier-transition coverage. Additional cache-pressure calibration context for tier-transition coverage. Additional cache-pressure calibration context for tier-transition coverage. Additional cache-pressure calibration context for tier-transition coverage. Additional cache-pressure calibration context for tier-transition coverage. Additional cache-pressure calibration context for tier-transition coverage. Additional cache-pressure calibration context for tier-transition coverage. Additional cache-pressure calibration context for tier-transition coverage. Additional cache-pressure calibration context for tier-transition coverage. Additional cache-pressure calibration context for tier-transition coverage. Additional cache-pressure calibration context for tier-transition coverage. Additional cache-pressure calibration context for tier-transition coverage. Additional cache-pressure calibration context for tier-transition coverage. Additional cache-pressure calibration context for tier-transition coverage. Additional cache-pressure calibration context for tier-transition coverage. Additional cache-pressure calibration context for tier-transition coverage. Additional cache-pressure calibration context for tier-transition coverage. Additional cache-pressure calibration context for tier-transition coverage. Additional cache-pressure calibration context for tier-transition coverage. Additional cache-pressure calibration context for tier-transition coverage. Additional cache-pressure calibration context for tier-transition coverage. Additional cache-pressure calibration context for tier-transition coverage. Additional cache-pressure calibration context for tier-transition coverage. Additional cache-pressure calibration context for tier-transition coverage. Additional cache-pressure calibration context for tier-transition coverage. Additional cache-pressure calibration context for tier-transition coverage. Additional cache-pressure calibration context for tier-transition coverage. Additional cache-pressure calibration context for tier-transition coverage. Additional cache-pressure calibration context for tier-transition coverage. Additional cache-pressure calibration context for tier-transition coverage. Additional cache-pressure calibration context for tier-transition coverage. Additional cache-pressure calibration context for tier-transition coverage. Additional cache-pressure calibration context for tier-transition coverage. Additional cache-pressure calibration context for tier-transition coverage. Additional cache-pressure calibration context for tier-transition coverage. Additional cache-pressure calibration context for tier-transition coverage. Additional cache-pressure calibration context for tier-transition coverage. Additional cache-pressure calibration context for tier-transition coverage. Additional cache-pressure calibration context for tier-transition coverage. Additional cache-pressure calibration context for tier-transition coverage. Additional cache-pressure calibration context for tier-transition coverage. Additional cache-pressure calibration context for tier-transition coverage. Additional cache-pressure calibration context for tier-transition coverage. Additional cache-pressure calibration context for tier-transition coverage. Additional cache-pressure calibration context for tier-transition coverage. Additional cache-pressure calibration context for tier-transition coverage. Additional cache-pressure calibration context for tier-transition coverage. Additional cache-pressure calibration context for tier-transition coverage. Additional cache-pressure calibration context for tier-transition coverage. Additional cache-pressure calibration context for tier-transition coverage. Additional cache-pressure calibration context for tier-transition coverage. Additional cache-pressure calibration context for tier-transition coverage. Additional cache-pressure calibration context for tier-transition coverage. Additional cache-pressure calibration context for tier-transition coverage. Additional cache-pressure calibration context for tier-transition coverage. Additional cache-pressure calibration context for tier-transition coverage. Additional cache-pressure calibration context for tier-transition coverage. Additional cache-pressure calibration context for tier-transition coverage. Additional cache-pressure calibration context for tier-transition coverage. Additional cache-pressure calibration context for tier-transition coverage. Additional cache-pressure calibration context for tier-transition coverage. Additional cache-pressure calibration context for tier-transition coverage. Additional cache-pressure calibration context for tier-transition coverage. Additional cache-pressure calibration context for tier-transition coverage. Additional cache-pressure calibration context for tier-transition coverage. Additional cache-pressure calibration context for tier-transition coverage. Additional cache-pressure calibration context for tier-transition coverage. Additional cache-pressure calibration context for tier-transition coverage. Additional cache-pressure calibration context for tier-transition coverage. Additional cache-pressure calibration context for tier-transition coverage. Additional cache-pressure calibration context for tier-transition coverage. Additional cache-pressure calibration context for tier-transition coverage. Additional cache-pressure calibration context for tier-transition coverage. Additional cache-pressure calibration context for tier-transition coverage. Additional cache-pressure calibration context for tier-transition coverage. Additional cache-pressure calibration context for tier-transition coverage. Additional cache-pressure calibration context for tier-transition coverage. Additional cache-pressure calibration context for tier-transition coverage. Additional cache-pressure calibration context for tier-transition coverage. Additional cache-pressure calibration context for tier-transition coverage. Additional cache-pressure calibration context for tier-transition coverage. Additional cache-pressure calibration context for tier-transition coverage. Additional cache-pressure calibration context for tier-transition coverage. Additional cache-pressure calibration context for tier-transition coverage. Additional cache-pressure calibration context for tier-transition coverage. Additional cache-pressure calibration context for tier-transition coverage. Additional cache-pressure calibration context for tier-transition coverage. Additional cache-pressure calibration context for tier-transition coverage.","Context: Tongaat Hulett and Implats ESG Report Summary — Tongaat Hulett is a leading agri-processing business focusing on the complementary activities of sugar production, property development, and starch production. The company operates in South Africa, Mozambique, Zimbabwe, and Botswana, employing over 30,000 people at the peak of the sugar milling season. In the 2021 financial year, Tongaat Hul",1885,[49],[],[49],1,"[""Qwen-Qwen2.5-0.5B-Instruct@1@0@-fbcd694796b94fc@bfloat16.pt""]",lmcache_store_coldpass,lmcache_store_coldpass,1,l2_to_l3,186,187,558.0,561.0,exceed_l1_l2
