query_id,query_text,embedding_text,focus_text,context_profile,prompt_text,prompt_preview,input_tokens,chunk_ids_needed,shared_chunk_ids,unique_chunk_ids,num_chunks,runtime_chunk_ids,chunk_event_source,chunk_id_source,runtime_event_count,tier_transition_event,cache_file_count_before,cache_file_count_after,cache_disk_mb_before,cache_disk_mb_after,pressure_phase
1,Who is the founder of Microsoft?,"Focus question: Who is the founder of Microsoft?
Context profile: no_shared_context
Prompt tokens: 1341
Context preview: Who is the founder of Microsoft? [PressureProfile] Additional cache-pressure calibration context for tier-transition coverage. Additional cache-pressure calibration context for tier-transition coverage. Additional cache-pressure calibration context for tier-transition coverage. Additional cache-pressure calibration context for tier-transition coverage. Additional cache-pressure calibration conte",Who is the founder of Microsoft?,no_shared_context,"Who is the founder of Microsoft?

[PressureProfile]
 Additional cache-pressure calibration context for tier-transition coverage. Additional cache-pressure calibration context for tier-transition coverage. Additional cache-pressure calibration context for tier-transition coverage. Additional cache-pressure calibration context for tier-transition coverage. Additional cache-pressure calibration context for tier-transition coverage. Additional cache-pressure calibration context for tier-transition coverage. Additional cache-pressure calibration context for tier-transition coverage. Additional cache-pressure calibration context for tier-transition coverage. Additional cache-pressure calibration context for tier-transition coverage. Additional cache-pressure calibration context for tier-transition coverage. Additional cache-pressure calibration context for tier-transition coverage. Additional cache-pressure calibration context for tier-transition coverage. Additional cache-pressure calibration context for tier-transition coverage. Additional cache-pressure calibration context for tier-transition coverage. Additional cache-pressure calibration context for tier-transition coverage. Additional cache-pressure calibration context for tier-transition coverage. Additional cache-pressure calibration context for tier-transition coverage. Additional cache-pressure calibration context for tier-transition coverage. Additional cache-pressure calibration context for tier-transition coverage. Additional cache-pressure calibration context for tier-transition coverage. Additional cache-pressure calibration context for tier-transition coverage. Additional cache-pressure calibration context for tier-transition coverage. Additional cache-pressure calibration context for tier-transition coverage. Additional cache-pressure calibration context for tier-transition coverage. Additional cache-pressure calibration context for tier-transition coverage. Additional cache-pressure calibration context for tier-transition coverage. Additional cache-pressure calibration context for tier-transition coverage. Additional cache-pressure calibration context for tier-transition coverage. Additional cache-pressure calibration context for tier-transition coverage. Additional cache-pressure calibration context for tier-transition coverage. Additional cache-pressure calibration context for tier-transition coverage. Additional cache-pressure calibration context for tier-transition coverage. Additional cache-pressure calibration context for tier-transition coverage. Additional cache-pressure calibration context for tier-transition coverage. Additional cache-pressure calibration context for tier-transition coverage. Additional cache-pressure calibration context for tier-transition coverage. Additional cache-pressure calibration context for tier-transition coverage. Additional cache-pressure calibration context for tier-transition coverage. Additional cache-pressure calibration context for tier-transition coverage. Additional cache-pressure calibration context for tier-transition coverage. Additional cache-pressure calibration context for tier-transition coverage. Additional cache-pressure calibration context for tier-transition coverage. Additional cache-pressure calibration context for tier-transition coverage. Additional cache-pressure calibration context for tier-transition coverage. Additional cache-pressure calibration context for tier-transition coverage. Additional cache-pressure calibration context for tier-transition coverage. Additional cache-pressure calibration context for tier-transition coverage. Additional cache-pressure calibration context for tier-transition coverage. Additional cache-pressure calibration context for tier-transition coverage. Additional cache-pressure calibration context for tier-transition coverage. Additional cache-pressure calibration context for tier-transition coverage. Additional cache-pressure calibration context for tier-transition coverage. Additional cache-pressure calibration context for tier-transition coverage. Additional cache-pressure calibration context for tier-transition coverage. Additional cache-pressure calibration context for tier-transition coverage. Additional cache-pressure calibration context for tier-transition coverage. Additional cache-pressure calibration context for tier-transition coverage. Additional cache-pressure calibration context for tier-transition coverage. Additional cache-pressure calibration context for tier-transition coverage. Additional cache-pressure calibration context for tier-transition coverage. Additional cache-pressure calibration context for tier-transition coverage. Additional cache-pressure calibration context for tier-transition coverage. Additional cache-pressure calibration context for tier-transition coverage. Additional cache-pressure calibration context for tier-transition coverage. Additional cache-pressure calibration context for tier-transition coverage. Additional cache-pressure calibration context for tier-transition coverage. Additional cache-pressure calibration context for tier-transition coverage. Additional cache-pressure calibration context for tier-transition coverage. Additional cache-pressure calibration context for tier-transition coverage. Additional cache-pressure calibration context for tier-transition coverage. Additional cache-pressure calibration context for tier-transition coverage. Additional cache-pressure calibration context for tier-transition coverage. Additional cache-pressure calibration context for tier-transition coverage. Additional cache-pressure calibration context for tier-transition coverage. Additional cache-pressure calibration context for tier-transition coverage. Additional cache-pressure calibration context for tier-transition coverage. Additional cache-pressure calibration context for tier-transition coverage. Additional cache-pressure calibration context for tier-transition coverage. Additional cache-pressure calibration context for tier-transition coverage. Additional cache-pressure calibration context for tier-transition coverage. Additional cache-pressure calibration context for tier-transition coverage. Additional cache-pressure calibration context for tier-transition coverage. Additional cache-pressure calibration context for tier-transition coverage. Additional cache-pressure calibration context for tier-transition coverage. Additional cache-pressure calibration context for tier-transition coverage. Additional cache-pressure calibration context for tier-transition coverage. Additional cache-pressure calibration context for tier-transition coverage. Additional cache-pressure calibration context for tier-transition coverage. Additional cache-pressure calibration context for tier-transition coverage. Additional cache-pressure calibration context for tier-transition coverage. Additional cache-pressure calibration context for tier-transition coverage. Additional cache-pressure calibration context for tier-transition coverage. Additional cache-pressure calibration context for tier-transition coverage. Additional cache-pressure calibration context for tier-transition coverage. Additional cache-pressure calibration context for tier-transition coverage. Additional cache-pressure calibration context for tier-transition coverage. Additional cache-pressure calibration context for tier-transition coverage. Additional cache-pressure calibration context for tier-transition coverage. Additional cache-pressure calibration context for tier-transition coverage. Additional cache-pressure calibration context for tier-transition coverage. Additional cache-pressure calibration context for tier-transition coverage. Additional cache-pressure calibration context for tier-transition coverage. Additional cache-pressure calibration context for tier-transition coverage. Additional cache-pressure calibration context for tier-transition coverage. Additional cache-pressure calibration context for tier-transition coverage. Additional cache-pressure calibration context for tier-transition coverage. Additional cache-pressure calibration context for tier-transition coverage. Additional cache-pressure calibration context for tier-transition coverage. Additional cache-pressure calibration context for tier-transition coverage. Additional cache-pressure calibration context for tier-transition coverage. Additional cache-pressure calibration context for tier-transition coverage. Additional cache-pressure calibration context for tier-transition coverage. Additional cache-pressure calibration context for tier-transition coverage. Additional cache-pressure calibration context for tier-transition coverage. Additional cache-pressure calibration context for tier-transition coverage. Additional cache-pressure calibration context for tier-transition coverage. Additional cache-pressure calibration context for tier-transition coverage. Additional cache-pressure calibration context for tier-transition coverage. Additional cache-pressure calibration context for tier-transition coverage. Additional cache-pressure calibration context for tier-transition coverage. Additional cache-pressure calibration context for tier-transition coverage. Additional cache-pressure calibration context for tier-transition coverage. Additional cache-pressure calibration context for tier-transition coverage. Additional cache-pressure calibration context for tier-transition coverage. Additional cache-pressure calibration context for tier-transition coverage. Additional cache-pressure calibration context for tier-transition coverage. Additional cache-pressure calibration context for tier-transition coverage. Additional cache-pressure calibration context for tier-transition coverage. Additional cache-pressure calibration context for tier-transition coverage. Additional cache-pressure calibration context for tier-transition coverage. Additional cache-pressure calibration context for tier-transition coverage. Additional cache-pressure calibration context for tier-transition coverage. Additional cache-pressure calibration context for tier-transition coverage.","Who is the founder of Microsoft?

[PressureProfile]
 Additional cache-pressure calibration context for tier-transition coverage. Additional cache-pressure calibration context for tier-transition coverage. Additional cache-pressure calibration context for tier-transition coverage. Additional cache-pressure calibration context for tier-transition coverage. Additional cache-pressure calibration conte",1341,[0],[],[0],1,"[""Qwen-Qwen2.5-0.5B-Instruct@1@0@-197559a60abbcb30@bfloat16.pt""]",lmcache_store_coldpass,lmcache_store_coldpass,1,none,237,238,711.0,714.0,baseline
2,What is the chemical symbol for sodium?,"Focus question: What is the chemical symbol for sodium?
Context profile: no_shared_context
Prompt tokens: 1342
Context preview: What is the chemical symbol for sodium? [PressureProfile] Additional cache-pressure calibration context for tier-transition coverage. Additional cache-pressure calibration context for tier-transition coverage. Additional cache-pressure calibration context for tier-transition coverage. Additional cache-pressure calibration context for tier-transition coverage. Additional cache-pressure calibratio",What is the chemical symbol for sodium?,no_shared_context,"What is the chemical symbol for sodium?

[PressureProfile]
 Additional cache-pressure calibration context for tier-transition coverage. Additional cache-pressure calibration context for tier-transition coverage. Additional cache-pressure calibration context for tier-transition coverage. Additional cache-pressure calibration context for tier-transition coverage. Additional cache-pressure calibration context for tier-transition coverage. Additional cache-pressure calibration context for tier-transition coverage. Additional cache-pressure calibration context for tier-transition coverage. Additional cache-pressure calibration context for tier-transition coverage. Additional cache-pressure calibration context for tier-transition coverage. Additional cache-pressure calibration context for tier-transition coverage. Additional cache-pressure calibration context for tier-transition coverage. Additional cache-pressure calibration context for tier-transition coverage. Additional cache-pressure calibration context for tier-transition coverage. Additional cache-pressure calibration context for tier-transition coverage. Additional cache-pressure calibration context for tier-transition coverage. Additional cache-pressure calibration context for tier-transition coverage. Additional cache-pressure calibration context for tier-transition coverage. Additional cache-pressure calibration context for tier-transition coverage. Additional cache-pressure calibration context for tier-transition coverage. Additional cache-pressure calibration context for tier-transition coverage. Additional cache-pressure calibration context for tier-transition coverage. Additional cache-pressure calibration context for tier-transition coverage. Additional cache-pressure calibration context for tier-transition coverage. Additional cache-pressure calibration context for tier-transition coverage. Additional cache-pressure calibration context for tier-transition coverage. Additional cache-pressure calibration context for tier-transition coverage. Additional cache-pressure calibration context for tier-transition coverage. Additional cache-pressure calibration context for tier-transition coverage. Additional cache-pressure calibration context for tier-transition coverage. Additional cache-pressure calibration context for tier-transition coverage. Additional cache-pressure calibration context for tier-transition coverage. Additional cache-pressure calibration context for tier-transition coverage. Additional cache-pressure calibration context for tier-transition coverage. Additional cache-pressure calibration context for tier-transition coverage. Additional cache-pressure calibration context for tier-transition coverage. Additional cache-pressure calibration context for tier-transition coverage. Additional cache-pressure calibration context for tier-transition coverage. Additional cache-pressure calibration context for tier-transition coverage. Additional cache-pressure calibration context for tier-transition coverage. Additional cache-pressure calibration context for tier-transition coverage. Additional cache-pressure calibration context for tier-transition coverage. Additional cache-pressure calibration context for tier-transition coverage. Additional cache-pressure calibration context for tier-transition coverage. Additional cache-pressure calibration context for tier-transition coverage. Additional cache-pressure calibration context for tier-transition coverage. Additional cache-pressure calibration context for tier-transition coverage. Additional cache-pressure calibration context for tier-transition coverage. Additional cache-pressure calibration context for tier-transition coverage. Additional cache-pressure calibration context for tier-transition coverage. Additional cache-pressure calibration context for tier-transition coverage. Additional cache-pressure calibration context for tier-transition coverage. Additional cache-pressure calibration context for tier-transition coverage. Additional cache-pressure calibration context for tier-transition coverage. Additional cache-pressure calibration context for tier-transition coverage. Additional cache-pressure calibration context for tier-transition coverage. Additional cache-pressure calibration context for tier-transition coverage. Additional cache-pressure calibration context for tier-transition coverage. Additional cache-pressure calibration context for tier-transition coverage. Additional cache-pressure calibration context for tier-transition coverage. Additional cache-pressure calibration context for tier-transition coverage. Additional cache-pressure calibration context for tier-transition coverage. Additional cache-pressure calibration context for tier-transition coverage. Additional cache-pressure calibration context for tier-transition coverage. Additional cache-pressure calibration context for tier-transition coverage. Additional cache-pressure calibration context for tier-transition coverage. Additional cache-pressure calibration context for tier-transition coverage. Additional cache-pressure calibration context for tier-transition coverage. Additional cache-pressure calibration context for tier-transition coverage. Additional cache-pressure calibration context for tier-transition coverage. Additional cache-pressure calibration context for tier-transition coverage. Additional cache-pressure calibration context for tier-transition coverage. Additional cache-pressure calibration context for tier-transition coverage. Additional cache-pressure calibration context for tier-transition coverage. Additional cache-pressure calibration context for tier-transition coverage. Additional cache-pressure calibration context for tier-transition coverage. Additional cache-pressure calibration context for tier-transition coverage. Additional cache-pressure calibration context for tier-transition coverage. Additional cache-pressure calibration context for tier-transition coverage. Additional cache-pressure calibration context for tier-transition coverage. Additional cache-pressure calibration context for tier-transition coverage. Additional cache-pressure calibration context for tier-transition coverage. Additional cache-pressure calibration context for tier-transition coverage. Additional cache-pressure calibration context for tier-transition coverage. Additional cache-pressure calibration context for tier-transition coverage. Additional cache-pressure calibration context for tier-transition coverage. Additional cache-pressure calibration context for tier-transition coverage. Additional cache-pressure calibration context for tier-transition coverage. Additional cache-pressure calibration context for tier-transition coverage. Additional cache-pressure calibration context for tier-transition coverage. Additional cache-pressure calibration context for tier-transition coverage. Additional cache-pressure calibration context for tier-transition coverage. Additional cache-pressure calibration context for tier-transition coverage. Additional cache-pressure calibration context for tier-transition coverage. Additional cache-pressure calibration context for tier-transition coverage. Additional cache-pressure calibration context for tier-transition coverage. Additional cache-pressure calibration context for tier-transition coverage. Additional cache-pressure calibration context for tier-transition coverage. Additional cache-pressure calibration context for tier-transition coverage. Additional cache-pressure calibration context for tier-transition coverage. Additional cache-pressure calibration context for tier-transition coverage. Additional cache-pressure calibration context for tier-transition coverage. Additional cache-pressure calibration context for tier-transition coverage. Additional cache-pressure calibration context for tier-transition coverage. Additional cache-pressure calibration context for tier-transition coverage. Additional cache-pressure calibration context for tier-transition coverage. Additional cache-pressure calibration context for tier-transition coverage. Additional cache-pressure calibration context for tier-transition coverage. Additional cache-pressure calibration context for tier-transition coverage. Additional cache-pressure calibration context for tier-transition coverage. Additional cache-pressure calibration context for tier-transition coverage. Additional cache-pressure calibration context for tier-transition coverage. Additional cache-pressure calibration context for tier-transition coverage. Additional cache-pressure calibration context for tier-transition coverage. Additional cache-pressure calibration context for tier-transition coverage. Additional cache-pressure calibration context for tier-transition coverage. Additional cache-pressure calibration context for tier-transition coverage. Additional cache-pressure calibration context for tier-transition coverage. Additional cache-pressure calibration context for tier-transition coverage. Additional cache-pressure calibration context for tier-transition coverage. Additional cache-pressure calibration context for tier-transition coverage. Additional cache-pressure calibration context for tier-transition coverage. Additional cache-pressure calibration context for tier-transition coverage. Additional cache-pressure calibration context for tier-transition coverage. Additional cache-pressure calibration context for tier-transition coverage. Additional cache-pressure calibration context for tier-transition coverage. Additional cache-pressure calibration context for tier-transition coverage. Additional cache-pressure calibration context for tier-transition coverage. Additional cache-pressure calibration context for tier-transition coverage. Additional cache-pressure calibration context for tier-transition coverage. Additional cache-pressure calibration context for tier-transition coverage. Additional cache-pressure calibration context for tier-transition coverage. Additional cache-pressure calibration context for tier-transition coverage. Additional cache-pressure calibration context for tier-transition coverage.","What is the chemical symbol for sodium?

[PressureProfile]
 Additional cache-pressure calibration context for tier-transition coverage. Additional cache-pressure calibration context for tier-transition coverage. Additional cache-pressure calibration context for tier-transition coverage. Additional cache-pressure calibration context for tier-transition coverage. Additional cache-pressure calibratio",1342,[1],[],[1],1,"[""Qwen-Qwen2.5-0.5B-Instruct@1@0@1e0192d083e3363f@bfloat16.pt""]",lmcache_store_coldpass,lmcache_store_coldpass,1,none,238,239,714.0,717.0,baseline
3,How many players are there in a baseball team?,"Focus question: How many players are there in a baseball team?
Context profile: no_shared_context
Prompt tokens: 1344
Context preview: How many players are there in a baseball team? [PressureProfile] Additional cache-pressure calibration context for tier-transition coverage. Additional cache-pressure calibration context for tier-transition coverage. Additional cache-pressure calibration context for tier-transition coverage. Additional cache-pressure calibration context for tier-transition coverage. Additional cache-pressure cal",How many players are there in a baseball team?,no_shared_context,"How many players are there in a baseball team?

[PressureProfile]
 Additional cache-pressure calibration context for tier-transition coverage. Additional cache-pressure calibration context for tier-transition coverage. Additional cache-pressure calibration context for tier-transition coverage. Additional cache-pressure calibration context for tier-transition coverage. Additional cache-pressure calibration context for tier-transition coverage. Additional cache-pressure calibration context for tier-transition coverage. Additional cache-pressure calibration context for tier-transition coverage. Additional cache-pressure calibration context for tier-transition coverage. Additional cache-pressure calibration context for tier-transition coverage. Additional cache-pressure calibration context for tier-transition coverage. Additional cache-pressure calibration context for tier-transition coverage. Additional cache-pressure calibration context for tier-transition coverage. Additional cache-pressure calibration context for tier-transition coverage. Additional cache-pressure calibration context for tier-transition coverage. Additional cache-pressure calibration context for tier-transition coverage. Additional cache-pressure calibration context for tier-transition coverage. Additional cache-pressure calibration context for tier-transition coverage. Additional cache-pressure calibration context for tier-transition coverage. Additional cache-pressure calibration context for tier-transition coverage. Additional cache-pressure calibration context for tier-transition coverage. Additional cache-pressure calibration context for tier-transition coverage. Additional cache-pressure calibration context for tier-transition coverage. Additional cache-pressure calibration context for tier-transition coverage. Additional cache-pressure calibration context for tier-transition coverage. Additional cache-pressure calibration context for tier-transition coverage. Additional cache-pressure calibration context for tier-transition coverage. Additional cache-pressure calibration context for tier-transition coverage. Additional cache-pressure calibration context for tier-transition coverage. Additional cache-pressure calibration context for tier-transition coverage. Additional cache-pressure calibration context for tier-transition coverage. Additional cache-pressure calibration context for tier-transition coverage. Additional cache-pressure calibration context for tier-transition coverage. Additional cache-pressure calibration context for tier-transition coverage. Additional cache-pressure calibration context for tier-transition coverage. Additional cache-pressure calibration context for tier-transition coverage. Additional cache-pressure calibration context for tier-transition coverage. Additional cache-pressure calibration context for tier-transition coverage. Additional cache-pressure calibration context for tier-transition coverage. Additional cache-pressure calibration context for tier-transition coverage. Additional cache-pressure calibration context for tier-transition coverage. Additional cache-pressure calibration context for tier-transition coverage. Additional cache-pressure calibration context for tier-transition coverage. Additional cache-pressure calibration context for tier-transition coverage. Additional cache-pressure calibration context for tier-transition coverage. Additional cache-pressure calibration context for tier-transition coverage. Additional cache-pressure calibration context for tier-transition coverage. Additional cache-pressure calibration context for tier-transition coverage. Additional cache-pressure calibration context for tier-transition coverage. Additional cache-pressure calibration context for tier-transition coverage. Additional cache-pressure calibration context for tier-transition coverage. Additional cache-pressure calibration context for tier-transition coverage. Additional cache-pressure calibration context for tier-transition coverage. Additional cache-pressure calibration context for tier-transition coverage. Additional cache-pressure calibration context for tier-transition coverage. Additional cache-pressure calibration context for tier-transition coverage. Additional cache-pressure calibration context for tier-transition coverage. Additional cache-pressure calibration context for tier-transition coverage. Additional cache-pressure calibration context for tier-transition coverage. Additional cache-pressure calibration context for tier-transition coverage. Additional cache-pressure calibration context for tier-transition coverage. Additional cache-pressure calibration context for tier-transition coverage. Additional cache-pressure calibration context for tier-transition coverage. Additional cache-pressure calibration context for tier-transition coverage. Additional cache-pressure calibration context for tier-transition coverage. Additional cache-pressure calibration context for tier-transition coverage. Additional cache-pressure calibration context for tier-transition coverage. Additional cache-pressure calibration context for tier-transition coverage. Additional cache-pressure calibration context for tier-transition coverage. Additional cache-pressure calibration context for tier-transition coverage. Additional cache-pressure calibration context for tier-transition coverage. Additional cache-pressure calibration context for tier-transition coverage. Additional cache-pressure calibration context for tier-transition coverage. Additional cache-pressure calibration context for tier-transition coverage. Additional cache-pressure calibration context for tier-transition coverage. Additional cache-pressure calibration context for tier-transition coverage. Additional cache-pressure calibration context for tier-transition coverage. Additional cache-pressure calibration context for tier-transition coverage. Additional cache-pressure calibration context for tier-transition coverage. Additional cache-pressure calibration context for tier-transition coverage. Additional cache-pressure calibration context for tier-transition coverage. Additional cache-pressure calibration context for tier-transition coverage. Additional cache-pressure calibration context for tier-transition coverage. Additional cache-pressure calibration context for tier-transition coverage. Additional cache-pressure calibration context for tier-transition coverage. Additional cache-pressure calibration context for tier-transition coverage. Additional cache-pressure calibration context for tier-transition coverage. Additional cache-pressure calibration context for tier-transition coverage. Additional cache-pressure calibration context for tier-transition coverage. Additional cache-pressure calibration context for tier-transition coverage. Additional cache-pressure calibration context for tier-transition coverage. Additional cache-pressure calibration context for tier-transition coverage. Additional cache-pressure calibration context for tier-transition coverage. Additional cache-pressure calibration context for tier-transition coverage. Additional cache-pressure calibration context for tier-transition coverage. Additional cache-pressure calibration context for tier-transition coverage. Additional cache-pressure calibration context for tier-transition coverage. Additional cache-pressure calibration context for tier-transition coverage. Additional cache-pressure calibration context for tier-transition coverage. Additional cache-pressure calibration context for tier-transition coverage. Additional cache-pressure calibration context for tier-transition coverage. Additional cache-pressure calibration context for tier-transition coverage. Additional cache-pressure calibration context for tier-transition coverage. Additional cache-pressure calibration context for tier-transition coverage. Additional cache-pressure calibration context for tier-transition coverage. Additional cache-pressure calibration context for tier-transition coverage. Additional cache-pressure calibration context for tier-transition coverage. Additional cache-pressure calibration context for tier-transition coverage. Additional cache-pressure calibration context for tier-transition coverage. Additional cache-pressure calibration context for tier-transition coverage. Additional cache-pressure calibration context for tier-transition coverage. Additional cache-pressure calibration context for tier-transition coverage. Additional cache-pressure calibration context for tier-transition coverage. Additional cache-pressure calibration context for tier-transition coverage. Additional cache-pressure calibration context for tier-transition coverage. Additional cache-pressure calibration context for tier-transition coverage. Additional cache-pressure calibration context for tier-transition coverage. Additional cache-pressure calibration context for tier-transition coverage. Additional cache-pressure calibration context for tier-transition coverage. Additional cache-pressure calibration context for tier-transition coverage. Additional cache-pressure calibration context for tier-transition coverage. Additional cache-pressure calibration context for tier-transition coverage. Additional cache-pressure calibration context for tier-transition coverage. Additional cache-pressure calibration context for tier-transition coverage. Additional cache-pressure calibration context for tier-transition coverage. Additional cache-pressure calibration context for tier-transition coverage. Additional cache-pressure calibration context for tier-transition coverage. Additional cache-pressure calibration context for tier-transition coverage. Additional cache-pressure calibration context for tier-transition coverage. Additional cache-pressure calibration context for tier-transition coverage. Additional cache-pressure calibration context for tier-transition coverage. Additional cache-pressure calibration context for tier-transition coverage. Additional cache-pressure calibration context for tier-transition coverage. Additional cache-pressure calibration context for tier-transition coverage.","How many players are there in a baseball team?

[PressureProfile]
 Additional cache-pressure calibration context for tier-transition coverage. Additional cache-pressure calibration context for tier-transition coverage. Additional cache-pressure calibration context for tier-transition coverage. Additional cache-pressure calibration context for tier-transition coverage. Additional cache-pressure cal",1344,[2],[],[2],1,"[""Qwen-Qwen2.5-0.5B-Instruct@1@0@6c0b70992aac4294@bfloat16.pt""]",lmcache_store_coldpass,lmcache_store_coldpass,1,none,239,240,717.0,720.0,baseline
4,What year did World War II end?,"Focus question: What year did World War II end?
Context profile: no_shared_context
Prompt tokens: 1342
Context preview: What year did World War II end? [PressureProfile] Additional cache-pressure calibration context for tier-transition coverage. Additional cache-pressure calibration context for tier-transition coverage. Additional cache-pressure calibration context for tier-transition coverage. Additional cache-pressure calibration context for tier-transition coverage. Additional cache-pressure calibration contex",What year did World War II end?,no_shared_context,"What year did World War II end?

[PressureProfile]
 Additional cache-pressure calibration context for tier-transition coverage. Additional cache-pressure calibration context for tier-transition coverage. Additional cache-pressure calibration context for tier-transition coverage. Additional cache-pressure calibration context for tier-transition coverage. Additional cache-pressure calibration context for tier-transition coverage. Additional cache-pressure calibration context for tier-transition coverage. Additional cache-pressure calibration context for tier-transition coverage. Additional cache-pressure calibration context for tier-transition coverage. Additional cache-pressure calibration context for tier-transition coverage. Additional cache-pressure calibration context for tier-transition coverage. Additional cache-pressure calibration context for tier-transition coverage. Additional cache-pressure calibration context for tier-transition coverage. Additional cache-pressure calibration context for tier-transition coverage. Additional cache-pressure calibration context for tier-transition coverage. Additional cache-pressure calibration context for tier-transition coverage. Additional cache-pressure calibration context for tier-transition coverage. Additional cache-pressure calibration context for tier-transition coverage. Additional cache-pressure calibration context for tier-transition coverage. Additional cache-pressure calibration context for tier-transition coverage. Additional cache-pressure calibration context for tier-transition coverage. Additional cache-pressure calibration context for tier-transition coverage. Additional cache-pressure calibration context for tier-transition coverage. Additional cache-pressure calibration context for tier-transition coverage. Additional cache-pressure calibration context for tier-transition coverage. Additional cache-pressure calibration context for tier-transition coverage. Additional cache-pressure calibration context for tier-transition coverage. Additional cache-pressure calibration context for tier-transition coverage. Additional cache-pressure calibration context for tier-transition coverage. Additional cache-pressure calibration context for tier-transition coverage. Additional cache-pressure calibration context for tier-transition coverage. Additional cache-pressure calibration context for tier-transition coverage. Additional cache-pressure calibration context for tier-transition coverage. Additional cache-pressure calibration context for tier-transition coverage. Additional cache-pressure calibration context for tier-transition coverage. Additional cache-pressure calibration context for tier-transition coverage. Additional cache-pressure calibration context for tier-transition coverage. Additional cache-pressure calibration context for tier-transition coverage. Additional cache-pressure calibration context for tier-transition coverage. Additional cache-pressure calibration context for tier-transition coverage. Additional cache-pressure calibration context for tier-transition coverage. Additional cache-pressure calibration context for tier-transition coverage. Additional cache-pressure calibration context for tier-transition coverage. Additional cache-pressure calibration context for tier-transition coverage. Additional cache-pressure calibration context for tier-transition coverage. Additional cache-pressure calibration context for tier-transition coverage. Additional cache-pressure calibration context for tier-transition coverage. Additional cache-pressure calibration context for tier-transition coverage. Additional cache-pressure calibration context for tier-transition coverage. Additional cache-pressure calibration context for tier-transition coverage. Additional cache-pressure calibration context for tier-transition coverage. Additional cache-pressure calibration context for tier-transition coverage. Additional cache-pressure calibration context for tier-transition coverage. Additional cache-pressure calibration context for tier-transition coverage. Additional cache-pressure calibration context for tier-transition coverage. Additional cache-pressure calibration context for tier-transition coverage. Additional cache-pressure calibration context for tier-transition coverage. Additional cache-pressure calibration context for tier-transition coverage. Additional cache-pressure calibration context for tier-transition coverage. Additional cache-pressure calibration context for tier-transition coverage. Additional cache-pressure calibration context for tier-transition coverage. Additional cache-pressure calibration context for tier-transition coverage. Additional cache-pressure calibration context for tier-transition coverage. Additional cache-pressure calibration context for tier-transition coverage. Additional cache-pressure calibration context for tier-transition coverage. Additional cache-pressure calibration context for tier-transition coverage. Additional cache-pressure calibration context for tier-transition coverage. Additional cache-pressure calibration context for tier-transition coverage. Additional cache-pressure calibration context for tier-transition coverage. Additional cache-pressure calibration context for tier-transition coverage. Additional cache-pressure calibration context for tier-transition coverage. Additional cache-pressure calibration context for tier-transition coverage. Additional cache-pressure calibration context for tier-transition coverage. Additional cache-pressure calibration context for tier-transition coverage. Additional cache-pressure calibration context for tier-transition coverage. Additional cache-pressure calibration context for tier-transition coverage. Additional cache-pressure calibration context for tier-transition coverage. Additional cache-pressure calibration context for tier-transition coverage. Additional cache-pressure calibration context for tier-transition coverage. Additional cache-pressure calibration context for tier-transition coverage. Additional cache-pressure calibration context for tier-transition coverage. Additional cache-pressure calibration context for tier-transition coverage. Additional cache-pressure calibration context for tier-transition coverage. Additional cache-pressure calibration context for tier-transition coverage. Additional cache-pressure calibration context for tier-transition coverage. Additional cache-pressure calibration context for tier-transition coverage. Additional cache-pressure calibration context for tier-transition coverage. Additional cache-pressure calibration context for tier-transition coverage. Additional cache-pressure calibration context for tier-transition coverage. Additional cache-pressure calibration context for tier-transition coverage. Additional cache-pressure calibration context for tier-transition coverage. Additional cache-pressure calibration context for tier-transition coverage. Additional cache-pressure calibration context for tier-transition coverage. Additional cache-pressure calibration context for tier-transition coverage. Additional cache-pressure calibration context for tier-transition coverage. Additional cache-pressure calibration context for tier-transition coverage. Additional cache-pressure calibration context for tier-transition coverage. Additional cache-pressure calibration context for tier-transition coverage. Additional cache-pressure calibration context for tier-transition coverage. Additional cache-pressure calibration context for tier-transition coverage. Additional cache-pressure calibration context for tier-transition coverage. Additional cache-pressure calibration context for tier-transition coverage. Additional cache-pressure calibration context for tier-transition coverage. Additional cache-pressure calibration context for tier-transition coverage. Additional cache-pressure calibration context for tier-transition coverage. Additional cache-pressure calibration context for tier-transition coverage. Additional cache-pressure calibration context for tier-transition coverage. Additional cache-pressure calibration context for tier-transition coverage. Additional cache-pressure calibration context for tier-transition coverage. Additional cache-pressure calibration context for tier-transition coverage. Additional cache-pressure calibration context for tier-transition coverage. Additional cache-pressure calibration context for tier-transition coverage. Additional cache-pressure calibration context for tier-transition coverage. Additional cache-pressure calibration context for tier-transition coverage. Additional cache-pressure calibration context for tier-transition coverage. Additional cache-pressure calibration context for tier-transition coverage. Additional cache-pressure calibration context for tier-transition coverage. Additional cache-pressure calibration context for tier-transition coverage. Additional cache-pressure calibration context for tier-transition coverage. Additional cache-pressure calibration context for tier-transition coverage. Additional cache-pressure calibration context for tier-transition coverage. Additional cache-pressure calibration context for tier-transition coverage. Additional cache-pressure calibration context for tier-transition coverage. Additional cache-pressure calibration context for tier-transition coverage. Additional cache-pressure calibration context for tier-transition coverage. Additional cache-pressure calibration context for tier-transition coverage. Additional cache-pressure calibration context for tier-transition coverage. Additional cache-pressure calibration context for tier-transition coverage. Additional cache-pressure calibration context for tier-transition coverage. Additional cache-pressure calibration context for tier-transition coverage. Additional cache-pressure calibration context for tier-transition coverage. Additional cache-pressure calibration context for tier-transition coverage. Additional cache-pressure calibration context for tier-transition coverage. Additional cache-pressure calibration context for tier-transition coverage.","What year did World War II end?

[PressureProfile]
 Additional cache-pressure calibration context for tier-transition coverage. Additional cache-pressure calibration context for tier-transition coverage. Additional cache-pressure calibration context for tier-transition coverage. Additional cache-pressure calibration context for tier-transition coverage. Additional cache-pressure calibration contex",1342,[3],[],[3],1,"[""Qwen-Qwen2.5-0.5B-Instruct@1@0@5a45a1b84a8a8673@bfloat16.pt""]",lmcache_store_coldpass,lmcache_store_coldpass,1,none,240,241,720.0,723.0,baseline
5,What is the tallest species of tree?,"Focus question: What is the tallest species of tree?
Context profile: no_shared_context
Prompt tokens: 1342
Context preview: What is the tallest species of tree? [PressureProfile] Additional cache-pressure calibration context for tier-transition coverage. Additional cache-pressure calibration context for tier-transition coverage. Additional cache-pressure calibration context for tier-transition coverage. Additional cache-pressure calibration context for tier-transition coverage. Additional cache-pressure calibration c",What is the tallest species of tree?,no_shared_context,"What is the tallest species of tree?

[PressureProfile]
 Additional cache-pressure calibration context for tier-transition coverage. Additional cache-pressure calibration context for tier-transition coverage. Additional cache-pressure calibration context for tier-transition coverage. Additional cache-pressure calibration context for tier-transition coverage. Additional cache-pressure calibration context for tier-transition coverage. Additional cache-pressure calibration context for tier-transition coverage. Additional cache-pressure calibration context for tier-transition coverage. Additional cache-pressure calibration context for tier-transition coverage. Additional cache-pressure calibration context for tier-transition coverage. Additional cache-pressure calibration context for tier-transition coverage. Additional cache-pressure calibration context for tier-transition coverage. Additional cache-pressure calibration context for tier-transition coverage. Additional cache-pressure calibration context for tier-transition coverage. Additional cache-pressure calibration context for tier-transition coverage. Additional cache-pressure calibration context for tier-transition coverage. Additional cache-pressure calibration context for tier-transition coverage. Additional cache-pressure calibration context for tier-transition coverage. Additional cache-pressure calibration context for tier-transition coverage. Additional cache-pressure calibration context for tier-transition coverage. Additional cache-pressure calibration context for tier-transition coverage. Additional cache-pressure calibration context for tier-transition coverage. Additional cache-pressure calibration context for tier-transition coverage. Additional cache-pressure calibration context for tier-transition coverage. Additional cache-pressure calibration context for tier-transition coverage. Additional cache-pressure calibration context for tier-transition coverage. Additional cache-pressure calibration context for tier-transition coverage. Additional cache-pressure calibration context for tier-transition coverage. Additional cache-pressure calibration context for tier-transition coverage. Additional cache-pressure calibration context for tier-transition coverage. Additional cache-pressure calibration context for tier-transition coverage. Additional cache-pressure calibration context for tier-transition coverage. Additional cache-pressure calibration context for tier-transition coverage. Additional cache-pressure calibration context for tier-transition coverage. Additional cache-pressure calibration context for tier-transition coverage. Additional cache-pressure calibration context for tier-transition coverage. Additional cache-pressure calibration context for tier-transition coverage. Additional cache-pressure calibration context for tier-transition coverage. Additional cache-pressure calibration context for tier-transition coverage. Additional cache-pressure calibration context for tier-transition coverage. Additional cache-pressure calibration context for tier-transition coverage. Additional cache-pressure calibration context for tier-transition coverage. Additional cache-pressure calibration context for tier-transition coverage. Additional cache-pressure calibration context for tier-transition coverage. Additional cache-pressure calibration context for tier-transition coverage. Additional cache-pressure calibration context for tier-transition coverage. Additional cache-pressure calibration context for tier-transition coverage. Additional cache-pressure calibration context for tier-transition coverage. Additional cache-pressure calibration context for tier-transition coverage. Additional cache-pressure calibration context for tier-transition coverage. Additional cache-pressure calibration context for tier-transition coverage. Additional cache-pressure calibration context for tier-transition coverage. Additional cache-pressure calibration context for tier-transition coverage. Additional cache-pressure calibration context for tier-transition coverage. Additional cache-pressure calibration context for tier-transition coverage. Additional cache-pressure calibration context for tier-transition coverage. Additional cache-pressure calibration context for tier-transition coverage. Additional cache-pressure calibration context for tier-transition coverage. Additional cache-pressure calibration context for tier-transition coverage. Additional cache-pressure calibration context for tier-transition coverage. Additional cache-pressure calibration context for tier-transition coverage. Additional cache-pressure calibration context for tier-transition coverage. Additional cache-pressure calibration context for tier-transition coverage. Additional cache-pressure calibration context for tier-transition coverage. Additional cache-pressure calibration context for tier-transition coverage. Additional cache-pressure calibration context for tier-transition coverage. Additional cache-pressure calibration context for tier-transition coverage. Additional cache-pressure calibration context for tier-transition coverage. Additional cache-pressure calibration context for tier-transition coverage. Additional cache-pressure calibration context for tier-transition coverage. Additional cache-pressure calibration context for tier-transition coverage. Additional cache-pressure calibration context for tier-transition coverage. Additional cache-pressure calibration context for tier-transition coverage. Additional cache-pressure calibration context for tier-transition coverage. Additional cache-pressure calibration context for tier-transition coverage. Additional cache-pressure calibration context for tier-transition coverage. Additional cache-pressure calibration context for tier-transition coverage. Additional cache-pressure calibration context for tier-transition coverage. Additional cache-pressure calibration context for tier-transition coverage. Additional cache-pressure calibration context for tier-transition coverage. Additional cache-pressure calibration context for tier-transition coverage. Additional cache-pressure calibration context for tier-transition coverage. Additional cache-pressure calibration context for tier-transition coverage. Additional cache-pressure calibration context for tier-transition coverage. Additional cache-pressure calibration context for tier-transition coverage. Additional cache-pressure calibration context for tier-transition coverage. Additional cache-pressure calibration context for tier-transition coverage. Additional cache-pressure calibration context for tier-transition coverage. Additional cache-pressure calibration context for tier-transition coverage. Additional cache-pressure calibration context for tier-transition coverage. Additional cache-pressure calibration context for tier-transition coverage. Additional cache-pressure calibration context for tier-transition coverage. Additional cache-pressure calibration context for tier-transition coverage. Additional cache-pressure calibration context for tier-transition coverage. Additional cache-pressure calibration context for tier-transition coverage. Additional cache-pressure calibration context for tier-transition coverage. Additional cache-pressure calibration context for tier-transition coverage. Additional cache-pressure calibration context for tier-transition coverage. Additional cache-pressure calibration context for tier-transition coverage. Additional cache-pressure calibration context for tier-transition coverage. Additional cache-pressure calibration context for tier-transition coverage. Additional cache-pressure calibration context for tier-transition coverage. Additional cache-pressure calibration context for tier-transition coverage. Additional cache-pressure calibration context for tier-transition coverage. Additional cache-pressure calibration context for tier-transition coverage. Additional cache-pressure calibration context for tier-transition coverage. Additional cache-pressure calibration context for tier-transition coverage. Additional cache-pressure calibration context for tier-transition coverage. Additional cache-pressure calibration context for tier-transition coverage. Additional cache-pressure calibration context for tier-transition coverage. Additional cache-pressure calibration context for tier-transition coverage. Additional cache-pressure calibration context for tier-transition coverage. Additional cache-pressure calibration context for tier-transition coverage. Additional cache-pressure calibration context for tier-transition coverage. Additional cache-pressure calibration context for tier-transition coverage. Additional cache-pressure calibration context for tier-transition coverage. Additional cache-pressure calibration context for tier-transition coverage. Additional cache-pressure calibration context for tier-transition coverage. Additional cache-pressure calibration context for tier-transition coverage. Additional cache-pressure calibration context for tier-transition coverage. Additional cache-pressure calibration context for tier-transition coverage. Additional cache-pressure calibration context for tier-transition coverage. Additional cache-pressure calibration context for tier-transition coverage. Additional cache-pressure calibration context for tier-transition coverage. Additional cache-pressure calibration context for tier-transition coverage. Additional cache-pressure calibration context for tier-transition coverage. Additional cache-pressure calibration context for tier-transition coverage. Additional cache-pressure calibration context for tier-transition coverage. Additional cache-pressure calibration context for tier-transition coverage. Additional cache-pressure calibration context for tier-transition coverage. Additional cache-pressure calibration context for tier-transition coverage. Additional cache-pressure calibration context for tier-transition coverage. Additional cache-pressure calibration context for tier-transition coverage. Additional cache-pressure calibration context for tier-transition coverage.","What is the tallest species of tree?

[PressureProfile]
 Additional cache-pressure calibration context for tier-transition coverage. Additional cache-pressure calibration context for tier-transition coverage. Additional cache-pressure calibration context for tier-transition coverage. Additional cache-pressure calibration context for tier-transition coverage. Additional cache-pressure calibration c",1342,[4],[],[4],1,"[""Qwen-Qwen2.5-0.5B-Instruct@1@0@7e1ff3ba2cf6f815@bfloat16.pt""]",lmcache_store_coldpass,lmcache_store_coldpass,1,none,241,242,723.0,726.0,baseline
6,Who wrote The Divine Comedy?,"Focus question: Who wrote The Divine Comedy?
Context profile: no_shared_context
Prompt tokens: 1340
Context preview: Who wrote The Divine Comedy? [PressureProfile] Additional cache-pressure calibration context for tier-transition coverage. Additional cache-pressure calibration context for tier-transition coverage. Additional cache-pressure calibration context for tier-transition coverage. Additional cache-pressure calibration context for tier-transition coverage. Additional cache-pressure calibration context f",Who wrote The Divine Comedy?,no_shared_context,"Who wrote The Divine Comedy?

[PressureProfile]
 Additional cache-pressure calibration context for tier-transition coverage. Additional cache-pressure calibration context for tier-transition coverage. Additional cache-pressure calibration context for tier-transition coverage. Additional cache-pressure calibration context for tier-transition coverage. Additional cache-pressure calibration context for tier-transition coverage. Additional cache-pressure calibration context for tier-transition coverage. Additional cache-pressure calibration context for tier-transition coverage. Additional cache-pressure calibration context for tier-transition coverage. Additional cache-pressure calibration context for tier-transition coverage. Additional cache-pressure calibration context for tier-transition coverage. Additional cache-pressure calibration context for tier-transition coverage. Additional cache-pressure calibration context for tier-transition coverage. Additional cache-pressure calibration context for tier-transition coverage. Additional cache-pressure calibration context for tier-transition coverage. Additional cache-pressure calibration context for tier-transition coverage. Additional cache-pressure calibration context for tier-transition coverage. Additional cache-pressure calibration context for tier-transition coverage. Additional cache-pressure calibration context for tier-transition coverage. Additional cache-pressure calibration context for tier-transition coverage. Additional cache-pressure calibration context for tier-transition coverage. Additional cache-pressure calibration context for tier-transition coverage. Additional cache-pressure calibration context for tier-transition coverage. Additional cache-pressure calibration context for tier-transition coverage. Additional cache-pressure calibration context for tier-transition coverage. Additional cache-pressure calibration context for tier-transition coverage. Additional cache-pressure calibration context for tier-transition coverage. Additional cache-pressure calibration context for tier-transition coverage. Additional cache-pressure calibration context for tier-transition coverage. Additional cache-pressure calibration context for tier-transition coverage. Additional cache-pressure calibration context for tier-transition coverage. Additional cache-pressure calibration context for tier-transition coverage. Additional cache-pressure calibration context for tier-transition coverage. Additional cache-pressure calibration context for tier-transition coverage. Additional cache-pressure calibration context for tier-transition coverage. Additional cache-pressure calibration context for tier-transition coverage. Additional cache-pressure calibration context for tier-transition coverage. Additional cache-pressure calibration context for tier-transition coverage. Additional cache-pressure calibration context for tier-transition coverage. Additional cache-pressure calibration context for tier-transition coverage. Additional cache-pressure calibration context for tier-transition coverage. Additional cache-pressure calibration context for tier-transition coverage. Additional cache-pressure calibration context for tier-transition coverage. Additional cache-pressure calibration context for tier-transition coverage. Additional cache-pressure calibration context for tier-transition coverage. Additional cache-pressure calibration context for tier-transition coverage. Additional cache-pressure calibration context for tier-transition coverage. Additional cache-pressure calibration context for tier-transition coverage. Additional cache-pressure calibration context for tier-transition coverage. Additional cache-pressure calibration context for tier-transition coverage. Additional cache-pressure calibration context for tier-transition coverage. Additional cache-pressure calibration context for tier-transition coverage. Additional cache-pressure calibration context for tier-transition coverage. Additional cache-pressure calibration context for tier-transition coverage. Additional cache-pressure calibration context for tier-transition coverage. Additional cache-pressure calibration context for tier-transition coverage. Additional cache-pressure calibration context for tier-transition coverage. Additional cache-pressure calibration context for tier-transition coverage. Additional cache-pressure calibration context for tier-transition coverage. Additional cache-pressure calibration context for tier-transition coverage. Additional cache-pressure calibration context for tier-transition coverage. Additional cache-pressure calibration context for tier-transition coverage. Additional cache-pressure calibration context for tier-transition coverage. Additional cache-pressure calibration context for tier-transition coverage. Additional cache-pressure calibration context for tier-transition coverage. Additional cache-pressure calibration context for tier-transition coverage. Additional cache-pressure calibration context for tier-transition coverage. Additional cache-pressure calibration context for tier-transition coverage. Additional cache-pressure calibration context for tier-transition coverage. Additional cache-pressure calibration context for tier-transition coverage. Additional cache-pressure calibration context for tier-transition coverage. Additional cache-pressure calibration context for tier-transition coverage. Additional cache-pressure calibration context for tier-transition coverage. Additional cache-pressure calibration context for tier-transition coverage. Additional cache-pressure calibration context for tier-transition coverage. Additional cache-pressure calibration context for tier-transition coverage. Additional cache-pressure calibration context for tier-transition coverage. Additional cache-pressure calibration context for tier-transition coverage. Additional cache-pressure calibration context for tier-transition coverage. Additional cache-pressure calibration context for tier-transition coverage. Additional cache-pressure calibration context for tier-transition coverage. Additional cache-pressure calibration context for tier-transition coverage. Additional cache-pressure calibration context for tier-transition coverage. Additional cache-pressure calibration context for tier-transition coverage. Additional cache-pressure calibration context for tier-transition coverage. Additional cache-pressure calibration context for tier-transition coverage. Additional cache-pressure calibration context for tier-transition coverage. Additional cache-pressure calibration context for tier-transition coverage. Additional cache-pressure calibration context for tier-transition coverage. Additional cache-pressure calibration context for tier-transition coverage. Additional cache-pressure calibration context for tier-transition coverage. Additional cache-pressure calibration context for tier-transition coverage. Additional cache-pressure calibration context for tier-transition coverage. Additional cache-pressure calibration context for tier-transition coverage. Additional cache-pressure calibration context for tier-transition coverage. Additional cache-pressure calibration context for tier-transition coverage. Additional cache-pressure calibration context for tier-transition coverage. Additional cache-pressure calibration context for tier-transition coverage. Additional cache-pressure calibration context for tier-transition coverage. Additional cache-pressure calibration context for tier-transition coverage. Additional cache-pressure calibration context for tier-transition coverage. Additional cache-pressure calibration context for tier-transition coverage. Additional cache-pressure calibration context for tier-transition coverage. Additional cache-pressure calibration context for tier-transition coverage. Additional cache-pressure calibration context for tier-transition coverage. Additional cache-pressure calibration context for tier-transition coverage. Additional cache-pressure calibration context for tier-transition coverage. Additional cache-pressure calibration context for tier-transition coverage. Additional cache-pressure calibration context for tier-transition coverage. Additional cache-pressure calibration context for tier-transition coverage. Additional cache-pressure calibration context for tier-transition coverage. Additional cache-pressure calibration context for tier-transition coverage. Additional cache-pressure calibration context for tier-transition coverage. Additional cache-pressure calibration context for tier-transition coverage. Additional cache-pressure calibration context for tier-transition coverage. Additional cache-pressure calibration context for tier-transition coverage. Additional cache-pressure calibration context for tier-transition coverage. Additional cache-pressure calibration context for tier-transition coverage. Additional cache-pressure calibration context for tier-transition coverage. Additional cache-pressure calibration context for tier-transition coverage. Additional cache-pressure calibration context for tier-transition coverage. Additional cache-pressure calibration context for tier-transition coverage. Additional cache-pressure calibration context for tier-transition coverage. Additional cache-pressure calibration context for tier-transition coverage. Additional cache-pressure calibration context for tier-transition coverage. Additional cache-pressure calibration context for tier-transition coverage. Additional cache-pressure calibration context for tier-transition coverage. Additional cache-pressure calibration context for tier-transition coverage. Additional cache-pressure calibration context for tier-transition coverage. Additional cache-pressure calibration context for tier-transition coverage. Additional cache-pressure calibration context for tier-transition coverage. Additional cache-pressure calibration context for tier-transition coverage. Additional cache-pressure calibration context for tier-transition coverage. Additional cache-pressure calibration context for tier-transition coverage.","Who wrote The Divine Comedy?

[PressureProfile]
 Additional cache-pressure calibration context for tier-transition coverage. Additional cache-pressure calibration context for tier-transition coverage. Additional cache-pressure calibration context for tier-transition coverage. Additional cache-pressure calibration context for tier-transition coverage. Additional cache-pressure calibration context f",1340,[5],[],[5],1,"[""Qwen-Qwen2.5-0.5B-Instruct@1@0@-35206a7f0f0f8e5b@bfloat16.pt""]",lmcache_store_coldpass,lmcache_store_coldpass,1,none,242,243,726.0,729.0,baseline
7,What is the hardest rock type?,"Focus question: What is the hardest rock type?
Context profile: no_shared_context
Prompt tokens: 1341
Context preview: What is the hardest rock type? [PressureProfile] Additional cache-pressure calibration context for tier-transition coverage. Additional cache-pressure calibration context for tier-transition coverage. Additional cache-pressure calibration context for tier-transition coverage. Additional cache-pressure calibration context for tier-transition coverage. Additional cache-pressure calibration context",What is the hardest rock type?,no_shared_context,"What is the hardest rock type?

[PressureProfile]
 Additional cache-pressure calibration context for tier-transition coverage. Additional cache-pressure calibration context for tier-transition coverage. Additional cache-pressure calibration context for tier-transition coverage. Additional cache-pressure calibration context for tier-transition coverage. Additional cache-pressure calibration context for tier-transition coverage. Additional cache-pressure calibration context for tier-transition coverage. Additional cache-pressure calibration context for tier-transition coverage. Additional cache-pressure calibration context for tier-transition coverage. Additional cache-pressure calibration context for tier-transition coverage. Additional cache-pressure calibration context for tier-transition coverage. Additional cache-pressure calibration context for tier-transition coverage. Additional cache-pressure calibration context for tier-transition coverage. Additional cache-pressure calibration context for tier-transition coverage. Additional cache-pressure calibration context for tier-transition coverage. Additional cache-pressure calibration context for tier-transition coverage. Additional cache-pressure calibration context for tier-transition coverage. Additional cache-pressure calibration context for tier-transition coverage. Additional cache-pressure calibration context for tier-transition coverage. Additional cache-pressure calibration context for tier-transition coverage. Additional cache-pressure calibration context for tier-transition coverage. Additional cache-pressure calibration context for tier-transition coverage. Additional cache-pressure calibration context for tier-transition coverage. Additional cache-pressure calibration context for tier-transition coverage. Additional cache-pressure calibration context for tier-transition coverage. Additional cache-pressure calibration context for tier-transition coverage. Additional cache-pressure calibration context for tier-transition coverage. Additional cache-pressure calibration context for tier-transition coverage. Additional cache-pressure calibration context for tier-transition coverage. Additional cache-pressure calibration context for tier-transition coverage. Additional cache-pressure calibration context for tier-transition coverage. Additional cache-pressure calibration context for tier-transition coverage. Additional cache-pressure calibration context for tier-transition coverage. Additional cache-pressure calibration context for tier-transition coverage. Additional cache-pressure calibration context for tier-transition coverage. Additional cache-pressure calibration context for tier-transition coverage. Additional cache-pressure calibration context for tier-transition coverage. Additional cache-pressure calibration context for tier-transition coverage. Additional cache-pressure calibration context for tier-transition coverage. Additional cache-pressure calibration context for tier-transition coverage. Additional cache-pressure calibration context for tier-transition coverage. Additional cache-pressure calibration context for tier-transition coverage. Additional cache-pressure calibration context for tier-transition coverage. Additional cache-pressure calibration context for tier-transition coverage. Additional cache-pressure calibration context for tier-transition coverage. Additional cache-pressure calibration context for tier-transition coverage. Additional cache-pressure calibration context for tier-transition coverage. Additional cache-pressure calibration context for tier-transition coverage. Additional cache-pressure calibration context for tier-transition coverage. Additional cache-pressure calibration context for tier-transition coverage. Additional cache-pressure calibration context for tier-transition coverage. Additional cache-pressure calibration context for tier-transition coverage. Additional cache-pressure calibration context for tier-transition coverage. Additional cache-pressure calibration context for tier-transition coverage. Additional cache-pressure calibration context for tier-transition coverage. Additional cache-pressure calibration context for tier-transition coverage. Additional cache-pressure calibration context for tier-transition coverage. Additional cache-pressure calibration context for tier-transition coverage. Additional cache-pressure calibration context for tier-transition coverage. Additional cache-pressure calibration context for tier-transition coverage. Additional cache-pressure calibration context for tier-transition coverage. Additional cache-pressure calibration context for tier-transition coverage. Additional cache-pressure calibration context for tier-transition coverage. Additional cache-pressure calibration context for tier-transition coverage. Additional cache-pressure calibration context for tier-transition coverage. Additional cache-pressure calibration context for tier-transition coverage. Additional cache-pressure calibration context for tier-transition coverage. Additional cache-pressure calibration context for tier-transition coverage. Additional cache-pressure calibration context for tier-transition coverage. Additional cache-pressure calibration context for tier-transition coverage. Additional cache-pressure calibration context for tier-transition coverage. Additional cache-pressure calibration context for tier-transition coverage. Additional cache-pressure calibration context for tier-transition coverage. Additional cache-pressure calibration context for tier-transition coverage. Additional cache-pressure calibration context for tier-transition coverage. Additional cache-pressure calibration context for tier-transition coverage. Additional cache-pressure calibration context for tier-transition coverage. Additional cache-pressure calibration context for tier-transition coverage. Additional cache-pressure calibration context for tier-transition coverage. Additional cache-pressure calibration context for tier-transition coverage. Additional cache-pressure calibration context for tier-transition coverage. Additional cache-pressure calibration context for tier-transition coverage. Additional cache-pressure calibration context for tier-transition coverage. Additional cache-pressure calibration context for tier-transition coverage. Additional cache-pressure calibration context for tier-transition coverage. Additional cache-pressure calibration context for tier-transition coverage. Additional cache-pressure calibration context for tier-transition coverage. Additional cache-pressure calibration context for tier-transition coverage. Additional cache-pressure calibration context for tier-transition coverage. Additional cache-pressure calibration context for tier-transition coverage. Additional cache-pressure calibration context for tier-transition coverage. Additional cache-pressure calibration context for tier-transition coverage. Additional cache-pressure calibration context for tier-transition coverage. Additional cache-pressure calibration context for tier-transition coverage. Additional cache-pressure calibration context for tier-transition coverage. Additional cache-pressure calibration context for tier-transition coverage. Additional cache-pressure calibration context for tier-transition coverage. Additional cache-pressure calibration context for tier-transition coverage. Additional cache-pressure calibration context for tier-transition coverage. Additional cache-pressure calibration context for tier-transition coverage. Additional cache-pressure calibration context for tier-transition coverage. Additional cache-pressure calibration context for tier-transition coverage. Additional cache-pressure calibration context for tier-transition coverage. Additional cache-pressure calibration context for tier-transition coverage. Additional cache-pressure calibration context for tier-transition coverage. Additional cache-pressure calibration context for tier-transition coverage. Additional cache-pressure calibration context for tier-transition coverage. Additional cache-pressure calibration context for tier-transition coverage. Additional cache-pressure calibration context for tier-transition coverage. Additional cache-pressure calibration context for tier-transition coverage. Additional cache-pressure calibration context for tier-transition coverage. Additional cache-pressure calibration context for tier-transition coverage. Additional cache-pressure calibration context for tier-transition coverage. Additional cache-pressure calibration context for tier-transition coverage. Additional cache-pressure calibration context for tier-transition coverage. Additional cache-pressure calibration context for tier-transition coverage. Additional cache-pressure calibration context for tier-transition coverage. Additional cache-pressure calibration context for tier-transition coverage. Additional cache-pressure calibration context for tier-transition coverage. Additional cache-pressure calibration context for tier-transition coverage. Additional cache-pressure calibration context for tier-transition coverage. Additional cache-pressure calibration context for tier-transition coverage. Additional cache-pressure calibration context for tier-transition coverage. Additional cache-pressure calibration context for tier-transition coverage. Additional cache-pressure calibration context for tier-transition coverage. Additional cache-pressure calibration context for tier-transition coverage. Additional cache-pressure calibration context for tier-transition coverage. Additional cache-pressure calibration context for tier-transition coverage. Additional cache-pressure calibration context for tier-transition coverage. Additional cache-pressure calibration context for tier-transition coverage. Additional cache-pressure calibration context for tier-transition coverage. Additional cache-pressure calibration context for tier-transition coverage. Additional cache-pressure calibration context for tier-transition coverage. Additional cache-pressure calibration context for tier-transition coverage.","What is the hardest rock type?

[PressureProfile]
 Additional cache-pressure calibration context for tier-transition coverage. Additional cache-pressure calibration context for tier-transition coverage. Additional cache-pressure calibration context for tier-transition coverage. Additional cache-pressure calibration context for tier-transition coverage. Additional cache-pressure calibration context",1341,[6],[],[6],1,"[""Qwen-Qwen2.5-0.5B-Instruct@1@0@-217cbd838ae2f6c1@bfloat16.pt""]",lmcache_store_coldpass,lmcache_store_coldpass,1,none,243,244,729.0,732.0,baseline
8,How many hearts does a squid have?,"Focus question: How many hearts does a squid have?
Context profile: no_shared_context
Prompt tokens: 1342
Context preview: How many hearts does a squid have? [PressureProfile] Additional cache-pressure calibration context for tier-transition coverage. Additional cache-pressure calibration context for tier-transition coverage. Additional cache-pressure calibration context for tier-transition coverage. Additional cache-pressure calibration context for tier-transition coverage. Additional cache-pressure calibration con",How many hearts does a squid have?,no_shared_context,"How many hearts does a squid have?

[PressureProfile]
 Additional cache-pressure calibration context for tier-transition coverage. Additional cache-pressure calibration context for tier-transition coverage. Additional cache-pressure calibration context for tier-transition coverage. Additional cache-pressure calibration context for tier-transition coverage. Additional cache-pressure calibration context for tier-transition coverage. Additional cache-pressure calibration context for tier-transition coverage. Additional cache-pressure calibration context for tier-transition coverage. Additional cache-pressure calibration context for tier-transition coverage. Additional cache-pressure calibration context for tier-transition coverage. Additional cache-pressure calibration context for tier-transition coverage. Additional cache-pressure calibration context for tier-transition coverage. Additional cache-pressure calibration context for tier-transition coverage. Additional cache-pressure calibration context for tier-transition coverage. Additional cache-pressure calibration context for tier-transition coverage. Additional cache-pressure calibration context for tier-transition coverage. Additional cache-pressure calibration context for tier-transition coverage. Additional cache-pressure calibration context for tier-transition coverage. Additional cache-pressure calibration context for tier-transition coverage. Additional cache-pressure calibration context for tier-transition coverage. Additional cache-pressure calibration context for tier-transition coverage. Additional cache-pressure calibration context for tier-transition coverage. Additional cache-pressure calibration context for tier-transition coverage. Additional cache-pressure calibration context for tier-transition coverage. Additional cache-pressure calibration context for tier-transition coverage. Additional cache-pressure calibration context for tier-transition coverage. Additional cache-pressure calibration context for tier-transition coverage. Additional cache-pressure calibration context for tier-transition coverage. Additional cache-pressure calibration context for tier-transition coverage. Additional cache-pressure calibration context for tier-transition coverage. Additional cache-pressure calibration context for tier-transition coverage. Additional cache-pressure calibration context for tier-transition coverage. Additional cache-pressure calibration context for tier-transition coverage. Additional cache-pressure calibration context for tier-transition coverage. Additional cache-pressure calibration context for tier-transition coverage. Additional cache-pressure calibration context for tier-transition coverage. Additional cache-pressure calibration context for tier-transition coverage. Additional cache-pressure calibration context for tier-transition coverage. Additional cache-pressure calibration context for tier-transition coverage. Additional cache-pressure calibration context for tier-transition coverage. Additional cache-pressure calibration context for tier-transition coverage. Additional cache-pressure calibration context for tier-transition coverage. Additional cache-pressure calibration context for tier-transition coverage. Additional cache-pressure calibration context for tier-transition coverage. Additional cache-pressure calibration context for tier-transition coverage. Additional cache-pressure calibration context for tier-transition coverage. Additional cache-pressure calibration context for tier-transition coverage. Additional cache-pressure calibration context for tier-transition coverage. Additional cache-pressure calibration context for tier-transition coverage. Additional cache-pressure calibration context for tier-transition coverage. Additional cache-pressure calibration context for tier-transition coverage. Additional cache-pressure calibration context for tier-transition coverage. Additional cache-pressure calibration context for tier-transition coverage. Additional cache-pressure calibration context for tier-transition coverage. Additional cache-pressure calibration context for tier-transition coverage. Additional cache-pressure calibration context for tier-transition coverage. Additional cache-pressure calibration context for tier-transition coverage. Additional cache-pressure calibration context for tier-transition coverage. Additional cache-pressure calibration context for tier-transition coverage. Additional cache-pressure calibration context for tier-transition coverage. Additional cache-pressure calibration context for tier-transition coverage. Additional cache-pressure calibration context for tier-transition coverage. Additional cache-pressure calibration context for tier-transition coverage. Additional cache-pressure calibration context for tier-transition coverage. Additional cache-pressure calibration context for tier-transition coverage. Additional cache-pressure calibration context for tier-transition coverage. Additional cache-pressure calibration context for tier-transition coverage. Additional cache-pressure calibration context for tier-transition coverage. Additional cache-pressure calibration context for tier-transition coverage. Additional cache-pressure calibration context for tier-transition coverage. Additional cache-pressure calibration context for tier-transition coverage. Additional cache-pressure calibration context for tier-transition coverage. Additional cache-pressure calibration context for tier-transition coverage. Additional cache-pressure calibration context for tier-transition coverage. Additional cache-pressure calibration context for tier-transition coverage. Additional cache-pressure calibration context for tier-transition coverage. Additional cache-pressure calibration context for tier-transition coverage. Additional cache-pressure calibration context for tier-transition coverage. Additional cache-pressure calibration context for tier-transition coverage. Additional cache-pressure calibration context for tier-transition coverage. Additional cache-pressure calibration context for tier-transition coverage. Additional cache-pressure calibration context for tier-transition coverage. Additional cache-pressure calibration context for tier-transition coverage. Additional cache-pressure calibration context for tier-transition coverage. Additional cache-pressure calibration context for tier-transition coverage. Additional cache-pressure calibration context for tier-transition coverage. Additional cache-pressure calibration context for tier-transition coverage. Additional cache-pressure calibration context for tier-transition coverage. Additional cache-pressure calibration context for tier-transition coverage. Additional cache-pressure calibration context for tier-transition coverage. Additional cache-pressure calibration context for tier-transition coverage. Additional cache-pressure calibration context for tier-transition coverage. Additional cache-pressure calibration context for tier-transition coverage. Additional cache-pressure calibration context for tier-transition coverage. Additional cache-pressure calibration context for tier-transition coverage. Additional cache-pressure calibration context for tier-transition coverage. Additional cache-pressure calibration context for tier-transition coverage. Additional cache-pressure calibration context for tier-transition coverage. Additional cache-pressure calibration context for tier-transition coverage. Additional cache-pressure calibration context for tier-transition coverage. Additional cache-pressure calibration context for tier-transition coverage. Additional cache-pressure calibration context for tier-transition coverage. Additional cache-pressure calibration context for tier-transition coverage. Additional cache-pressure calibration context for tier-transition coverage. Additional cache-pressure calibration context for tier-transition coverage. Additional cache-pressure calibration context for tier-transition coverage. Additional cache-pressure calibration context for tier-transition coverage. Additional cache-pressure calibration context for tier-transition coverage. Additional cache-pressure calibration context for tier-transition coverage. Additional cache-pressure calibration context for tier-transition coverage. Additional cache-pressure calibration context for tier-transition coverage. Additional cache-pressure calibration context for tier-transition coverage. Additional cache-pressure calibration context for tier-transition coverage. Additional cache-pressure calibration context for tier-transition coverage. Additional cache-pressure calibration context for tier-transition coverage. Additional cache-pressure calibration context for tier-transition coverage. Additional cache-pressure calibration context for tier-transition coverage. Additional cache-pressure calibration context for tier-transition coverage. Additional cache-pressure calibration context for tier-transition coverage. Additional cache-pressure calibration context for tier-transition coverage. Additional cache-pressure calibration context for tier-transition coverage. Additional cache-pressure calibration context for tier-transition coverage. Additional cache-pressure calibration context for tier-transition coverage. Additional cache-pressure calibration context for tier-transition coverage. Additional cache-pressure calibration context for tier-transition coverage. Additional cache-pressure calibration context for tier-transition coverage. Additional cache-pressure calibration context for tier-transition coverage. Additional cache-pressure calibration context for tier-transition coverage. Additional cache-pressure calibration context for tier-transition coverage. Additional cache-pressure calibration context for tier-transition coverage. Additional cache-pressure calibration context for tier-transition coverage. Additional cache-pressure calibration context for tier-transition coverage. Additional cache-pressure calibration context for tier-transition coverage. Additional cache-pressure calibration context for tier-transition coverage.","How many hearts does a squid have?

[PressureProfile]
 Additional cache-pressure calibration context for tier-transition coverage. Additional cache-pressure calibration context for tier-transition coverage. Additional cache-pressure calibration context for tier-transition coverage. Additional cache-pressure calibration context for tier-transition coverage. Additional cache-pressure calibration con",1342,[7],[],[7],1,"[""Qwen-Qwen2.5-0.5B-Instruct@1@0@-e4502c34010a741@bfloat16.pt""]",lmcache_store_coldpass,lmcache_store_coldpass,1,none,244,245,732.0,735.0,baseline
9,What is the main ingredient in guacamole?,"Focus question: What is the main ingredient in guacamole?
Context profile: no_shared_context
Prompt tokens: 1344
Context preview: What is the main ingredient in guacamole? [PressureProfile] Additional cache-pressure calibration context for tier-transition coverage. Additional cache-pressure calibration context for tier-transition coverage. Additional cache-pressure calibration context for tier-transition coverage. Additional cache-pressure calibration context for tier-transition coverage. Additional cache-pressure calibrat",What is the main ingredient in guacamole?,no_shared_context,"What is the main ingredient in guacamole?

[PressureProfile]
 Additional cache-pressure calibration context for tier-transition coverage. Additional cache-pressure calibration context for tier-transition coverage. Additional cache-pressure calibration context for tier-transition coverage. Additional cache-pressure calibration context for tier-transition coverage. Additional cache-pressure calibration context for tier-transition coverage. Additional cache-pressure calibration context for tier-transition coverage. Additional cache-pressure calibration context for tier-transition coverage. Additional cache-pressure calibration context for tier-transition coverage. Additional cache-pressure calibration context for tier-transition coverage. Additional cache-pressure calibration context for tier-transition coverage. Additional cache-pressure calibration context for tier-transition coverage. Additional cache-pressure calibration context for tier-transition coverage. Additional cache-pressure calibration context for tier-transition coverage. Additional cache-pressure calibration context for tier-transition coverage. Additional cache-pressure calibration context for tier-transition coverage. Additional cache-pressure calibration context for tier-transition coverage. Additional cache-pressure calibration context for tier-transition coverage. Additional cache-pressure calibration context for tier-transition coverage. Additional cache-pressure calibration context for tier-transition coverage. Additional cache-pressure calibration context for tier-transition coverage. Additional cache-pressure calibration context for tier-transition coverage. Additional cache-pressure calibration context for tier-transition coverage. Additional cache-pressure calibration context for tier-transition coverage. Additional cache-pressure calibration context for tier-transition coverage. Additional cache-pressure calibration context for tier-transition coverage. Additional cache-pressure calibration context for tier-transition coverage. Additional cache-pressure calibration context for tier-transition coverage. Additional cache-pressure calibration context for tier-transition coverage. Additional cache-pressure calibration context for tier-transition coverage. Additional cache-pressure calibration context for tier-transition coverage. Additional cache-pressure calibration context for tier-transition coverage. Additional cache-pressure calibration context for tier-transition coverage. Additional cache-pressure calibration context for tier-transition coverage. Additional cache-pressure calibration context for tier-transition coverage. Additional cache-pressure calibration context for tier-transition coverage. Additional cache-pressure calibration context for tier-transition coverage. Additional cache-pressure calibration context for tier-transition coverage. Additional cache-pressure calibration context for tier-transition coverage. Additional cache-pressure calibration context for tier-transition coverage. Additional cache-pressure calibration context for tier-transition coverage. Additional cache-pressure calibration context for tier-transition coverage. Additional cache-pressure calibration context for tier-transition coverage. Additional cache-pressure calibration context for tier-transition coverage. Additional cache-pressure calibration context for tier-transition coverage. Additional cache-pressure calibration context for tier-transition coverage. Additional cache-pressure calibration context for tier-transition coverage. Additional cache-pressure calibration context for tier-transition coverage. Additional cache-pressure calibration context for tier-transition coverage. Additional cache-pressure calibration context for tier-transition coverage. Additional cache-pressure calibration context for tier-transition coverage. Additional cache-pressure calibration context for tier-transition coverage. Additional cache-pressure calibration context for tier-transition coverage. Additional cache-pressure calibration context for tier-transition coverage. Additional cache-pressure calibration context for tier-transition coverage. Additional cache-pressure calibration context for tier-transition coverage. Additional cache-pressure calibration context for tier-transition coverage. Additional cache-pressure calibration context for tier-transition coverage. Additional cache-pressure calibration context for tier-transition coverage. Additional cache-pressure calibration context for tier-transition coverage. Additional cache-pressure calibration context for tier-transition coverage. Additional cache-pressure calibration context for tier-transition coverage. Additional cache-pressure calibration context for tier-transition coverage. Additional cache-pressure calibration context for tier-transition coverage. Additional cache-pressure calibration context for tier-transition coverage. Additional cache-pressure calibration context for tier-transition coverage. Additional cache-pressure calibration context for tier-transition coverage. Additional cache-pressure calibration context for tier-transition coverage. Additional cache-pressure calibration context for tier-transition coverage. Additional cache-pressure calibration context for tier-transition coverage. Additional cache-pressure calibration context for tier-transition coverage. Additional cache-pressure calibration context for tier-transition coverage. Additional cache-pressure calibration context for tier-transition coverage. Additional cache-pressure calibration context for tier-transition coverage. Additional cache-pressure calibration context for tier-transition coverage. Additional cache-pressure calibration context for tier-transition coverage. Additional cache-pressure calibration context for tier-transition coverage. Additional cache-pressure calibration context for tier-transition coverage. Additional cache-pressure calibration context for tier-transition coverage. Additional cache-pressure calibration context for tier-transition coverage. Additional cache-pressure calibration context for tier-transition coverage. Additional cache-pressure calibration context for tier-transition coverage. Additional cache-pressure calibration context for tier-transition coverage. Additional cache-pressure calibration context for tier-transition coverage. Additional cache-pressure calibration context for tier-transition coverage. Additional cache-pressure calibration context for tier-transition coverage. Additional cache-pressure calibration context for tier-transition coverage. Additional cache-pressure calibration context for tier-transition coverage. Additional cache-pressure calibration context for tier-transition coverage. Additional cache-pressure calibration context for tier-transition coverage. Additional cache-pressure calibration context for tier-transition coverage. Additional cache-pressure calibration context for tier-transition coverage. Additional cache-pressure calibration context for tier-transition coverage. Additional cache-pressure calibration context for tier-transition coverage. Additional cache-pressure calibration context for tier-transition coverage. Additional cache-pressure calibration context for tier-transition coverage. Additional cache-pressure calibration context for tier-transition coverage. Additional cache-pressure calibration context for tier-transition coverage. Additional cache-pressure calibration context for tier-transition coverage. Additional cache-pressure calibration context for tier-transition coverage. Additional cache-pressure calibration context for tier-transition coverage. Additional cache-pressure calibration context for tier-transition coverage. Additional cache-pressure calibration context for tier-transition coverage. Additional cache-pressure calibration context for tier-transition coverage. Additional cache-pressure calibration context for tier-transition coverage. Additional cache-pressure calibration context for tier-transition coverage. Additional cache-pressure calibration context for tier-transition coverage. Additional cache-pressure calibration context for tier-transition coverage. Additional cache-pressure calibration context for tier-transition coverage. Additional cache-pressure calibration context for tier-transition coverage. Additional cache-pressure calibration context for tier-transition coverage. Additional cache-pressure calibration context for tier-transition coverage. Additional cache-pressure calibration context for tier-transition coverage. Additional cache-pressure calibration context for tier-transition coverage. Additional cache-pressure calibration context for tier-transition coverage. Additional cache-pressure calibration context for tier-transition coverage. Additional cache-pressure calibration context for tier-transition coverage. Additional cache-pressure calibration context for tier-transition coverage. Additional cache-pressure calibration context for tier-transition coverage. Additional cache-pressure calibration context for tier-transition coverage. Additional cache-pressure calibration context for tier-transition coverage. Additional cache-pressure calibration context for tier-transition coverage. Additional cache-pressure calibration context for tier-transition coverage. Additional cache-pressure calibration context for tier-transition coverage. Additional cache-pressure calibration context for tier-transition coverage. Additional cache-pressure calibration context for tier-transition coverage. Additional cache-pressure calibration context for tier-transition coverage. Additional cache-pressure calibration context for tier-transition coverage. Additional cache-pressure calibration context for tier-transition coverage. Additional cache-pressure calibration context for tier-transition coverage. Additional cache-pressure calibration context for tier-transition coverage. Additional cache-pressure calibration context for tier-transition coverage. Additional cache-pressure calibration context for tier-transition coverage. Additional cache-pressure calibration context for tier-transition coverage.","What is the main ingredient in guacamole?

[PressureProfile]
 Additional cache-pressure calibration context for tier-transition coverage. Additional cache-pressure calibration context for tier-transition coverage. Additional cache-pressure calibration context for tier-transition coverage. Additional cache-pressure calibration context for tier-transition coverage. Additional cache-pressure calibrat",1344,[8],[],[8],1,"[""Qwen-Qwen2.5-0.5B-Instruct@1@0@dac0a76c6441c79@bfloat16.pt""]",lmcache_store_coldpass,lmcache_store_coldpass,1,none,245,246,735.0,738.0,baseline
10,Who developed the polio vaccine?,"Focus question: Who developed the polio vaccine?
Context profile: no_shared_context
Prompt tokens: 1341
Context preview: Who developed the polio vaccine? [PressureProfile] Additional cache-pressure calibration context for tier-transition coverage. Additional cache-pressure calibration context for tier-transition coverage. Additional cache-pressure calibration context for tier-transition coverage. Additional cache-pressure calibration context for tier-transition coverage. Additional cache-pressure calibration conte",Who developed the polio vaccine?,no_shared_context,"Who developed the polio vaccine?

[PressureProfile]
 Additional cache-pressure calibration context for tier-transition coverage. Additional cache-pressure calibration context for tier-transition coverage. Additional cache-pressure calibration context for tier-transition coverage. Additional cache-pressure calibration context for tier-transition coverage. Additional cache-pressure calibration context for tier-transition coverage. Additional cache-pressure calibration context for tier-transition coverage. Additional cache-pressure calibration context for tier-transition coverage. Additional cache-pressure calibration context for tier-transition coverage. Additional cache-pressure calibration context for tier-transition coverage. Additional cache-pressure calibration context for tier-transition coverage. Additional cache-pressure calibration context for tier-transition coverage. Additional cache-pressure calibration context for tier-transition coverage. Additional cache-pressure calibration context for tier-transition coverage. Additional cache-pressure calibration context for tier-transition coverage. Additional cache-pressure calibration context for tier-transition coverage. Additional cache-pressure calibration context for tier-transition coverage. Additional cache-pressure calibration context for tier-transition coverage. Additional cache-pressure calibration context for tier-transition coverage. Additional cache-pressure calibration context for tier-transition coverage. Additional cache-pressure calibration context for tier-transition coverage. Additional cache-pressure calibration context for tier-transition coverage. Additional cache-pressure calibration context for tier-transition coverage. Additional cache-pressure calibration context for tier-transition coverage. Additional cache-pressure calibration context for tier-transition coverage. Additional cache-pressure calibration context for tier-transition coverage. Additional cache-pressure calibration context for tier-transition coverage. Additional cache-pressure calibration context for tier-transition coverage. Additional cache-pressure calibration context for tier-transition coverage. Additional cache-pressure calibration context for tier-transition coverage. Additional cache-pressure calibration context for tier-transition coverage. Additional cache-pressure calibration context for tier-transition coverage. Additional cache-pressure calibration context for tier-transition coverage. Additional cache-pressure calibration context for tier-transition coverage. Additional cache-pressure calibration context for tier-transition coverage. Additional cache-pressure calibration context for tier-transition coverage. Additional cache-pressure calibration context for tier-transition coverage. Additional cache-pressure calibration context for tier-transition coverage. Additional cache-pressure calibration context for tier-transition coverage. Additional cache-pressure calibration context for tier-transition coverage. Additional cache-pressure calibration context for tier-transition coverage. Additional cache-pressure calibration context for tier-transition coverage. Additional cache-pressure calibration context for tier-transition coverage. Additional cache-pressure calibration context for tier-transition coverage. Additional cache-pressure calibration context for tier-transition coverage. Additional cache-pressure calibration context for tier-transition coverage. Additional cache-pressure calibration context for tier-transition coverage. Additional cache-pressure calibration context for tier-transition coverage. Additional cache-pressure calibration context for tier-transition coverage. Additional cache-pressure calibration context for tier-transition coverage. Additional cache-pressure calibration context for tier-transition coverage. Additional cache-pressure calibration context for tier-transition coverage. Additional cache-pressure calibration context for tier-transition coverage. Additional cache-pressure calibration context for tier-transition coverage. Additional cache-pressure calibration context for tier-transition coverage. Additional cache-pressure calibration context for tier-transition coverage. Additional cache-pressure calibration context for tier-transition coverage. Additional cache-pressure calibration context for tier-transition coverage. Additional cache-pressure calibration context for tier-transition coverage. Additional cache-pressure calibration context for tier-transition coverage. Additional cache-pressure calibration context for tier-transition coverage. Additional cache-pressure calibration context for tier-transition coverage. Additional cache-pressure calibration context for tier-transition coverage. Additional cache-pressure calibration context for tier-transition coverage. Additional cache-pressure calibration context for tier-transition coverage. Additional cache-pressure calibration context for tier-transition coverage. Additional cache-pressure calibration context for tier-transition coverage. Additional cache-pressure calibration context for tier-transition coverage. Additional cache-pressure calibration context for tier-transition coverage. Additional cache-pressure calibration context for tier-transition coverage. Additional cache-pressure calibration context for tier-transition coverage. Additional cache-pressure calibration context for tier-transition coverage. Additional cache-pressure calibration context for tier-transition coverage. Additional cache-pressure calibration context for tier-transition coverage. Additional cache-pressure calibration context for tier-transition coverage. Additional cache-pressure calibration context for tier-transition coverage. Additional cache-pressure calibration context for tier-transition coverage. Additional cache-pressure calibration context for tier-transition coverage. Additional cache-pressure calibration context for tier-transition coverage. Additional cache-pressure calibration context for tier-transition coverage. Additional cache-pressure calibration context for tier-transition coverage. Additional cache-pressure calibration context for tier-transition coverage. Additional cache-pressure calibration context for tier-transition coverage. Additional cache-pressure calibration context for tier-transition coverage. Additional cache-pressure calibration context for tier-transition coverage. Additional cache-pressure calibration context for tier-transition coverage. Additional cache-pressure calibration context for tier-transition coverage. Additional cache-pressure calibration context for tier-transition coverage. Additional cache-pressure calibration context for tier-transition coverage. Additional cache-pressure calibration context for tier-transition coverage. Additional cache-pressure calibration context for tier-transition coverage. Additional cache-pressure calibration context for tier-transition coverage. Additional cache-pressure calibration context for tier-transition coverage. Additional cache-pressure calibration context for tier-transition coverage. Additional cache-pressure calibration context for tier-transition coverage. Additional cache-pressure calibration context for tier-transition coverage. Additional cache-pressure calibration context for tier-transition coverage. Additional cache-pressure calibration context for tier-transition coverage. Additional cache-pressure calibration context for tier-transition coverage. Additional cache-pressure calibration context for tier-transition coverage. Additional cache-pressure calibration context for tier-transition coverage. Additional cache-pressure calibration context for tier-transition coverage. Additional cache-pressure calibration context for tier-transition coverage. Additional cache-pressure calibration context for tier-transition coverage. Additional cache-pressure calibration context for tier-transition coverage. Additional cache-pressure calibration context for tier-transition coverage. Additional cache-pressure calibration context for tier-transition coverage. Additional cache-pressure calibration context for tier-transition coverage. Additional cache-pressure calibration context for tier-transition coverage. Additional cache-pressure calibration context for tier-transition coverage. Additional cache-pressure calibration context for tier-transition coverage. Additional cache-pressure calibration context for tier-transition coverage. Additional cache-pressure calibration context for tier-transition coverage. Additional cache-pressure calibration context for tier-transition coverage. Additional cache-pressure calibration context for tier-transition coverage. Additional cache-pressure calibration context for tier-transition coverage. Additional cache-pressure calibration context for tier-transition coverage. Additional cache-pressure calibration context for tier-transition coverage. Additional cache-pressure calibration context for tier-transition coverage. Additional cache-pressure calibration context for tier-transition coverage. Additional cache-pressure calibration context for tier-transition coverage. Additional cache-pressure calibration context for tier-transition coverage. Additional cache-pressure calibration context for tier-transition coverage. Additional cache-pressure calibration context for tier-transition coverage. Additional cache-pressure calibration context for tier-transition coverage. Additional cache-pressure calibration context for tier-transition coverage. Additional cache-pressure calibration context for tier-transition coverage. Additional cache-pressure calibration context for tier-transition coverage. Additional cache-pressure calibration context for tier-transition coverage. Additional cache-pressure calibration context for tier-transition coverage. Additional cache-pressure calibration context for tier-transition coverage. Additional cache-pressure calibration context for tier-transition coverage. Additional cache-pressure calibration context for tier-transition coverage. Additional cache-pressure calibration context for tier-transition coverage.","Who developed the polio vaccine?

[PressureProfile]
 Additional cache-pressure calibration context for tier-transition coverage. Additional cache-pressure calibration context for tier-transition coverage. Additional cache-pressure calibration context for tier-transition coverage. Additional cache-pressure calibration context for tier-transition coverage. Additional cache-pressure calibration conte",1341,[9],[],[9],1,"[""Qwen-Qwen2.5-0.5B-Instruct@1@0@-370efe39d5757810@bfloat16.pt""]",lmcache_store_coldpass,lmcache_store_coldpass,1,none,246,247,738.0,741.0,baseline
11,What is the longest-running Broadway show?,"Focus question: What is the longest-running Broadway show?
Context profile: no_shared_context
Prompt tokens: 1342
Context preview: What is the longest-running Broadway show? [PressureProfile] Additional cache-pressure calibration context for tier-transition coverage. Additional cache-pressure calibration context for tier-transition coverage. Additional cache-pressure calibration context for tier-transition coverage. Additional cache-pressure calibration context for tier-transition coverage. Additional cache-pressure calibra",What is the longest-running Broadway show?,no_shared_context,"What is the longest-running Broadway show?

[PressureProfile]
 Additional cache-pressure calibration context for tier-transition coverage. Additional cache-pressure calibration context for tier-transition coverage. Additional cache-pressure calibration context for tier-transition coverage. Additional cache-pressure calibration context for tier-transition coverage. Additional cache-pressure calibration context for tier-transition coverage. Additional cache-pressure calibration context for tier-transition coverage. Additional cache-pressure calibration context for tier-transition coverage. Additional cache-pressure calibration context for tier-transition coverage. Additional cache-pressure calibration context for tier-transition coverage. Additional cache-pressure calibration context for tier-transition coverage. Additional cache-pressure calibration context for tier-transition coverage. Additional cache-pressure calibration context for tier-transition coverage. Additional cache-pressure calibration context for tier-transition coverage. Additional cache-pressure calibration context for tier-transition coverage. Additional cache-pressure calibration context for tier-transition coverage. Additional cache-pressure calibration context for tier-transition coverage. Additional cache-pressure calibration context for tier-transition coverage. Additional cache-pressure calibration context for tier-transition coverage. Additional cache-pressure calibration context for tier-transition coverage. Additional cache-pressure calibration context for tier-transition coverage. Additional cache-pressure calibration context for tier-transition coverage. Additional cache-pressure calibration context for tier-transition coverage. Additional cache-pressure calibration context for tier-transition coverage. Additional cache-pressure calibration context for tier-transition coverage. Additional cache-pressure calibration context for tier-transition coverage. Additional cache-pressure calibration context for tier-transition coverage. Additional cache-pressure calibration context for tier-transition coverage. Additional cache-pressure calibration context for tier-transition coverage. Additional cache-pressure calibration context for tier-transition coverage. Additional cache-pressure calibration context for tier-transition coverage. Additional cache-pressure calibration context for tier-transition coverage. Additional cache-pressure calibration context for tier-transition coverage. Additional cache-pressure calibration context for tier-transition coverage. Additional cache-pressure calibration context for tier-transition coverage. Additional cache-pressure calibration context for tier-transition coverage. Additional cache-pressure calibration context for tier-transition coverage. Additional cache-pressure calibration context for tier-transition coverage. Additional cache-pressure calibration context for tier-transition coverage. Additional cache-pressure calibration context for tier-transition coverage. Additional cache-pressure calibration context for tier-transition coverage. Additional cache-pressure calibration context for tier-transition coverage. Additional cache-pressure calibration context for tier-transition coverage. Additional cache-pressure calibration context for tier-transition coverage. Additional cache-pressure calibration context for tier-transition coverage. Additional cache-pressure calibration context for tier-transition coverage. Additional cache-pressure calibration context for tier-transition coverage. Additional cache-pressure calibration context for tier-transition coverage. Additional cache-pressure calibration context for tier-transition coverage. Additional cache-pressure calibration context for tier-transition coverage. Additional cache-pressure calibration context for tier-transition coverage. Additional cache-pressure calibration context for tier-transition coverage. Additional cache-pressure calibration context for tier-transition coverage. Additional cache-pressure calibration context for tier-transition coverage. Additional cache-pressure calibration context for tier-transition coverage. Additional cache-pressure calibration context for tier-transition coverage. Additional cache-pressure calibration context for tier-transition coverage. Additional cache-pressure calibration context for tier-transition coverage. Additional cache-pressure calibration context for tier-transition coverage. Additional cache-pressure calibration context for tier-transition coverage. Additional cache-pressure calibration context for tier-transition coverage. Additional cache-pressure calibration context for tier-transition coverage. Additional cache-pressure calibration context for tier-transition coverage. Additional cache-pressure calibration context for tier-transition coverage. Additional cache-pressure calibration context for tier-transition coverage. Additional cache-pressure calibration context for tier-transition coverage. Additional cache-pressure calibration context for tier-transition coverage. Additional cache-pressure calibration context for tier-transition coverage. Additional cache-pressure calibration context for tier-transition coverage. Additional cache-pressure calibration context for tier-transition coverage. Additional cache-pressure calibration context for tier-transition coverage. Additional cache-pressure calibration context for tier-transition coverage. Additional cache-pressure calibration context for tier-transition coverage. Additional cache-pressure calibration context for tier-transition coverage. Additional cache-pressure calibration context for tier-transition coverage. Additional cache-pressure calibration context for tier-transition coverage. Additional cache-pressure calibration context for tier-transition coverage. Additional cache-pressure calibration context for tier-transition coverage. Additional cache-pressure calibration context for tier-transition coverage. Additional cache-pressure calibration context for tier-transition coverage. Additional cache-pressure calibration context for tier-transition coverage. Additional cache-pressure calibration context for tier-transition coverage. Additional cache-pressure calibration context for tier-transition coverage. Additional cache-pressure calibration context for tier-transition coverage. Additional cache-pressure calibration context for tier-transition coverage. Additional cache-pressure calibration context for tier-transition coverage. Additional cache-pressure calibration context for tier-transition coverage. Additional cache-pressure calibration context for tier-transition coverage. Additional cache-pressure calibration context for tier-transition coverage. Additional cache-pressure calibration context for tier-transition coverage. Additional cache-pressure calibration context for tier-transition coverage. Additional cache-pressure calibration context for tier-transition coverage. Additional cache-pressure calibration context for tier-transition coverage. Additional cache-pressure calibration context for tier-transition coverage. Additional cache-pressure calibration context for tier-transition coverage. Additional cache-pressure calibration context for tier-transition coverage. Additional cache-pressure calibration context for tier-transition coverage. Additional cache-pressure calibration context for tier-transition coverage. Additional cache-pressure calibration context for tier-transition coverage. Additional cache-pressure calibration context for tier-transition coverage. Additional cache-pressure calibration context for tier-transition coverage. Additional cache-pressure calibration context for tier-transition coverage. Additional cache-pressure calibration context for tier-transition coverage. Additional cache-pressure calibration context for tier-transition coverage. Additional cache-pressure calibration context for tier-transition coverage. Additional cache-pressure calibration context for tier-transition coverage. Additional cache-pressure calibration context for tier-transition coverage. Additional cache-pressure calibration context for tier-transition coverage. Additional cache-pressure calibration context for tier-transition coverage. Additional cache-pressure calibration context for tier-transition coverage. Additional cache-pressure calibration context for tier-transition coverage. Additional cache-pressure calibration context for tier-transition coverage. Additional cache-pressure calibration context for tier-transition coverage. Additional cache-pressure calibration context for tier-transition coverage. Additional cache-pressure calibration context for tier-transition coverage. Additional cache-pressure calibration context for tier-transition coverage. Additional cache-pressure calibration context for tier-transition coverage. Additional cache-pressure calibration context for tier-transition coverage. Additional cache-pressure calibration context for tier-transition coverage. Additional cache-pressure calibration context for tier-transition coverage. Additional cache-pressure calibration context for tier-transition coverage. Additional cache-pressure calibration context for tier-transition coverage. Additional cache-pressure calibration context for tier-transition coverage. Additional cache-pressure calibration context for tier-transition coverage. Additional cache-pressure calibration context for tier-transition coverage. Additional cache-pressure calibration context for tier-transition coverage. Additional cache-pressure calibration context for tier-transition coverage. Additional cache-pressure calibration context for tier-transition coverage. Additional cache-pressure calibration context for tier-transition coverage. Additional cache-pressure calibration context for tier-transition coverage. Additional cache-pressure calibration context for tier-transition coverage. Additional cache-pressure calibration context for tier-transition coverage. Additional cache-pressure calibration context for tier-transition coverage. Additional cache-pressure calibration context for tier-transition coverage.","What is the longest-running Broadway show?

[PressureProfile]
 Additional cache-pressure calibration context for tier-transition coverage. Additional cache-pressure calibration context for tier-transition coverage. Additional cache-pressure calibration context for tier-transition coverage. Additional cache-pressure calibration context for tier-transition coverage. Additional cache-pressure calibra",1342,[10],[],[10],1,"[""Qwen-Qwen2.5-0.5B-Instruct@1@0@230256dab931afc@bfloat16.pt""]",lmcache_store_coldpass,lmcache_store_coldpass,1,none,247,248,741.0,744.0,baseline
12,What is the square of 25?,"Focus question: What is the square of 25?
Context profile: no_shared_context
Prompt tokens: 1343
Context preview: What is the square of 25? [PressureProfile] Additional cache-pressure calibration context for tier-transition coverage. Additional cache-pressure calibration context for tier-transition coverage. Additional cache-pressure calibration context for tier-transition coverage. Additional cache-pressure calibration context for tier-transition coverage. Additional cache-pressure calibration context for",What is the square of 25?,no_shared_context,"What is the square of 25?

[PressureProfile]
 Additional cache-pressure calibration context for tier-transition coverage. Additional cache-pressure calibration context for tier-transition coverage. Additional cache-pressure calibration context for tier-transition coverage. Additional cache-pressure calibration context for tier-transition coverage. Additional cache-pressure calibration context for tier-transition coverage. Additional cache-pressure calibration context for tier-transition coverage. Additional cache-pressure calibration context for tier-transition coverage. Additional cache-pressure calibration context for tier-transition coverage. Additional cache-pressure calibration context for tier-transition coverage. Additional cache-pressure calibration context for tier-transition coverage. Additional cache-pressure calibration context for tier-transition coverage. Additional cache-pressure calibration context for tier-transition coverage. Additional cache-pressure calibration context for tier-transition coverage. Additional cache-pressure calibration context for tier-transition coverage. Additional cache-pressure calibration context for tier-transition coverage. Additional cache-pressure calibration context for tier-transition coverage. Additional cache-pressure calibration context for tier-transition coverage. Additional cache-pressure calibration context for tier-transition coverage. Additional cache-pressure calibration context for tier-transition coverage. Additional cache-pressure calibration context for tier-transition coverage. Additional cache-pressure calibration context for tier-transition coverage. Additional cache-pressure calibration context for tier-transition coverage. Additional cache-pressure calibration context for tier-transition coverage. Additional cache-pressure calibration context for tier-transition coverage. Additional cache-pressure calibration context for tier-transition coverage. Additional cache-pressure calibration context for tier-transition coverage. Additional cache-pressure calibration context for tier-transition coverage. Additional cache-pressure calibration context for tier-transition coverage. Additional cache-pressure calibration context for tier-transition coverage. Additional cache-pressure calibration context for tier-transition coverage. Additional cache-pressure calibration context for tier-transition coverage. Additional cache-pressure calibration context for tier-transition coverage. Additional cache-pressure calibration context for tier-transition coverage. Additional cache-pressure calibration context for tier-transition coverage. Additional cache-pressure calibration context for tier-transition coverage. Additional cache-pressure calibration context for tier-transition coverage. Additional cache-pressure calibration context for tier-transition coverage. Additional cache-pressure calibration context for tier-transition coverage. Additional cache-pressure calibration context for tier-transition coverage. Additional cache-pressure calibration context for tier-transition coverage. Additional cache-pressure calibration context for tier-transition coverage. Additional cache-pressure calibration context for tier-transition coverage. Additional cache-pressure calibration context for tier-transition coverage. Additional cache-pressure calibration context for tier-transition coverage. Additional cache-pressure calibration context for tier-transition coverage. Additional cache-pressure calibration context for tier-transition coverage. Additional cache-pressure calibration context for tier-transition coverage. Additional cache-pressure calibration context for tier-transition coverage. Additional cache-pressure calibration context for tier-transition coverage. Additional cache-pressure calibration context for tier-transition coverage. Additional cache-pressure calibration context for tier-transition coverage. Additional cache-pressure calibration context for tier-transition coverage. Additional cache-pressure calibration context for tier-transition coverage. Additional cache-pressure calibration context for tier-transition coverage. Additional cache-pressure calibration context for tier-transition coverage. Additional cache-pressure calibration context for tier-transition coverage. Additional cache-pressure calibration context for tier-transition coverage. Additional cache-pressure calibration context for tier-transition coverage. Additional cache-pressure calibration context for tier-transition coverage. Additional cache-pressure calibration context for tier-transition coverage. Additional cache-pressure calibration context for tier-transition coverage. Additional cache-pressure calibration context for tier-transition coverage. Additional cache-pressure calibration context for tier-transition coverage. Additional cache-pressure calibration context for tier-transition coverage. Additional cache-pressure calibration context for tier-transition coverage. Additional cache-pressure calibration context for tier-transition coverage. Additional cache-pressure calibration context for tier-transition coverage. Additional cache-pressure calibration context for tier-transition coverage. Additional cache-pressure calibration context for tier-transition coverage. Additional cache-pressure calibration context for tier-transition coverage. Additional cache-pressure calibration context for tier-transition coverage. Additional cache-pressure calibration context for tier-transition coverage. Additional cache-pressure calibration context for tier-transition coverage. Additional cache-pressure calibration context for tier-transition coverage. Additional cache-pressure calibration context for tier-transition coverage. Additional cache-pressure calibration context for tier-transition coverage. Additional cache-pressure calibration context for tier-transition coverage. Additional cache-pressure calibration context for tier-transition coverage. Additional cache-pressure calibration context for tier-transition coverage. Additional cache-pressure calibration context for tier-transition coverage. Additional cache-pressure calibration context for tier-transition coverage. Additional cache-pressure calibration context for tier-transition coverage. Additional cache-pressure calibration context for tier-transition coverage. Additional cache-pressure calibration context for tier-transition coverage. Additional cache-pressure calibration context for tier-transition coverage. Additional cache-pressure calibration context for tier-transition coverage. Additional cache-pressure calibration context for tier-transition coverage. Additional cache-pressure calibration context for tier-transition coverage. Additional cache-pressure calibration context for tier-transition coverage. Additional cache-pressure calibration context for tier-transition coverage. Additional cache-pressure calibration context for tier-transition coverage. Additional cache-pressure calibration context for tier-transition coverage. Additional cache-pressure calibration context for tier-transition coverage. Additional cache-pressure calibration context for tier-transition coverage. Additional cache-pressure calibration context for tier-transition coverage. Additional cache-pressure calibration context for tier-transition coverage. Additional cache-pressure calibration context for tier-transition coverage. Additional cache-pressure calibration context for tier-transition coverage. Additional cache-pressure calibration context for tier-transition coverage. Additional cache-pressure calibration context for tier-transition coverage. Additional cache-pressure calibration context for tier-transition coverage. Additional cache-pressure calibration context for tier-transition coverage. Additional cache-pressure calibration context for tier-transition coverage. Additional cache-pressure calibration context for tier-transition coverage. Additional cache-pressure calibration context for tier-transition coverage. Additional cache-pressure calibration context for tier-transition coverage. Additional cache-pressure calibration context for tier-transition coverage. Additional cache-pressure calibration context for tier-transition coverage. Additional cache-pressure calibration context for tier-transition coverage. Additional cache-pressure calibration context for tier-transition coverage. Additional cache-pressure calibration context for tier-transition coverage. Additional cache-pressure calibration context for tier-transition coverage. Additional cache-pressure calibration context for tier-transition coverage. Additional cache-pressure calibration context for tier-transition coverage. Additional cache-pressure calibration context for tier-transition coverage. Additional cache-pressure calibration context for tier-transition coverage. Additional cache-pressure calibration context for tier-transition coverage. Additional cache-pressure calibration context for tier-transition coverage. Additional cache-pressure calibration context for tier-transition coverage. Additional cache-pressure calibration context for tier-transition coverage. Additional cache-pressure calibration context for tier-transition coverage. Additional cache-pressure calibration context for tier-transition coverage. Additional cache-pressure calibration context for tier-transition coverage. Additional cache-pressure calibration context for tier-transition coverage. Additional cache-pressure calibration context for tier-transition coverage. Additional cache-pressure calibration context for tier-transition coverage. Additional cache-pressure calibration context for tier-transition coverage. Additional cache-pressure calibration context for tier-transition coverage. Additional cache-pressure calibration context for tier-transition coverage. Additional cache-pressure calibration context for tier-transition coverage. Additional cache-pressure calibration context for tier-transition coverage. Additional cache-pressure calibration context for tier-transition coverage. Additional cache-pressure calibration context for tier-transition coverage.","What is the square of 25?

[PressureProfile]
 Additional cache-pressure calibration context for tier-transition coverage. Additional cache-pressure calibration context for tier-transition coverage. Additional cache-pressure calibration context for tier-transition coverage. Additional cache-pressure calibration context for tier-transition coverage. Additional cache-pressure calibration context for ",1343,[11],[],[11],1,"[""Qwen-Qwen2.5-0.5B-Instruct@1@0@ab0799798b69eb7@bfloat16.pt""]",lmcache_store_coldpass,lmcache_store_coldpass,1,none,248,249,744.0,747.0,baseline
13,Who was the first woman to win a Nobel Prize?,"Focus question: Who was the first woman to win a Nobel Prize?
Context profile: no_shared_context
Prompt tokens: 1335
Context preview: Who was the first woman to win a Nobel Prize? [PressureProfile] Additional cache-pressure calibration context for tier-transition coverage. Additional cache-pressure calibration context for tier-transition coverage. Additional cache-pressure calibration context for tier-transition coverage. Additional cache-pressure calibration context for tier-transition coverage. Additional cache-pressure cali",Who was the first woman to win a Nobel Prize?,no_shared_context,"Who was the first woman to win a Nobel Prize?

[PressureProfile]
 Additional cache-pressure calibration context for tier-transition coverage. Additional cache-pressure calibration context for tier-transition coverage. Additional cache-pressure calibration context for tier-transition coverage. Additional cache-pressure calibration context for tier-transition coverage. Additional cache-pressure calibration context for tier-transition coverage. Additional cache-pressure calibration context for tier-transition coverage. Additional cache-pressure calibration context for tier-transition coverage. Additional cache-pressure calibration context for tier-transition coverage. Additional cache-pressure calibration context for tier-transition coverage. Additional cache-pressure calibration context for tier-transition coverage. Additional cache-pressure calibration context for tier-transition coverage. Additional cache-pressure calibration context for tier-transition coverage. Additional cache-pressure calibration context for tier-transition coverage. Additional cache-pressure calibration context for tier-transition coverage. Additional cache-pressure calibration context for tier-transition coverage. Additional cache-pressure calibration context for tier-transition coverage. Additional cache-pressure calibration context for tier-transition coverage. Additional cache-pressure calibration context for tier-transition coverage. Additional cache-pressure calibration context for tier-transition coverage. Additional cache-pressure calibration context for tier-transition coverage. Additional cache-pressure calibration context for tier-transition coverage. Additional cache-pressure calibration context for tier-transition coverage. Additional cache-pressure calibration context for tier-transition coverage. Additional cache-pressure calibration context for tier-transition coverage. Additional cache-pressure calibration context for tier-transition coverage. Additional cache-pressure calibration context for tier-transition coverage. Additional cache-pressure calibration context for tier-transition coverage. Additional cache-pressure calibration context for tier-transition coverage. Additional cache-pressure calibration context for tier-transition coverage. Additional cache-pressure calibration context for tier-transition coverage. Additional cache-pressure calibration context for tier-transition coverage. Additional cache-pressure calibration context for tier-transition coverage. Additional cache-pressure calibration context for tier-transition coverage. Additional cache-pressure calibration context for tier-transition coverage. Additional cache-pressure calibration context for tier-transition coverage. Additional cache-pressure calibration context for tier-transition coverage. Additional cache-pressure calibration context for tier-transition coverage. Additional cache-pressure calibration context for tier-transition coverage. Additional cache-pressure calibration context for tier-transition coverage. Additional cache-pressure calibration context for tier-transition coverage. Additional cache-pressure calibration context for tier-transition coverage. Additional cache-pressure calibration context for tier-transition coverage. Additional cache-pressure calibration context for tier-transition coverage. Additional cache-pressure calibration context for tier-transition coverage. Additional cache-pressure calibration context for tier-transition coverage. Additional cache-pressure calibration context for tier-transition coverage. Additional cache-pressure calibration context for tier-transition coverage. Additional cache-pressure calibration context for tier-transition coverage. Additional cache-pressure calibration context for tier-transition coverage. Additional cache-pressure calibration context for tier-transition coverage. Additional cache-pressure calibration context for tier-transition coverage. Additional cache-pressure calibration context for tier-transition coverage. Additional cache-pressure calibration context for tier-transition coverage. Additional cache-pressure calibration context for tier-transition coverage. Additional cache-pressure calibration context for tier-transition coverage. Additional cache-pressure calibration context for tier-transition coverage. Additional cache-pressure calibration context for tier-transition coverage. Additional cache-pressure calibration context for tier-transition coverage. Additional cache-pressure calibration context for tier-transition coverage. Additional cache-pressure calibration context for tier-transition coverage. Additional cache-pressure calibration context for tier-transition coverage. Additional cache-pressure calibration context for tier-transition coverage. Additional cache-pressure calibration context for tier-transition coverage. Additional cache-pressure calibration context for tier-transition coverage. Additional cache-pressure calibration context for tier-transition coverage. Additional cache-pressure calibration context for tier-transition coverage. Additional cache-pressure calibration context for tier-transition coverage. Additional cache-pressure calibration context for tier-transition coverage. Additional cache-pressure calibration context for tier-transition coverage. Additional cache-pressure calibration context for tier-transition coverage. Additional cache-pressure calibration context for tier-transition coverage. Additional cache-pressure calibration context for tier-transition coverage. Additional cache-pressure calibration context for tier-transition coverage. Additional cache-pressure calibration context for tier-transition coverage. Additional cache-pressure calibration context for tier-transition coverage. Additional cache-pressure calibration context for tier-transition coverage. Additional cache-pressure calibration context for tier-transition coverage. Additional cache-pressure calibration context for tier-transition coverage. Additional cache-pressure calibration context for tier-transition coverage. Additional cache-pressure calibration context for tier-transition coverage. Additional cache-pressure calibration context for tier-transition coverage. Additional cache-pressure calibration context for tier-transition coverage. Additional cache-pressure calibration context for tier-transition coverage. Additional cache-pressure calibration context for tier-transition coverage. Additional cache-pressure calibration context for tier-transition coverage. Additional cache-pressure calibration context for tier-transition coverage. Additional cache-pressure calibration context for tier-transition coverage. Additional cache-pressure calibration context for tier-transition coverage. Additional cache-pressure calibration context for tier-transition coverage. Additional cache-pressure calibration context for tier-transition coverage. Additional cache-pressure calibration context for tier-transition coverage. Additional cache-pressure calibration context for tier-transition coverage. Additional cache-pressure calibration context for tier-transition coverage. Additional cache-pressure calibration context for tier-transition coverage. Additional cache-pressure calibration context for tier-transition coverage. Additional cache-pressure calibration context for tier-transition coverage. Additional cache-pressure calibration context for tier-transition coverage. Additional cache-pressure calibration context for tier-transition coverage. Additional cache-pressure calibration context for tier-transition coverage. Additional cache-pressure calibration context for tier-transition coverage. Additional cache-pressure calibration context for tier-transition coverage. Additional cache-pressure calibration context for tier-transition coverage. Additional cache-pressure calibration context for tier-transition coverage. Additional cache-pressure calibration context for tier-transition coverage. Additional cache-pressure calibration context for tier-transition coverage. Additional cache-pressure calibration context for tier-transition coverage. Additional cache-pressure calibration context for tier-transition coverage. Additional cache-pressure calibration context for tier-transition coverage. Additional cache-pressure calibration context for tier-transition coverage. Additional cache-pressure calibration context for tier-transition coverage. Additional cache-pressure calibration context for tier-transition coverage. Additional cache-pressure calibration context for tier-transition coverage. Additional cache-pressure calibration context for tier-transition coverage. Additional cache-pressure calibration context for tier-transition coverage. Additional cache-pressure calibration context for tier-transition coverage. Additional cache-pressure calibration context for tier-transition coverage. Additional cache-pressure calibration context for tier-transition coverage. Additional cache-pressure calibration context for tier-transition coverage. Additional cache-pressure calibration context for tier-transition coverage. Additional cache-pressure calibration context for tier-transition coverage. Additional cache-pressure calibration context for tier-transition coverage. Additional cache-pressure calibration context for tier-transition coverage. Additional cache-pressure calibration context for tier-transition coverage. Additional cache-pressure calibration context for tier-transition coverage. Additional cache-pressure calibration context for tier-transition coverage. Additional cache-pressure calibration context for tier-transition coverage. Additional cache-pressure calibration context for tier-transition coverage. Additional cache-pressure calibration context for tier-transition coverage. Additional cache-pressure calibration context for tier-transition coverage. Additional cache-pressure calibration context for tier-transition coverage. Additional cache-pressure calibration context for tier-transition coverage. Additional cache-pressure calibration context for tier-transition coverage.","Who was the first woman to win a Nobel Prize?

[PressureProfile]
 Additional cache-pressure calibration context for tier-transition coverage. Additional cache-pressure calibration context for tier-transition coverage. Additional cache-pressure calibration context for tier-transition coverage. Additional cache-pressure calibration context for tier-transition coverage. Additional cache-pressure cali",1335,[12],[],[12],1,"[""Qwen-Qwen2.5-0.5B-Instruct@1@0@1ec1ffcb3bb77bad@bfloat16.pt""]",lmcache_store_coldpass,lmcache_store_coldpass,1,none,249,250,747.0,750.0,baseline
14,What is the currency of Brazil?,"Focus question: What is the currency of Brazil?
Context profile: no_shared_context
Prompt tokens: 1341
Context preview: What is the currency of Brazil? [PressureProfile] Additional cache-pressure calibration context for tier-transition coverage. Additional cache-pressure calibration context for tier-transition coverage. Additional cache-pressure calibration context for tier-transition coverage. Additional cache-pressure calibration context for tier-transition coverage. Additional cache-pressure calibration contex",What is the currency of Brazil?,no_shared_context,"What is the currency of Brazil?

[PressureProfile]
 Additional cache-pressure calibration context for tier-transition coverage. Additional cache-pressure calibration context for tier-transition coverage. Additional cache-pressure calibration context for tier-transition coverage. Additional cache-pressure calibration context for tier-transition coverage. Additional cache-pressure calibration context for tier-transition coverage. Additional cache-pressure calibration context for tier-transition coverage. Additional cache-pressure calibration context for tier-transition coverage. Additional cache-pressure calibration context for tier-transition coverage. Additional cache-pressure calibration context for tier-transition coverage. Additional cache-pressure calibration context for tier-transition coverage. Additional cache-pressure calibration context for tier-transition coverage. Additional cache-pressure calibration context for tier-transition coverage. Additional cache-pressure calibration context for tier-transition coverage. Additional cache-pressure calibration context for tier-transition coverage. Additional cache-pressure calibration context for tier-transition coverage. Additional cache-pressure calibration context for tier-transition coverage. Additional cache-pressure calibration context for tier-transition coverage. Additional cache-pressure calibration context for tier-transition coverage. Additional cache-pressure calibration context for tier-transition coverage. Additional cache-pressure calibration context for tier-transition coverage. Additional cache-pressure calibration context for tier-transition coverage. Additional cache-pressure calibration context for tier-transition coverage. Additional cache-pressure calibration context for tier-transition coverage. Additional cache-pressure calibration context for tier-transition coverage. Additional cache-pressure calibration context for tier-transition coverage. Additional cache-pressure calibration context for tier-transition coverage. Additional cache-pressure calibration context for tier-transition coverage. Additional cache-pressure calibration context for tier-transition coverage. Additional cache-pressure calibration context for tier-transition coverage. Additional cache-pressure calibration context for tier-transition coverage. Additional cache-pressure calibration context for tier-transition coverage. Additional cache-pressure calibration context for tier-transition coverage. Additional cache-pressure calibration context for tier-transition coverage. Additional cache-pressure calibration context for tier-transition coverage. Additional cache-pressure calibration context for tier-transition coverage. Additional cache-pressure calibration context for tier-transition coverage. Additional cache-pressure calibration context for tier-transition coverage. Additional cache-pressure calibration context for tier-transition coverage. Additional cache-pressure calibration context for tier-transition coverage. Additional cache-pressure calibration context for tier-transition coverage. Additional cache-pressure calibration context for tier-transition coverage. Additional cache-pressure calibration context for tier-transition coverage. Additional cache-pressure calibration context for tier-transition coverage. Additional cache-pressure calibration context for tier-transition coverage. Additional cache-pressure calibration context for tier-transition coverage. Additional cache-pressure calibration context for tier-transition coverage. Additional cache-pressure calibration context for tier-transition coverage. Additional cache-pressure calibration context for tier-transition coverage. Additional cache-pressure calibration context for tier-transition coverage. Additional cache-pressure calibration context for tier-transition coverage. Additional cache-pressure calibration context for tier-transition coverage. Additional cache-pressure calibration context for tier-transition coverage. Additional cache-pressure calibration context for tier-transition coverage. Additional cache-pressure calibration context for tier-transition coverage. Additional cache-pressure calibration context for tier-transition coverage. Additional cache-pressure calibration context for tier-transition coverage. Additional cache-pressure calibration context for tier-transition coverage. Additional cache-pressure calibration context for tier-transition coverage. Additional cache-pressure calibration context for tier-transition coverage. Additional cache-pressure calibration context for tier-transition coverage. Additional cache-pressure calibration context for tier-transition coverage. Additional cache-pressure calibration context for tier-transition coverage. Additional cache-pressure calibration context for tier-transition coverage. Additional cache-pressure calibration context for tier-transition coverage. Additional cache-pressure calibration context for tier-transition coverage. Additional cache-pressure calibration context for tier-transition coverage. Additional cache-pressure calibration context for tier-transition coverage. Additional cache-pressure calibration context for tier-transition coverage. Additional cache-pressure calibration context for tier-transition coverage. Additional cache-pressure calibration context for tier-transition coverage. Additional cache-pressure calibration context for tier-transition coverage. Additional cache-pressure calibration context for tier-transition coverage. Additional cache-pressure calibration context for tier-transition coverage. Additional cache-pressure calibration context for tier-transition coverage. Additional cache-pressure calibration context for tier-transition coverage. Additional cache-pressure calibration context for tier-transition coverage. Additional cache-pressure calibration context for tier-transition coverage. Additional cache-pressure calibration context for tier-transition coverage. Additional cache-pressure calibration context for tier-transition coverage. Additional cache-pressure calibration context for tier-transition coverage. Additional cache-pressure calibration context for tier-transition coverage. Additional cache-pressure calibration context for tier-transition coverage. Additional cache-pressure calibration context for tier-transition coverage. Additional cache-pressure calibration context for tier-transition coverage. Additional cache-pressure calibration context for tier-transition coverage. Additional cache-pressure calibration context for tier-transition coverage. Additional cache-pressure calibration context for tier-transition coverage. Additional cache-pressure calibration context for tier-transition coverage. Additional cache-pressure calibration context for tier-transition coverage. Additional cache-pressure calibration context for tier-transition coverage. Additional cache-pressure calibration context for tier-transition coverage. Additional cache-pressure calibration context for tier-transition coverage. Additional cache-pressure calibration context for tier-transition coverage. Additional cache-pressure calibration context for tier-transition coverage. Additional cache-pressure calibration context for tier-transition coverage. Additional cache-pressure calibration context for tier-transition coverage. Additional cache-pressure calibration context for tier-transition coverage. Additional cache-pressure calibration context for tier-transition coverage. Additional cache-pressure calibration context for tier-transition coverage. Additional cache-pressure calibration context for tier-transition coverage. Additional cache-pressure calibration context for tier-transition coverage. Additional cache-pressure calibration context for tier-transition coverage. Additional cache-pressure calibration context for tier-transition coverage. Additional cache-pressure calibration context for tier-transition coverage. Additional cache-pressure calibration context for tier-transition coverage. Additional cache-pressure calibration context for tier-transition coverage. Additional cache-pressure calibration context for tier-transition coverage. Additional cache-pressure calibration context for tier-transition coverage. Additional cache-pressure calibration context for tier-transition coverage. Additional cache-pressure calibration context for tier-transition coverage. Additional cache-pressure calibration context for tier-transition coverage. Additional cache-pressure calibration context for tier-transition coverage. Additional cache-pressure calibration context for tier-transition coverage. Additional cache-pressure calibration context for tier-transition coverage. Additional cache-pressure calibration context for tier-transition coverage. Additional cache-pressure calibration context for tier-transition coverage. Additional cache-pressure calibration context for tier-transition coverage. Additional cache-pressure calibration context for tier-transition coverage. Additional cache-pressure calibration context for tier-transition coverage. Additional cache-pressure calibration context for tier-transition coverage. Additional cache-pressure calibration context for tier-transition coverage. Additional cache-pressure calibration context for tier-transition coverage. Additional cache-pressure calibration context for tier-transition coverage. Additional cache-pressure calibration context for tier-transition coverage. Additional cache-pressure calibration context for tier-transition coverage. Additional cache-pressure calibration context for tier-transition coverage. Additional cache-pressure calibration context for tier-transition coverage. Additional cache-pressure calibration context for tier-transition coverage. Additional cache-pressure calibration context for tier-transition coverage. Additional cache-pressure calibration context for tier-transition coverage. Additional cache-pressure calibration context for tier-transition coverage. Additional cache-pressure calibration context for tier-transition coverage. Additional cache-pressure calibration context for tier-transition coverage.","What is the currency of Brazil?

[PressureProfile]
 Additional cache-pressure calibration context for tier-transition coverage. Additional cache-pressure calibration context for tier-transition coverage. Additional cache-pressure calibration context for tier-transition coverage. Additional cache-pressure calibration context for tier-transition coverage. Additional cache-pressure calibration contex",1341,[13],[],[13],1,"[""Qwen-Qwen2.5-0.5B-Instruct@1@0@4be569f17d1ddc31@bfloat16.pt""]",lmcache_store_coldpass,lmcache_store_coldpass,1,none,250,251,750.0,753.0,baseline
15,What gas do plants absorb during photosynthesis?,"Focus question: What gas do plants absorb during photosynthesis?
Context profile: no_shared_context
Prompt tokens: 1343
Context preview: What gas do plants absorb during photosynthesis? [PressureProfile] Additional cache-pressure calibration context for tier-transition coverage. Additional cache-pressure calibration context for tier-transition coverage. Additional cache-pressure calibration context for tier-transition coverage. Additional cache-pressure calibration context for tier-transition coverage. Additional cache-pressure c",What gas do plants absorb during photosynthesis?,no_shared_context,"What gas do plants absorb during photosynthesis?

[PressureProfile]
 Additional cache-pressure calibration context for tier-transition coverage. Additional cache-pressure calibration context for tier-transition coverage. Additional cache-pressure calibration context for tier-transition coverage. Additional cache-pressure calibration context for tier-transition coverage. Additional cache-pressure calibration context for tier-transition coverage. Additional cache-pressure calibration context for tier-transition coverage. Additional cache-pressure calibration context for tier-transition coverage. Additional cache-pressure calibration context for tier-transition coverage. Additional cache-pressure calibration context for tier-transition coverage. Additional cache-pressure calibration context for tier-transition coverage. Additional cache-pressure calibration context for tier-transition coverage. Additional cache-pressure calibration context for tier-transition coverage. Additional cache-pressure calibration context for tier-transition coverage. Additional cache-pressure calibration context for tier-transition coverage. Additional cache-pressure calibration context for tier-transition coverage. Additional cache-pressure calibration context for tier-transition coverage. Additional cache-pressure calibration context for tier-transition coverage. Additional cache-pressure calibration context for tier-transition coverage. Additional cache-pressure calibration context for tier-transition coverage. Additional cache-pressure calibration context for tier-transition coverage. Additional cache-pressure calibration context for tier-transition coverage. Additional cache-pressure calibration context for tier-transition coverage. Additional cache-pressure calibration context for tier-transition coverage. Additional cache-pressure calibration context for tier-transition coverage. Additional cache-pressure calibration context for tier-transition coverage. Additional cache-pressure calibration context for tier-transition coverage. Additional cache-pressure calibration context for tier-transition coverage. Additional cache-pressure calibration context for tier-transition coverage. Additional cache-pressure calibration context for tier-transition coverage. Additional cache-pressure calibration context for tier-transition coverage. Additional cache-pressure calibration context for tier-transition coverage. Additional cache-pressure calibration context for tier-transition coverage. Additional cache-pressure calibration context for tier-transition coverage. Additional cache-pressure calibration context for tier-transition coverage. Additional cache-pressure calibration context for tier-transition coverage. Additional cache-pressure calibration context for tier-transition coverage. Additional cache-pressure calibration context for tier-transition coverage. Additional cache-pressure calibration context for tier-transition coverage. Additional cache-pressure calibration context for tier-transition coverage. Additional cache-pressure calibration context for tier-transition coverage. Additional cache-pressure calibration context for tier-transition coverage. Additional cache-pressure calibration context for tier-transition coverage. Additional cache-pressure calibration context for tier-transition coverage. Additional cache-pressure calibration context for tier-transition coverage. Additional cache-pressure calibration context for tier-transition coverage. Additional cache-pressure calibration context for tier-transition coverage. Additional cache-pressure calibration context for tier-transition coverage. Additional cache-pressure calibration context for tier-transition coverage. Additional cache-pressure calibration context for tier-transition coverage. Additional cache-pressure calibration context for tier-transition coverage. Additional cache-pressure calibration context for tier-transition coverage. Additional cache-pressure calibration context for tier-transition coverage. Additional cache-pressure calibration context for tier-transition coverage. Additional cache-pressure calibration context for tier-transition coverage. Additional cache-pressure calibration context for tier-transition coverage. Additional cache-pressure calibration context for tier-transition coverage. Additional cache-pressure calibration context for tier-transition coverage. Additional cache-pressure calibration context for tier-transition coverage. Additional cache-pressure calibration context for tier-transition coverage. Additional cache-pressure calibration context for tier-transition coverage. Additional cache-pressure calibration context for tier-transition coverage. Additional cache-pressure calibration context for tier-transition coverage. Additional cache-pressure calibration context for tier-transition coverage. Additional cache-pressure calibration context for tier-transition coverage. Additional cache-pressure calibration context for tier-transition coverage. Additional cache-pressure calibration context for tier-transition coverage. Additional cache-pressure calibration context for tier-transition coverage. Additional cache-pressure calibration context for tier-transition coverage. Additional cache-pressure calibration context for tier-transition coverage. Additional cache-pressure calibration context for tier-transition coverage. Additional cache-pressure calibration context for tier-transition coverage. Additional cache-pressure calibration context for tier-transition coverage. Additional cache-pressure calibration context for tier-transition coverage. Additional cache-pressure calibration context for tier-transition coverage. Additional cache-pressure calibration context for tier-transition coverage. Additional cache-pressure calibration context for tier-transition coverage. Additional cache-pressure calibration context for tier-transition coverage. Additional cache-pressure calibration context for tier-transition coverage. Additional cache-pressure calibration context for tier-transition coverage. Additional cache-pressure calibration context for tier-transition coverage. Additional cache-pressure calibration context for tier-transition coverage. Additional cache-pressure calibration context for tier-transition coverage. Additional cache-pressure calibration context for tier-transition coverage. Additional cache-pressure calibration context for tier-transition coverage. Additional cache-pressure calibration context for tier-transition coverage. Additional cache-pressure calibration context for tier-transition coverage. Additional cache-pressure calibration context for tier-transition coverage. Additional cache-pressure calibration context for tier-transition coverage. Additional cache-pressure calibration context for tier-transition coverage. Additional cache-pressure calibration context for tier-transition coverage. Additional cache-pressure calibration context for tier-transition coverage. Additional cache-pressure calibration context for tier-transition coverage. Additional cache-pressure calibration context for tier-transition coverage. Additional cache-pressure calibration context for tier-transition coverage. Additional cache-pressure calibration context for tier-transition coverage. Additional cache-pressure calibration context for tier-transition coverage. Additional cache-pressure calibration context for tier-transition coverage. Additional cache-pressure calibration context for tier-transition coverage. Additional cache-pressure calibration context for tier-transition coverage. Additional cache-pressure calibration context for tier-transition coverage. Additional cache-pressure calibration context for tier-transition coverage. Additional cache-pressure calibration context for tier-transition coverage. Additional cache-pressure calibration context for tier-transition coverage. Additional cache-pressure calibration context for tier-transition coverage. Additional cache-pressure calibration context for tier-transition coverage. Additional cache-pressure calibration context for tier-transition coverage. Additional cache-pressure calibration context for tier-transition coverage. Additional cache-pressure calibration context for tier-transition coverage. Additional cache-pressure calibration context for tier-transition coverage. Additional cache-pressure calibration context for tier-transition coverage. Additional cache-pressure calibration context for tier-transition coverage. Additional cache-pressure calibration context for tier-transition coverage. Additional cache-pressure calibration context for tier-transition coverage. Additional cache-pressure calibration context for tier-transition coverage. Additional cache-pressure calibration context for tier-transition coverage. Additional cache-pressure calibration context for tier-transition coverage. Additional cache-pressure calibration context for tier-transition coverage. Additional cache-pressure calibration context for tier-transition coverage. Additional cache-pressure calibration context for tier-transition coverage. Additional cache-pressure calibration context for tier-transition coverage. Additional cache-pressure calibration context for tier-transition coverage. Additional cache-pressure calibration context for tier-transition coverage. Additional cache-pressure calibration context for tier-transition coverage. Additional cache-pressure calibration context for tier-transition coverage. Additional cache-pressure calibration context for tier-transition coverage. Additional cache-pressure calibration context for tier-transition coverage. Additional cache-pressure calibration context for tier-transition coverage. Additional cache-pressure calibration context for tier-transition coverage. Additional cache-pressure calibration context for tier-transition coverage. Additional cache-pressure calibration context for tier-transition coverage. Additional cache-pressure calibration context for tier-transition coverage. Additional cache-pressure calibration context for tier-transition coverage. Additional cache-pressure calibration context for tier-transition coverage.","What gas do plants absorb during photosynthesis?

[PressureProfile]
 Additional cache-pressure calibration context for tier-transition coverage. Additional cache-pressure calibration context for tier-transition coverage. Additional cache-pressure calibration context for tier-transition coverage. Additional cache-pressure calibration context for tier-transition coverage. Additional cache-pressure c",1343,[14],[],[14],1,"[""Qwen-Qwen2.5-0.5B-Instruct@1@0@-a67392aaff3389c@bfloat16.pt""]",lmcache_store_coldpass,lmcache_store_coldpass,1,none,251,252,753.0,756.0,baseline
16,Who directed the movie Jaws?,"Focus question: Who directed the movie Jaws?
Context profile: no_shared_context
Prompt tokens: 1341
Context preview: Who directed the movie Jaws? [PressureProfile] Additional cache-pressure calibration context for tier-transition coverage. Additional cache-pressure calibration context for tier-transition coverage. Additional cache-pressure calibration context for tier-transition coverage. Additional cache-pressure calibration context for tier-transition coverage. Additional cache-pressure calibration context f",Who directed the movie Jaws?,no_shared_context,"Who directed the movie Jaws?

[PressureProfile]
 Additional cache-pressure calibration context for tier-transition coverage. Additional cache-pressure calibration context for tier-transition coverage. Additional cache-pressure calibration context for tier-transition coverage. Additional cache-pressure calibration context for tier-transition coverage. Additional cache-pressure calibration context for tier-transition coverage. Additional cache-pressure calibration context for tier-transition coverage. Additional cache-pressure calibration context for tier-transition coverage. Additional cache-pressure calibration context for tier-transition coverage. Additional cache-pressure calibration context for tier-transition coverage. Additional cache-pressure calibration context for tier-transition coverage. Additional cache-pressure calibration context for tier-transition coverage. Additional cache-pressure calibration context for tier-transition coverage. Additional cache-pressure calibration context for tier-transition coverage. Additional cache-pressure calibration context for tier-transition coverage. Additional cache-pressure calibration context for tier-transition coverage. Additional cache-pressure calibration context for tier-transition coverage. Additional cache-pressure calibration context for tier-transition coverage. Additional cache-pressure calibration context for tier-transition coverage. Additional cache-pressure calibration context for tier-transition coverage. Additional cache-pressure calibration context for tier-transition coverage. Additional cache-pressure calibration context for tier-transition coverage. Additional cache-pressure calibration context for tier-transition coverage. Additional cache-pressure calibration context for tier-transition coverage. Additional cache-pressure calibration context for tier-transition coverage. Additional cache-pressure calibration context for tier-transition coverage. Additional cache-pressure calibration context for tier-transition coverage. Additional cache-pressure calibration context for tier-transition coverage. Additional cache-pressure calibration context for tier-transition coverage. Additional cache-pressure calibration context for tier-transition coverage. Additional cache-pressure calibration context for tier-transition coverage. Additional cache-pressure calibration context for tier-transition coverage. Additional cache-pressure calibration context for tier-transition coverage. Additional cache-pressure calibration context for tier-transition coverage. Additional cache-pressure calibration context for tier-transition coverage. Additional cache-pressure calibration context for tier-transition coverage. Additional cache-pressure calibration context for tier-transition coverage. Additional cache-pressure calibration context for tier-transition coverage. Additional cache-pressure calibration context for tier-transition coverage. Additional cache-pressure calibration context for tier-transition coverage. Additional cache-pressure calibration context for tier-transition coverage. Additional cache-pressure calibration context for tier-transition coverage. Additional cache-pressure calibration context for tier-transition coverage. Additional cache-pressure calibration context for tier-transition coverage. Additional cache-pressure calibration context for tier-transition coverage. Additional cache-pressure calibration context for tier-transition coverage. Additional cache-pressure calibration context for tier-transition coverage. Additional cache-pressure calibration context for tier-transition coverage. Additional cache-pressure calibration context for tier-transition coverage. Additional cache-pressure calibration context for tier-transition coverage. Additional cache-pressure calibration context for tier-transition coverage. Additional cache-pressure calibration context for tier-transition coverage. Additional cache-pressure calibration context for tier-transition coverage. Additional cache-pressure calibration context for tier-transition coverage. Additional cache-pressure calibration context for tier-transition coverage. Additional cache-pressure calibration context for tier-transition coverage. Additional cache-pressure calibration context for tier-transition coverage. Additional cache-pressure calibration context for tier-transition coverage. Additional cache-pressure calibration context for tier-transition coverage. Additional cache-pressure calibration context for tier-transition coverage. Additional cache-pressure calibration context for tier-transition coverage. Additional cache-pressure calibration context for tier-transition coverage. Additional cache-pressure calibration context for tier-transition coverage. Additional cache-pressure calibration context for tier-transition coverage. Additional cache-pressure calibration context for tier-transition coverage. Additional cache-pressure calibration context for tier-transition coverage. Additional cache-pressure calibration context for tier-transition coverage. Additional cache-pressure calibration context for tier-transition coverage. Additional cache-pressure calibration context for tier-transition coverage. Additional cache-pressure calibration context for tier-transition coverage. Additional cache-pressure calibration context for tier-transition coverage. Additional cache-pressure calibration context for tier-transition coverage. Additional cache-pressure calibration context for tier-transition coverage. Additional cache-pressure calibration context for tier-transition coverage. Additional cache-pressure calibration context for tier-transition coverage. Additional cache-pressure calibration context for tier-transition coverage. Additional cache-pressure calibration context for tier-transition coverage. Additional cache-pressure calibration context for tier-transition coverage. Additional cache-pressure calibration context for tier-transition coverage. Additional cache-pressure calibration context for tier-transition coverage. Additional cache-pressure calibration context for tier-transition coverage. Additional cache-pressure calibration context for tier-transition coverage. Additional cache-pressure calibration context for tier-transition coverage. Additional cache-pressure calibration context for tier-transition coverage. Additional cache-pressure calibration context for tier-transition coverage. Additional cache-pressure calibration context for tier-transition coverage. Additional cache-pressure calibration context for tier-transition coverage. Additional cache-pressure calibration context for tier-transition coverage. Additional cache-pressure calibration context for tier-transition coverage. Additional cache-pressure calibration context for tier-transition coverage. Additional cache-pressure calibration context for tier-transition coverage. Additional cache-pressure calibration context for tier-transition coverage. Additional cache-pressure calibration context for tier-transition coverage. Additional cache-pressure calibration context for tier-transition coverage. Additional cache-pressure calibration context for tier-transition coverage. Additional cache-pressure calibration context for tier-transition coverage. Additional cache-pressure calibration context for tier-transition coverage. Additional cache-pressure calibration context for tier-transition coverage. Additional cache-pressure calibration context for tier-transition coverage. Additional cache-pressure calibration context for tier-transition coverage. Additional cache-pressure calibration context for tier-transition coverage. Additional cache-pressure calibration context for tier-transition coverage. Additional cache-pressure calibration context for tier-transition coverage. Additional cache-pressure calibration context for tier-transition coverage. Additional cache-pressure calibration context for tier-transition coverage. Additional cache-pressure calibration context for tier-transition coverage. Additional cache-pressure calibration context for tier-transition coverage. Additional cache-pressure calibration context for tier-transition coverage. Additional cache-pressure calibration context for tier-transition coverage. Additional cache-pressure calibration context for tier-transition coverage. Additional cache-pressure calibration context for tier-transition coverage. Additional cache-pressure calibration context for tier-transition coverage. Additional cache-pressure calibration context for tier-transition coverage. Additional cache-pressure calibration context for tier-transition coverage. Additional cache-pressure calibration context for tier-transition coverage. Additional cache-pressure calibration context for tier-transition coverage. Additional cache-pressure calibration context for tier-transition coverage. Additional cache-pressure calibration context for tier-transition coverage. Additional cache-pressure calibration context for tier-transition coverage. Additional cache-pressure calibration context for tier-transition coverage. Additional cache-pressure calibration context for tier-transition coverage. Additional cache-pressure calibration context for tier-transition coverage. Additional cache-pressure calibration context for tier-transition coverage. Additional cache-pressure calibration context for tier-transition coverage. Additional cache-pressure calibration context for tier-transition coverage. Additional cache-pressure calibration context for tier-transition coverage. Additional cache-pressure calibration context for tier-transition coverage. Additional cache-pressure calibration context for tier-transition coverage. Additional cache-pressure calibration context for tier-transition coverage. Additional cache-pressure calibration context for tier-transition coverage. Additional cache-pressure calibration context for tier-transition coverage. Additional cache-pressure calibration context for tier-transition coverage. Additional cache-pressure calibration context for tier-transition coverage. Additional cache-pressure calibration context for tier-transition coverage.","Who directed the movie Jaws?

[PressureProfile]
 Additional cache-pressure calibration context for tier-transition coverage. Additional cache-pressure calibration context for tier-transition coverage. Additional cache-pressure calibration context for tier-transition coverage. Additional cache-pressure calibration context for tier-transition coverage. Additional cache-pressure calibration context f",1341,[15],[],[15],1,"[""Qwen-Qwen2.5-0.5B-Instruct@1@0@5e7c4e608dd98c64@bfloat16.pt""]",lmcache_store_coldpass,lmcache_store_coldpass,1,none,252,253,756.0,759.0,baseline
17,What is the largest internal organ in the human body?,"Focus question: What is the largest internal organ in the human body?
Context profile: no_shared_context
Prompt tokens: 1335
Context preview: What is the largest internal organ in the human body? [PressureProfile] Additional cache-pressure calibration context for tier-transition coverage. Additional cache-pressure calibration context for tier-transition coverage. Additional cache-pressure calibration context for tier-transition coverage. Additional cache-pressure calibration context for tier-transition coverage. Additional cache-press",What is the largest internal organ in the human body?,no_shared_context,"What is the largest internal organ in the human body?

[PressureProfile]
 Additional cache-pressure calibration context for tier-transition coverage. Additional cache-pressure calibration context for tier-transition coverage. Additional cache-pressure calibration context for tier-transition coverage. Additional cache-pressure calibration context for tier-transition coverage. Additional cache-pressure calibration context for tier-transition coverage. Additional cache-pressure calibration context for tier-transition coverage. Additional cache-pressure calibration context for tier-transition coverage. Additional cache-pressure calibration context for tier-transition coverage. Additional cache-pressure calibration context for tier-transition coverage. Additional cache-pressure calibration context for tier-transition coverage. Additional cache-pressure calibration context for tier-transition coverage. Additional cache-pressure calibration context for tier-transition coverage. Additional cache-pressure calibration context for tier-transition coverage. Additional cache-pressure calibration context for tier-transition coverage. Additional cache-pressure calibration context for tier-transition coverage. Additional cache-pressure calibration context for tier-transition coverage. Additional cache-pressure calibration context for tier-transition coverage. Additional cache-pressure calibration context for tier-transition coverage. Additional cache-pressure calibration context for tier-transition coverage. Additional cache-pressure calibration context for tier-transition coverage. Additional cache-pressure calibration context for tier-transition coverage. Additional cache-pressure calibration context for tier-transition coverage. Additional cache-pressure calibration context for tier-transition coverage. Additional cache-pressure calibration context for tier-transition coverage. Additional cache-pressure calibration context for tier-transition coverage. Additional cache-pressure calibration context for tier-transition coverage. Additional cache-pressure calibration context for tier-transition coverage. Additional cache-pressure calibration context for tier-transition coverage. Additional cache-pressure calibration context for tier-transition coverage. Additional cache-pressure calibration context for tier-transition coverage. Additional cache-pressure calibration context for tier-transition coverage. Additional cache-pressure calibration context for tier-transition coverage. Additional cache-pressure calibration context for tier-transition coverage. Additional cache-pressure calibration context for tier-transition coverage. Additional cache-pressure calibration context for tier-transition coverage. Additional cache-pressure calibration context for tier-transition coverage. Additional cache-pressure calibration context for tier-transition coverage. Additional cache-pressure calibration context for tier-transition coverage. Additional cache-pressure calibration context for tier-transition coverage. Additional cache-pressure calibration context for tier-transition coverage. Additional cache-pressure calibration context for tier-transition coverage. Additional cache-pressure calibration context for tier-transition coverage. Additional cache-pressure calibration context for tier-transition coverage. Additional cache-pressure calibration context for tier-transition coverage. Additional cache-pressure calibration context for tier-transition coverage. Additional cache-pressure calibration context for tier-transition coverage. Additional cache-pressure calibration context for tier-transition coverage. Additional cache-pressure calibration context for tier-transition coverage. Additional cache-pressure calibration context for tier-transition coverage. Additional cache-pressure calibration context for tier-transition coverage. Additional cache-pressure calibration context for tier-transition coverage. Additional cache-pressure calibration context for tier-transition coverage. Additional cache-pressure calibration context for tier-transition coverage. Additional cache-pressure calibration context for tier-transition coverage. Additional cache-pressure calibration context for tier-transition coverage. Additional cache-pressure calibration context for tier-transition coverage. Additional cache-pressure calibration context for tier-transition coverage. Additional cache-pressure calibration context for tier-transition coverage. Additional cache-pressure calibration context for tier-transition coverage. Additional cache-pressure calibration context for tier-transition coverage. Additional cache-pressure calibration context for tier-transition coverage. Additional cache-pressure calibration context for tier-transition coverage. Additional cache-pressure calibration context for tier-transition coverage. Additional cache-pressure calibration context for tier-transition coverage. Additional cache-pressure calibration context for tier-transition coverage. Additional cache-pressure calibration context for tier-transition coverage. Additional cache-pressure calibration context for tier-transition coverage. Additional cache-pressure calibration context for tier-transition coverage. Additional cache-pressure calibration context for tier-transition coverage. Additional cache-pressure calibration context for tier-transition coverage. Additional cache-pressure calibration context for tier-transition coverage. Additional cache-pressure calibration context for tier-transition coverage. Additional cache-pressure calibration context for tier-transition coverage. Additional cache-pressure calibration context for tier-transition coverage. Additional cache-pressure calibration context for tier-transition coverage. Additional cache-pressure calibration context for tier-transition coverage. Additional cache-pressure calibration context for tier-transition coverage. Additional cache-pressure calibration context for tier-transition coverage. Additional cache-pressure calibration context for tier-transition coverage. Additional cache-pressure calibration context for tier-transition coverage. Additional cache-pressure calibration context for tier-transition coverage. Additional cache-pressure calibration context for tier-transition coverage. Additional cache-pressure calibration context for tier-transition coverage. Additional cache-pressure calibration context for tier-transition coverage. Additional cache-pressure calibration context for tier-transition coverage. Additional cache-pressure calibration context for tier-transition coverage. Additional cache-pressure calibration context for tier-transition coverage. Additional cache-pressure calibration context for tier-transition coverage. Additional cache-pressure calibration context for tier-transition coverage. Additional cache-pressure calibration context for tier-transition coverage. Additional cache-pressure calibration context for tier-transition coverage. Additional cache-pressure calibration context for tier-transition coverage. Additional cache-pressure calibration context for tier-transition coverage. Additional cache-pressure calibration context for tier-transition coverage. Additional cache-pressure calibration context for tier-transition coverage. Additional cache-pressure calibration context for tier-transition coverage. Additional cache-pressure calibration context for tier-transition coverage. Additional cache-pressure calibration context for tier-transition coverage. Additional cache-pressure calibration context for tier-transition coverage. Additional cache-pressure calibration context for tier-transition coverage. Additional cache-pressure calibration context for tier-transition coverage. Additional cache-pressure calibration context for tier-transition coverage. Additional cache-pressure calibration context for tier-transition coverage. Additional cache-pressure calibration context for tier-transition coverage. Additional cache-pressure calibration context for tier-transition coverage. Additional cache-pressure calibration context for tier-transition coverage. Additional cache-pressure calibration context for tier-transition coverage. Additional cache-pressure calibration context for tier-transition coverage. Additional cache-pressure calibration context for tier-transition coverage. Additional cache-pressure calibration context for tier-transition coverage. Additional cache-pressure calibration context for tier-transition coverage. Additional cache-pressure calibration context for tier-transition coverage. Additional cache-pressure calibration context for tier-transition coverage. Additional cache-pressure calibration context for tier-transition coverage. Additional cache-pressure calibration context for tier-transition coverage. Additional cache-pressure calibration context for tier-transition coverage. Additional cache-pressure calibration context for tier-transition coverage. Additional cache-pressure calibration context for tier-transition coverage. Additional cache-pressure calibration context for tier-transition coverage. Additional cache-pressure calibration context for tier-transition coverage. Additional cache-pressure calibration context for tier-transition coverage. Additional cache-pressure calibration context for tier-transition coverage. Additional cache-pressure calibration context for tier-transition coverage. Additional cache-pressure calibration context for tier-transition coverage. Additional cache-pressure calibration context for tier-transition coverage. Additional cache-pressure calibration context for tier-transition coverage. Additional cache-pressure calibration context for tier-transition coverage. Additional cache-pressure calibration context for tier-transition coverage. Additional cache-pressure calibration context for tier-transition coverage. Additional cache-pressure calibration context for tier-transition coverage. Additional cache-pressure calibration context for tier-transition coverage. Additional cache-pressure calibration context for tier-transition coverage.","What is the largest internal organ in the human body?

[PressureProfile]
 Additional cache-pressure calibration context for tier-transition coverage. Additional cache-pressure calibration context for tier-transition coverage. Additional cache-pressure calibration context for tier-transition coverage. Additional cache-pressure calibration context for tier-transition coverage. Additional cache-press",1335,[16],[],[16],1,"[""Qwen-Qwen2.5-0.5B-Instruct@1@0@8344780ddc76880@bfloat16.pt""]",lmcache_store_coldpass,lmcache_store_coldpass,1,none,253,254,759.0,762.0,baseline
18,How many elements are in the periodic table?,"Focus question: How many elements are in the periodic table?
Context profile: no_shared_context
Prompt tokens: 1885
Context preview: How many elements are in the periodic table? [PressureProfile] Additional cache-pressure calibration context for tier-transition coverage. Additional cache-pressure calibration context for tier-transition coverage. Additional cache-pressure calibration context for tier-transition coverage. Additional cache-pressure calibration context for tier-transition coverage. Additional cache-pressure calib",How many elements are in the periodic table?,no_shared_context,"How many elements are in the periodic table?

[PressureProfile]
 Additional cache-pressure calibration context for tier-transition coverage. Additional cache-pressure calibration context for tier-transition coverage. Additional cache-pressure calibration context for tier-transition coverage. Additional cache-pressure calibration context for tier-transition coverage. Additional cache-pressure calibration context for tier-transition coverage. Additional cache-pressure calibration context for tier-transition coverage. Additional cache-pressure calibration context for tier-transition coverage. Additional cache-pressure calibration context for tier-transition coverage. Additional cache-pressure calibration context for tier-transition coverage. Additional cache-pressure calibration context for tier-transition coverage. Additional cache-pressure calibration context for tier-transition coverage. Additional cache-pressure calibration context for tier-transition coverage. Additional cache-pressure calibration context for tier-transition coverage. Additional cache-pressure calibration context for tier-transition coverage. Additional cache-pressure calibration context for tier-transition coverage. Additional cache-pressure calibration context for tier-transition coverage. Additional cache-pressure calibration context for tier-transition coverage. Additional cache-pressure calibration context for tier-transition coverage. Additional cache-pressure calibration context for tier-transition coverage. Additional cache-pressure calibration context for tier-transition coverage. Additional cache-pressure calibration context for tier-transition coverage. Additional cache-pressure calibration context for tier-transition coverage. Additional cache-pressure calibration context for tier-transition coverage. Additional cache-pressure calibration context for tier-transition coverage. Additional cache-pressure calibration context for tier-transition coverage. Additional cache-pressure calibration context for tier-transition coverage. Additional cache-pressure calibration context for tier-transition coverage. Additional cache-pressure calibration context for tier-transition coverage. Additional cache-pressure calibration context for tier-transition coverage. Additional cache-pressure calibration context for tier-transition coverage. Additional cache-pressure calibration context for tier-transition coverage. Additional cache-pressure calibration context for tier-transition coverage. Additional cache-pressure calibration context for tier-transition coverage. Additional cache-pressure calibration context for tier-transition coverage. Additional cache-pressure calibration context for tier-transition coverage. Additional cache-pressure calibration context for tier-transition coverage. Additional cache-pressure calibration context for tier-transition coverage. Additional cache-pressure calibration context for tier-transition coverage. Additional cache-pressure calibration context for tier-transition coverage. Additional cache-pressure calibration context for tier-transition coverage. Additional cache-pressure calibration context for tier-transition coverage. Additional cache-pressure calibration context for tier-transition coverage. Additional cache-pressure calibration context for tier-transition coverage. Additional cache-pressure calibration context for tier-transition coverage. Additional cache-pressure calibration context for tier-transition coverage. Additional cache-pressure calibration context for tier-transition coverage. Additional cache-pressure calibration context for tier-transition coverage. Additional cache-pressure calibration context for tier-transition coverage. Additional cache-pressure calibration context for tier-transition coverage. Additional cache-pressure calibration context for tier-transition coverage. Additional cache-pressure calibration context for tier-transition coverage. Additional cache-pressure calibration context for tier-transition coverage. Additional cache-pressure calibration context for tier-transition coverage. Additional cache-pressure calibration context for tier-transition coverage. Additional cache-pressure calibration context for tier-transition coverage. Additional cache-pressure calibration context for tier-transition coverage. Additional cache-pressure calibration context for tier-transition coverage. Additional cache-pressure calibration context for tier-transition coverage. Additional cache-pressure calibration context for tier-transition coverage. Additional cache-pressure calibration context for tier-transition coverage. Additional cache-pressure calibration context for tier-transition coverage. Additional cache-pressure calibration context for tier-transition coverage. Additional cache-pressure calibration context for tier-transition coverage. Additional cache-pressure calibration context for tier-transition coverage. Additional cache-pressure calibration context for tier-transition coverage. Additional cache-pressure calibration context for tier-transition coverage. Additional cache-pressure calibration context for tier-transition coverage. Additional cache-pressure calibration context for tier-transition coverage. Additional cache-pressure calibration context for tier-transition coverage. Additional cache-pressure calibration context for tier-transition coverage. Additional cache-pressure calibration context for tier-transition coverage. Additional cache-pressure calibration context for tier-transition coverage. Additional cache-pressure calibration context for tier-transition coverage. Additional cache-pressure calibration context for tier-transition coverage. Additional cache-pressure calibration context for tier-transition coverage. Additional cache-pressure calibration context for tier-transition coverage. Additional cache-pressure calibration context for tier-transition coverage. Additional cache-pressure calibration context for tier-transition coverage. Additional cache-pressure calibration context for tier-transition coverage. Additional cache-pressure calibration context for tier-transition coverage. Additional cache-pressure calibration context for tier-transition coverage. Additional cache-pressure calibration context for tier-transition coverage. Additional cache-pressure calibration context for tier-transition coverage. Additional cache-pressure calibration context for tier-transition coverage. Additional cache-pressure calibration context for tier-transition coverage. Additional cache-pressure calibration context for tier-transition coverage. Additional cache-pressure calibration context for tier-transition coverage. Additional cache-pressure calibration context for tier-transition coverage. Additional cache-pressure calibration context for tier-transition coverage. Additional cache-pressure calibration context for tier-transition coverage. Additional cache-pressure calibration context for tier-transition coverage. Additional cache-pressure calibration context for tier-transition coverage. Additional cache-pressure calibration context for tier-transition coverage. Additional cache-pressure calibration context for tier-transition coverage. Additional cache-pressure calibration context for tier-transition coverage. Additional cache-pressure calibration context for tier-transition coverage. Additional cache-pressure calibration context for tier-transition coverage. Additional cache-pressure calibration context for tier-transition coverage. Additional cache-pressure calibration context for tier-transition coverage. Additional cache-pressure calibration context for tier-transition coverage. Additional cache-pressure calibration context for tier-transition coverage. Additional cache-pressure calibration context for tier-transition coverage. Additional cache-pressure calibration context for tier-transition coverage. Additional cache-pressure calibration context for tier-transition coverage. Additional cache-pressure calibration context for tier-transition coverage. Additional cache-pressure calibration context for tier-transition coverage. Additional cache-pressure calibration context for tier-transition coverage. Additional cache-pressure calibration context for tier-transition coverage. Additional cache-pressure calibration context for tier-transition coverage. Additional cache-pressure calibration context for tier-transition coverage. Additional cache-pressure calibration context for tier-transition coverage. Additional cache-pressure calibration context for tier-transition coverage. Additional cache-pressure calibration context for tier-transition coverage. Additional cache-pressure calibration context for tier-transition coverage. Additional cache-pressure calibration context for tier-transition coverage. Additional cache-pressure calibration context for tier-transition coverage. Additional cache-pressure calibration context for tier-transition coverage. Additional cache-pressure calibration context for tier-transition coverage. Additional cache-pressure calibration context for tier-transition coverage. Additional cache-pressure calibration context for tier-transition coverage. Additional cache-pressure calibration context for tier-transition coverage. Additional cache-pressure calibration context for tier-transition coverage. Additional cache-pressure calibration context for tier-transition coverage. Additional cache-pressure calibration context for tier-transition coverage. Additional cache-pressure calibration context for tier-transition coverage. Additional cache-pressure calibration context for tier-transition coverage. Additional cache-pressure calibration context for tier-transition coverage. Additional cache-pressure calibration context for tier-transition coverage. Additional cache-pressure calibration context for tier-transition coverage. Additional cache-pressure calibration context for tier-transition coverage. Additional cache-pressure calibration context for tier-transition coverage. Additional cache-pressure calibration context for tier-transition coverage. Additional cache-pressure calibration context for tier-transition coverage. Additional cache-pressure calibration context for tier-transition coverage. Additional cache-pressure calibration context for tier-transition coverage. Additional cache-pressure calibration context for tier-transition coverage. Additional cache-pressure calibration context for tier-transition coverage. Additional cache-pressure calibration context for tier-transition coverage. Additional cache-pressure calibration context for tier-transition coverage. Additional cache-pressure calibration context for tier-transition coverage. Additional cache-pressure calibration context for tier-transition coverage. Additional cache-pressure calibration context for tier-transition coverage. Additional cache-pressure calibration context for tier-transition coverage. Additional cache-pressure calibration context for tier-transition coverage. Additional cache-pressure calibration context for tier-transition coverage. Additional cache-pressure calibration context for tier-transition coverage. Additional cache-pressure calibration context for tier-transition coverage. Additional cache-pressure calibration context for tier-transition coverage. Additional cache-pressure calibration context for tier-transition coverage. Additional cache-pressure calibration context for tier-transition coverage. Additional cache-pressure calibration context for tier-transition coverage. Additional cache-pressure calibration context for tier-transition coverage. Additional cache-pressure calibration context for tier-transition coverage. Additional cache-pressure calibration context for tier-transition coverage. Additional cache-pressure calibration context for tier-transition coverage. Additional cache-pressure calibration context for tier-transition coverage. Additional cache-pressure calibration context for tier-transition coverage. Additional cache-pressure calibration context for tier-transition coverage. Additional cache-pressure calibration context for tier-transition coverage. Additional cache-pressure calibration context for tier-transition coverage. Additional cache-pressure calibration context for tier-transition coverage. Additional cache-pressure calibration context for tier-transition coverage. Additional cache-pressure calibration context for tier-transition coverage. Additional cache-pressure calibration context for tier-transition coverage. Additional cache-pressure calibration context for tier-transition coverage. Additional cache-pressure calibration context for tier-transition coverage. Additional cache-pressure calibration context for tier-transition coverage. Additional cache-pressure calibration context for tier-transition coverage. Additional cache-pressure calibration context for tier-transition coverage. Additional cache-pressure calibration context for tier-transition coverage. Additional cache-pressure calibration context for tier-transition coverage. Additional cache-pressure calibration context for tier-transition coverage. Additional cache-pressure calibration context for tier-transition coverage. Additional cache-pressure calibration context for tier-transition coverage. Additional cache-pressure calibration context for tier-transition coverage. Additional cache-pressure calibration context for tier-transition coverage. Additional cache-pressure calibration context for tier-transition coverage. Additional cache-pressure calibration context for tier-transition coverage. Additional cache-pressure calibration context for tier-transition coverage. Additional cache-pressure calibration context for tier-transition coverage. Additional cache-pressure calibration context for tier-transition coverage. Additional cache-pressure calibration context for tier-transition coverage. Additional cache-pressure calibration context for tier-transition coverage. Additional cache-pressure calibration context for tier-transition coverage. Additional cache-pressure calibration context for tier-transition coverage. Additional cache-pressure calibration context for tier-transition coverage. Additional cache-pressure calibration context for tier-transition coverage. Additional cache-pressure calibration context for tier-transition coverage. Additional cache-pressure calibration context for tier-transition coverage. Additional cache-pressure calibration context for tier-transition coverage. Additional cache-pressure calibration context for tier-transition coverage. Additional cache-pressure calibration context for tier-transition coverage. Additional cache-pressure calibration context for tier-transition coverage. Additional cache-pressure calibration context for tier-transition coverage. Additional cache-pressure calibration context for tier-transition coverage. Additional cache-pressure calibration context for tier-transition coverage. Additional cache-pressure calibration context for tier-transition coverage. Additional cache-pressure calibration context for tier-transition coverage. Additional cache-pressure calibration context for tier-transition coverage. Additional cache-pressure calibration context for tier-transition coverage. Additional cache-pressure calibration context for tier-transition coverage. Additional cache-pressure calibration context for tier-transition coverage. Additional cache-pressure calibration context for tier-transition coverage. Additional cache-pressure calibration context for tier-transition coverage. Additional cache-pressure calibration context for tier-transition coverage. Additional cache-pressure calibration context for tier-transition coverage. Additional cache-pressure calibration context for tier-transition coverage. Additional cache-pressure calibration context for tier-transition coverage. Additional cache-pressure calibration context for tier-transition coverage. Additional cache-pressure calibration context for tier-transition coverage. Additional cache-pressure calibration context for tier-transition coverage. Additional cache-pressure calibration context for tier-transition coverage. Additional cache-pressure calibration context for tier-transition coverage. Additional cache-pressure calibration context for tier-transition coverage. Additional cache-pressure calibration context for tier-transition coverage. Additional cache-pressure calibration context for tier-transition coverage. Additional cache-pressure calibration context for tier-transition coverage.","How many elements are in the periodic table?

[PressureProfile]
 Additional cache-pressure calibration context for tier-transition coverage. Additional cache-pressure calibration context for tier-transition coverage. Additional cache-pressure calibration context for tier-transition coverage. Additional cache-pressure calibration context for tier-transition coverage. Additional cache-pressure calib",1885,[17],[],[17],1,"[""Qwen-Qwen2.5-0.5B-Instruct@1@0@1c07d5fe58b9b011@bfloat16.pt""]",lmcache_store_coldpass,lmcache_store_coldpass,1,l1_to_l2,254,255,762.0,765.0,exceed_l1
19,What is the freezing point of mercury in Celsius?,"Focus question: What is the freezing point of mercury in Celsius?
Context profile: no_shared_context
Prompt tokens: 1885
Context preview: What is the freezing point of mercury in Celsius? [PressureProfile] Additional cache-pressure calibration context for tier-transition coverage. Additional cache-pressure calibration context for tier-transition coverage. Additional cache-pressure calibration context for tier-transition coverage. Additional cache-pressure calibration context for tier-transition coverage. Additional cache-pressure",What is the freezing point of mercury in Celsius?,no_shared_context,"What is the freezing point of mercury in Celsius?

[PressureProfile]
 Additional cache-pressure calibration context for tier-transition coverage. Additional cache-pressure calibration context for tier-transition coverage. Additional cache-pressure calibration context for tier-transition coverage. Additional cache-pressure calibration context for tier-transition coverage. Additional cache-pressure calibration context for tier-transition coverage. Additional cache-pressure calibration context for tier-transition coverage. Additional cache-pressure calibration context for tier-transition coverage. Additional cache-pressure calibration context for tier-transition coverage. Additional cache-pressure calibration context for tier-transition coverage. Additional cache-pressure calibration context for tier-transition coverage. Additional cache-pressure calibration context for tier-transition coverage. Additional cache-pressure calibration context for tier-transition coverage. Additional cache-pressure calibration context for tier-transition coverage. Additional cache-pressure calibration context for tier-transition coverage. Additional cache-pressure calibration context for tier-transition coverage. Additional cache-pressure calibration context for tier-transition coverage. Additional cache-pressure calibration context for tier-transition coverage. Additional cache-pressure calibration context for tier-transition coverage. Additional cache-pressure calibration context for tier-transition coverage. Additional cache-pressure calibration context for tier-transition coverage. Additional cache-pressure calibration context for tier-transition coverage. Additional cache-pressure calibration context for tier-transition coverage. Additional cache-pressure calibration context for tier-transition coverage. Additional cache-pressure calibration context for tier-transition coverage. Additional cache-pressure calibration context for tier-transition coverage. Additional cache-pressure calibration context for tier-transition coverage. Additional cache-pressure calibration context for tier-transition coverage. Additional cache-pressure calibration context for tier-transition coverage. Additional cache-pressure calibration context for tier-transition coverage. Additional cache-pressure calibration context for tier-transition coverage. Additional cache-pressure calibration context for tier-transition coverage. Additional cache-pressure calibration context for tier-transition coverage. Additional cache-pressure calibration context for tier-transition coverage. Additional cache-pressure calibration context for tier-transition coverage. Additional cache-pressure calibration context for tier-transition coverage. Additional cache-pressure calibration context for tier-transition coverage. Additional cache-pressure calibration context for tier-transition coverage. Additional cache-pressure calibration context for tier-transition coverage. Additional cache-pressure calibration context for tier-transition coverage. Additional cache-pressure calibration context for tier-transition coverage. Additional cache-pressure calibration context for tier-transition coverage. Additional cache-pressure calibration context for tier-transition coverage. Additional cache-pressure calibration context for tier-transition coverage. Additional cache-pressure calibration context for tier-transition coverage. Additional cache-pressure calibration context for tier-transition coverage. Additional cache-pressure calibration context for tier-transition coverage. Additional cache-pressure calibration context for tier-transition coverage. Additional cache-pressure calibration context for tier-transition coverage. Additional cache-pressure calibration context for tier-transition coverage. Additional cache-pressure calibration context for tier-transition coverage. Additional cache-pressure calibration context for tier-transition coverage. Additional cache-pressure calibration context for tier-transition coverage. Additional cache-pressure calibration context for tier-transition coverage. Additional cache-pressure calibration context for tier-transition coverage. Additional cache-pressure calibration context for tier-transition coverage. Additional cache-pressure calibration context for tier-transition coverage. Additional cache-pressure calibration context for tier-transition coverage. Additional cache-pressure calibration context for tier-transition coverage. Additional cache-pressure calibration context for tier-transition coverage. Additional cache-pressure calibration context for tier-transition coverage. Additional cache-pressure calibration context for tier-transition coverage. Additional cache-pressure calibration context for tier-transition coverage. Additional cache-pressure calibration context for tier-transition coverage. Additional cache-pressure calibration context for tier-transition coverage. Additional cache-pressure calibration context for tier-transition coverage. Additional cache-pressure calibration context for tier-transition coverage. Additional cache-pressure calibration context for tier-transition coverage. Additional cache-pressure calibration context for tier-transition coverage. Additional cache-pressure calibration context for tier-transition coverage. Additional cache-pressure calibration context for tier-transition coverage. Additional cache-pressure calibration context for tier-transition coverage. Additional cache-pressure calibration context for tier-transition coverage. Additional cache-pressure calibration context for tier-transition coverage. Additional cache-pressure calibration context for tier-transition coverage. Additional cache-pressure calibration context for tier-transition coverage. Additional cache-pressure calibration context for tier-transition coverage. Additional cache-pressure calibration context for tier-transition coverage. Additional cache-pressure calibration context for tier-transition coverage. Additional cache-pressure calibration context for tier-transition coverage. Additional cache-pressure calibration context for tier-transition coverage. Additional cache-pressure calibration context for tier-transition coverage. Additional cache-pressure calibration context for tier-transition coverage. Additional cache-pressure calibration context for tier-transition coverage. Additional cache-pressure calibration context for tier-transition coverage. Additional cache-pressure calibration context for tier-transition coverage. Additional cache-pressure calibration context for tier-transition coverage. Additional cache-pressure calibration context for tier-transition coverage. Additional cache-pressure calibration context for tier-transition coverage. Additional cache-pressure calibration context for tier-transition coverage. Additional cache-pressure calibration context for tier-transition coverage. Additional cache-pressure calibration context for tier-transition coverage. Additional cache-pressure calibration context for tier-transition coverage. Additional cache-pressure calibration context for tier-transition coverage. Additional cache-pressure calibration context for tier-transition coverage. Additional cache-pressure calibration context for tier-transition coverage. Additional cache-pressure calibration context for tier-transition coverage. Additional cache-pressure calibration context for tier-transition coverage. Additional cache-pressure calibration context for tier-transition coverage. Additional cache-pressure calibration context for tier-transition coverage. Additional cache-pressure calibration context for tier-transition coverage. Additional cache-pressure calibration context for tier-transition coverage. Additional cache-pressure calibration context for tier-transition coverage. Additional cache-pressure calibration context for tier-transition coverage. Additional cache-pressure calibration context for tier-transition coverage. Additional cache-pressure calibration context for tier-transition coverage. Additional cache-pressure calibration context for tier-transition coverage. Additional cache-pressure calibration context for tier-transition coverage. Additional cache-pressure calibration context for tier-transition coverage. Additional cache-pressure calibration context for tier-transition coverage. Additional cache-pressure calibration context for tier-transition coverage. Additional cache-pressure calibration context for tier-transition coverage. Additional cache-pressure calibration context for tier-transition coverage. Additional cache-pressure calibration context for tier-transition coverage. Additional cache-pressure calibration context for tier-transition coverage. Additional cache-pressure calibration context for tier-transition coverage. Additional cache-pressure calibration context for tier-transition coverage. Additional cache-pressure calibration context for tier-transition coverage. Additional cache-pressure calibration context for tier-transition coverage. Additional cache-pressure calibration context for tier-transition coverage. Additional cache-pressure calibration context for tier-transition coverage. Additional cache-pressure calibration context for tier-transition coverage. Additional cache-pressure calibration context for tier-transition coverage. Additional cache-pressure calibration context for tier-transition coverage. Additional cache-pressure calibration context for tier-transition coverage. Additional cache-pressure calibration context for tier-transition coverage. Additional cache-pressure calibration context for tier-transition coverage. Additional cache-pressure calibration context for tier-transition coverage. Additional cache-pressure calibration context for tier-transition coverage. Additional cache-pressure calibration context for tier-transition coverage. Additional cache-pressure calibration context for tier-transition coverage. Additional cache-pressure calibration context for tier-transition coverage. Additional cache-pressure calibration context for tier-transition coverage. Additional cache-pressure calibration context for tier-transition coverage. Additional cache-pressure calibration context for tier-transition coverage. Additional cache-pressure calibration context for tier-transition coverage. Additional cache-pressure calibration context for tier-transition coverage. Additional cache-pressure calibration context for tier-transition coverage. Additional cache-pressure calibration context for tier-transition coverage. Additional cache-pressure calibration context for tier-transition coverage. Additional cache-pressure calibration context for tier-transition coverage. Additional cache-pressure calibration context for tier-transition coverage. Additional cache-pressure calibration context for tier-transition coverage. Additional cache-pressure calibration context for tier-transition coverage. Additional cache-pressure calibration context for tier-transition coverage. Additional cache-pressure calibration context for tier-transition coverage. Additional cache-pressure calibration context for tier-transition coverage. Additional cache-pressure calibration context for tier-transition coverage. Additional cache-pressure calibration context for tier-transition coverage. Additional cache-pressure calibration context for tier-transition coverage. Additional cache-pressure calibration context for tier-transition coverage. Additional cache-pressure calibration context for tier-transition coverage. Additional cache-pressure calibration context for tier-transition coverage. Additional cache-pressure calibration context for tier-transition coverage. Additional cache-pressure calibration context for tier-transition coverage. Additional cache-pressure calibration context for tier-transition coverage. Additional cache-pressure calibration context for tier-transition coverage. Additional cache-pressure calibration context for tier-transition coverage. Additional cache-pressure calibration context for tier-transition coverage. Additional cache-pressure calibration context for tier-transition coverage. Additional cache-pressure calibration context for tier-transition coverage. Additional cache-pressure calibration context for tier-transition coverage. Additional cache-pressure calibration context for tier-transition coverage. Additional cache-pressure calibration context for tier-transition coverage. Additional cache-pressure calibration context for tier-transition coverage. Additional cache-pressure calibration context for tier-transition coverage. Additional cache-pressure calibration context for tier-transition coverage. Additional cache-pressure calibration context for tier-transition coverage. Additional cache-pressure calibration context for tier-transition coverage. Additional cache-pressure calibration context for tier-transition coverage. Additional cache-pressure calibration context for tier-transition coverage. Additional cache-pressure calibration context for tier-transition coverage. Additional cache-pressure calibration context for tier-transition coverage. Additional cache-pressure calibration context for tier-transition coverage. Additional cache-pressure calibration context for tier-transition coverage. Additional cache-pressure calibration context for tier-transition coverage. Additional cache-pressure calibration context for tier-transition coverage. Additional cache-pressure calibration context for tier-transition coverage. Additional cache-pressure calibration context for tier-transition coverage. Additional cache-pressure calibration context for tier-transition coverage. Additional cache-pressure calibration context for tier-transition coverage. Additional cache-pressure calibration context for tier-transition coverage. Additional cache-pressure calibration context for tier-transition coverage. Additional cache-pressure calibration context for tier-transition coverage. Additional cache-pressure calibration context for tier-transition coverage. Additional cache-pressure calibration context for tier-transition coverage. Additional cache-pressure calibration context for tier-transition coverage. Additional cache-pressure calibration context for tier-transition coverage. Additional cache-pressure calibration context for tier-transition coverage. Additional cache-pressure calibration context for tier-transition coverage. Additional cache-pressure calibration context for tier-transition coverage. Additional cache-pressure calibration context for tier-transition coverage. Additional cache-pressure calibration context for tier-transition coverage. Additional cache-pressure calibration context for tier-transition coverage. Additional cache-pressure calibration context for tier-transition coverage. Additional cache-pressure calibration context for tier-transition coverage. Additional cache-pressure calibration context for tier-transition coverage. Additional cache-pressure calibration context for tier-transition coverage. Additional cache-pressure calibration context for tier-transition coverage. Additional cache-pressure calibration context for tier-transition coverage. Additional cache-pressure calibration context for tier-transition coverage. Additional cache-pressure calibration context for tier-transition coverage. Additional cache-pressure calibration context for tier-transition coverage. Additional cache-pressure calibration context for tier-transition coverage. Additional cache-pressure calibration context for tier-transition coverage. Additional cache-pressure calibration context for tier-transition coverage. Additional cache-pressure calibration context for tier-transition coverage. Additional cache-pressure calibration context for tier-transition coverage. Additional cache-pressure calibration context for tier-transition coverage. Additional cache-pressure calibration context for tier-transition coverage. Additional cache-pressure calibration context for tier-transition coverage. Additional cache-pressure calibration context for tier-transition coverage. Additional cache-pressure calibration context for tier-transition coverage. Additional cache-pressure calibration context for tier-transition coverage. Additional cache-pressure calibration context for tier-transition coverage. Additional cache-pressure calibration context for tier-transition coverage. Additional cache-pressure calibration context for tier-transition coverage. Additional cache-pressure calibration context for tier-transition coverage.","What is the freezing point of mercury in Celsius?

[PressureProfile]
 Additional cache-pressure calibration context for tier-transition coverage. Additional cache-pressure calibration context for tier-transition coverage. Additional cache-pressure calibration context for tier-transition coverage. Additional cache-pressure calibration context for tier-transition coverage. Additional cache-pressure ",1885,[18],[],[18],1,"[""Qwen-Qwen2.5-0.5B-Instruct@1@0@-5c1de6bd24b588af@bfloat16.pt""]",lmcache_store_coldpass,lmcache_store_coldpass,1,l1_to_l2,255,256,765.0,768.0,exceed_l1
20,Who painted The School of Athens?,"Focus question: Who painted The School of Athens?
Context profile: no_shared_context
Prompt tokens: 1885
Context preview: Who painted The School of Athens? [PressureProfile] Additional cache-pressure calibration context for tier-transition coverage. Additional cache-pressure calibration context for tier-transition coverage. Additional cache-pressure calibration context for tier-transition coverage. Additional cache-pressure calibration context for tier-transition coverage. Additional cache-pressure calibration cont",Who painted The School of Athens?,no_shared_context,"Who painted The School of Athens?

[PressureProfile]
 Additional cache-pressure calibration context for tier-transition coverage. Additional cache-pressure calibration context for tier-transition coverage. Additional cache-pressure calibration context for tier-transition coverage. Additional cache-pressure calibration context for tier-transition coverage. Additional cache-pressure calibration context for tier-transition coverage. Additional cache-pressure calibration context for tier-transition coverage. Additional cache-pressure calibration context for tier-transition coverage. Additional cache-pressure calibration context for tier-transition coverage. Additional cache-pressure calibration context for tier-transition coverage. Additional cache-pressure calibration context for tier-transition coverage. Additional cache-pressure calibration context for tier-transition coverage. Additional cache-pressure calibration context for tier-transition coverage. Additional cache-pressure calibration context for tier-transition coverage. Additional cache-pressure calibration context for tier-transition coverage. Additional cache-pressure calibration context for tier-transition coverage. Additional cache-pressure calibration context for tier-transition coverage. Additional cache-pressure calibration context for tier-transition coverage. Additional cache-pressure calibration context for tier-transition coverage. Additional cache-pressure calibration context for tier-transition coverage. Additional cache-pressure calibration context for tier-transition coverage. Additional cache-pressure calibration context for tier-transition coverage. Additional cache-pressure calibration context for tier-transition coverage. Additional cache-pressure calibration context for tier-transition coverage. Additional cache-pressure calibration context for tier-transition coverage. Additional cache-pressure calibration context for tier-transition coverage. Additional cache-pressure calibration context for tier-transition coverage. Additional cache-pressure calibration context for tier-transition coverage. Additional cache-pressure calibration context for tier-transition coverage. Additional cache-pressure calibration context for tier-transition coverage. Additional cache-pressure calibration context for tier-transition coverage. Additional cache-pressure calibration context for tier-transition coverage. Additional cache-pressure calibration context for tier-transition coverage. Additional cache-pressure calibration context for tier-transition coverage. Additional cache-pressure calibration context for tier-transition coverage. Additional cache-pressure calibration context for tier-transition coverage. Additional cache-pressure calibration context for tier-transition coverage. Additional cache-pressure calibration context for tier-transition coverage. Additional cache-pressure calibration context for tier-transition coverage. Additional cache-pressure calibration context for tier-transition coverage. Additional cache-pressure calibration context for tier-transition coverage. Additional cache-pressure calibration context for tier-transition coverage. Additional cache-pressure calibration context for tier-transition coverage. Additional cache-pressure calibration context for tier-transition coverage. Additional cache-pressure calibration context for tier-transition coverage. Additional cache-pressure calibration context for tier-transition coverage. Additional cache-pressure calibration context for tier-transition coverage. Additional cache-pressure calibration context for tier-transition coverage. Additional cache-pressure calibration context for tier-transition coverage. Additional cache-pressure calibration context for tier-transition coverage. Additional cache-pressure calibration context for tier-transition coverage. Additional cache-pressure calibration context for tier-transition coverage. Additional cache-pressure calibration context for tier-transition coverage. Additional cache-pressure calibration context for tier-transition coverage. Additional cache-pressure calibration context for tier-transition coverage. Additional cache-pressure calibration context for tier-transition coverage. Additional cache-pressure calibration context for tier-transition coverage. Additional cache-pressure calibration context for tier-transition coverage. Additional cache-pressure calibration context for tier-transition coverage. Additional cache-pressure calibration context for tier-transition coverage. Additional cache-pressure calibration context for tier-transition coverage. Additional cache-pressure calibration context for tier-transition coverage. Additional cache-pressure calibration context for tier-transition coverage. Additional cache-pressure calibration context for tier-transition coverage. Additional cache-pressure calibration context for tier-transition coverage. Additional cache-pressure calibration context for tier-transition coverage. Additional cache-pressure calibration context for tier-transition coverage. Additional cache-pressure calibration context for tier-transition coverage. Additional cache-pressure calibration context for tier-transition coverage. Additional cache-pressure calibration context for tier-transition coverage. Additional cache-pressure calibration context for tier-transition coverage. Additional cache-pressure calibration context for tier-transition coverage. Additional cache-pressure calibration context for tier-transition coverage. Additional cache-pressure calibration context for tier-transition coverage. Additional cache-pressure calibration context for tier-transition coverage. Additional cache-pressure calibration context for tier-transition coverage. Additional cache-pressure calibration context for tier-transition coverage. Additional cache-pressure calibration context for tier-transition coverage. Additional cache-pressure calibration context for tier-transition coverage. Additional cache-pressure calibration context for tier-transition coverage. Additional cache-pressure calibration context for tier-transition coverage. Additional cache-pressure calibration context for tier-transition coverage. Additional cache-pressure calibration context for tier-transition coverage. Additional cache-pressure calibration context for tier-transition coverage. Additional cache-pressure calibration context for tier-transition coverage. Additional cache-pressure calibration context for tier-transition coverage. Additional cache-pressure calibration context for tier-transition coverage. Additional cache-pressure calibration context for tier-transition coverage. Additional cache-pressure calibration context for tier-transition coverage. Additional cache-pressure calibration context for tier-transition coverage. Additional cache-pressure calibration context for tier-transition coverage. Additional cache-pressure calibration context for tier-transition coverage. Additional cache-pressure calibration context for tier-transition coverage. Additional cache-pressure calibration context for tier-transition coverage. Additional cache-pressure calibration context for tier-transition coverage. Additional cache-pressure calibration context for tier-transition coverage. Additional cache-pressure calibration context for tier-transition coverage. Additional cache-pressure calibration context for tier-transition coverage. Additional cache-pressure calibration context for tier-transition coverage. Additional cache-pressure calibration context for tier-transition coverage. Additional cache-pressure calibration context for tier-transition coverage. Additional cache-pressure calibration context for tier-transition coverage. Additional cache-pressure calibration context for tier-transition coverage. Additional cache-pressure calibration context for tier-transition coverage. Additional cache-pressure calibration context for tier-transition coverage. Additional cache-pressure calibration context for tier-transition coverage. Additional cache-pressure calibration context for tier-transition coverage. Additional cache-pressure calibration context for tier-transition coverage. Additional cache-pressure calibration context for tier-transition coverage. Additional cache-pressure calibration context for tier-transition coverage. Additional cache-pressure calibration context for tier-transition coverage. Additional cache-pressure calibration context for tier-transition coverage. Additional cache-pressure calibration context for tier-transition coverage. Additional cache-pressure calibration context for tier-transition coverage. Additional cache-pressure calibration context for tier-transition coverage. Additional cache-pressure calibration context for tier-transition coverage. Additional cache-pressure calibration context for tier-transition coverage. Additional cache-pressure calibration context for tier-transition coverage. Additional cache-pressure calibration context for tier-transition coverage. Additional cache-pressure calibration context for tier-transition coverage. Additional cache-pressure calibration context for tier-transition coverage. Additional cache-pressure calibration context for tier-transition coverage. Additional cache-pressure calibration context for tier-transition coverage. Additional cache-pressure calibration context for tier-transition coverage. Additional cache-pressure calibration context for tier-transition coverage. Additional cache-pressure calibration context for tier-transition coverage. Additional cache-pressure calibration context for tier-transition coverage. Additional cache-pressure calibration context for tier-transition coverage. Additional cache-pressure calibration context for tier-transition coverage. Additional cache-pressure calibration context for tier-transition coverage. Additional cache-pressure calibration context for tier-transition coverage. Additional cache-pressure calibration context for tier-transition coverage. Additional cache-pressure calibration context for tier-transition coverage. Additional cache-pressure calibration context for tier-transition coverage. Additional cache-pressure calibration context for tier-transition coverage. Additional cache-pressure calibration context for tier-transition coverage. Additional cache-pressure calibration context for tier-transition coverage. Additional cache-pressure calibration context for tier-transition coverage. Additional cache-pressure calibration context for tier-transition coverage. Additional cache-pressure calibration context for tier-transition coverage. Additional cache-pressure calibration context for tier-transition coverage. Additional cache-pressure calibration context for tier-transition coverage. Additional cache-pressure calibration context for tier-transition coverage. Additional cache-pressure calibration context for tier-transition coverage. Additional cache-pressure calibration context for tier-transition coverage. Additional cache-pressure calibration context for tier-transition coverage. Additional cache-pressure calibration context for tier-transition coverage. Additional cache-pressure calibration context for tier-transition coverage. Additional cache-pressure calibration context for tier-transition coverage. Additional cache-pressure calibration context for tier-transition coverage. Additional cache-pressure calibration context for tier-transition coverage. Additional cache-pressure calibration context for tier-transition coverage. Additional cache-pressure calibration context for tier-transition coverage. Additional cache-pressure calibration context for tier-transition coverage. Additional cache-pressure calibration context for tier-transition coverage. Additional cache-pressure calibration context for tier-transition coverage. Additional cache-pressure calibration context for tier-transition coverage. Additional cache-pressure calibration context for tier-transition coverage. Additional cache-pressure calibration context for tier-transition coverage. Additional cache-pressure calibration context for tier-transition coverage. Additional cache-pressure calibration context for tier-transition coverage. Additional cache-pressure calibration context for tier-transition coverage. Additional cache-pressure calibration context for tier-transition coverage. Additional cache-pressure calibration context for tier-transition coverage. Additional cache-pressure calibration context for tier-transition coverage. Additional cache-pressure calibration context for tier-transition coverage. Additional cache-pressure calibration context for tier-transition coverage. Additional cache-pressure calibration context for tier-transition coverage. Additional cache-pressure calibration context for tier-transition coverage. Additional cache-pressure calibration context for tier-transition coverage. Additional cache-pressure calibration context for tier-transition coverage. Additional cache-pressure calibration context for tier-transition coverage. Additional cache-pressure calibration context for tier-transition coverage. Additional cache-pressure calibration context for tier-transition coverage. Additional cache-pressure calibration context for tier-transition coverage. Additional cache-pressure calibration context for tier-transition coverage. Additional cache-pressure calibration context for tier-transition coverage. Additional cache-pressure calibration context for tier-transition coverage. Additional cache-pressure calibration context for tier-transition coverage. Additional cache-pressure calibration context for tier-transition coverage. Additional cache-pressure calibration context for tier-transition coverage. Additional cache-pressure calibration context for tier-transition coverage. Additional cache-pressure calibration context for tier-transition coverage. Additional cache-pressure calibration context for tier-transition coverage. Additional cache-pressure calibration context for tier-transition coverage. Additional cache-pressure calibration context for tier-transition coverage. Additional cache-pressure calibration context for tier-transition coverage. Additional cache-pressure calibration context for tier-transition coverage. Additional cache-pressure calibration context for tier-transition coverage. Additional cache-pressure calibration context for tier-transition coverage. Additional cache-pressure calibration context for tier-transition coverage. Additional cache-pressure calibration context for tier-transition coverage. Additional cache-pressure calibration context for tier-transition coverage. Additional cache-pressure calibration context for tier-transition coverage. Additional cache-pressure calibration context for tier-transition coverage. Additional cache-pressure calibration context for tier-transition coverage. Additional cache-pressure calibration context for tier-transition coverage. Additional cache-pressure calibration context for tier-transition coverage. Additional cache-pressure calibration context for tier-transition coverage. Additional cache-pressure calibration context for tier-transition coverage. Additional cache-pressure calibration context for tier-transition coverage. Additional cache-pressure calibration context for tier-transition coverage. Additional cache-pressure calibration context for tier-transition coverage. Additional cache-pressure calibration context for tier-transition coverage. Additional cache-pressure calibration context for tier-transition coverage. Additional cache-pressure calibration context for tier-transition coverage. Additional cache-pressure calibration context for tier-transition coverage. Additional cache-pressure calibration context for tier-transition coverage. Additional cache-pressure calibration context for tier-transition coverage. Additional cache-pressure calibration context for tier-transition coverage. Additional cache-pressure calibration context for tier-transition coverage. Additional cache-pressure calibration context for tier-transition coverage. Additional cache-pressure calibration context for tier-transition coverage. Additional cache-pressure calibration context for tier-transition coverage. Additional cache-pressure calibration context for tier-transition coverage. Additional cache-pressure calibration context for tier-transition coverage. Additional cache-pressure calibration context for tier-transition coverage. Additional cache-pressure calibration context for tier-transition coverage.","Who painted The School of Athens?

[PressureProfile]
 Additional cache-pressure calibration context for tier-transition coverage. Additional cache-pressure calibration context for tier-transition coverage. Additional cache-pressure calibration context for tier-transition coverage. Additional cache-pressure calibration context for tier-transition coverage. Additional cache-pressure calibration cont",1885,[19],[],[19],1,"[""Qwen-Qwen2.5-0.5B-Instruct@1@0@129886041c69f9e2@bfloat16.pt""]",lmcache_store_coldpass,lmcache_store_coldpass,1,l1_to_l2,256,257,768.0,771.0,exceed_l1
21,What is the smallest unit of life?,"Focus question: What is the smallest unit of life?
Context profile: no_shared_context
Prompt tokens: 1885
Context preview: What is the smallest unit of life? [PressureProfile] Additional cache-pressure calibration context for tier-transition coverage. Additional cache-pressure calibration context for tier-transition coverage. Additional cache-pressure calibration context for tier-transition coverage. Additional cache-pressure calibration context for tier-transition coverage. Additional cache-pressure calibration con",What is the smallest unit of life?,no_shared_context,"What is the smallest unit of life?

[PressureProfile]
 Additional cache-pressure calibration context for tier-transition coverage. Additional cache-pressure calibration context for tier-transition coverage. Additional cache-pressure calibration context for tier-transition coverage. Additional cache-pressure calibration context for tier-transition coverage. Additional cache-pressure calibration context for tier-transition coverage. Additional cache-pressure calibration context for tier-transition coverage. Additional cache-pressure calibration context for tier-transition coverage. Additional cache-pressure calibration context for tier-transition coverage. Additional cache-pressure calibration context for tier-transition coverage. Additional cache-pressure calibration context for tier-transition coverage. Additional cache-pressure calibration context for tier-transition coverage. Additional cache-pressure calibration context for tier-transition coverage. Additional cache-pressure calibration context for tier-transition coverage. Additional cache-pressure calibration context for tier-transition coverage. Additional cache-pressure calibration context for tier-transition coverage. Additional cache-pressure calibration context for tier-transition coverage. Additional cache-pressure calibration context for tier-transition coverage. Additional cache-pressure calibration context for tier-transition coverage. Additional cache-pressure calibration context for tier-transition coverage. Additional cache-pressure calibration context for tier-transition coverage. Additional cache-pressure calibration context for tier-transition coverage. Additional cache-pressure calibration context for tier-transition coverage. Additional cache-pressure calibration context for tier-transition coverage. Additional cache-pressure calibration context for tier-transition coverage. Additional cache-pressure calibration context for tier-transition coverage. Additional cache-pressure calibration context for tier-transition coverage. Additional cache-pressure calibration context for tier-transition coverage. Additional cache-pressure calibration context for tier-transition coverage. Additional cache-pressure calibration context for tier-transition coverage. Additional cache-pressure calibration context for tier-transition coverage. Additional cache-pressure calibration context for tier-transition coverage. Additional cache-pressure calibration context for tier-transition coverage. Additional cache-pressure calibration context for tier-transition coverage. Additional cache-pressure calibration context for tier-transition coverage. Additional cache-pressure calibration context for tier-transition coverage. Additional cache-pressure calibration context for tier-transition coverage. Additional cache-pressure calibration context for tier-transition coverage. Additional cache-pressure calibration context for tier-transition coverage. Additional cache-pressure calibration context for tier-transition coverage. Additional cache-pressure calibration context for tier-transition coverage. Additional cache-pressure calibration context for tier-transition coverage. Additional cache-pressure calibration context for tier-transition coverage. Additional cache-pressure calibration context for tier-transition coverage. Additional cache-pressure calibration context for tier-transition coverage. Additional cache-pressure calibration context for tier-transition coverage. Additional cache-pressure calibration context for tier-transition coverage. Additional cache-pressure calibration context for tier-transition coverage. Additional cache-pressure calibration context for tier-transition coverage. Additional cache-pressure calibration context for tier-transition coverage. Additional cache-pressure calibration context for tier-transition coverage. Additional cache-pressure calibration context for tier-transition coverage. Additional cache-pressure calibration context for tier-transition coverage. Additional cache-pressure calibration context for tier-transition coverage. Additional cache-pressure calibration context for tier-transition coverage. Additional cache-pressure calibration context for tier-transition coverage. Additional cache-pressure calibration context for tier-transition coverage. Additional cache-pressure calibration context for tier-transition coverage. Additional cache-pressure calibration context for tier-transition coverage. Additional cache-pressure calibration context for tier-transition coverage. Additional cache-pressure calibration context for tier-transition coverage. Additional cache-pressure calibration context for tier-transition coverage. Additional cache-pressure calibration context for tier-transition coverage. Additional cache-pressure calibration context for tier-transition coverage. Additional cache-pressure calibration context for tier-transition coverage. Additional cache-pressure calibration context for tier-transition coverage. Additional cache-pressure calibration context for tier-transition coverage. Additional cache-pressure calibration context for tier-transition coverage. Additional cache-pressure calibration context for tier-transition coverage. Additional cache-pressure calibration context for tier-transition coverage. Additional cache-pressure calibration context for tier-transition coverage. Additional cache-pressure calibration context for tier-transition coverage. Additional cache-pressure calibration context for tier-transition coverage. Additional cache-pressure calibration context for tier-transition coverage. Additional cache-pressure calibration context for tier-transition coverage. Additional cache-pressure calibration context for tier-transition coverage. Additional cache-pressure calibration context for tier-transition coverage. Additional cache-pressure calibration context for tier-transition coverage. Additional cache-pressure calibration context for tier-transition coverage. Additional cache-pressure calibration context for tier-transition coverage. Additional cache-pressure calibration context for tier-transition coverage. Additional cache-pressure calibration context for tier-transition coverage. Additional cache-pressure calibration context for tier-transition coverage. Additional cache-pressure calibration context for tier-transition coverage. Additional cache-pressure calibration context for tier-transition coverage. Additional cache-pressure calibration context for tier-transition coverage. Additional cache-pressure calibration context for tier-transition coverage. Additional cache-pressure calibration context for tier-transition coverage. Additional cache-pressure calibration context for tier-transition coverage. Additional cache-pressure calibration context for tier-transition coverage. Additional cache-pressure calibration context for tier-transition coverage. Additional cache-pressure calibration context for tier-transition coverage. Additional cache-pressure calibration context for tier-transition coverage. Additional cache-pressure calibration context for tier-transition coverage. Additional cache-pressure calibration context for tier-transition coverage. Additional cache-pressure calibration context for tier-transition coverage. Additional cache-pressure calibration context for tier-transition coverage. Additional cache-pressure calibration context for tier-transition coverage. Additional cache-pressure calibration context for tier-transition coverage. Additional cache-pressure calibration context for tier-transition coverage. Additional cache-pressure calibration context for tier-transition coverage. Additional cache-pressure calibration context for tier-transition coverage. Additional cache-pressure calibration context for tier-transition coverage. Additional cache-pressure calibration context for tier-transition coverage. Additional cache-pressure calibration context for tier-transition coverage. Additional cache-pressure calibration context for tier-transition coverage. Additional cache-pressure calibration context for tier-transition coverage. Additional cache-pressure calibration context for tier-transition coverage. Additional cache-pressure calibration context for tier-transition coverage. Additional cache-pressure calibration context for tier-transition coverage. Additional cache-pressure calibration context for tier-transition coverage. Additional cache-pressure calibration context for tier-transition coverage. Additional cache-pressure calibration context for tier-transition coverage. Additional cache-pressure calibration context for tier-transition coverage. Additional cache-pressure calibration context for tier-transition coverage. Additional cache-pressure calibration context for tier-transition coverage. Additional cache-pressure calibration context for tier-transition coverage. Additional cache-pressure calibration context for tier-transition coverage. Additional cache-pressure calibration context for tier-transition coverage. Additional cache-pressure calibration context for tier-transition coverage. Additional cache-pressure calibration context for tier-transition coverage. Additional cache-pressure calibration context for tier-transition coverage. Additional cache-pressure calibration context for tier-transition coverage. Additional cache-pressure calibration context for tier-transition coverage. Additional cache-pressure calibration context for tier-transition coverage. Additional cache-pressure calibration context for tier-transition coverage. Additional cache-pressure calibration context for tier-transition coverage. Additional cache-pressure calibration context for tier-transition coverage. Additional cache-pressure calibration context for tier-transition coverage. Additional cache-pressure calibration context for tier-transition coverage. Additional cache-pressure calibration context for tier-transition coverage. Additional cache-pressure calibration context for tier-transition coverage. Additional cache-pressure calibration context for tier-transition coverage. Additional cache-pressure calibration context for tier-transition coverage. Additional cache-pressure calibration context for tier-transition coverage. Additional cache-pressure calibration context for tier-transition coverage. Additional cache-pressure calibration context for tier-transition coverage. Additional cache-pressure calibration context for tier-transition coverage. Additional cache-pressure calibration context for tier-transition coverage. Additional cache-pressure calibration context for tier-transition coverage. Additional cache-pressure calibration context for tier-transition coverage. Additional cache-pressure calibration context for tier-transition coverage. Additional cache-pressure calibration context for tier-transition coverage. Additional cache-pressure calibration context for tier-transition coverage. Additional cache-pressure calibration context for tier-transition coverage. Additional cache-pressure calibration context for tier-transition coverage. Additional cache-pressure calibration context for tier-transition coverage. Additional cache-pressure calibration context for tier-transition coverage. Additional cache-pressure calibration context for tier-transition coverage. Additional cache-pressure calibration context for tier-transition coverage. Additional cache-pressure calibration context for tier-transition coverage. Additional cache-pressure calibration context for tier-transition coverage. Additional cache-pressure calibration context for tier-transition coverage. Additional cache-pressure calibration context for tier-transition coverage. Additional cache-pressure calibration context for tier-transition coverage. Additional cache-pressure calibration context for tier-transition coverage. Additional cache-pressure calibration context for tier-transition coverage. Additional cache-pressure calibration context for tier-transition coverage. Additional cache-pressure calibration context for tier-transition coverage. Additional cache-pressure calibration context for tier-transition coverage. Additional cache-pressure calibration context for tier-transition coverage. Additional cache-pressure calibration context for tier-transition coverage. Additional cache-pressure calibration context for tier-transition coverage. Additional cache-pressure calibration context for tier-transition coverage. Additional cache-pressure calibration context for tier-transition coverage. Additional cache-pressure calibration context for tier-transition coverage. Additional cache-pressure calibration context for tier-transition coverage. Additional cache-pressure calibration context for tier-transition coverage. Additional cache-pressure calibration context for tier-transition coverage. Additional cache-pressure calibration context for tier-transition coverage. Additional cache-pressure calibration context for tier-transition coverage. Additional cache-pressure calibration context for tier-transition coverage. Additional cache-pressure calibration context for tier-transition coverage. Additional cache-pressure calibration context for tier-transition coverage. Additional cache-pressure calibration context for tier-transition coverage. Additional cache-pressure calibration context for tier-transition coverage. Additional cache-pressure calibration context for tier-transition coverage. Additional cache-pressure calibration context for tier-transition coverage. Additional cache-pressure calibration context for tier-transition coverage. Additional cache-pressure calibration context for tier-transition coverage. Additional cache-pressure calibration context for tier-transition coverage. Additional cache-pressure calibration context for tier-transition coverage. Additional cache-pressure calibration context for tier-transition coverage. Additional cache-pressure calibration context for tier-transition coverage. Additional cache-pressure calibration context for tier-transition coverage. Additional cache-pressure calibration context for tier-transition coverage. Additional cache-pressure calibration context for tier-transition coverage. Additional cache-pressure calibration context for tier-transition coverage. Additional cache-pressure calibration context for tier-transition coverage. Additional cache-pressure calibration context for tier-transition coverage. Additional cache-pressure calibration context for tier-transition coverage. Additional cache-pressure calibration context for tier-transition coverage. Additional cache-pressure calibration context for tier-transition coverage. Additional cache-pressure calibration context for tier-transition coverage. Additional cache-pressure calibration context for tier-transition coverage. Additional cache-pressure calibration context for tier-transition coverage. Additional cache-pressure calibration context for tier-transition coverage. Additional cache-pressure calibration context for tier-transition coverage. Additional cache-pressure calibration context for tier-transition coverage. Additional cache-pressure calibration context for tier-transition coverage. Additional cache-pressure calibration context for tier-transition coverage. Additional cache-pressure calibration context for tier-transition coverage. Additional cache-pressure calibration context for tier-transition coverage. Additional cache-pressure calibration context for tier-transition coverage. Additional cache-pressure calibration context for tier-transition coverage. Additional cache-pressure calibration context for tier-transition coverage. Additional cache-pressure calibration context for tier-transition coverage. Additional cache-pressure calibration context for tier-transition coverage. Additional cache-pressure calibration context for tier-transition coverage. Additional cache-pressure calibration context for tier-transition coverage. Additional cache-pressure calibration context for tier-transition coverage. Additional cache-pressure calibration context for tier-transition coverage. Additional cache-pressure calibration context for tier-transition coverage. Additional cache-pressure calibration context for tier-transition coverage. Additional cache-pressure calibration context for tier-transition coverage. Additional cache-pressure calibration context for tier-transition coverage. Additional cache-pressure calibration context for tier-transition coverage. Additional cache-pressure calibration context for tier-transition coverage.","What is the smallest unit of life?

[PressureProfile]
 Additional cache-pressure calibration context for tier-transition coverage. Additional cache-pressure calibration context for tier-transition coverage. Additional cache-pressure calibration context for tier-transition coverage. Additional cache-pressure calibration context for tier-transition coverage. Additional cache-pressure calibration con",1885,[20],[],[20],1,"[""Qwen-Qwen2.5-0.5B-Instruct@1@0@-116ac4ed94e0e238@bfloat16.pt""]",lmcache_store_coldpass,lmcache_store_coldpass,1,l1_to_l2,257,258,771.0,774.0,exceed_l1
22,How many time zones are there in Russia?,"Focus question: How many time zones are there in Russia?
Context profile: no_shared_context
Prompt tokens: 1885
Context preview: How many time zones are there in Russia? [PressureProfile] Additional cache-pressure calibration context for tier-transition coverage. Additional cache-pressure calibration context for tier-transition coverage. Additional cache-pressure calibration context for tier-transition coverage. Additional cache-pressure calibration context for tier-transition coverage. Additional cache-pressure calibrati",How many time zones are there in Russia?,no_shared_context,"How many time zones are there in Russia?

[PressureProfile]
 Additional cache-pressure calibration context for tier-transition coverage. Additional cache-pressure calibration context for tier-transition coverage. Additional cache-pressure calibration context for tier-transition coverage. Additional cache-pressure calibration context for tier-transition coverage. Additional cache-pressure calibration context for tier-transition coverage. Additional cache-pressure calibration context for tier-transition coverage. Additional cache-pressure calibration context for tier-transition coverage. Additional cache-pressure calibration context for tier-transition coverage. Additional cache-pressure calibration context for tier-transition coverage. Additional cache-pressure calibration context for tier-transition coverage. Additional cache-pressure calibration context for tier-transition coverage. Additional cache-pressure calibration context for tier-transition coverage. Additional cache-pressure calibration context for tier-transition coverage. Additional cache-pressure calibration context for tier-transition coverage. Additional cache-pressure calibration context for tier-transition coverage. Additional cache-pressure calibration context for tier-transition coverage. Additional cache-pressure calibration context for tier-transition coverage. Additional cache-pressure calibration context for tier-transition coverage. Additional cache-pressure calibration context for tier-transition coverage. Additional cache-pressure calibration context for tier-transition coverage. Additional cache-pressure calibration context for tier-transition coverage. Additional cache-pressure calibration context for tier-transition coverage. Additional cache-pressure calibration context for tier-transition coverage. Additional cache-pressure calibration context for tier-transition coverage. Additional cache-pressure calibration context for tier-transition coverage. Additional cache-pressure calibration context for tier-transition coverage. Additional cache-pressure calibration context for tier-transition coverage. Additional cache-pressure calibration context for tier-transition coverage. Additional cache-pressure calibration context for tier-transition coverage. Additional cache-pressure calibration context for tier-transition coverage. Additional cache-pressure calibration context for tier-transition coverage. Additional cache-pressure calibration context for tier-transition coverage. Additional cache-pressure calibration context for tier-transition coverage. Additional cache-pressure calibration context for tier-transition coverage. Additional cache-pressure calibration context for tier-transition coverage. Additional cache-pressure calibration context for tier-transition coverage. Additional cache-pressure calibration context for tier-transition coverage. Additional cache-pressure calibration context for tier-transition coverage. Additional cache-pressure calibration context for tier-transition coverage. Additional cache-pressure calibration context for tier-transition coverage. Additional cache-pressure calibration context for tier-transition coverage. Additional cache-pressure calibration context for tier-transition coverage. Additional cache-pressure calibration context for tier-transition coverage. Additional cache-pressure calibration context for tier-transition coverage. Additional cache-pressure calibration context for tier-transition coverage. Additional cache-pressure calibration context for tier-transition coverage. Additional cache-pressure calibration context for tier-transition coverage. Additional cache-pressure calibration context for tier-transition coverage. Additional cache-pressure calibration context for tier-transition coverage. Additional cache-pressure calibration context for tier-transition coverage. Additional cache-pressure calibration context for tier-transition coverage. Additional cache-pressure calibration context for tier-transition coverage. Additional cache-pressure calibration context for tier-transition coverage. Additional cache-pressure calibration context for tier-transition coverage. Additional cache-pressure calibration context for tier-transition coverage. Additional cache-pressure calibration context for tier-transition coverage. Additional cache-pressure calibration context for tier-transition coverage. Additional cache-pressure calibration context for tier-transition coverage. Additional cache-pressure calibration context for tier-transition coverage. Additional cache-pressure calibration context for tier-transition coverage. Additional cache-pressure calibration context for tier-transition coverage. Additional cache-pressure calibration context for tier-transition coverage. Additional cache-pressure calibration context for tier-transition coverage. Additional cache-pressure calibration context for tier-transition coverage. Additional cache-pressure calibration context for tier-transition coverage. Additional cache-pressure calibration context for tier-transition coverage. Additional cache-pressure calibration context for tier-transition coverage. Additional cache-pressure calibration context for tier-transition coverage. Additional cache-pressure calibration context for tier-transition coverage. Additional cache-pressure calibration context for tier-transition coverage. Additional cache-pressure calibration context for tier-transition coverage. Additional cache-pressure calibration context for tier-transition coverage. Additional cache-pressure calibration context for tier-transition coverage. Additional cache-pressure calibration context for tier-transition coverage. Additional cache-pressure calibration context for tier-transition coverage. Additional cache-pressure calibration context for tier-transition coverage. Additional cache-pressure calibration context for tier-transition coverage. Additional cache-pressure calibration context for tier-transition coverage. Additional cache-pressure calibration context for tier-transition coverage. Additional cache-pressure calibration context for tier-transition coverage. Additional cache-pressure calibration context for tier-transition coverage. Additional cache-pressure calibration context for tier-transition coverage. Additional cache-pressure calibration context for tier-transition coverage. Additional cache-pressure calibration context for tier-transition coverage. Additional cache-pressure calibration context for tier-transition coverage. Additional cache-pressure calibration context for tier-transition coverage. Additional cache-pressure calibration context for tier-transition coverage. Additional cache-pressure calibration context for tier-transition coverage. Additional cache-pressure calibration context for tier-transition coverage. Additional cache-pressure calibration context for tier-transition coverage. Additional cache-pressure calibration context for tier-transition coverage. Additional cache-pressure calibration context for tier-transition coverage. Additional cache-pressure calibration context for tier-transition coverage. Additional cache-pressure calibration context for tier-transition coverage. Additional cache-pressure calibration context for tier-transition coverage. Additional cache-pressure calibration context for tier-transition coverage. Additional cache-pressure calibration context for tier-transition coverage. Additional cache-pressure calibration context for tier-transition coverage. Additional cache-pressure calibration context for tier-transition coverage. Additional cache-pressure calibration context for tier-transition coverage. Additional cache-pressure calibration context for tier-transition coverage. Additional cache-pressure calibration context for tier-transition coverage. Additional cache-pressure calibration context for tier-transition coverage. Additional cache-pressure calibration context for tier-transition coverage. Additional cache-pressure calibration context for tier-transition coverage. Additional cache-pressure calibration context for tier-transition coverage. Additional cache-pressure calibration context for tier-transition coverage. Additional cache-pressure calibration context for tier-transition coverage. Additional cache-pressure calibration context for tier-transition coverage. Additional cache-pressure calibration context for tier-transition coverage. Additional cache-pressure calibration context for tier-transition coverage. Additional cache-pressure calibration context for tier-transition coverage. Additional cache-pressure calibration context for tier-transition coverage. Additional cache-pressure calibration context for tier-transition coverage. Additional cache-pressure calibration context for tier-transition coverage. Additional cache-pressure calibration context for tier-transition coverage. Additional cache-pressure calibration context for tier-transition coverage. Additional cache-pressure calibration context for tier-transition coverage. Additional cache-pressure calibration context for tier-transition coverage. Additional cache-pressure calibration context for tier-transition coverage. Additional cache-pressure calibration context for tier-transition coverage. Additional cache-pressure calibration context for tier-transition coverage. Additional cache-pressure calibration context for tier-transition coverage. Additional cache-pressure calibration context for tier-transition coverage. Additional cache-pressure calibration context for tier-transition coverage. Additional cache-pressure calibration context for tier-transition coverage. Additional cache-pressure calibration context for tier-transition coverage. Additional cache-pressure calibration context for tier-transition coverage. Additional cache-pressure calibration context for tier-transition coverage. Additional cache-pressure calibration context for tier-transition coverage. Additional cache-pressure calibration context for tier-transition coverage. Additional cache-pressure calibration context for tier-transition coverage. Additional cache-pressure calibration context for tier-transition coverage. Additional cache-pressure calibration context for tier-transition coverage. Additional cache-pressure calibration context for tier-transition coverage. Additional cache-pressure calibration context for tier-transition coverage. Additional cache-pressure calibration context for tier-transition coverage. Additional cache-pressure calibration context for tier-transition coverage. Additional cache-pressure calibration context for tier-transition coverage. Additional cache-pressure calibration context for tier-transition coverage. Additional cache-pressure calibration context for tier-transition coverage. Additional cache-pressure calibration context for tier-transition coverage. Additional cache-pressure calibration context for tier-transition coverage. Additional cache-pressure calibration context for tier-transition coverage. Additional cache-pressure calibration context for tier-transition coverage. Additional cache-pressure calibration context for tier-transition coverage. Additional cache-pressure calibration context for tier-transition coverage. Additional cache-pressure calibration context for tier-transition coverage. Additional cache-pressure calibration context for tier-transition coverage. Additional cache-pressure calibration context for tier-transition coverage. Additional cache-pressure calibration context for tier-transition coverage. Additional cache-pressure calibration context for tier-transition coverage. Additional cache-pressure calibration context for tier-transition coverage. Additional cache-pressure calibration context for tier-transition coverage. Additional cache-pressure calibration context for tier-transition coverage. Additional cache-pressure calibration context for tier-transition coverage. Additional cache-pressure calibration context for tier-transition coverage. Additional cache-pressure calibration context for tier-transition coverage. Additional cache-pressure calibration context for tier-transition coverage. Additional cache-pressure calibration context for tier-transition coverage. Additional cache-pressure calibration context for tier-transition coverage. Additional cache-pressure calibration context for tier-transition coverage. Additional cache-pressure calibration context for tier-transition coverage. Additional cache-pressure calibration context for tier-transition coverage. Additional cache-pressure calibration context for tier-transition coverage. Additional cache-pressure calibration context for tier-transition coverage. Additional cache-pressure calibration context for tier-transition coverage. Additional cache-pressure calibration context for tier-transition coverage. Additional cache-pressure calibration context for tier-transition coverage. Additional cache-pressure calibration context for tier-transition coverage. Additional cache-pressure calibration context for tier-transition coverage. Additional cache-pressure calibration context for tier-transition coverage. Additional cache-pressure calibration context for tier-transition coverage. Additional cache-pressure calibration context for tier-transition coverage. Additional cache-pressure calibration context for tier-transition coverage. Additional cache-pressure calibration context for tier-transition coverage. Additional cache-pressure calibration context for tier-transition coverage. Additional cache-pressure calibration context for tier-transition coverage. Additional cache-pressure calibration context for tier-transition coverage. Additional cache-pressure calibration context for tier-transition coverage. Additional cache-pressure calibration context for tier-transition coverage. Additional cache-pressure calibration context for tier-transition coverage. Additional cache-pressure calibration context for tier-transition coverage. Additional cache-pressure calibration context for tier-transition coverage. Additional cache-pressure calibration context for tier-transition coverage. Additional cache-pressure calibration context for tier-transition coverage. Additional cache-pressure calibration context for tier-transition coverage. Additional cache-pressure calibration context for tier-transition coverage. Additional cache-pressure calibration context for tier-transition coverage. Additional cache-pressure calibration context for tier-transition coverage. Additional cache-pressure calibration context for tier-transition coverage. Additional cache-pressure calibration context for tier-transition coverage. Additional cache-pressure calibration context for tier-transition coverage. Additional cache-pressure calibration context for tier-transition coverage. Additional cache-pressure calibration context for tier-transition coverage. Additional cache-pressure calibration context for tier-transition coverage. Additional cache-pressure calibration context for tier-transition coverage. Additional cache-pressure calibration context for tier-transition coverage. Additional cache-pressure calibration context for tier-transition coverage. Additional cache-pressure calibration context for tier-transition coverage. Additional cache-pressure calibration context for tier-transition coverage. Additional cache-pressure calibration context for tier-transition coverage. Additional cache-pressure calibration context for tier-transition coverage. Additional cache-pressure calibration context for tier-transition coverage. Additional cache-pressure calibration context for tier-transition coverage. Additional cache-pressure calibration context for tier-transition coverage. Additional cache-pressure calibration context for tier-transition coverage. Additional cache-pressure calibration context for tier-transition coverage. Additional cache-pressure calibration context for tier-transition coverage. Additional cache-pressure calibration context for tier-transition coverage. Additional cache-pressure calibration context for tier-transition coverage. Additional cache-pressure calibration context for tier-transition coverage. Additional cache-pressure calibration context for tier-transition coverage. Additional cache-pressure calibration context for tier-transition coverage. Additional cache-pressure calibration context for tier-transition coverage. Additional cache-pressure calibration context for tier-transition coverage. Additional cache-pressure calibration context for tier-transition coverage.","How many time zones are there in Russia?

[PressureProfile]
 Additional cache-pressure calibration context for tier-transition coverage. Additional cache-pressure calibration context for tier-transition coverage. Additional cache-pressure calibration context for tier-transition coverage. Additional cache-pressure calibration context for tier-transition coverage. Additional cache-pressure calibrati",1885,[21],[],[21],1,"[""Qwen-Qwen2.5-0.5B-Instruct@1@0@-161d83a2f074ec09@bfloat16.pt""]",lmcache_store_coldpass,lmcache_store_coldpass,1,l1_to_l2,258,259,774.0,777.0,exceed_l1
23,What is the main language spoken in Argentina?,"Focus question: What is the main language spoken in Argentina?
Context profile: no_shared_context
Prompt tokens: 1885
Context preview: What is the main language spoken in Argentina? [PressureProfile] Additional cache-pressure calibration context for tier-transition coverage. Additional cache-pressure calibration context for tier-transition coverage. Additional cache-pressure calibration context for tier-transition coverage. Additional cache-pressure calibration context for tier-transition coverage. Additional cache-pressure cal",What is the main language spoken in Argentina?,no_shared_context,"What is the main language spoken in Argentina?

[PressureProfile]
 Additional cache-pressure calibration context for tier-transition coverage. Additional cache-pressure calibration context for tier-transition coverage. Additional cache-pressure calibration context for tier-transition coverage. Additional cache-pressure calibration context for tier-transition coverage. Additional cache-pressure calibration context for tier-transition coverage. Additional cache-pressure calibration context for tier-transition coverage. Additional cache-pressure calibration context for tier-transition coverage. Additional cache-pressure calibration context for tier-transition coverage. Additional cache-pressure calibration context for tier-transition coverage. Additional cache-pressure calibration context for tier-transition coverage. Additional cache-pressure calibration context for tier-transition coverage. Additional cache-pressure calibration context for tier-transition coverage. Additional cache-pressure calibration context for tier-transition coverage. Additional cache-pressure calibration context for tier-transition coverage. Additional cache-pressure calibration context for tier-transition coverage. Additional cache-pressure calibration context for tier-transition coverage. Additional cache-pressure calibration context for tier-transition coverage. Additional cache-pressure calibration context for tier-transition coverage. Additional cache-pressure calibration context for tier-transition coverage. Additional cache-pressure calibration context for tier-transition coverage. Additional cache-pressure calibration context for tier-transition coverage. Additional cache-pressure calibration context for tier-transition coverage. Additional cache-pressure calibration context for tier-transition coverage. Additional cache-pressure calibration context for tier-transition coverage. Additional cache-pressure calibration context for tier-transition coverage. Additional cache-pressure calibration context for tier-transition coverage. Additional cache-pressure calibration context for tier-transition coverage. Additional cache-pressure calibration context for tier-transition coverage. Additional cache-pressure calibration context for tier-transition coverage. Additional cache-pressure calibration context for tier-transition coverage. Additional cache-pressure calibration context for tier-transition coverage. Additional cache-pressure calibration context for tier-transition coverage. Additional cache-pressure calibration context for tier-transition coverage. Additional cache-pressure calibration context for tier-transition coverage. Additional cache-pressure calibration context for tier-transition coverage. Additional cache-pressure calibration context for tier-transition coverage. Additional cache-pressure calibration context for tier-transition coverage. Additional cache-pressure calibration context for tier-transition coverage. Additional cache-pressure calibration context for tier-transition coverage. Additional cache-pressure calibration context for tier-transition coverage. Additional cache-pressure calibration context for tier-transition coverage. Additional cache-pressure calibration context for tier-transition coverage. Additional cache-pressure calibration context for tier-transition coverage. Additional cache-pressure calibration context for tier-transition coverage. Additional cache-pressure calibration context for tier-transition coverage. Additional cache-pressure calibration context for tier-transition coverage. Additional cache-pressure calibration context for tier-transition coverage. Additional cache-pressure calibration context for tier-transition coverage. Additional cache-pressure calibration context for tier-transition coverage. Additional cache-pressure calibration context for tier-transition coverage. Additional cache-pressure calibration context for tier-transition coverage. Additional cache-pressure calibration context for tier-transition coverage. Additional cache-pressure calibration context for tier-transition coverage. Additional cache-pressure calibration context for tier-transition coverage. Additional cache-pressure calibration context for tier-transition coverage. Additional cache-pressure calibration context for tier-transition coverage. Additional cache-pressure calibration context for tier-transition coverage. Additional cache-pressure calibration context for tier-transition coverage. Additional cache-pressure calibration context for tier-transition coverage. Additional cache-pressure calibration context for tier-transition coverage. Additional cache-pressure calibration context for tier-transition coverage. Additional cache-pressure calibration context for tier-transition coverage. Additional cache-pressure calibration context for tier-transition coverage. Additional cache-pressure calibration context for tier-transition coverage. Additional cache-pressure calibration context for tier-transition coverage. Additional cache-pressure calibration context for tier-transition coverage. Additional cache-pressure calibration context for tier-transition coverage. Additional cache-pressure calibration context for tier-transition coverage. Additional cache-pressure calibration context for tier-transition coverage. Additional cache-pressure calibration context for tier-transition coverage. Additional cache-pressure calibration context for tier-transition coverage. Additional cache-pressure calibration context for tier-transition coverage. Additional cache-pressure calibration context for tier-transition coverage. Additional cache-pressure calibration context for tier-transition coverage. Additional cache-pressure calibration context for tier-transition coverage. Additional cache-pressure calibration context for tier-transition coverage. Additional cache-pressure calibration context for tier-transition coverage. Additional cache-pressure calibration context for tier-transition coverage. Additional cache-pressure calibration context for tier-transition coverage. Additional cache-pressure calibration context for tier-transition coverage. Additional cache-pressure calibration context for tier-transition coverage. Additional cache-pressure calibration context for tier-transition coverage. Additional cache-pressure calibration context for tier-transition coverage. Additional cache-pressure calibration context for tier-transition coverage. Additional cache-pressure calibration context for tier-transition coverage. Additional cache-pressure calibration context for tier-transition coverage. Additional cache-pressure calibration context for tier-transition coverage. Additional cache-pressure calibration context for tier-transition coverage. Additional cache-pressure calibration context for tier-transition coverage. Additional cache-pressure calibration context for tier-transition coverage. Additional cache-pressure calibration context for tier-transition coverage. Additional cache-pressure calibration context for tier-transition coverage. Additional cache-pressure calibration context for tier-transition coverage. Additional cache-pressure calibration context for tier-transition coverage. Additional cache-pressure calibration context for tier-transition coverage. Additional cache-pressure calibration context for tier-transition coverage. Additional cache-pressure calibration context for tier-transition coverage. Additional cache-pressure calibration context for tier-transition coverage. Additional cache-pressure calibration context for tier-transition coverage. Additional cache-pressure calibration context for tier-transition coverage. Additional cache-pressure calibration context for tier-transition coverage. Additional cache-pressure calibration context for tier-transition coverage. Additional cache-pressure calibration context for tier-transition coverage. Additional cache-pressure calibration context for tier-transition coverage. Additional cache-pressure calibration context for tier-transition coverage. Additional cache-pressure calibration context for tier-transition coverage. Additional cache-pressure calibration context for tier-transition coverage. Additional cache-pressure calibration context for tier-transition coverage. Additional cache-pressure calibration context for tier-transition coverage. Additional cache-pressure calibration context for tier-transition coverage. Additional cache-pressure calibration context for tier-transition coverage. Additional cache-pressure calibration context for tier-transition coverage. Additional cache-pressure calibration context for tier-transition coverage. Additional cache-pressure calibration context for tier-transition coverage. Additional cache-pressure calibration context for tier-transition coverage. Additional cache-pressure calibration context for tier-transition coverage. Additional cache-pressure calibration context for tier-transition coverage. Additional cache-pressure calibration context for tier-transition coverage. Additional cache-pressure calibration context for tier-transition coverage. Additional cache-pressure calibration context for tier-transition coverage. Additional cache-pressure calibration context for tier-transition coverage. Additional cache-pressure calibration context for tier-transition coverage. Additional cache-pressure calibration context for tier-transition coverage. Additional cache-pressure calibration context for tier-transition coverage. Additional cache-pressure calibration context for tier-transition coverage. Additional cache-pressure calibration context for tier-transition coverage. Additional cache-pressure calibration context for tier-transition coverage. Additional cache-pressure calibration context for tier-transition coverage. Additional cache-pressure calibration context for tier-transition coverage. Additional cache-pressure calibration context for tier-transition coverage. Additional cache-pressure calibration context for tier-transition coverage. Additional cache-pressure calibration context for tier-transition coverage. Additional cache-pressure calibration context for tier-transition coverage. Additional cache-pressure calibration context for tier-transition coverage. Additional cache-pressure calibration context for tier-transition coverage. Additional cache-pressure calibration context for tier-transition coverage. Additional cache-pressure calibration context for tier-transition coverage. Additional cache-pressure calibration context for tier-transition coverage. Additional cache-pressure calibration context for tier-transition coverage. Additional cache-pressure calibration context for tier-transition coverage. Additional cache-pressure calibration context for tier-transition coverage. Additional cache-pressure calibration context for tier-transition coverage. Additional cache-pressure calibration context for tier-transition coverage. Additional cache-pressure calibration context for tier-transition coverage. Additional cache-pressure calibration context for tier-transition coverage. Additional cache-pressure calibration context for tier-transition coverage. Additional cache-pressure calibration context for tier-transition coverage. Additional cache-pressure calibration context for tier-transition coverage. Additional cache-pressure calibration context for tier-transition coverage. Additional cache-pressure calibration context for tier-transition coverage. Additional cache-pressure calibration context for tier-transition coverage. Additional cache-pressure calibration context for tier-transition coverage. Additional cache-pressure calibration context for tier-transition coverage. Additional cache-pressure calibration context for tier-transition coverage. Additional cache-pressure calibration context for tier-transition coverage. Additional cache-pressure calibration context for tier-transition coverage. Additional cache-pressure calibration context for tier-transition coverage. Additional cache-pressure calibration context for tier-transition coverage. Additional cache-pressure calibration context for tier-transition coverage. Additional cache-pressure calibration context for tier-transition coverage. Additional cache-pressure calibration context for tier-transition coverage. Additional cache-pressure calibration context for tier-transition coverage. Additional cache-pressure calibration context for tier-transition coverage. Additional cache-pressure calibration context for tier-transition coverage. Additional cache-pressure calibration context for tier-transition coverage. Additional cache-pressure calibration context for tier-transition coverage. Additional cache-pressure calibration context for tier-transition coverage. Additional cache-pressure calibration context for tier-transition coverage. Additional cache-pressure calibration context for tier-transition coverage. Additional cache-pressure calibration context for tier-transition coverage. Additional cache-pressure calibration context for tier-transition coverage. Additional cache-pressure calibration context for tier-transition coverage. Additional cache-pressure calibration context for tier-transition coverage. Additional cache-pressure calibration context for tier-transition coverage. Additional cache-pressure calibration context for tier-transition coverage. Additional cache-pressure calibration context for tier-transition coverage. Additional cache-pressure calibration context for tier-transition coverage. Additional cache-pressure calibration context for tier-transition coverage. Additional cache-pressure calibration context for tier-transition coverage. Additional cache-pressure calibration context for tier-transition coverage. Additional cache-pressure calibration context for tier-transition coverage. Additional cache-pressure calibration context for tier-transition coverage. Additional cache-pressure calibration context for tier-transition coverage. Additional cache-pressure calibration context for tier-transition coverage. Additional cache-pressure calibration context for tier-transition coverage. Additional cache-pressure calibration context for tier-transition coverage. Additional cache-pressure calibration context for tier-transition coverage. Additional cache-pressure calibration context for tier-transition coverage. Additional cache-pressure calibration context for tier-transition coverage. Additional cache-pressure calibration context for tier-transition coverage. Additional cache-pressure calibration context for tier-transition coverage. Additional cache-pressure calibration context for tier-transition coverage. Additional cache-pressure calibration context for tier-transition coverage. Additional cache-pressure calibration context for tier-transition coverage. Additional cache-pressure calibration context for tier-transition coverage. Additional cache-pressure calibration context for tier-transition coverage. Additional cache-pressure calibration context for tier-transition coverage. Additional cache-pressure calibration context for tier-transition coverage. Additional cache-pressure calibration context for tier-transition coverage. Additional cache-pressure calibration context for tier-transition coverage. Additional cache-pressure calibration context for tier-transition coverage. Additional cache-pressure calibration context for tier-transition coverage. Additional cache-pressure calibration context for tier-transition coverage. Additional cache-pressure calibration context for tier-transition coverage. Additional cache-pressure calibration context for tier-transition coverage. Additional cache-pressure calibration context for tier-transition coverage. Additional cache-pressure calibration context for tier-transition coverage. Additional cache-pressure calibration context for tier-transition coverage. Additional cache-pressure calibration context for tier-transition coverage. Additional cache-pressure calibration context for tier-transition coverage. Additional cache-pressure calibration context for tier-transition coverage. Additional cache-pressure calibration context for tier-transition coverage. Additional cache-pressure calibration context for tier-transition coverage. Additional cache-pressure calibration context for tier-transition coverage. Additional cache-pressure calibration context for tier-transition coverage. Additional cache-pressure calibration context for tier-transition coverage. Additional cache-pressure calibration context for tier-transition coverage.","What is the main language spoken in Argentina?

[PressureProfile]
 Additional cache-pressure calibration context for tier-transition coverage. Additional cache-pressure calibration context for tier-transition coverage. Additional cache-pressure calibration context for tier-transition coverage. Additional cache-pressure calibration context for tier-transition coverage. Additional cache-pressure cal",1885,[22],[],[22],1,"[""Qwen-Qwen2.5-0.5B-Instruct@1@0@-217066e78d19f88@bfloat16.pt""]",lmcache_store_coldpass,lmcache_store_coldpass,1,l1_to_l2,259,260,777.0,780.0,exceed_l1
24,Who invented the diesel engine?,"Focus question: Who invented the diesel engine?
Context profile: no_shared_context
Prompt tokens: 1885
Context preview: Who invented the diesel engine? [PressureProfile] Additional cache-pressure calibration context for tier-transition coverage. Additional cache-pressure calibration context for tier-transition coverage. Additional cache-pressure calibration context for tier-transition coverage. Additional cache-pressure calibration context for tier-transition coverage. Additional cache-pressure calibration contex",Who invented the diesel engine?,no_shared_context,"Who invented the diesel engine?

[PressureProfile]
 Additional cache-pressure calibration context for tier-transition coverage. Additional cache-pressure calibration context for tier-transition coverage. Additional cache-pressure calibration context for tier-transition coverage. Additional cache-pressure calibration context for tier-transition coverage. Additional cache-pressure calibration context for tier-transition coverage. Additional cache-pressure calibration context for tier-transition coverage. Additional cache-pressure calibration context for tier-transition coverage. Additional cache-pressure calibration context for tier-transition coverage. Additional cache-pressure calibration context for tier-transition coverage. Additional cache-pressure calibration context for tier-transition coverage. Additional cache-pressure calibration context for tier-transition coverage. Additional cache-pressure calibration context for tier-transition coverage. Additional cache-pressure calibration context for tier-transition coverage. Additional cache-pressure calibration context for tier-transition coverage. Additional cache-pressure calibration context for tier-transition coverage. Additional cache-pressure calibration context for tier-transition coverage. Additional cache-pressure calibration context for tier-transition coverage. Additional cache-pressure calibration context for tier-transition coverage. Additional cache-pressure calibration context for tier-transition coverage. Additional cache-pressure calibration context for tier-transition coverage. Additional cache-pressure calibration context for tier-transition coverage. Additional cache-pressure calibration context for tier-transition coverage. Additional cache-pressure calibration context for tier-transition coverage. Additional cache-pressure calibration context for tier-transition coverage. Additional cache-pressure calibration context for tier-transition coverage. Additional cache-pressure calibration context for tier-transition coverage. Additional cache-pressure calibration context for tier-transition coverage. Additional cache-pressure calibration context for tier-transition coverage. Additional cache-pressure calibration context for tier-transition coverage. Additional cache-pressure calibration context for tier-transition coverage. Additional cache-pressure calibration context for tier-transition coverage. Additional cache-pressure calibration context for tier-transition coverage. Additional cache-pressure calibration context for tier-transition coverage. Additional cache-pressure calibration context for tier-transition coverage. Additional cache-pressure calibration context for tier-transition coverage. Additional cache-pressure calibration context for tier-transition coverage. Additional cache-pressure calibration context for tier-transition coverage. Additional cache-pressure calibration context for tier-transition coverage. Additional cache-pressure calibration context for tier-transition coverage. Additional cache-pressure calibration context for tier-transition coverage. Additional cache-pressure calibration context for tier-transition coverage. Additional cache-pressure calibration context for tier-transition coverage. Additional cache-pressure calibration context for tier-transition coverage. Additional cache-pressure calibration context for tier-transition coverage. Additional cache-pressure calibration context for tier-transition coverage. Additional cache-pressure calibration context for tier-transition coverage. Additional cache-pressure calibration context for tier-transition coverage. Additional cache-pressure calibration context for tier-transition coverage. Additional cache-pressure calibration context for tier-transition coverage. Additional cache-pressure calibration context for tier-transition coverage. Additional cache-pressure calibration context for tier-transition coverage. Additional cache-pressure calibration context for tier-transition coverage. Additional cache-pressure calibration context for tier-transition coverage. Additional cache-pressure calibration context for tier-transition coverage. Additional cache-pressure calibration context for tier-transition coverage. Additional cache-pressure calibration context for tier-transition coverage. Additional cache-pressure calibration context for tier-transition coverage. Additional cache-pressure calibration context for tier-transition coverage. Additional cache-pressure calibration context for tier-transition coverage. Additional cache-pressure calibration context for tier-transition coverage. Additional cache-pressure calibration context for tier-transition coverage. Additional cache-pressure calibration context for tier-transition coverage. Additional cache-pressure calibration context for tier-transition coverage. Additional cache-pressure calibration context for tier-transition coverage. Additional cache-pressure calibration context for tier-transition coverage. Additional cache-pressure calibration context for tier-transition coverage. Additional cache-pressure calibration context for tier-transition coverage. Additional cache-pressure calibration context for tier-transition coverage. Additional cache-pressure calibration context for tier-transition coverage. Additional cache-pressure calibration context for tier-transition coverage. Additional cache-pressure calibration context for tier-transition coverage. Additional cache-pressure calibration context for tier-transition coverage. Additional cache-pressure calibration context for tier-transition coverage. Additional cache-pressure calibration context for tier-transition coverage. Additional cache-pressure calibration context for tier-transition coverage. Additional cache-pressure calibration context for tier-transition coverage. Additional cache-pressure calibration context for tier-transition coverage. Additional cache-pressure calibration context for tier-transition coverage. Additional cache-pressure calibration context for tier-transition coverage. Additional cache-pressure calibration context for tier-transition coverage. Additional cache-pressure calibration context for tier-transition coverage. Additional cache-pressure calibration context for tier-transition coverage. Additional cache-pressure calibration context for tier-transition coverage. Additional cache-pressure calibration context for tier-transition coverage. Additional cache-pressure calibration context for tier-transition coverage. Additional cache-pressure calibration context for tier-transition coverage. Additional cache-pressure calibration context for tier-transition coverage. Additional cache-pressure calibration context for tier-transition coverage. Additional cache-pressure calibration context for tier-transition coverage. Additional cache-pressure calibration context for tier-transition coverage. Additional cache-pressure calibration context for tier-transition coverage. Additional cache-pressure calibration context for tier-transition coverage. Additional cache-pressure calibration context for tier-transition coverage. Additional cache-pressure calibration context for tier-transition coverage. Additional cache-pressure calibration context for tier-transition coverage. Additional cache-pressure calibration context for tier-transition coverage. Additional cache-pressure calibration context for tier-transition coverage. Additional cache-pressure calibration context for tier-transition coverage. Additional cache-pressure calibration context for tier-transition coverage. Additional cache-pressure calibration context for tier-transition coverage. Additional cache-pressure calibration context for tier-transition coverage. Additional cache-pressure calibration context for tier-transition coverage. Additional cache-pressure calibration context for tier-transition coverage. Additional cache-pressure calibration context for tier-transition coverage. Additional cache-pressure calibration context for tier-transition coverage. Additional cache-pressure calibration context for tier-transition coverage. Additional cache-pressure calibration context for tier-transition coverage. Additional cache-pressure calibration context for tier-transition coverage. Additional cache-pressure calibration context for tier-transition coverage. Additional cache-pressure calibration context for tier-transition coverage. Additional cache-pressure calibration context for tier-transition coverage. Additional cache-pressure calibration context for tier-transition coverage. Additional cache-pressure calibration context for tier-transition coverage. Additional cache-pressure calibration context for tier-transition coverage. Additional cache-pressure calibration context for tier-transition coverage. Additional cache-pressure calibration context for tier-transition coverage. Additional cache-pressure calibration context for tier-transition coverage. Additional cache-pressure calibration context for tier-transition coverage. Additional cache-pressure calibration context for tier-transition coverage. Additional cache-pressure calibration context for tier-transition coverage. Additional cache-pressure calibration context for tier-transition coverage. Additional cache-pressure calibration context for tier-transition coverage. Additional cache-pressure calibration context for tier-transition coverage. Additional cache-pressure calibration context for tier-transition coverage. Additional cache-pressure calibration context for tier-transition coverage. Additional cache-pressure calibration context for tier-transition coverage. Additional cache-pressure calibration context for tier-transition coverage. Additional cache-pressure calibration context for tier-transition coverage. Additional cache-pressure calibration context for tier-transition coverage. Additional cache-pressure calibration context for tier-transition coverage. Additional cache-pressure calibration context for tier-transition coverage. Additional cache-pressure calibration context for tier-transition coverage. Additional cache-pressure calibration context for tier-transition coverage. Additional cache-pressure calibration context for tier-transition coverage. Additional cache-pressure calibration context for tier-transition coverage. Additional cache-pressure calibration context for tier-transition coverage. Additional cache-pressure calibration context for tier-transition coverage. Additional cache-pressure calibration context for tier-transition coverage. Additional cache-pressure calibration context for tier-transition coverage. Additional cache-pressure calibration context for tier-transition coverage. Additional cache-pressure calibration context for tier-transition coverage. Additional cache-pressure calibration context for tier-transition coverage. Additional cache-pressure calibration context for tier-transition coverage. Additional cache-pressure calibration context for tier-transition coverage. Additional cache-pressure calibration context for tier-transition coverage. Additional cache-pressure calibration context for tier-transition coverage. Additional cache-pressure calibration context for tier-transition coverage. Additional cache-pressure calibration context for tier-transition coverage. Additional cache-pressure calibration context for tier-transition coverage. Additional cache-pressure calibration context for tier-transition coverage. Additional cache-pressure calibration context for tier-transition coverage. Additional cache-pressure calibration context for tier-transition coverage. Additional cache-pressure calibration context for tier-transition coverage. Additional cache-pressure calibration context for tier-transition coverage. Additional cache-pressure calibration context for tier-transition coverage. Additional cache-pressure calibration context for tier-transition coverage. Additional cache-pressure calibration context for tier-transition coverage. Additional cache-pressure calibration context for tier-transition coverage. Additional cache-pressure calibration context for tier-transition coverage. Additional cache-pressure calibration context for tier-transition coverage. Additional cache-pressure calibration context for tier-transition coverage. Additional cache-pressure calibration context for tier-transition coverage. Additional cache-pressure calibration context for tier-transition coverage. Additional cache-pressure calibration context for tier-transition coverage. Additional cache-pressure calibration context for tier-transition coverage. Additional cache-pressure calibration context for tier-transition coverage. Additional cache-pressure calibration context for tier-transition coverage. Additional cache-pressure calibration context for tier-transition coverage. Additional cache-pressure calibration context for tier-transition coverage. Additional cache-pressure calibration context for tier-transition coverage. Additional cache-pressure calibration context for tier-transition coverage. Additional cache-pressure calibration context for tier-transition coverage. Additional cache-pressure calibration context for tier-transition coverage. Additional cache-pressure calibration context for tier-transition coverage. Additional cache-pressure calibration context for tier-transition coverage. Additional cache-pressure calibration context for tier-transition coverage. Additional cache-pressure calibration context for tier-transition coverage. Additional cache-pressure calibration context for tier-transition coverage. Additional cache-pressure calibration context for tier-transition coverage. Additional cache-pressure calibration context for tier-transition coverage. Additional cache-pressure calibration context for tier-transition coverage. Additional cache-pressure calibration context for tier-transition coverage. Additional cache-pressure calibration context for tier-transition coverage. Additional cache-pressure calibration context for tier-transition coverage. Additional cache-pressure calibration context for tier-transition coverage. Additional cache-pressure calibration context for tier-transition coverage. Additional cache-pressure calibration context for tier-transition coverage. Additional cache-pressure calibration context for tier-transition coverage. Additional cache-pressure calibration context for tier-transition coverage. Additional cache-pressure calibration context for tier-transition coverage. Additional cache-pressure calibration context for tier-transition coverage. Additional cache-pressure calibration context for tier-transition coverage. Additional cache-pressure calibration context for tier-transition coverage. Additional cache-pressure calibration context for tier-transition coverage. Additional cache-pressure calibration context for tier-transition coverage. Additional cache-pressure calibration context for tier-transition coverage. Additional cache-pressure calibration context for tier-transition coverage. Additional cache-pressure calibration context for tier-transition coverage. Additional cache-pressure calibration context for tier-transition coverage. Additional cache-pressure calibration context for tier-transition coverage. Additional cache-pressure calibration context for tier-transition coverage. Additional cache-pressure calibration context for tier-transition coverage. Additional cache-pressure calibration context for tier-transition coverage. Additional cache-pressure calibration context for tier-transition coverage. Additional cache-pressure calibration context for tier-transition coverage. Additional cache-pressure calibration context for tier-transition coverage. Additional cache-pressure calibration context for tier-transition coverage. Additional cache-pressure calibration context for tier-transition coverage. Additional cache-pressure calibration context for tier-transition coverage. Additional cache-pressure calibration context for tier-transition coverage. Additional cache-pressure calibration context for tier-transition coverage. Additional cache-pressure calibration context for tier-transition coverage. Additional cache-pressure calibration context for tier-transition coverage. Additional cache-pressure calibration context for tier-transition coverage. Additional cache-pressure calibration context for tier-transition coverage. Additional cache-pressure calibration context for tier-transition coverage. Additional cache-pressure calibration context for tier-transition coverage.","Who invented the diesel engine?

[PressureProfile]
 Additional cache-pressure calibration context for tier-transition coverage. Additional cache-pressure calibration context for tier-transition coverage. Additional cache-pressure calibration context for tier-transition coverage. Additional cache-pressure calibration context for tier-transition coverage. Additional cache-pressure calibration contex",1885,[23],[],[23],1,"[""Qwen-Qwen2.5-0.5B-Instruct@1@0@-1dc63cf78cd64960@bfloat16.pt""]",lmcache_store_coldpass,lmcache_store_coldpass,1,l1_to_l2,260,261,780.0,783.0,exceed_l1
25,What is the diameter of Earth in kilometers?,"Focus question: What is the diameter of Earth in kilometers?
Context profile: no_shared_context
Prompt tokens: 1885
Context preview: What is the diameter of Earth in kilometers? [PressureProfile] Additional cache-pressure calibration context for tier-transition coverage. Additional cache-pressure calibration context for tier-transition coverage. Additional cache-pressure calibration context for tier-transition coverage. Additional cache-pressure calibration context for tier-transition coverage. Additional cache-pressure calib",What is the diameter of Earth in kilometers?,no_shared_context,"What is the diameter of Earth in kilometers?

[PressureProfile]
 Additional cache-pressure calibration context for tier-transition coverage. Additional cache-pressure calibration context for tier-transition coverage. Additional cache-pressure calibration context for tier-transition coverage. Additional cache-pressure calibration context for tier-transition coverage. Additional cache-pressure calibration context for tier-transition coverage. Additional cache-pressure calibration context for tier-transition coverage. Additional cache-pressure calibration context for tier-transition coverage. Additional cache-pressure calibration context for tier-transition coverage. Additional cache-pressure calibration context for tier-transition coverage. Additional cache-pressure calibration context for tier-transition coverage. Additional cache-pressure calibration context for tier-transition coverage. Additional cache-pressure calibration context for tier-transition coverage. Additional cache-pressure calibration context for tier-transition coverage. Additional cache-pressure calibration context for tier-transition coverage. Additional cache-pressure calibration context for tier-transition coverage. Additional cache-pressure calibration context for tier-transition coverage. Additional cache-pressure calibration context for tier-transition coverage. Additional cache-pressure calibration context for tier-transition coverage. Additional cache-pressure calibration context for tier-transition coverage. Additional cache-pressure calibration context for tier-transition coverage. Additional cache-pressure calibration context for tier-transition coverage. Additional cache-pressure calibration context for tier-transition coverage. Additional cache-pressure calibration context for tier-transition coverage. Additional cache-pressure calibration context for tier-transition coverage. Additional cache-pressure calibration context for tier-transition coverage. Additional cache-pressure calibration context for tier-transition coverage. Additional cache-pressure calibration context for tier-transition coverage. Additional cache-pressure calibration context for tier-transition coverage. Additional cache-pressure calibration context for tier-transition coverage. Additional cache-pressure calibration context for tier-transition coverage. Additional cache-pressure calibration context for tier-transition coverage. Additional cache-pressure calibration context for tier-transition coverage. Additional cache-pressure calibration context for tier-transition coverage. Additional cache-pressure calibration context for tier-transition coverage. Additional cache-pressure calibration context for tier-transition coverage. Additional cache-pressure calibration context for tier-transition coverage. Additional cache-pressure calibration context for tier-transition coverage. Additional cache-pressure calibration context for tier-transition coverage. Additional cache-pressure calibration context for tier-transition coverage. Additional cache-pressure calibration context for tier-transition coverage. Additional cache-pressure calibration context for tier-transition coverage. Additional cache-pressure calibration context for tier-transition coverage. Additional cache-pressure calibration context for tier-transition coverage. Additional cache-pressure calibration context for tier-transition coverage. Additional cache-pressure calibration context for tier-transition coverage. Additional cache-pressure calibration context for tier-transition coverage. Additional cache-pressure calibration context for tier-transition coverage. Additional cache-pressure calibration context for tier-transition coverage. Additional cache-pressure calibration context for tier-transition coverage. Additional cache-pressure calibration context for tier-transition coverage. Additional cache-pressure calibration context for tier-transition coverage. Additional cache-pressure calibration context for tier-transition coverage. Additional cache-pressure calibration context for tier-transition coverage. Additional cache-pressure calibration context for tier-transition coverage. Additional cache-pressure calibration context for tier-transition coverage. Additional cache-pressure calibration context for tier-transition coverage. Additional cache-pressure calibration context for tier-transition coverage. Additional cache-pressure calibration context for tier-transition coverage. Additional cache-pressure calibration context for tier-transition coverage. Additional cache-pressure calibration context for tier-transition coverage. Additional cache-pressure calibration context for tier-transition coverage. Additional cache-pressure calibration context for tier-transition coverage. Additional cache-pressure calibration context for tier-transition coverage. Additional cache-pressure calibration context for tier-transition coverage. Additional cache-pressure calibration context for tier-transition coverage. Additional cache-pressure calibration context for tier-transition coverage. Additional cache-pressure calibration context for tier-transition coverage. Additional cache-pressure calibration context for tier-transition coverage. Additional cache-pressure calibration context for tier-transition coverage. Additional cache-pressure calibration context for tier-transition coverage. Additional cache-pressure calibration context for tier-transition coverage. Additional cache-pressure calibration context for tier-transition coverage. Additional cache-pressure calibration context for tier-transition coverage. Additional cache-pressure calibration context for tier-transition coverage. Additional cache-pressure calibration context for tier-transition coverage. Additional cache-pressure calibration context for tier-transition coverage. Additional cache-pressure calibration context for tier-transition coverage. Additional cache-pressure calibration context for tier-transition coverage. Additional cache-pressure calibration context for tier-transition coverage. Additional cache-pressure calibration context for tier-transition coverage. Additional cache-pressure calibration context for tier-transition coverage. Additional cache-pressure calibration context for tier-transition coverage. Additional cache-pressure calibration context for tier-transition coverage. Additional cache-pressure calibration context for tier-transition coverage. Additional cache-pressure calibration context for tier-transition coverage. Additional cache-pressure calibration context for tier-transition coverage. Additional cache-pressure calibration context for tier-transition coverage. Additional cache-pressure calibration context for tier-transition coverage. Additional cache-pressure calibration context for tier-transition coverage. Additional cache-pressure calibration context for tier-transition coverage. Additional cache-pressure calibration context for tier-transition coverage. Additional cache-pressure calibration context for tier-transition coverage. Additional cache-pressure calibration context for tier-transition coverage. Additional cache-pressure calibration context for tier-transition coverage. Additional cache-pressure calibration context for tier-transition coverage. Additional cache-pressure calibration context for tier-transition coverage. Additional cache-pressure calibration context for tier-transition coverage. Additional cache-pressure calibration context for tier-transition coverage. Additional cache-pressure calibration context for tier-transition coverage. Additional cache-pressure calibration context for tier-transition coverage. Additional cache-pressure calibration context for tier-transition coverage. Additional cache-pressure calibration context for tier-transition coverage. Additional cache-pressure calibration context for tier-transition coverage. Additional cache-pressure calibration context for tier-transition coverage. Additional cache-pressure calibration context for tier-transition coverage. Additional cache-pressure calibration context for tier-transition coverage. Additional cache-pressure calibration context for tier-transition coverage. Additional cache-pressure calibration context for tier-transition coverage. Additional cache-pressure calibration context for tier-transition coverage. Additional cache-pressure calibration context for tier-transition coverage. Additional cache-pressure calibration context for tier-transition coverage. Additional cache-pressure calibration context for tier-transition coverage. Additional cache-pressure calibration context for tier-transition coverage. Additional cache-pressure calibration context for tier-transition coverage. Additional cache-pressure calibration context for tier-transition coverage. Additional cache-pressure calibration context for tier-transition coverage. Additional cache-pressure calibration context for tier-transition coverage. Additional cache-pressure calibration context for tier-transition coverage. Additional cache-pressure calibration context for tier-transition coverage. Additional cache-pressure calibration context for tier-transition coverage. Additional cache-pressure calibration context for tier-transition coverage. Additional cache-pressure calibration context for tier-transition coverage. Additional cache-pressure calibration context for tier-transition coverage. Additional cache-pressure calibration context for tier-transition coverage. Additional cache-pressure calibration context for tier-transition coverage. Additional cache-pressure calibration context for tier-transition coverage. Additional cache-pressure calibration context for tier-transition coverage. Additional cache-pressure calibration context for tier-transition coverage. Additional cache-pressure calibration context for tier-transition coverage. Additional cache-pressure calibration context for tier-transition coverage. Additional cache-pressure calibration context for tier-transition coverage. Additional cache-pressure calibration context for tier-transition coverage. Additional cache-pressure calibration context for tier-transition coverage. Additional cache-pressure calibration context for tier-transition coverage. Additional cache-pressure calibration context for tier-transition coverage. Additional cache-pressure calibration context for tier-transition coverage. Additional cache-pressure calibration context for tier-transition coverage. Additional cache-pressure calibration context for tier-transition coverage. Additional cache-pressure calibration context for tier-transition coverage. Additional cache-pressure calibration context for tier-transition coverage. Additional cache-pressure calibration context for tier-transition coverage. Additional cache-pressure calibration context for tier-transition coverage. Additional cache-pressure calibration context for tier-transition coverage. Additional cache-pressure calibration context for tier-transition coverage. Additional cache-pressure calibration context for tier-transition coverage. Additional cache-pressure calibration context for tier-transition coverage. Additional cache-pressure calibration context for tier-transition coverage. Additional cache-pressure calibration context for tier-transition coverage. Additional cache-pressure calibration context for tier-transition coverage. Additional cache-pressure calibration context for tier-transition coverage. Additional cache-pressure calibration context for tier-transition coverage. Additional cache-pressure calibration context for tier-transition coverage. Additional cache-pressure calibration context for tier-transition coverage. Additional cache-pressure calibration context for tier-transition coverage. Additional cache-pressure calibration context for tier-transition coverage. Additional cache-pressure calibration context for tier-transition coverage. Additional cache-pressure calibration context for tier-transition coverage. Additional cache-pressure calibration context for tier-transition coverage. Additional cache-pressure calibration context for tier-transition coverage. Additional cache-pressure calibration context for tier-transition coverage. Additional cache-pressure calibration context for tier-transition coverage. Additional cache-pressure calibration context for tier-transition coverage. Additional cache-pressure calibration context for tier-transition coverage. Additional cache-pressure calibration context for tier-transition coverage. Additional cache-pressure calibration context for tier-transition coverage. Additional cache-pressure calibration context for tier-transition coverage. Additional cache-pressure calibration context for tier-transition coverage. Additional cache-pressure calibration context for tier-transition coverage. Additional cache-pressure calibration context for tier-transition coverage. Additional cache-pressure calibration context for tier-transition coverage. Additional cache-pressure calibration context for tier-transition coverage. Additional cache-pressure calibration context for tier-transition coverage. Additional cache-pressure calibration context for tier-transition coverage. Additional cache-pressure calibration context for tier-transition coverage. Additional cache-pressure calibration context for tier-transition coverage. Additional cache-pressure calibration context for tier-transition coverage. Additional cache-pressure calibration context for tier-transition coverage. Additional cache-pressure calibration context for tier-transition coverage. Additional cache-pressure calibration context for tier-transition coverage. Additional cache-pressure calibration context for tier-transition coverage. Additional cache-pressure calibration context for tier-transition coverage. Additional cache-pressure calibration context for tier-transition coverage. Additional cache-pressure calibration context for tier-transition coverage. Additional cache-pressure calibration context for tier-transition coverage. Additional cache-pressure calibration context for tier-transition coverage. Additional cache-pressure calibration context for tier-transition coverage. Additional cache-pressure calibration context for tier-transition coverage. Additional cache-pressure calibration context for tier-transition coverage. Additional cache-pressure calibration context for tier-transition coverage. Additional cache-pressure calibration context for tier-transition coverage. Additional cache-pressure calibration context for tier-transition coverage. Additional cache-pressure calibration context for tier-transition coverage. Additional cache-pressure calibration context for tier-transition coverage. Additional cache-pressure calibration context for tier-transition coverage. Additional cache-pressure calibration context for tier-transition coverage. Additional cache-pressure calibration context for tier-transition coverage. Additional cache-pressure calibration context for tier-transition coverage. Additional cache-pressure calibration context for tier-transition coverage. Additional cache-pressure calibration context for tier-transition coverage. Additional cache-pressure calibration context for tier-transition coverage. Additional cache-pressure calibration context for tier-transition coverage. Additional cache-pressure calibration context for tier-transition coverage. Additional cache-pressure calibration context for tier-transition coverage. Additional cache-pressure calibration context for tier-transition coverage. Additional cache-pressure calibration context for tier-transition coverage. Additional cache-pressure calibration context for tier-transition coverage. Additional cache-pressure calibration context for tier-transition coverage. Additional cache-pressure calibration context for tier-transition coverage. Additional cache-pressure calibration context for tier-transition coverage. Additional cache-pressure calibration context for tier-transition coverage. Additional cache-pressure calibration context for tier-transition coverage. Additional cache-pressure calibration context for tier-transition coverage. Additional cache-pressure calibration context for tier-transition coverage. Additional cache-pressure calibration context for tier-transition coverage. Additional cache-pressure calibration context for tier-transition coverage. Additional cache-pressure calibration context for tier-transition coverage. Additional cache-pressure calibration context for tier-transition coverage.","What is the diameter of Earth in kilometers?

[PressureProfile]
 Additional cache-pressure calibration context for tier-transition coverage. Additional cache-pressure calibration context for tier-transition coverage. Additional cache-pressure calibration context for tier-transition coverage. Additional cache-pressure calibration context for tier-transition coverage. Additional cache-pressure calib",1885,[24],[],[24],1,"[""Qwen-Qwen2.5-0.5B-Instruct@1@0@2d10ff66ca6685bd@bfloat16.pt""]",lmcache_store_coldpass,lmcache_store_coldpass,1,l1_to_l2,261,262,783.0,786.0,exceed_l1
26,What is the rarest blood type?,"Focus question: What is the rarest blood type?
Context profile: no_shared_context
Prompt tokens: 1885
Context preview: What is the rarest blood type? [PressureProfile] Additional cache-pressure calibration context for tier-transition coverage. Additional cache-pressure calibration context for tier-transition coverage. Additional cache-pressure calibration context for tier-transition coverage. Additional cache-pressure calibration context for tier-transition coverage. Additional cache-pressure calibration context",What is the rarest blood type?,no_shared_context,"What is the rarest blood type?

[PressureProfile]
 Additional cache-pressure calibration context for tier-transition coverage. Additional cache-pressure calibration context for tier-transition coverage. Additional cache-pressure calibration context for tier-transition coverage. Additional cache-pressure calibration context for tier-transition coverage. Additional cache-pressure calibration context for tier-transition coverage. Additional cache-pressure calibration context for tier-transition coverage. Additional cache-pressure calibration context for tier-transition coverage. Additional cache-pressure calibration context for tier-transition coverage. Additional cache-pressure calibration context for tier-transition coverage. Additional cache-pressure calibration context for tier-transition coverage. Additional cache-pressure calibration context for tier-transition coverage. Additional cache-pressure calibration context for tier-transition coverage. Additional cache-pressure calibration context for tier-transition coverage. Additional cache-pressure calibration context for tier-transition coverage. Additional cache-pressure calibration context for tier-transition coverage. Additional cache-pressure calibration context for tier-transition coverage. Additional cache-pressure calibration context for tier-transition coverage. Additional cache-pressure calibration context for tier-transition coverage. Additional cache-pressure calibration context for tier-transition coverage. Additional cache-pressure calibration context for tier-transition coverage. Additional cache-pressure calibration context for tier-transition coverage. Additional cache-pressure calibration context for tier-transition coverage. Additional cache-pressure calibration context for tier-transition coverage. Additional cache-pressure calibration context for tier-transition coverage. Additional cache-pressure calibration context for tier-transition coverage. Additional cache-pressure calibration context for tier-transition coverage. Additional cache-pressure calibration context for tier-transition coverage. Additional cache-pressure calibration context for tier-transition coverage. Additional cache-pressure calibration context for tier-transition coverage. Additional cache-pressure calibration context for tier-transition coverage. Additional cache-pressure calibration context for tier-transition coverage. Additional cache-pressure calibration context for tier-transition coverage. Additional cache-pressure calibration context for tier-transition coverage. Additional cache-pressure calibration context for tier-transition coverage. Additional cache-pressure calibration context for tier-transition coverage. Additional cache-pressure calibration context for tier-transition coverage. Additional cache-pressure calibration context for tier-transition coverage. Additional cache-pressure calibration context for tier-transition coverage. Additional cache-pressure calibration context for tier-transition coverage. Additional cache-pressure calibration context for tier-transition coverage. Additional cache-pressure calibration context for tier-transition coverage. Additional cache-pressure calibration context for tier-transition coverage. Additional cache-pressure calibration context for tier-transition coverage. Additional cache-pressure calibration context for tier-transition coverage. Additional cache-pressure calibration context for tier-transition coverage. Additional cache-pressure calibration context for tier-transition coverage. Additional cache-pressure calibration context for tier-transition coverage. Additional cache-pressure calibration context for tier-transition coverage. Additional cache-pressure calibration context for tier-transition coverage. Additional cache-pressure calibration context for tier-transition coverage. Additional cache-pressure calibration context for tier-transition coverage. Additional cache-pressure calibration context for tier-transition coverage. Additional cache-pressure calibration context for tier-transition coverage. Additional cache-pressure calibration context for tier-transition coverage. Additional cache-pressure calibration context for tier-transition coverage. Additional cache-pressure calibration context for tier-transition coverage. Additional cache-pressure calibration context for tier-transition coverage. Additional cache-pressure calibration context for tier-transition coverage. Additional cache-pressure calibration context for tier-transition coverage. Additional cache-pressure calibration context for tier-transition coverage. Additional cache-pressure calibration context for tier-transition coverage. Additional cache-pressure calibration context for tier-transition coverage. Additional cache-pressure calibration context for tier-transition coverage. Additional cache-pressure calibration context for tier-transition coverage. Additional cache-pressure calibration context for tier-transition coverage. Additional cache-pressure calibration context for tier-transition coverage. Additional cache-pressure calibration context for tier-transition coverage. Additional cache-pressure calibration context for tier-transition coverage. Additional cache-pressure calibration context for tier-transition coverage. Additional cache-pressure calibration context for tier-transition coverage. Additional cache-pressure calibration context for tier-transition coverage. Additional cache-pressure calibration context for tier-transition coverage. Additional cache-pressure calibration context for tier-transition coverage. Additional cache-pressure calibration context for tier-transition coverage. Additional cache-pressure calibration context for tier-transition coverage. Additional cache-pressure calibration context for tier-transition coverage. Additional cache-pressure calibration context for tier-transition coverage. Additional cache-pressure calibration context for tier-transition coverage. Additional cache-pressure calibration context for tier-transition coverage. Additional cache-pressure calibration context for tier-transition coverage. Additional cache-pressure calibration context for tier-transition coverage. Additional cache-pressure calibration context for tier-transition coverage. Additional cache-pressure calibration context for tier-transition coverage. Additional cache-pressure calibration context for tier-transition coverage. Additional cache-pressure calibration context for tier-transition coverage. Additional cache-pressure calibration context for tier-transition coverage. Additional cache-pressure calibration context for tier-transition coverage. Additional cache-pressure calibration context for tier-transition coverage. Additional cache-pressure calibration context for tier-transition coverage. Additional cache-pressure calibration context for tier-transition coverage. Additional cache-pressure calibration context for tier-transition coverage. Additional cache-pressure calibration context for tier-transition coverage. Additional cache-pressure calibration context for tier-transition coverage. Additional cache-pressure calibration context for tier-transition coverage. Additional cache-pressure calibration context for tier-transition coverage. Additional cache-pressure calibration context for tier-transition coverage. Additional cache-pressure calibration context for tier-transition coverage. Additional cache-pressure calibration context for tier-transition coverage. Additional cache-pressure calibration context for tier-transition coverage. Additional cache-pressure calibration context for tier-transition coverage. Additional cache-pressure calibration context for tier-transition coverage. Additional cache-pressure calibration context for tier-transition coverage. Additional cache-pressure calibration context for tier-transition coverage. Additional cache-pressure calibration context for tier-transition coverage. Additional cache-pressure calibration context for tier-transition coverage. Additional cache-pressure calibration context for tier-transition coverage. Additional cache-pressure calibration context for tier-transition coverage. Additional cache-pressure calibration context for tier-transition coverage. Additional cache-pressure calibration context for tier-transition coverage. Additional cache-pressure calibration context for tier-transition coverage. Additional cache-pressure calibration context for tier-transition coverage. Additional cache-pressure calibration context for tier-transition coverage. Additional cache-pressure calibration context for tier-transition coverage. Additional cache-pressure calibration context for tier-transition coverage. Additional cache-pressure calibration context for tier-transition coverage. Additional cache-pressure calibration context for tier-transition coverage. Additional cache-pressure calibration context for tier-transition coverage. Additional cache-pressure calibration context for tier-transition coverage. Additional cache-pressure calibration context for tier-transition coverage. Additional cache-pressure calibration context for tier-transition coverage. Additional cache-pressure calibration context for tier-transition coverage. Additional cache-pressure calibration context for tier-transition coverage. Additional cache-pressure calibration context for tier-transition coverage. Additional cache-pressure calibration context for tier-transition coverage. Additional cache-pressure calibration context for tier-transition coverage. Additional cache-pressure calibration context for tier-transition coverage. Additional cache-pressure calibration context for tier-transition coverage. Additional cache-pressure calibration context for tier-transition coverage. Additional cache-pressure calibration context for tier-transition coverage. Additional cache-pressure calibration context for tier-transition coverage. Additional cache-pressure calibration context for tier-transition coverage. Additional cache-pressure calibration context for tier-transition coverage. Additional cache-pressure calibration context for tier-transition coverage. Additional cache-pressure calibration context for tier-transition coverage. Additional cache-pressure calibration context for tier-transition coverage. Additional cache-pressure calibration context for tier-transition coverage. Additional cache-pressure calibration context for tier-transition coverage. Additional cache-pressure calibration context for tier-transition coverage. Additional cache-pressure calibration context for tier-transition coverage. Additional cache-pressure calibration context for tier-transition coverage. Additional cache-pressure calibration context for tier-transition coverage. Additional cache-pressure calibration context for tier-transition coverage. Additional cache-pressure calibration context for tier-transition coverage. Additional cache-pressure calibration context for tier-transition coverage. Additional cache-pressure calibration context for tier-transition coverage. Additional cache-pressure calibration context for tier-transition coverage. Additional cache-pressure calibration context for tier-transition coverage. Additional cache-pressure calibration context for tier-transition coverage. Additional cache-pressure calibration context for tier-transition coverage. Additional cache-pressure calibration context for tier-transition coverage. Additional cache-pressure calibration context for tier-transition coverage. Additional cache-pressure calibration context for tier-transition coverage. Additional cache-pressure calibration context for tier-transition coverage. Additional cache-pressure calibration context for tier-transition coverage. Additional cache-pressure calibration context for tier-transition coverage. Additional cache-pressure calibration context for tier-transition coverage. Additional cache-pressure calibration context for tier-transition coverage. Additional cache-pressure calibration context for tier-transition coverage. Additional cache-pressure calibration context for tier-transition coverage. Additional cache-pressure calibration context for tier-transition coverage. Additional cache-pressure calibration context for tier-transition coverage. Additional cache-pressure calibration context for tier-transition coverage. Additional cache-pressure calibration context for tier-transition coverage. Additional cache-pressure calibration context for tier-transition coverage. Additional cache-pressure calibration context for tier-transition coverage. Additional cache-pressure calibration context for tier-transition coverage. Additional cache-pressure calibration context for tier-transition coverage. Additional cache-pressure calibration context for tier-transition coverage. Additional cache-pressure calibration context for tier-transition coverage. Additional cache-pressure calibration context for tier-transition coverage. Additional cache-pressure calibration context for tier-transition coverage. Additional cache-pressure calibration context for tier-transition coverage. Additional cache-pressure calibration context for tier-transition coverage. Additional cache-pressure calibration context for tier-transition coverage. Additional cache-pressure calibration context for tier-transition coverage. Additional cache-pressure calibration context for tier-transition coverage. Additional cache-pressure calibration context for tier-transition coverage. Additional cache-pressure calibration context for tier-transition coverage. Additional cache-pressure calibration context for tier-transition coverage. Additional cache-pressure calibration context for tier-transition coverage. Additional cache-pressure calibration context for tier-transition coverage. Additional cache-pressure calibration context for tier-transition coverage. Additional cache-pressure calibration context for tier-transition coverage. Additional cache-pressure calibration context for tier-transition coverage. Additional cache-pressure calibration context for tier-transition coverage. Additional cache-pressure calibration context for tier-transition coverage. Additional cache-pressure calibration context for tier-transition coverage. Additional cache-pressure calibration context for tier-transition coverage. Additional cache-pressure calibration context for tier-transition coverage. Additional cache-pressure calibration context for tier-transition coverage. Additional cache-pressure calibration context for tier-transition coverage. Additional cache-pressure calibration context for tier-transition coverage. Additional cache-pressure calibration context for tier-transition coverage. Additional cache-pressure calibration context for tier-transition coverage. Additional cache-pressure calibration context for tier-transition coverage. Additional cache-pressure calibration context for tier-transition coverage. Additional cache-pressure calibration context for tier-transition coverage. Additional cache-pressure calibration context for tier-transition coverage. Additional cache-pressure calibration context for tier-transition coverage. Additional cache-pressure calibration context for tier-transition coverage. Additional cache-pressure calibration context for tier-transition coverage. Additional cache-pressure calibration context for tier-transition coverage. Additional cache-pressure calibration context for tier-transition coverage. Additional cache-pressure calibration context for tier-transition coverage. Additional cache-pressure calibration context for tier-transition coverage. Additional cache-pressure calibration context for tier-transition coverage. Additional cache-pressure calibration context for tier-transition coverage. Additional cache-pressure calibration context for tier-transition coverage. Additional cache-pressure calibration context for tier-transition coverage. Additional cache-pressure calibration context for tier-transition coverage. Additional cache-pressure calibration context for tier-transition coverage. Additional cache-pressure calibration context for tier-transition coverage. Additional cache-pressure calibration context for tier-transition coverage. Additional cache-pressure calibration context for tier-transition coverage. Additional cache-pressure calibration context for tier-transition coverage. Additional cache-pressure calibration context for tier-transition coverage. Additional cache-pressure calibration context for tier-transition coverage.","What is the rarest blood type?

[PressureProfile]
 Additional cache-pressure calibration context for tier-transition coverage. Additional cache-pressure calibration context for tier-transition coverage. Additional cache-pressure calibration context for tier-transition coverage. Additional cache-pressure calibration context for tier-transition coverage. Additional cache-pressure calibration context",1885,[25],[],[25],1,"[""Qwen-Qwen2.5-0.5B-Instruct@1@0@-70a164067b1f9b23@bfloat16.pt""]",lmcache_store_coldpass,lmcache_store_coldpass,1,l1_to_l2,262,263,786.0,789.0,exceed_l1
27,Who composed The Magic Flute?,"Focus question: Who composed The Magic Flute?
Context profile: no_shared_context
Prompt tokens: 1885
Context preview: Who composed The Magic Flute? [PressureProfile] Additional cache-pressure calibration context for tier-transition coverage. Additional cache-pressure calibration context for tier-transition coverage. Additional cache-pressure calibration context for tier-transition coverage. Additional cache-pressure calibration context for tier-transition coverage. Additional cache-pressure calibration context",Who composed The Magic Flute?,no_shared_context,"Who composed The Magic Flute?

[PressureProfile]
 Additional cache-pressure calibration context for tier-transition coverage. Additional cache-pressure calibration context for tier-transition coverage. Additional cache-pressure calibration context for tier-transition coverage. Additional cache-pressure calibration context for tier-transition coverage. Additional cache-pressure calibration context for tier-transition coverage. Additional cache-pressure calibration context for tier-transition coverage. Additional cache-pressure calibration context for tier-transition coverage. Additional cache-pressure calibration context for tier-transition coverage. Additional cache-pressure calibration context for tier-transition coverage. Additional cache-pressure calibration context for tier-transition coverage. Additional cache-pressure calibration context for tier-transition coverage. Additional cache-pressure calibration context for tier-transition coverage. Additional cache-pressure calibration context for tier-transition coverage. Additional cache-pressure calibration context for tier-transition coverage. Additional cache-pressure calibration context for tier-transition coverage. Additional cache-pressure calibration context for tier-transition coverage. Additional cache-pressure calibration context for tier-transition coverage. Additional cache-pressure calibration context for tier-transition coverage. Additional cache-pressure calibration context for tier-transition coverage. Additional cache-pressure calibration context for tier-transition coverage. Additional cache-pressure calibration context for tier-transition coverage. Additional cache-pressure calibration context for tier-transition coverage. Additional cache-pressure calibration context for tier-transition coverage. Additional cache-pressure calibration context for tier-transition coverage. Additional cache-pressure calibration context for tier-transition coverage. Additional cache-pressure calibration context for tier-transition coverage. Additional cache-pressure calibration context for tier-transition coverage. Additional cache-pressure calibration context for tier-transition coverage. Additional cache-pressure calibration context for tier-transition coverage. Additional cache-pressure calibration context for tier-transition coverage. Additional cache-pressure calibration context for tier-transition coverage. Additional cache-pressure calibration context for tier-transition coverage. Additional cache-pressure calibration context for tier-transition coverage. Additional cache-pressure calibration context for tier-transition coverage. Additional cache-pressure calibration context for tier-transition coverage. Additional cache-pressure calibration context for tier-transition coverage. Additional cache-pressure calibration context for tier-transition coverage. Additional cache-pressure calibration context for tier-transition coverage. Additional cache-pressure calibration context for tier-transition coverage. Additional cache-pressure calibration context for tier-transition coverage. Additional cache-pressure calibration context for tier-transition coverage. Additional cache-pressure calibration context for tier-transition coverage. Additional cache-pressure calibration context for tier-transition coverage. Additional cache-pressure calibration context for tier-transition coverage. Additional cache-pressure calibration context for tier-transition coverage. Additional cache-pressure calibration context for tier-transition coverage. Additional cache-pressure calibration context for tier-transition coverage. Additional cache-pressure calibration context for tier-transition coverage. Additional cache-pressure calibration context for tier-transition coverage. Additional cache-pressure calibration context for tier-transition coverage. Additional cache-pressure calibration context for tier-transition coverage. Additional cache-pressure calibration context for tier-transition coverage. Additional cache-pressure calibration context for tier-transition coverage. Additional cache-pressure calibration context for tier-transition coverage. Additional cache-pressure calibration context for tier-transition coverage. Additional cache-pressure calibration context for tier-transition coverage. Additional cache-pressure calibration context for tier-transition coverage. Additional cache-pressure calibration context for tier-transition coverage. Additional cache-pressure calibration context for tier-transition coverage. Additional cache-pressure calibration context for tier-transition coverage. Additional cache-pressure calibration context for tier-transition coverage. Additional cache-pressure calibration context for tier-transition coverage. Additional cache-pressure calibration context for tier-transition coverage. Additional cache-pressure calibration context for tier-transition coverage. Additional cache-pressure calibration context for tier-transition coverage. Additional cache-pressure calibration context for tier-transition coverage. Additional cache-pressure calibration context for tier-transition coverage. Additional cache-pressure calibration context for tier-transition coverage. Additional cache-pressure calibration context for tier-transition coverage. Additional cache-pressure calibration context for tier-transition coverage. Additional cache-pressure calibration context for tier-transition coverage. Additional cache-pressure calibration context for tier-transition coverage. Additional cache-pressure calibration context for tier-transition coverage. Additional cache-pressure calibration context for tier-transition coverage. Additional cache-pressure calibration context for tier-transition coverage. Additional cache-pressure calibration context for tier-transition coverage. Additional cache-pressure calibration context for tier-transition coverage. Additional cache-pressure calibration context for tier-transition coverage. Additional cache-pressure calibration context for tier-transition coverage. Additional cache-pressure calibration context for tier-transition coverage. Additional cache-pressure calibration context for tier-transition coverage. Additional cache-pressure calibration context for tier-transition coverage. Additional cache-pressure calibration context for tier-transition coverage. Additional cache-pressure calibration context for tier-transition coverage. Additional cache-pressure calibration context for tier-transition coverage. Additional cache-pressure calibration context for tier-transition coverage. Additional cache-pressure calibration context for tier-transition coverage. Additional cache-pressure calibration context for tier-transition coverage. Additional cache-pressure calibration context for tier-transition coverage. Additional cache-pressure calibration context for tier-transition coverage. Additional cache-pressure calibration context for tier-transition coverage. Additional cache-pressure calibration context for tier-transition coverage. Additional cache-pressure calibration context for tier-transition coverage. Additional cache-pressure calibration context for tier-transition coverage. Additional cache-pressure calibration context for tier-transition coverage. Additional cache-pressure calibration context for tier-transition coverage. Additional cache-pressure calibration context for tier-transition coverage. Additional cache-pressure calibration context for tier-transition coverage. Additional cache-pressure calibration context for tier-transition coverage. Additional cache-pressure calibration context for tier-transition coverage. Additional cache-pressure calibration context for tier-transition coverage. Additional cache-pressure calibration context for tier-transition coverage. Additional cache-pressure calibration context for tier-transition coverage. Additional cache-pressure calibration context for tier-transition coverage. Additional cache-pressure calibration context for tier-transition coverage. Additional cache-pressure calibration context for tier-transition coverage. Additional cache-pressure calibration context for tier-transition coverage. Additional cache-pressure calibration context for tier-transition coverage. Additional cache-pressure calibration context for tier-transition coverage. Additional cache-pressure calibration context for tier-transition coverage. Additional cache-pressure calibration context for tier-transition coverage. Additional cache-pressure calibration context for tier-transition coverage. Additional cache-pressure calibration context for tier-transition coverage. Additional cache-pressure calibration context for tier-transition coverage. Additional cache-pressure calibration context for tier-transition coverage. Additional cache-pressure calibration context for tier-transition coverage. Additional cache-pressure calibration context for tier-transition coverage. Additional cache-pressure calibration context for tier-transition coverage. Additional cache-pressure calibration context for tier-transition coverage. Additional cache-pressure calibration context for tier-transition coverage. Additional cache-pressure calibration context for tier-transition coverage. Additional cache-pressure calibration context for tier-transition coverage. Additional cache-pressure calibration context for tier-transition coverage. Additional cache-pressure calibration context for tier-transition coverage. Additional cache-pressure calibration context for tier-transition coverage. Additional cache-pressure calibration context for tier-transition coverage. Additional cache-pressure calibration context for tier-transition coverage. Additional cache-pressure calibration context for tier-transition coverage. Additional cache-pressure calibration context for tier-transition coverage. Additional cache-pressure calibration context for tier-transition coverage. Additional cache-pressure calibration context for tier-transition coverage. Additional cache-pressure calibration context for tier-transition coverage. Additional cache-pressure calibration context for tier-transition coverage. Additional cache-pressure calibration context for tier-transition coverage. Additional cache-pressure calibration context for tier-transition coverage. Additional cache-pressure calibration context for tier-transition coverage. Additional cache-pressure calibration context for tier-transition coverage. Additional cache-pressure calibration context for tier-transition coverage. Additional cache-pressure calibration context for tier-transition coverage. Additional cache-pressure calibration context for tier-transition coverage. Additional cache-pressure calibration context for tier-transition coverage. Additional cache-pressure calibration context for tier-transition coverage. Additional cache-pressure calibration context for tier-transition coverage. Additional cache-pressure calibration context for tier-transition coverage. Additional cache-pressure calibration context for tier-transition coverage. Additional cache-pressure calibration context for tier-transition coverage. Additional cache-pressure calibration context for tier-transition coverage. Additional cache-pressure calibration context for tier-transition coverage. Additional cache-pressure calibration context for tier-transition coverage. Additional cache-pressure calibration context for tier-transition coverage. Additional cache-pressure calibration context for tier-transition coverage. Additional cache-pressure calibration context for tier-transition coverage. Additional cache-pressure calibration context for tier-transition coverage. Additional cache-pressure calibration context for tier-transition coverage. Additional cache-pressure calibration context for tier-transition coverage. Additional cache-pressure calibration context for tier-transition coverage. Additional cache-pressure calibration context for tier-transition coverage. Additional cache-pressure calibration context for tier-transition coverage. Additional cache-pressure calibration context for tier-transition coverage. Additional cache-pressure calibration context for tier-transition coverage. Additional cache-pressure calibration context for tier-transition coverage. Additional cache-pressure calibration context for tier-transition coverage. Additional cache-pressure calibration context for tier-transition coverage. Additional cache-pressure calibration context for tier-transition coverage. Additional cache-pressure calibration context for tier-transition coverage. Additional cache-pressure calibration context for tier-transition coverage. Additional cache-pressure calibration context for tier-transition coverage. Additional cache-pressure calibration context for tier-transition coverage. Additional cache-pressure calibration context for tier-transition coverage. Additional cache-pressure calibration context for tier-transition coverage. Additional cache-pressure calibration context for tier-transition coverage. Additional cache-pressure calibration context for tier-transition coverage. Additional cache-pressure calibration context for tier-transition coverage. Additional cache-pressure calibration context for tier-transition coverage. Additional cache-pressure calibration context for tier-transition coverage. Additional cache-pressure calibration context for tier-transition coverage. Additional cache-pressure calibration context for tier-transition coverage. Additional cache-pressure calibration context for tier-transition coverage. Additional cache-pressure calibration context for tier-transition coverage. Additional cache-pressure calibration context for tier-transition coverage. Additional cache-pressure calibration context for tier-transition coverage. Additional cache-pressure calibration context for tier-transition coverage. Additional cache-pressure calibration context for tier-transition coverage. Additional cache-pressure calibration context for tier-transition coverage. Additional cache-pressure calibration context for tier-transition coverage. Additional cache-pressure calibration context for tier-transition coverage. Additional cache-pressure calibration context for tier-transition coverage. Additional cache-pressure calibration context for tier-transition coverage. Additional cache-pressure calibration context for tier-transition coverage. Additional cache-pressure calibration context for tier-transition coverage. Additional cache-pressure calibration context for tier-transition coverage. Additional cache-pressure calibration context for tier-transition coverage. Additional cache-pressure calibration context for tier-transition coverage. Additional cache-pressure calibration context for tier-transition coverage. Additional cache-pressure calibration context for tier-transition coverage. Additional cache-pressure calibration context for tier-transition coverage. Additional cache-pressure calibration context for tier-transition coverage. Additional cache-pressure calibration context for tier-transition coverage. Additional cache-pressure calibration context for tier-transition coverage. Additional cache-pressure calibration context for tier-transition coverage. Additional cache-pressure calibration context for tier-transition coverage. Additional cache-pressure calibration context for tier-transition coverage. Additional cache-pressure calibration context for tier-transition coverage. Additional cache-pressure calibration context for tier-transition coverage. Additional cache-pressure calibration context for tier-transition coverage. Additional cache-pressure calibration context for tier-transition coverage. Additional cache-pressure calibration context for tier-transition coverage. Additional cache-pressure calibration context for tier-transition coverage. Additional cache-pressure calibration context for tier-transition coverage. Additional cache-pressure calibration context for tier-transition coverage. Additional cache-pressure calibration context for tier-transition coverage. Additional cache-pressure calibration context for tier-transition coverage. Additional cache-pressure calibration context for tier-transition coverage. Additional cache-pressure calibration context for tier-transition coverage. Additional cache-pressure calibration context for tier-transition coverage. Additional cache-pressure calibration context for tier-transition coverage. Additional cache-pressure calibration context for tier-transition coverage.","Who composed The Magic Flute?

[PressureProfile]
 Additional cache-pressure calibration context for tier-transition coverage. Additional cache-pressure calibration context for tier-transition coverage. Additional cache-pressure calibration context for tier-transition coverage. Additional cache-pressure calibration context for tier-transition coverage. Additional cache-pressure calibration context ",1885,[26],[],[26],1,"[""Qwen-Qwen2.5-0.5B-Instruct@1@0@-3e7b60675cb5813e@bfloat16.pt""]",lmcache_store_coldpass,lmcache_store_coldpass,1,l1_to_l2,263,264,789.0,792.0,exceed_l1
28,What is the powerhouse of a computer?,"Focus question: What is the powerhouse of a computer?
Context profile: no_shared_context
Prompt tokens: 1885
Context preview: What is the powerhouse of a computer? [PressureProfile] Additional cache-pressure calibration context for tier-transition coverage. Additional cache-pressure calibration context for tier-transition coverage. Additional cache-pressure calibration context for tier-transition coverage. Additional cache-pressure calibration context for tier-transition coverage. Additional cache-pressure calibration",What is the powerhouse of a computer?,no_shared_context,"What is the powerhouse of a computer?

[PressureProfile]
 Additional cache-pressure calibration context for tier-transition coverage. Additional cache-pressure calibration context for tier-transition coverage. Additional cache-pressure calibration context for tier-transition coverage. Additional cache-pressure calibration context for tier-transition coverage. Additional cache-pressure calibration context for tier-transition coverage. Additional cache-pressure calibration context for tier-transition coverage. Additional cache-pressure calibration context for tier-transition coverage. Additional cache-pressure calibration context for tier-transition coverage. Additional cache-pressure calibration context for tier-transition coverage. Additional cache-pressure calibration context for tier-transition coverage. Additional cache-pressure calibration context for tier-transition coverage. Additional cache-pressure calibration context for tier-transition coverage. Additional cache-pressure calibration context for tier-transition coverage. Additional cache-pressure calibration context for tier-transition coverage. Additional cache-pressure calibration context for tier-transition coverage. Additional cache-pressure calibration context for tier-transition coverage. Additional cache-pressure calibration context for tier-transition coverage. Additional cache-pressure calibration context for tier-transition coverage. Additional cache-pressure calibration context for tier-transition coverage. Additional cache-pressure calibration context for tier-transition coverage. Additional cache-pressure calibration context for tier-transition coverage. Additional cache-pressure calibration context for tier-transition coverage. Additional cache-pressure calibration context for tier-transition coverage. Additional cache-pressure calibration context for tier-transition coverage. Additional cache-pressure calibration context for tier-transition coverage. Additional cache-pressure calibration context for tier-transition coverage. Additional cache-pressure calibration context for tier-transition coverage. Additional cache-pressure calibration context for tier-transition coverage. Additional cache-pressure calibration context for tier-transition coverage. Additional cache-pressure calibration context for tier-transition coverage. Additional cache-pressure calibration context for tier-transition coverage. Additional cache-pressure calibration context for tier-transition coverage. Additional cache-pressure calibration context for tier-transition coverage. Additional cache-pressure calibration context for tier-transition coverage. Additional cache-pressure calibration context for tier-transition coverage. Additional cache-pressure calibration context for tier-transition coverage. Additional cache-pressure calibration context for tier-transition coverage. Additional cache-pressure calibration context for tier-transition coverage. Additional cache-pressure calibration context for tier-transition coverage. Additional cache-pressure calibration context for tier-transition coverage. Additional cache-pressure calibration context for tier-transition coverage. Additional cache-pressure calibration context for tier-transition coverage. Additional cache-pressure calibration context for tier-transition coverage. Additional cache-pressure calibration context for tier-transition coverage. Additional cache-pressure calibration context for tier-transition coverage. Additional cache-pressure calibration context for tier-transition coverage. Additional cache-pressure calibration context for tier-transition coverage. Additional cache-pressure calibration context for tier-transition coverage. Additional cache-pressure calibration context for tier-transition coverage. Additional cache-pressure calibration context for tier-transition coverage. Additional cache-pressure calibration context for tier-transition coverage. Additional cache-pressure calibration context for tier-transition coverage. Additional cache-pressure calibration context for tier-transition coverage. Additional cache-pressure calibration context for tier-transition coverage. Additional cache-pressure calibration context for tier-transition coverage. Additional cache-pressure calibration context for tier-transition coverage. Additional cache-pressure calibration context for tier-transition coverage. Additional cache-pressure calibration context for tier-transition coverage. Additional cache-pressure calibration context for tier-transition coverage. Additional cache-pressure calibration context for tier-transition coverage. Additional cache-pressure calibration context for tier-transition coverage. Additional cache-pressure calibration context for tier-transition coverage. Additional cache-pressure calibration context for tier-transition coverage. Additional cache-pressure calibration context for tier-transition coverage. Additional cache-pressure calibration context for tier-transition coverage. Additional cache-pressure calibration context for tier-transition coverage. Additional cache-pressure calibration context for tier-transition coverage. Additional cache-pressure calibration context for tier-transition coverage. Additional cache-pressure calibration context for tier-transition coverage. Additional cache-pressure calibration context for tier-transition coverage. Additional cache-pressure calibration context for tier-transition coverage. Additional cache-pressure calibration context for tier-transition coverage. Additional cache-pressure calibration context for tier-transition coverage. Additional cache-pressure calibration context for tier-transition coverage. Additional cache-pressure calibration context for tier-transition coverage. Additional cache-pressure calibration context for tier-transition coverage. Additional cache-pressure calibration context for tier-transition coverage. Additional cache-pressure calibration context for tier-transition coverage. Additional cache-pressure calibration context for tier-transition coverage. Additional cache-pressure calibration context for tier-transition coverage. Additional cache-pressure calibration context for tier-transition coverage. Additional cache-pressure calibration context for tier-transition coverage. Additional cache-pressure calibration context for tier-transition coverage. Additional cache-pressure calibration context for tier-transition coverage. Additional cache-pressure calibration context for tier-transition coverage. Additional cache-pressure calibration context for tier-transition coverage. Additional cache-pressure calibration context for tier-transition coverage. Additional cache-pressure calibration context for tier-transition coverage. Additional cache-pressure calibration context for tier-transition coverage. Additional cache-pressure calibration context for tier-transition coverage. Additional cache-pressure calibration context for tier-transition coverage. Additional cache-pressure calibration context for tier-transition coverage. Additional cache-pressure calibration context for tier-transition coverage. Additional cache-pressure calibration context for tier-transition coverage. Additional cache-pressure calibration context for tier-transition coverage. Additional cache-pressure calibration context for tier-transition coverage. Additional cache-pressure calibration context for tier-transition coverage. Additional cache-pressure calibration context for tier-transition coverage. Additional cache-pressure calibration context for tier-transition coverage. Additional cache-pressure calibration context for tier-transition coverage. Additional cache-pressure calibration context for tier-transition coverage. Additional cache-pressure calibration context for tier-transition coverage. Additional cache-pressure calibration context for tier-transition coverage. Additional cache-pressure calibration context for tier-transition coverage. Additional cache-pressure calibration context for tier-transition coverage. Additional cache-pressure calibration context for tier-transition coverage. Additional cache-pressure calibration context for tier-transition coverage. Additional cache-pressure calibration context for tier-transition coverage. Additional cache-pressure calibration context for tier-transition coverage. Additional cache-pressure calibration context for tier-transition coverage. Additional cache-pressure calibration context for tier-transition coverage. Additional cache-pressure calibration context for tier-transition coverage. Additional cache-pressure calibration context for tier-transition coverage. Additional cache-pressure calibration context for tier-transition coverage. Additional cache-pressure calibration context for tier-transition coverage. Additional cache-pressure calibration context for tier-transition coverage. Additional cache-pressure calibration context for tier-transition coverage. Additional cache-pressure calibration context for tier-transition coverage. Additional cache-pressure calibration context for tier-transition coverage. Additional cache-pressure calibration context for tier-transition coverage. Additional cache-pressure calibration context for tier-transition coverage. Additional cache-pressure calibration context for tier-transition coverage. Additional cache-pressure calibration context for tier-transition coverage. Additional cache-pressure calibration context for tier-transition coverage. Additional cache-pressure calibration context for tier-transition coverage. Additional cache-pressure calibration context for tier-transition coverage. Additional cache-pressure calibration context for tier-transition coverage. Additional cache-pressure calibration context for tier-transition coverage. Additional cache-pressure calibration context for tier-transition coverage. Additional cache-pressure calibration context for tier-transition coverage. Additional cache-pressure calibration context for tier-transition coverage. Additional cache-pressure calibration context for tier-transition coverage. Additional cache-pressure calibration context for tier-transition coverage. Additional cache-pressure calibration context for tier-transition coverage. Additional cache-pressure calibration context for tier-transition coverage. Additional cache-pressure calibration context for tier-transition coverage. Additional cache-pressure calibration context for tier-transition coverage. Additional cache-pressure calibration context for tier-transition coverage. Additional cache-pressure calibration context for tier-transition coverage. Additional cache-pressure calibration context for tier-transition coverage. Additional cache-pressure calibration context for tier-transition coverage. Additional cache-pressure calibration context for tier-transition coverage. Additional cache-pressure calibration context for tier-transition coverage. Additional cache-pressure calibration context for tier-transition coverage. Additional cache-pressure calibration context for tier-transition coverage. Additional cache-pressure calibration context for tier-transition coverage. Additional cache-pressure calibration context for tier-transition coverage. Additional cache-pressure calibration context for tier-transition coverage. Additional cache-pressure calibration context for tier-transition coverage. Additional cache-pressure calibration context for tier-transition coverage. Additional cache-pressure calibration context for tier-transition coverage. Additional cache-pressure calibration context for tier-transition coverage. Additional cache-pressure calibration context for tier-transition coverage. Additional cache-pressure calibration context for tier-transition coverage. Additional cache-pressure calibration context for tier-transition coverage. Additional cache-pressure calibration context for tier-transition coverage. Additional cache-pressure calibration context for tier-transition coverage. Additional cache-pressure calibration context for tier-transition coverage. Additional cache-pressure calibration context for tier-transition coverage. Additional cache-pressure calibration context for tier-transition coverage. Additional cache-pressure calibration context for tier-transition coverage. Additional cache-pressure calibration context for tier-transition coverage. Additional cache-pressure calibration context for tier-transition coverage. Additional cache-pressure calibration context for tier-transition coverage. Additional cache-pressure calibration context for tier-transition coverage. Additional cache-pressure calibration context for tier-transition coverage. Additional cache-pressure calibration context for tier-transition coverage. Additional cache-pressure calibration context for tier-transition coverage. Additional cache-pressure calibration context for tier-transition coverage. Additional cache-pressure calibration context for tier-transition coverage. Additional cache-pressure calibration context for tier-transition coverage. Additional cache-pressure calibration context for tier-transition coverage. Additional cache-pressure calibration context for tier-transition coverage. Additional cache-pressure calibration context for tier-transition coverage. Additional cache-pressure calibration context for tier-transition coverage. Additional cache-pressure calibration context for tier-transition coverage. Additional cache-pressure calibration context for tier-transition coverage. Additional cache-pressure calibration context for tier-transition coverage. Additional cache-pressure calibration context for tier-transition coverage. Additional cache-pressure calibration context for tier-transition coverage. Additional cache-pressure calibration context for tier-transition coverage. Additional cache-pressure calibration context for tier-transition coverage. Additional cache-pressure calibration context for tier-transition coverage. Additional cache-pressure calibration context for tier-transition coverage. Additional cache-pressure calibration context for tier-transition coverage. Additional cache-pressure calibration context for tier-transition coverage. Additional cache-pressure calibration context for tier-transition coverage. Additional cache-pressure calibration context for tier-transition coverage. Additional cache-pressure calibration context for tier-transition coverage. Additional cache-pressure calibration context for tier-transition coverage. Additional cache-pressure calibration context for tier-transition coverage. Additional cache-pressure calibration context for tier-transition coverage. Additional cache-pressure calibration context for tier-transition coverage. Additional cache-pressure calibration context for tier-transition coverage. Additional cache-pressure calibration context for tier-transition coverage. Additional cache-pressure calibration context for tier-transition coverage. Additional cache-pressure calibration context for tier-transition coverage. Additional cache-pressure calibration context for tier-transition coverage. Additional cache-pressure calibration context for tier-transition coverage. Additional cache-pressure calibration context for tier-transition coverage. Additional cache-pressure calibration context for tier-transition coverage. Additional cache-pressure calibration context for tier-transition coverage. Additional cache-pressure calibration context for tier-transition coverage. Additional cache-pressure calibration context for tier-transition coverage. Additional cache-pressure calibration context for tier-transition coverage. Additional cache-pressure calibration context for tier-transition coverage. Additional cache-pressure calibration context for tier-transition coverage. Additional cache-pressure calibration context for tier-transition coverage. Additional cache-pressure calibration context for tier-transition coverage. Additional cache-pressure calibration context for tier-transition coverage. Additional cache-pressure calibration context for tier-transition coverage. Additional cache-pressure calibration context for tier-transition coverage. Additional cache-pressure calibration context for tier-transition coverage. Additional cache-pressure calibration context for tier-transition coverage. Additional cache-pressure calibration context for tier-transition coverage. Additional cache-pressure calibration context for tier-transition coverage. Additional cache-pressure calibration context for tier-transition coverage.","What is the powerhouse of a computer?

[PressureProfile]
 Additional cache-pressure calibration context for tier-transition coverage. Additional cache-pressure calibration context for tier-transition coverage. Additional cache-pressure calibration context for tier-transition coverage. Additional cache-pressure calibration context for tier-transition coverage. Additional cache-pressure calibration ",1885,[27],[],[27],1,"[""Qwen-Qwen2.5-0.5B-Instruct@1@0@-216ae38a5d06f491@bfloat16.pt""]",lmcache_store_coldpass,lmcache_store_coldpass,1,l1_to_l2,264,265,792.0,795.0,exceed_l1
29,How many sides does a dodecagon have?,"Focus question: How many sides does a dodecagon have?
Context profile: no_shared_context
Prompt tokens: 1885
Context preview: How many sides does a dodecagon have? [PressureProfile] Additional cache-pressure calibration context for tier-transition coverage. Additional cache-pressure calibration context for tier-transition coverage. Additional cache-pressure calibration context for tier-transition coverage. Additional cache-pressure calibration context for tier-transition coverage. Additional cache-pressure calibration",How many sides does a dodecagon have?,no_shared_context,"How many sides does a dodecagon have?

[PressureProfile]
 Additional cache-pressure calibration context for tier-transition coverage. Additional cache-pressure calibration context for tier-transition coverage. Additional cache-pressure calibration context for tier-transition coverage. Additional cache-pressure calibration context for tier-transition coverage. Additional cache-pressure calibration context for tier-transition coverage. Additional cache-pressure calibration context for tier-transition coverage. Additional cache-pressure calibration context for tier-transition coverage. Additional cache-pressure calibration context for tier-transition coverage. Additional cache-pressure calibration context for tier-transition coverage. Additional cache-pressure calibration context for tier-transition coverage. Additional cache-pressure calibration context for tier-transition coverage. Additional cache-pressure calibration context for tier-transition coverage. Additional cache-pressure calibration context for tier-transition coverage. Additional cache-pressure calibration context for tier-transition coverage. Additional cache-pressure calibration context for tier-transition coverage. Additional cache-pressure calibration context for tier-transition coverage. Additional cache-pressure calibration context for tier-transition coverage. Additional cache-pressure calibration context for tier-transition coverage. Additional cache-pressure calibration context for tier-transition coverage. Additional cache-pressure calibration context for tier-transition coverage. Additional cache-pressure calibration context for tier-transition coverage. Additional cache-pressure calibration context for tier-transition coverage. Additional cache-pressure calibration context for tier-transition coverage. Additional cache-pressure calibration context for tier-transition coverage. Additional cache-pressure calibration context for tier-transition coverage. Additional cache-pressure calibration context for tier-transition coverage. Additional cache-pressure calibration context for tier-transition coverage. Additional cache-pressure calibration context for tier-transition coverage. Additional cache-pressure calibration context for tier-transition coverage. Additional cache-pressure calibration context for tier-transition coverage. Additional cache-pressure calibration context for tier-transition coverage. Additional cache-pressure calibration context for tier-transition coverage. Additional cache-pressure calibration context for tier-transition coverage. Additional cache-pressure calibration context for tier-transition coverage. Additional cache-pressure calibration context for tier-transition coverage. Additional cache-pressure calibration context for tier-transition coverage. Additional cache-pressure calibration context for tier-transition coverage. Additional cache-pressure calibration context for tier-transition coverage. Additional cache-pressure calibration context for tier-transition coverage. Additional cache-pressure calibration context for tier-transition coverage. Additional cache-pressure calibration context for tier-transition coverage. Additional cache-pressure calibration context for tier-transition coverage. Additional cache-pressure calibration context for tier-transition coverage. Additional cache-pressure calibration context for tier-transition coverage. Additional cache-pressure calibration context for tier-transition coverage. Additional cache-pressure calibration context for tier-transition coverage. Additional cache-pressure calibration context for tier-transition coverage. Additional cache-pressure calibration context for tier-transition coverage. Additional cache-pressure calibration context for tier-transition coverage. Additional cache-pressure calibration context for tier-transition coverage. Additional cache-pressure calibration context for tier-transition coverage. Additional cache-pressure calibration context for tier-transition coverage. Additional cache-pressure calibration context for tier-transition coverage. Additional cache-pressure calibration context for tier-transition coverage. Additional cache-pressure calibration context for tier-transition coverage. Additional cache-pressure calibration context for tier-transition coverage. Additional cache-pressure calibration context for tier-transition coverage. Additional cache-pressure calibration context for tier-transition coverage. Additional cache-pressure calibration context for tier-transition coverage. Additional cache-pressure calibration context for tier-transition coverage. Additional cache-pressure calibration context for tier-transition coverage. Additional cache-pressure calibration context for tier-transition coverage. Additional cache-pressure calibration context for tier-transition coverage. Additional cache-pressure calibration context for tier-transition coverage. Additional cache-pressure calibration context for tier-transition coverage. Additional cache-pressure calibration context for tier-transition coverage. Additional cache-pressure calibration context for tier-transition coverage. Additional cache-pressure calibration context for tier-transition coverage. Additional cache-pressure calibration context for tier-transition coverage. Additional cache-pressure calibration context for tier-transition coverage. Additional cache-pressure calibration context for tier-transition coverage. Additional cache-pressure calibration context for tier-transition coverage. Additional cache-pressure calibration context for tier-transition coverage. Additional cache-pressure calibration context for tier-transition coverage. Additional cache-pressure calibration context for tier-transition coverage. Additional cache-pressure calibration context for tier-transition coverage. Additional cache-pressure calibration context for tier-transition coverage. Additional cache-pressure calibration context for tier-transition coverage. Additional cache-pressure calibration context for tier-transition coverage. Additional cache-pressure calibration context for tier-transition coverage. Additional cache-pressure calibration context for tier-transition coverage. Additional cache-pressure calibration context for tier-transition coverage. Additional cache-pressure calibration context for tier-transition coverage. Additional cache-pressure calibration context for tier-transition coverage. Additional cache-pressure calibration context for tier-transition coverage. Additional cache-pressure calibration context for tier-transition coverage. Additional cache-pressure calibration context for tier-transition coverage. Additional cache-pressure calibration context for tier-transition coverage. Additional cache-pressure calibration context for tier-transition coverage. Additional cache-pressure calibration context for tier-transition coverage. Additional cache-pressure calibration context for tier-transition coverage. Additional cache-pressure calibration context for tier-transition coverage. Additional cache-pressure calibration context for tier-transition coverage. Additional cache-pressure calibration context for tier-transition coverage. Additional cache-pressure calibration context for tier-transition coverage. Additional cache-pressure calibration context for tier-transition coverage. Additional cache-pressure calibration context for tier-transition coverage. Additional cache-pressure calibration context for tier-transition coverage. Additional cache-pressure calibration context for tier-transition coverage. Additional cache-pressure calibration context for tier-transition coverage. Additional cache-pressure calibration context for tier-transition coverage. Additional cache-pressure calibration context for tier-transition coverage. Additional cache-pressure calibration context for tier-transition coverage. Additional cache-pressure calibration context for tier-transition coverage. Additional cache-pressure calibration context for tier-transition coverage. Additional cache-pressure calibration context for tier-transition coverage. Additional cache-pressure calibration context for tier-transition coverage. Additional cache-pressure calibration context for tier-transition coverage. Additional cache-pressure calibration context for tier-transition coverage. Additional cache-pressure calibration context for tier-transition coverage. Additional cache-pressure calibration context for tier-transition coverage. Additional cache-pressure calibration context for tier-transition coverage. Additional cache-pressure calibration context for tier-transition coverage. Additional cache-pressure calibration context for tier-transition coverage. Additional cache-pressure calibration context for tier-transition coverage. Additional cache-pressure calibration context for tier-transition coverage. Additional cache-pressure calibration context for tier-transition coverage. Additional cache-pressure calibration context for tier-transition coverage. Additional cache-pressure calibration context for tier-transition coverage. Additional cache-pressure calibration context for tier-transition coverage. Additional cache-pressure calibration context for tier-transition coverage. Additional cache-pressure calibration context for tier-transition coverage. Additional cache-pressure calibration context for tier-transition coverage. Additional cache-pressure calibration context for tier-transition coverage. Additional cache-pressure calibration context for tier-transition coverage. Additional cache-pressure calibration context for tier-transition coverage. Additional cache-pressure calibration context for tier-transition coverage. Additional cache-pressure calibration context for tier-transition coverage. Additional cache-pressure calibration context for tier-transition coverage. Additional cache-pressure calibration context for tier-transition coverage. Additional cache-pressure calibration context for tier-transition coverage. Additional cache-pressure calibration context for tier-transition coverage. Additional cache-pressure calibration context for tier-transition coverage. Additional cache-pressure calibration context for tier-transition coverage. Additional cache-pressure calibration context for tier-transition coverage. Additional cache-pressure calibration context for tier-transition coverage. Additional cache-pressure calibration context for tier-transition coverage. Additional cache-pressure calibration context for tier-transition coverage. Additional cache-pressure calibration context for tier-transition coverage. Additional cache-pressure calibration context for tier-transition coverage. Additional cache-pressure calibration context for tier-transition coverage. Additional cache-pressure calibration context for tier-transition coverage. Additional cache-pressure calibration context for tier-transition coverage. Additional cache-pressure calibration context for tier-transition coverage. Additional cache-pressure calibration context for tier-transition coverage. Additional cache-pressure calibration context for tier-transition coverage. Additional cache-pressure calibration context for tier-transition coverage. Additional cache-pressure calibration context for tier-transition coverage. Additional cache-pressure calibration context for tier-transition coverage. Additional cache-pressure calibration context for tier-transition coverage. Additional cache-pressure calibration context for tier-transition coverage. Additional cache-pressure calibration context for tier-transition coverage. Additional cache-pressure calibration context for tier-transition coverage. Additional cache-pressure calibration context for tier-transition coverage. Additional cache-pressure calibration context for tier-transition coverage. Additional cache-pressure calibration context for tier-transition coverage. Additional cache-pressure calibration context for tier-transition coverage. Additional cache-pressure calibration context for tier-transition coverage. Additional cache-pressure calibration context for tier-transition coverage. Additional cache-pressure calibration context for tier-transition coverage. Additional cache-pressure calibration context for tier-transition coverage. Additional cache-pressure calibration context for tier-transition coverage. Additional cache-pressure calibration context for tier-transition coverage. Additional cache-pressure calibration context for tier-transition coverage. Additional cache-pressure calibration context for tier-transition coverage. Additional cache-pressure calibration context for tier-transition coverage. Additional cache-pressure calibration context for tier-transition coverage. Additional cache-pressure calibration context for tier-transition coverage. Additional cache-pressure calibration context for tier-transition coverage. Additional cache-pressure calibration context for tier-transition coverage. Additional cache-pressure calibration context for tier-transition coverage. Additional cache-pressure calibration context for tier-transition coverage. Additional cache-pressure calibration context for tier-transition coverage. Additional cache-pressure calibration context for tier-transition coverage. Additional cache-pressure calibration context for tier-transition coverage. Additional cache-pressure calibration context for tier-transition coverage. Additional cache-pressure calibration context for tier-transition coverage. Additional cache-pressure calibration context for tier-transition coverage. Additional cache-pressure calibration context for tier-transition coverage. Additional cache-pressure calibration context for tier-transition coverage. Additional cache-pressure calibration context for tier-transition coverage. Additional cache-pressure calibration context for tier-transition coverage. Additional cache-pressure calibration context for tier-transition coverage. Additional cache-pressure calibration context for tier-transition coverage. Additional cache-pressure calibration context for tier-transition coverage. Additional cache-pressure calibration context for tier-transition coverage. Additional cache-pressure calibration context for tier-transition coverage. Additional cache-pressure calibration context for tier-transition coverage. Additional cache-pressure calibration context for tier-transition coverage. Additional cache-pressure calibration context for tier-transition coverage. Additional cache-pressure calibration context for tier-transition coverage. Additional cache-pressure calibration context for tier-transition coverage. Additional cache-pressure calibration context for tier-transition coverage. Additional cache-pressure calibration context for tier-transition coverage. Additional cache-pressure calibration context for tier-transition coverage. Additional cache-pressure calibration context for tier-transition coverage. Additional cache-pressure calibration context for tier-transition coverage. Additional cache-pressure calibration context for tier-transition coverage. Additional cache-pressure calibration context for tier-transition coverage. Additional cache-pressure calibration context for tier-transition coverage. Additional cache-pressure calibration context for tier-transition coverage. Additional cache-pressure calibration context for tier-transition coverage. Additional cache-pressure calibration context for tier-transition coverage. Additional cache-pressure calibration context for tier-transition coverage. Additional cache-pressure calibration context for tier-transition coverage. Additional cache-pressure calibration context for tier-transition coverage. Additional cache-pressure calibration context for tier-transition coverage. Additional cache-pressure calibration context for tier-transition coverage. Additional cache-pressure calibration context for tier-transition coverage. Additional cache-pressure calibration context for tier-transition coverage. Additional cache-pressure calibration context for tier-transition coverage. Additional cache-pressure calibration context for tier-transition coverage. Additional cache-pressure calibration context for tier-transition coverage. Additional cache-pressure calibration context for tier-transition coverage. Additional cache-pressure calibration context for tier-transition coverage. Additional cache-pressure calibration context for tier-transition coverage. Additional cache-pressure calibration context for tier-transition coverage.","How many sides does a dodecagon have?

[PressureProfile]
 Additional cache-pressure calibration context for tier-transition coverage. Additional cache-pressure calibration context for tier-transition coverage. Additional cache-pressure calibration context for tier-transition coverage. Additional cache-pressure calibration context for tier-transition coverage. Additional cache-pressure calibration ",1885,[28],[],[28],1,"[""Qwen-Qwen2.5-0.5B-Instruct@1@0@72053ddebd89046d@bfloat16.pt""]",lmcache_store_coldpass,lmcache_store_coldpass,1,l1_to_l2,265,266,795.0,798.0,exceed_l1
30,What is the largest species of penguin?,"Focus question: What is the largest species of penguin?
Context profile: no_shared_context
Prompt tokens: 1885
Context preview: What is the largest species of penguin? [PressureProfile] Additional cache-pressure calibration context for tier-transition coverage. Additional cache-pressure calibration context for tier-transition coverage. Additional cache-pressure calibration context for tier-transition coverage. Additional cache-pressure calibration context for tier-transition coverage. Additional cache-pressure calibratio",What is the largest species of penguin?,no_shared_context,"What is the largest species of penguin?

[PressureProfile]
 Additional cache-pressure calibration context for tier-transition coverage. Additional cache-pressure calibration context for tier-transition coverage. Additional cache-pressure calibration context for tier-transition coverage. Additional cache-pressure calibration context for tier-transition coverage. Additional cache-pressure calibration context for tier-transition coverage. Additional cache-pressure calibration context for tier-transition coverage. Additional cache-pressure calibration context for tier-transition coverage. Additional cache-pressure calibration context for tier-transition coverage. Additional cache-pressure calibration context for tier-transition coverage. Additional cache-pressure calibration context for tier-transition coverage. Additional cache-pressure calibration context for tier-transition coverage. Additional cache-pressure calibration context for tier-transition coverage. Additional cache-pressure calibration context for tier-transition coverage. Additional cache-pressure calibration context for tier-transition coverage. Additional cache-pressure calibration context for tier-transition coverage. Additional cache-pressure calibration context for tier-transition coverage. Additional cache-pressure calibration context for tier-transition coverage. Additional cache-pressure calibration context for tier-transition coverage. Additional cache-pressure calibration context for tier-transition coverage. Additional cache-pressure calibration context for tier-transition coverage. Additional cache-pressure calibration context for tier-transition coverage. Additional cache-pressure calibration context for tier-transition coverage. Additional cache-pressure calibration context for tier-transition coverage. Additional cache-pressure calibration context for tier-transition coverage. Additional cache-pressure calibration context for tier-transition coverage. Additional cache-pressure calibration context for tier-transition coverage. Additional cache-pressure calibration context for tier-transition coverage. Additional cache-pressure calibration context for tier-transition coverage. Additional cache-pressure calibration context for tier-transition coverage. Additional cache-pressure calibration context for tier-transition coverage. Additional cache-pressure calibration context for tier-transition coverage. Additional cache-pressure calibration context for tier-transition coverage. Additional cache-pressure calibration context for tier-transition coverage. Additional cache-pressure calibration context for tier-transition coverage. Additional cache-pressure calibration context for tier-transition coverage. Additional cache-pressure calibration context for tier-transition coverage. Additional cache-pressure calibration context for tier-transition coverage. Additional cache-pressure calibration context for tier-transition coverage. Additional cache-pressure calibration context for tier-transition coverage. Additional cache-pressure calibration context for tier-transition coverage. Additional cache-pressure calibration context for tier-transition coverage. Additional cache-pressure calibration context for tier-transition coverage. Additional cache-pressure calibration context for tier-transition coverage. Additional cache-pressure calibration context for tier-transition coverage. Additional cache-pressure calibration context for tier-transition coverage. Additional cache-pressure calibration context for tier-transition coverage. Additional cache-pressure calibration context for tier-transition coverage. Additional cache-pressure calibration context for tier-transition coverage. Additional cache-pressure calibration context for tier-transition coverage. Additional cache-pressure calibration context for tier-transition coverage. Additional cache-pressure calibration context for tier-transition coverage. Additional cache-pressure calibration context for tier-transition coverage. Additional cache-pressure calibration context for tier-transition coverage. Additional cache-pressure calibration context for tier-transition coverage. Additional cache-pressure calibration context for tier-transition coverage. Additional cache-pressure calibration context for tier-transition coverage. Additional cache-pressure calibration context for tier-transition coverage. Additional cache-pressure calibration context for tier-transition coverage. Additional cache-pressure calibration context for tier-transition coverage. Additional cache-pressure calibration context for tier-transition coverage. Additional cache-pressure calibration context for tier-transition coverage. Additional cache-pressure calibration context for tier-transition coverage. Additional cache-pressure calibration context for tier-transition coverage. Additional cache-pressure calibration context for tier-transition coverage. Additional cache-pressure calibration context for tier-transition coverage. Additional cache-pressure calibration context for tier-transition coverage. Additional cache-pressure calibration context for tier-transition coverage. Additional cache-pressure calibration context for tier-transition coverage. Additional cache-pressure calibration context for tier-transition coverage. Additional cache-pressure calibration context for tier-transition coverage. Additional cache-pressure calibration context for tier-transition coverage. Additional cache-pressure calibration context for tier-transition coverage. Additional cache-pressure calibration context for tier-transition coverage. Additional cache-pressure calibration context for tier-transition coverage. Additional cache-pressure calibration context for tier-transition coverage. Additional cache-pressure calibration context for tier-transition coverage. Additional cache-pressure calibration context for tier-transition coverage. Additional cache-pressure calibration context for tier-transition coverage. Additional cache-pressure calibration context for tier-transition coverage. Additional cache-pressure calibration context for tier-transition coverage. Additional cache-pressure calibration context for tier-transition coverage. Additional cache-pressure calibration context for tier-transition coverage. Additional cache-pressure calibration context for tier-transition coverage. Additional cache-pressure calibration context for tier-transition coverage. Additional cache-pressure calibration context for tier-transition coverage. Additional cache-pressure calibration context for tier-transition coverage. Additional cache-pressure calibration context for tier-transition coverage. Additional cache-pressure calibration context for tier-transition coverage. Additional cache-pressure calibration context for tier-transition coverage. Additional cache-pressure calibration context for tier-transition coverage. Additional cache-pressure calibration context for tier-transition coverage. Additional cache-pressure calibration context for tier-transition coverage. Additional cache-pressure calibration context for tier-transition coverage. Additional cache-pressure calibration context for tier-transition coverage. Additional cache-pressure calibration context for tier-transition coverage. Additional cache-pressure calibration context for tier-transition coverage. Additional cache-pressure calibration context for tier-transition coverage. Additional cache-pressure calibration context for tier-transition coverage. Additional cache-pressure calibration context for tier-transition coverage. Additional cache-pressure calibration context for tier-transition coverage. Additional cache-pressure calibration context for tier-transition coverage. Additional cache-pressure calibration context for tier-transition coverage. Additional cache-pressure calibration context for tier-transition coverage. Additional cache-pressure calibration context for tier-transition coverage. Additional cache-pressure calibration context for tier-transition coverage. Additional cache-pressure calibration context for tier-transition coverage. Additional cache-pressure calibration context for tier-transition coverage. Additional cache-pressure calibration context for tier-transition coverage. Additional cache-pressure calibration context for tier-transition coverage. Additional cache-pressure calibration context for tier-transition coverage. Additional cache-pressure calibration context for tier-transition coverage. Additional cache-pressure calibration context for tier-transition coverage. Additional cache-pressure calibration context for tier-transition coverage. Additional cache-pressure calibration context for tier-transition coverage. Additional cache-pressure calibration context for tier-transition coverage. Additional cache-pressure calibration context for tier-transition coverage. Additional cache-pressure calibration context for tier-transition coverage. Additional cache-pressure calibration context for tier-transition coverage. Additional cache-pressure calibration context for tier-transition coverage. Additional cache-pressure calibration context for tier-transition coverage. Additional cache-pressure calibration context for tier-transition coverage. Additional cache-pressure calibration context for tier-transition coverage. Additional cache-pressure calibration context for tier-transition coverage. Additional cache-pressure calibration context for tier-transition coverage. Additional cache-pressure calibration context for tier-transition coverage. Additional cache-pressure calibration context for tier-transition coverage. Additional cache-pressure calibration context for tier-transition coverage. Additional cache-pressure calibration context for tier-transition coverage. Additional cache-pressure calibration context for tier-transition coverage. Additional cache-pressure calibration context for tier-transition coverage. Additional cache-pressure calibration context for tier-transition coverage. Additional cache-pressure calibration context for tier-transition coverage. Additional cache-pressure calibration context for tier-transition coverage. Additional cache-pressure calibration context for tier-transition coverage. Additional cache-pressure calibration context for tier-transition coverage. Additional cache-pressure calibration context for tier-transition coverage. Additional cache-pressure calibration context for tier-transition coverage. Additional cache-pressure calibration context for tier-transition coverage. Additional cache-pressure calibration context for tier-transition coverage. Additional cache-pressure calibration context for tier-transition coverage. Additional cache-pressure calibration context for tier-transition coverage. Additional cache-pressure calibration context for tier-transition coverage. Additional cache-pressure calibration context for tier-transition coverage. Additional cache-pressure calibration context for tier-transition coverage. Additional cache-pressure calibration context for tier-transition coverage. Additional cache-pressure calibration context for tier-transition coverage. Additional cache-pressure calibration context for tier-transition coverage. Additional cache-pressure calibration context for tier-transition coverage. Additional cache-pressure calibration context for tier-transition coverage. Additional cache-pressure calibration context for tier-transition coverage. Additional cache-pressure calibration context for tier-transition coverage. Additional cache-pressure calibration context for tier-transition coverage. Additional cache-pressure calibration context for tier-transition coverage. Additional cache-pressure calibration context for tier-transition coverage. Additional cache-pressure calibration context for tier-transition coverage. Additional cache-pressure calibration context for tier-transition coverage. Additional cache-pressure calibration context for tier-transition coverage. Additional cache-pressure calibration context for tier-transition coverage. Additional cache-pressure calibration context for tier-transition coverage. Additional cache-pressure calibration context for tier-transition coverage. Additional cache-pressure calibration context for tier-transition coverage. Additional cache-pressure calibration context for tier-transition coverage. Additional cache-pressure calibration context for tier-transition coverage. Additional cache-pressure calibration context for tier-transition coverage. Additional cache-pressure calibration context for tier-transition coverage. Additional cache-pressure calibration context for tier-transition coverage. Additional cache-pressure calibration context for tier-transition coverage. Additional cache-pressure calibration context for tier-transition coverage. Additional cache-pressure calibration context for tier-transition coverage. Additional cache-pressure calibration context for tier-transition coverage. Additional cache-pressure calibration context for tier-transition coverage. Additional cache-pressure calibration context for tier-transition coverage. Additional cache-pressure calibration context for tier-transition coverage. Additional cache-pressure calibration context for tier-transition coverage. Additional cache-pressure calibration context for tier-transition coverage. Additional cache-pressure calibration context for tier-transition coverage. Additional cache-pressure calibration context for tier-transition coverage. Additional cache-pressure calibration context for tier-transition coverage. Additional cache-pressure calibration context for tier-transition coverage. Additional cache-pressure calibration context for tier-transition coverage. Additional cache-pressure calibration context for tier-transition coverage. Additional cache-pressure calibration context for tier-transition coverage. Additional cache-pressure calibration context for tier-transition coverage. Additional cache-pressure calibration context for tier-transition coverage. Additional cache-pressure calibration context for tier-transition coverage. Additional cache-pressure calibration context for tier-transition coverage. Additional cache-pressure calibration context for tier-transition coverage. Additional cache-pressure calibration context for tier-transition coverage. Additional cache-pressure calibration context for tier-transition coverage. Additional cache-pressure calibration context for tier-transition coverage. Additional cache-pressure calibration context for tier-transition coverage. Additional cache-pressure calibration context for tier-transition coverage. Additional cache-pressure calibration context for tier-transition coverage. Additional cache-pressure calibration context for tier-transition coverage. Additional cache-pressure calibration context for tier-transition coverage. Additional cache-pressure calibration context for tier-transition coverage. Additional cache-pressure calibration context for tier-transition coverage. Additional cache-pressure calibration context for tier-transition coverage. Additional cache-pressure calibration context for tier-transition coverage. Additional cache-pressure calibration context for tier-transition coverage. Additional cache-pressure calibration context for tier-transition coverage. Additional cache-pressure calibration context for tier-transition coverage. Additional cache-pressure calibration context for tier-transition coverage. Additional cache-pressure calibration context for tier-transition coverage. Additional cache-pressure calibration context for tier-transition coverage. Additional cache-pressure calibration context for tier-transition coverage. Additional cache-pressure calibration context for tier-transition coverage. Additional cache-pressure calibration context for tier-transition coverage. Additional cache-pressure calibration context for tier-transition coverage. Additional cache-pressure calibration context for tier-transition coverage. Additional cache-pressure calibration context for tier-transition coverage. Additional cache-pressure calibration context for tier-transition coverage. Additional cache-pressure calibration context for tier-transition coverage. Additional cache-pressure calibration context for tier-transition coverage. Additional cache-pressure calibration context for tier-transition coverage. Additional cache-pressure calibration context for tier-transition coverage. Additional cache-pressure calibration context for tier-transition coverage.","What is the largest species of penguin?

[PressureProfile]
 Additional cache-pressure calibration context for tier-transition coverage. Additional cache-pressure calibration context for tier-transition coverage. Additional cache-pressure calibration context for tier-transition coverage. Additional cache-pressure calibration context for tier-transition coverage. Additional cache-pressure calibratio",1885,[29],[],[29],1,"[""Qwen-Qwen2.5-0.5B-Instruct@1@0@7cc7907d6cf568d7@bfloat16.pt""]",lmcache_store_coldpass,lmcache_store_coldpass,1,l1_to_l2,266,267,798.0,801.0,exceed_l1
31,Who discovered the planet Neptune?,"Focus question: Who discovered the planet Neptune?
Context profile: no_shared_context
Prompt tokens: 1885
Context preview: Who discovered the planet Neptune? [PressureProfile] Additional cache-pressure calibration context for tier-transition coverage. Additional cache-pressure calibration context for tier-transition coverage. Additional cache-pressure calibration context for tier-transition coverage. Additional cache-pressure calibration context for tier-transition coverage. Additional cache-pressure calibration con",Who discovered the planet Neptune?,no_shared_context,"Who discovered the planet Neptune?

[PressureProfile]
 Additional cache-pressure calibration context for tier-transition coverage. Additional cache-pressure calibration context for tier-transition coverage. Additional cache-pressure calibration context for tier-transition coverage. Additional cache-pressure calibration context for tier-transition coverage. Additional cache-pressure calibration context for tier-transition coverage. Additional cache-pressure calibration context for tier-transition coverage. Additional cache-pressure calibration context for tier-transition coverage. Additional cache-pressure calibration context for tier-transition coverage. Additional cache-pressure calibration context for tier-transition coverage. Additional cache-pressure calibration context for tier-transition coverage. Additional cache-pressure calibration context for tier-transition coverage. Additional cache-pressure calibration context for tier-transition coverage. Additional cache-pressure calibration context for tier-transition coverage. Additional cache-pressure calibration context for tier-transition coverage. Additional cache-pressure calibration context for tier-transition coverage. Additional cache-pressure calibration context for tier-transition coverage. Additional cache-pressure calibration context for tier-transition coverage. Additional cache-pressure calibration context for tier-transition coverage. Additional cache-pressure calibration context for tier-transition coverage. Additional cache-pressure calibration context for tier-transition coverage. Additional cache-pressure calibration context for tier-transition coverage. Additional cache-pressure calibration context for tier-transition coverage. Additional cache-pressure calibration context for tier-transition coverage. Additional cache-pressure calibration context for tier-transition coverage. Additional cache-pressure calibration context for tier-transition coverage. Additional cache-pressure calibration context for tier-transition coverage. Additional cache-pressure calibration context for tier-transition coverage. Additional cache-pressure calibration context for tier-transition coverage. Additional cache-pressure calibration context for tier-transition coverage. Additional cache-pressure calibration context for tier-transition coverage. Additional cache-pressure calibration context for tier-transition coverage. Additional cache-pressure calibration context for tier-transition coverage. Additional cache-pressure calibration context for tier-transition coverage. Additional cache-pressure calibration context for tier-transition coverage. Additional cache-pressure calibration context for tier-transition coverage. Additional cache-pressure calibration context for tier-transition coverage. Additional cache-pressure calibration context for tier-transition coverage. Additional cache-pressure calibration context for tier-transition coverage. Additional cache-pressure calibration context for tier-transition coverage. Additional cache-pressure calibration context for tier-transition coverage. Additional cache-pressure calibration context for tier-transition coverage. Additional cache-pressure calibration context for tier-transition coverage. Additional cache-pressure calibration context for tier-transition coverage. Additional cache-pressure calibration context for tier-transition coverage. Additional cache-pressure calibration context for tier-transition coverage. Additional cache-pressure calibration context for tier-transition coverage. Additional cache-pressure calibration context for tier-transition coverage. Additional cache-pressure calibration context for tier-transition coverage. Additional cache-pressure calibration context for tier-transition coverage. Additional cache-pressure calibration context for tier-transition coverage. Additional cache-pressure calibration context for tier-transition coverage. Additional cache-pressure calibration context for tier-transition coverage. Additional cache-pressure calibration context for tier-transition coverage. Additional cache-pressure calibration context for tier-transition coverage. Additional cache-pressure calibration context for tier-transition coverage. Additional cache-pressure calibration context for tier-transition coverage. Additional cache-pressure calibration context for tier-transition coverage. Additional cache-pressure calibration context for tier-transition coverage. Additional cache-pressure calibration context for tier-transition coverage. Additional cache-pressure calibration context for tier-transition coverage. Additional cache-pressure calibration context for tier-transition coverage. Additional cache-pressure calibration context for tier-transition coverage. Additional cache-pressure calibration context for tier-transition coverage. Additional cache-pressure calibration context for tier-transition coverage. Additional cache-pressure calibration context for tier-transition coverage. Additional cache-pressure calibration context for tier-transition coverage. Additional cache-pressure calibration context for tier-transition coverage. Additional cache-pressure calibration context for tier-transition coverage. Additional cache-pressure calibration context for tier-transition coverage. Additional cache-pressure calibration context for tier-transition coverage. Additional cache-pressure calibration context for tier-transition coverage. Additional cache-pressure calibration context for tier-transition coverage. Additional cache-pressure calibration context for tier-transition coverage. Additional cache-pressure calibration context for tier-transition coverage. Additional cache-pressure calibration context for tier-transition coverage. Additional cache-pressure calibration context for tier-transition coverage. Additional cache-pressure calibration context for tier-transition coverage. Additional cache-pressure calibration context for tier-transition coverage. Additional cache-pressure calibration context for tier-transition coverage. Additional cache-pressure calibration context for tier-transition coverage. Additional cache-pressure calibration context for tier-transition coverage. Additional cache-pressure calibration context for tier-transition coverage. Additional cache-pressure calibration context for tier-transition coverage. Additional cache-pressure calibration context for tier-transition coverage. Additional cache-pressure calibration context for tier-transition coverage. Additional cache-pressure calibration context for tier-transition coverage. Additional cache-pressure calibration context for tier-transition coverage. Additional cache-pressure calibration context for tier-transition coverage. Additional cache-pressure calibration context for tier-transition coverage. Additional cache-pressure calibration context for tier-transition coverage. Additional cache-pressure calibration context for tier-transition coverage. Additional cache-pressure calibration context for tier-transition coverage. Additional cache-pressure calibration context for tier-transition coverage. Additional cache-pressure calibration context for tier-transition coverage. Additional cache-pressure calibration context for tier-transition coverage. Additional cache-pressure calibration context for tier-transition coverage. Additional cache-pressure calibration context for tier-transition coverage. Additional cache-pressure calibration context for tier-transition coverage. Additional cache-pressure calibration context for tier-transition coverage. Additional cache-pressure calibration context for tier-transition coverage. Additional cache-pressure calibration context for tier-transition coverage. Additional cache-pressure calibration context for tier-transition coverage. Additional cache-pressure calibration context for tier-transition coverage. Additional cache-pressure calibration context for tier-transition coverage. Additional cache-pressure calibration context for tier-transition coverage. Additional cache-pressure calibration context for tier-transition coverage. Additional cache-pressure calibration context for tier-transition coverage. Additional cache-pressure calibration context for tier-transition coverage. Additional cache-pressure calibration context for tier-transition coverage. Additional cache-pressure calibration context for tier-transition coverage. Additional cache-pressure calibration context for tier-transition coverage. Additional cache-pressure calibration context for tier-transition coverage. Additional cache-pressure calibration context for tier-transition coverage. Additional cache-pressure calibration context for tier-transition coverage. Additional cache-pressure calibration context for tier-transition coverage. Additional cache-pressure calibration context for tier-transition coverage. Additional cache-pressure calibration context for tier-transition coverage. Additional cache-pressure calibration context for tier-transition coverage. Additional cache-pressure calibration context for tier-transition coverage. Additional cache-pressure calibration context for tier-transition coverage. Additional cache-pressure calibration context for tier-transition coverage. Additional cache-pressure calibration context for tier-transition coverage. Additional cache-pressure calibration context for tier-transition coverage. Additional cache-pressure calibration context for tier-transition coverage. Additional cache-pressure calibration context for tier-transition coverage. Additional cache-pressure calibration context for tier-transition coverage. Additional cache-pressure calibration context for tier-transition coverage. Additional cache-pressure calibration context for tier-transition coverage. Additional cache-pressure calibration context for tier-transition coverage. Additional cache-pressure calibration context for tier-transition coverage. Additional cache-pressure calibration context for tier-transition coverage. Additional cache-pressure calibration context for tier-transition coverage. Additional cache-pressure calibration context for tier-transition coverage. Additional cache-pressure calibration context for tier-transition coverage. Additional cache-pressure calibration context for tier-transition coverage. Additional cache-pressure calibration context for tier-transition coverage. Additional cache-pressure calibration context for tier-transition coverage. Additional cache-pressure calibration context for tier-transition coverage. Additional cache-pressure calibration context for tier-transition coverage. Additional cache-pressure calibration context for tier-transition coverage. Additional cache-pressure calibration context for tier-transition coverage. Additional cache-pressure calibration context for tier-transition coverage. Additional cache-pressure calibration context for tier-transition coverage. Additional cache-pressure calibration context for tier-transition coverage. Additional cache-pressure calibration context for tier-transition coverage. Additional cache-pressure calibration context for tier-transition coverage. Additional cache-pressure calibration context for tier-transition coverage. Additional cache-pressure calibration context for tier-transition coverage. Additional cache-pressure calibration context for tier-transition coverage. Additional cache-pressure calibration context for tier-transition coverage. Additional cache-pressure calibration context for tier-transition coverage. Additional cache-pressure calibration context for tier-transition coverage. Additional cache-pressure calibration context for tier-transition coverage. Additional cache-pressure calibration context for tier-transition coverage. Additional cache-pressure calibration context for tier-transition coverage. Additional cache-pressure calibration context for tier-transition coverage. Additional cache-pressure calibration context for tier-transition coverage. Additional cache-pressure calibration context for tier-transition coverage. Additional cache-pressure calibration context for tier-transition coverage. Additional cache-pressure calibration context for tier-transition coverage. Additional cache-pressure calibration context for tier-transition coverage. Additional cache-pressure calibration context for tier-transition coverage. Additional cache-pressure calibration context for tier-transition coverage. Additional cache-pressure calibration context for tier-transition coverage. Additional cache-pressure calibration context for tier-transition coverage. Additional cache-pressure calibration context for tier-transition coverage. Additional cache-pressure calibration context for tier-transition coverage. Additional cache-pressure calibration context for tier-transition coverage. Additional cache-pressure calibration context for tier-transition coverage. Additional cache-pressure calibration context for tier-transition coverage. Additional cache-pressure calibration context for tier-transition coverage. Additional cache-pressure calibration context for tier-transition coverage. Additional cache-pressure calibration context for tier-transition coverage. Additional cache-pressure calibration context for tier-transition coverage. Additional cache-pressure calibration context for tier-transition coverage. Additional cache-pressure calibration context for tier-transition coverage. Additional cache-pressure calibration context for tier-transition coverage. Additional cache-pressure calibration context for tier-transition coverage. Additional cache-pressure calibration context for tier-transition coverage. Additional cache-pressure calibration context for tier-transition coverage. Additional cache-pressure calibration context for tier-transition coverage. Additional cache-pressure calibration context for tier-transition coverage. Additional cache-pressure calibration context for tier-transition coverage. Additional cache-pressure calibration context for tier-transition coverage. Additional cache-pressure calibration context for tier-transition coverage. Additional cache-pressure calibration context for tier-transition coverage. Additional cache-pressure calibration context for tier-transition coverage. Additional cache-pressure calibration context for tier-transition coverage. Additional cache-pressure calibration context for tier-transition coverage. Additional cache-pressure calibration context for tier-transition coverage. Additional cache-pressure calibration context for tier-transition coverage. Additional cache-pressure calibration context for tier-transition coverage. Additional cache-pressure calibration context for tier-transition coverage. Additional cache-pressure calibration context for tier-transition coverage. Additional cache-pressure calibration context for tier-transition coverage. Additional cache-pressure calibration context for tier-transition coverage. Additional cache-pressure calibration context for tier-transition coverage. Additional cache-pressure calibration context for tier-transition coverage. Additional cache-pressure calibration context for tier-transition coverage. Additional cache-pressure calibration context for tier-transition coverage. Additional cache-pressure calibration context for tier-transition coverage. Additional cache-pressure calibration context for tier-transition coverage. Additional cache-pressure calibration context for tier-transition coverage. Additional cache-pressure calibration context for tier-transition coverage. Additional cache-pressure calibration context for tier-transition coverage. Additional cache-pressure calibration context for tier-transition coverage. Additional cache-pressure calibration context for tier-transition coverage. Additional cache-pressure calibration context for tier-transition coverage. Additional cache-pressure calibration context for tier-transition coverage. Additional cache-pressure calibration context for tier-transition coverage. Additional cache-pressure calibration context for tier-transition coverage. Additional cache-pressure calibration context for tier-transition coverage. Additional cache-pressure calibration context for tier-transition coverage. Additional cache-pressure calibration context for tier-transition coverage. Additional cache-pressure calibration context for tier-transition coverage. Additional cache-pressure calibration context for tier-transition coverage. Additional cache-pressure calibration context for tier-transition coverage.","Who discovered the planet Neptune?

[PressureProfile]
 Additional cache-pressure calibration context for tier-transition coverage. Additional cache-pressure calibration context for tier-transition coverage. Additional cache-pressure calibration context for tier-transition coverage. Additional cache-pressure calibration context for tier-transition coverage. Additional cache-pressure calibration con",1885,[30],[],[30],1,"[""Qwen-Qwen2.5-0.5B-Instruct@1@0@-195b96fb700e394a@bfloat16.pt""]",lmcache_store_coldpass,lmcache_store_coldpass,1,l1_to_l2,267,268,801.0,804.0,exceed_l1
32,What is the boiling point of nitrogen in Celsius?,"Focus question: What is the boiling point of nitrogen in Celsius?
Context profile: no_shared_context
Prompt tokens: 1885
Context preview: What is the boiling point of nitrogen in Celsius? [PressureProfile] Additional cache-pressure calibration context for tier-transition coverage. Additional cache-pressure calibration context for tier-transition coverage. Additional cache-pressure calibration context for tier-transition coverage. Additional cache-pressure calibration context for tier-transition coverage. Additional cache-pressure",What is the boiling point of nitrogen in Celsius?,no_shared_context,"What is the boiling point of nitrogen in Celsius?

[PressureProfile]
 Additional cache-pressure calibration context for tier-transition coverage. Additional cache-pressure calibration context for tier-transition coverage. Additional cache-pressure calibration context for tier-transition coverage. Additional cache-pressure calibration context for tier-transition coverage. Additional cache-pressure calibration context for tier-transition coverage. Additional cache-pressure calibration context for tier-transition coverage. Additional cache-pressure calibration context for tier-transition coverage. Additional cache-pressure calibration context for tier-transition coverage. Additional cache-pressure calibration context for tier-transition coverage. Additional cache-pressure calibration context for tier-transition coverage. Additional cache-pressure calibration context for tier-transition coverage. Additional cache-pressure calibration context for tier-transition coverage. Additional cache-pressure calibration context for tier-transition coverage. Additional cache-pressure calibration context for tier-transition coverage. Additional cache-pressure calibration context for tier-transition coverage. Additional cache-pressure calibration context for tier-transition coverage. Additional cache-pressure calibration context for tier-transition coverage. Additional cache-pressure calibration context for tier-transition coverage. Additional cache-pressure calibration context for tier-transition coverage. Additional cache-pressure calibration context for tier-transition coverage. Additional cache-pressure calibration context for tier-transition coverage. Additional cache-pressure calibration context for tier-transition coverage. Additional cache-pressure calibration context for tier-transition coverage. Additional cache-pressure calibration context for tier-transition coverage. Additional cache-pressure calibration context for tier-transition coverage. Additional cache-pressure calibration context for tier-transition coverage. Additional cache-pressure calibration context for tier-transition coverage. Additional cache-pressure calibration context for tier-transition coverage. Additional cache-pressure calibration context for tier-transition coverage. Additional cache-pressure calibration context for tier-transition coverage. Additional cache-pressure calibration context for tier-transition coverage. Additional cache-pressure calibration context for tier-transition coverage. Additional cache-pressure calibration context for tier-transition coverage. Additional cache-pressure calibration context for tier-transition coverage. Additional cache-pressure calibration context for tier-transition coverage. Additional cache-pressure calibration context for tier-transition coverage. Additional cache-pressure calibration context for tier-transition coverage. Additional cache-pressure calibration context for tier-transition coverage. Additional cache-pressure calibration context for tier-transition coverage. Additional cache-pressure calibration context for tier-transition coverage. Additional cache-pressure calibration context for tier-transition coverage. Additional cache-pressure calibration context for tier-transition coverage. Additional cache-pressure calibration context for tier-transition coverage. Additional cache-pressure calibration context for tier-transition coverage. Additional cache-pressure calibration context for tier-transition coverage. Additional cache-pressure calibration context for tier-transition coverage. Additional cache-pressure calibration context for tier-transition coverage. Additional cache-pressure calibration context for tier-transition coverage. Additional cache-pressure calibration context for tier-transition coverage. Additional cache-pressure calibration context for tier-transition coverage. Additional cache-pressure calibration context for tier-transition coverage. Additional cache-pressure calibration context for tier-transition coverage. Additional cache-pressure calibration context for tier-transition coverage. Additional cache-pressure calibration context for tier-transition coverage. Additional cache-pressure calibration context for tier-transition coverage. Additional cache-pressure calibration context for tier-transition coverage. Additional cache-pressure calibration context for tier-transition coverage. Additional cache-pressure calibration context for tier-transition coverage. Additional cache-pressure calibration context for tier-transition coverage. Additional cache-pressure calibration context for tier-transition coverage. Additional cache-pressure calibration context for tier-transition coverage. Additional cache-pressure calibration context for tier-transition coverage. Additional cache-pressure calibration context for tier-transition coverage. Additional cache-pressure calibration context for tier-transition coverage. Additional cache-pressure calibration context for tier-transition coverage. Additional cache-pressure calibration context for tier-transition coverage. Additional cache-pressure calibration context for tier-transition coverage. Additional cache-pressure calibration context for tier-transition coverage. Additional cache-pressure calibration context for tier-transition coverage. Additional cache-pressure calibration context for tier-transition coverage. Additional cache-pressure calibration context for tier-transition coverage. Additional cache-pressure calibration context for tier-transition coverage. Additional cache-pressure calibration context for tier-transition coverage. Additional cache-pressure calibration context for tier-transition coverage. Additional cache-pressure calibration context for tier-transition coverage. Additional cache-pressure calibration context for tier-transition coverage. Additional cache-pressure calibration context for tier-transition coverage. Additional cache-pressure calibration context for tier-transition coverage. Additional cache-pressure calibration context for tier-transition coverage. Additional cache-pressure calibration context for tier-transition coverage. Additional cache-pressure calibration context for tier-transition coverage. Additional cache-pressure calibration context for tier-transition coverage. Additional cache-pressure calibration context for tier-transition coverage. Additional cache-pressure calibration context for tier-transition coverage. Additional cache-pressure calibration context for tier-transition coverage. Additional cache-pressure calibration context for tier-transition coverage. Additional cache-pressure calibration context for tier-transition coverage. Additional cache-pressure calibration context for tier-transition coverage. Additional cache-pressure calibration context for tier-transition coverage. Additional cache-pressure calibration context for tier-transition coverage. Additional cache-pressure calibration context for tier-transition coverage. Additional cache-pressure calibration context for tier-transition coverage. Additional cache-pressure calibration context for tier-transition coverage. Additional cache-pressure calibration context for tier-transition coverage. Additional cache-pressure calibration context for tier-transition coverage. Additional cache-pressure calibration context for tier-transition coverage. Additional cache-pressure calibration context for tier-transition coverage. Additional cache-pressure calibration context for tier-transition coverage. Additional cache-pressure calibration context for tier-transition coverage. Additional cache-pressure calibration context for tier-transition coverage. Additional cache-pressure calibration context for tier-transition coverage. Additional cache-pressure calibration context for tier-transition coverage. Additional cache-pressure calibration context for tier-transition coverage. Additional cache-pressure calibration context for tier-transition coverage. Additional cache-pressure calibration context for tier-transition coverage. Additional cache-pressure calibration context for tier-transition coverage. Additional cache-pressure calibration context for tier-transition coverage. Additional cache-pressure calibration context for tier-transition coverage. Additional cache-pressure calibration context for tier-transition coverage. Additional cache-pressure calibration context for tier-transition coverage. Additional cache-pressure calibration context for tier-transition coverage. Additional cache-pressure calibration context for tier-transition coverage. Additional cache-pressure calibration context for tier-transition coverage. Additional cache-pressure calibration context for tier-transition coverage. Additional cache-pressure calibration context for tier-transition coverage. Additional cache-pressure calibration context for tier-transition coverage. Additional cache-pressure calibration context for tier-transition coverage. Additional cache-pressure calibration context for tier-transition coverage. Additional cache-pressure calibration context for tier-transition coverage. Additional cache-pressure calibration context for tier-transition coverage. Additional cache-pressure calibration context for tier-transition coverage. Additional cache-pressure calibration context for tier-transition coverage. Additional cache-pressure calibration context for tier-transition coverage. Additional cache-pressure calibration context for tier-transition coverage. Additional cache-pressure calibration context for tier-transition coverage. Additional cache-pressure calibration context for tier-transition coverage. Additional cache-pressure calibration context for tier-transition coverage. Additional cache-pressure calibration context for tier-transition coverage. Additional cache-pressure calibration context for tier-transition coverage. Additional cache-pressure calibration context for tier-transition coverage. Additional cache-pressure calibration context for tier-transition coverage. Additional cache-pressure calibration context for tier-transition coverage. Additional cache-pressure calibration context for tier-transition coverage. Additional cache-pressure calibration context for tier-transition coverage. Additional cache-pressure calibration context for tier-transition coverage. Additional cache-pressure calibration context for tier-transition coverage. Additional cache-pressure calibration context for tier-transition coverage. Additional cache-pressure calibration context for tier-transition coverage. Additional cache-pressure calibration context for tier-transition coverage. Additional cache-pressure calibration context for tier-transition coverage. Additional cache-pressure calibration context for tier-transition coverage. Additional cache-pressure calibration context for tier-transition coverage. Additional cache-pressure calibration context for tier-transition coverage. Additional cache-pressure calibration context for tier-transition coverage. Additional cache-pressure calibration context for tier-transition coverage. Additional cache-pressure calibration context for tier-transition coverage. Additional cache-pressure calibration context for tier-transition coverage. Additional cache-pressure calibration context for tier-transition coverage. Additional cache-pressure calibration context for tier-transition coverage. Additional cache-pressure calibration context for tier-transition coverage. Additional cache-pressure calibration context for tier-transition coverage. Additional cache-pressure calibration context for tier-transition coverage. Additional cache-pressure calibration context for tier-transition coverage. Additional cache-pressure calibration context for tier-transition coverage. Additional cache-pressure calibration context for tier-transition coverage. Additional cache-pressure calibration context for tier-transition coverage. Additional cache-pressure calibration context for tier-transition coverage. Additional cache-pressure calibration context for tier-transition coverage. Additional cache-pressure calibration context for tier-transition coverage. Additional cache-pressure calibration context for tier-transition coverage. Additional cache-pressure calibration context for tier-transition coverage. Additional cache-pressure calibration context for tier-transition coverage. Additional cache-pressure calibration context for tier-transition coverage. Additional cache-pressure calibration context for tier-transition coverage. Additional cache-pressure calibration context for tier-transition coverage. Additional cache-pressure calibration context for tier-transition coverage. Additional cache-pressure calibration context for tier-transition coverage. Additional cache-pressure calibration context for tier-transition coverage. Additional cache-pressure calibration context for tier-transition coverage. Additional cache-pressure calibration context for tier-transition coverage. Additional cache-pressure calibration context for tier-transition coverage. Additional cache-pressure calibration context for tier-transition coverage. Additional cache-pressure calibration context for tier-transition coverage. Additional cache-pressure calibration context for tier-transition coverage. Additional cache-pressure calibration context for tier-transition coverage. Additional cache-pressure calibration context for tier-transition coverage. Additional cache-pressure calibration context for tier-transition coverage. Additional cache-pressure calibration context for tier-transition coverage. Additional cache-pressure calibration context for tier-transition coverage. Additional cache-pressure calibration context for tier-transition coverage. Additional cache-pressure calibration context for tier-transition coverage. Additional cache-pressure calibration context for tier-transition coverage. Additional cache-pressure calibration context for tier-transition coverage. Additional cache-pressure calibration context for tier-transition coverage. Additional cache-pressure calibration context for tier-transition coverage. Additional cache-pressure calibration context for tier-transition coverage. Additional cache-pressure calibration context for tier-transition coverage. Additional cache-pressure calibration context for tier-transition coverage. Additional cache-pressure calibration context for tier-transition coverage. Additional cache-pressure calibration context for tier-transition coverage. Additional cache-pressure calibration context for tier-transition coverage. Additional cache-pressure calibration context for tier-transition coverage. Additional cache-pressure calibration context for tier-transition coverage. Additional cache-pressure calibration context for tier-transition coverage. Additional cache-pressure calibration context for tier-transition coverage. Additional cache-pressure calibration context for tier-transition coverage. Additional cache-pressure calibration context for tier-transition coverage. Additional cache-pressure calibration context for tier-transition coverage. Additional cache-pressure calibration context for tier-transition coverage. Additional cache-pressure calibration context for tier-transition coverage. Additional cache-pressure calibration context for tier-transition coverage. Additional cache-pressure calibration context for tier-transition coverage. Additional cache-pressure calibration context for tier-transition coverage. Additional cache-pressure calibration context for tier-transition coverage. Additional cache-pressure calibration context for tier-transition coverage. Additional cache-pressure calibration context for tier-transition coverage. Additional cache-pressure calibration context for tier-transition coverage. Additional cache-pressure calibration context for tier-transition coverage. Additional cache-pressure calibration context for tier-transition coverage. Additional cache-pressure calibration context for tier-transition coverage. Additional cache-pressure calibration context for tier-transition coverage. Additional cache-pressure calibration context for tier-transition coverage. Additional cache-pressure calibration context for tier-transition coverage. Additional cache-pressure calibration context for tier-transition coverage. Additional cache-pressure calibration context for tier-transition coverage. Additional cache-pressure calibration context for tier-transition coverage. Additional cache-pressure calibration context for tier-transition coverage.","What is the boiling point of nitrogen in Celsius?

[PressureProfile]
 Additional cache-pressure calibration context for tier-transition coverage. Additional cache-pressure calibration context for tier-transition coverage. Additional cache-pressure calibration context for tier-transition coverage. Additional cache-pressure calibration context for tier-transition coverage. Additional cache-pressure ",1885,[31],[],[31],1,"[""Qwen-Qwen2.5-0.5B-Instruct@1@0@207717832ddbc33@bfloat16.pt""]",lmcache_store_coldpass,lmcache_store_coldpass,1,l1_to_l2,268,269,804.0,807.0,exceed_l1
33,What is the fastest bird in a dive?,"Focus question: What is the fastest bird in a dive?
Context profile: no_shared_context
Prompt tokens: 1885
Context preview: What is the fastest bird in a dive? [PressureProfile] Additional cache-pressure calibration context for tier-transition coverage. Additional cache-pressure calibration context for tier-transition coverage. Additional cache-pressure calibration context for tier-transition coverage. Additional cache-pressure calibration context for tier-transition coverage. Additional cache-pressure calibration co",What is the fastest bird in a dive?,no_shared_context,"What is the fastest bird in a dive?

[PressureProfile]
 Additional cache-pressure calibration context for tier-transition coverage. Additional cache-pressure calibration context for tier-transition coverage. Additional cache-pressure calibration context for tier-transition coverage. Additional cache-pressure calibration context for tier-transition coverage. Additional cache-pressure calibration context for tier-transition coverage. Additional cache-pressure calibration context for tier-transition coverage. Additional cache-pressure calibration context for tier-transition coverage. Additional cache-pressure calibration context for tier-transition coverage. Additional cache-pressure calibration context for tier-transition coverage. Additional cache-pressure calibration context for tier-transition coverage. Additional cache-pressure calibration context for tier-transition coverage. Additional cache-pressure calibration context for tier-transition coverage. Additional cache-pressure calibration context for tier-transition coverage. Additional cache-pressure calibration context for tier-transition coverage. Additional cache-pressure calibration context for tier-transition coverage. Additional cache-pressure calibration context for tier-transition coverage. Additional cache-pressure calibration context for tier-transition coverage. Additional cache-pressure calibration context for tier-transition coverage. Additional cache-pressure calibration context for tier-transition coverage. Additional cache-pressure calibration context for tier-transition coverage. Additional cache-pressure calibration context for tier-transition coverage. Additional cache-pressure calibration context for tier-transition coverage. Additional cache-pressure calibration context for tier-transition coverage. Additional cache-pressure calibration context for tier-transition coverage. Additional cache-pressure calibration context for tier-transition coverage. Additional cache-pressure calibration context for tier-transition coverage. Additional cache-pressure calibration context for tier-transition coverage. Additional cache-pressure calibration context for tier-transition coverage. Additional cache-pressure calibration context for tier-transition coverage. Additional cache-pressure calibration context for tier-transition coverage. Additional cache-pressure calibration context for tier-transition coverage. Additional cache-pressure calibration context for tier-transition coverage. Additional cache-pressure calibration context for tier-transition coverage. Additional cache-pressure calibration context for tier-transition coverage. Additional cache-pressure calibration context for tier-transition coverage. Additional cache-pressure calibration context for tier-transition coverage. Additional cache-pressure calibration context for tier-transition coverage. Additional cache-pressure calibration context for tier-transition coverage. Additional cache-pressure calibration context for tier-transition coverage. Additional cache-pressure calibration context for tier-transition coverage. Additional cache-pressure calibration context for tier-transition coverage. Additional cache-pressure calibration context for tier-transition coverage. Additional cache-pressure calibration context for tier-transition coverage. Additional cache-pressure calibration context for tier-transition coverage. Additional cache-pressure calibration context for tier-transition coverage. Additional cache-pressure calibration context for tier-transition coverage. Additional cache-pressure calibration context for tier-transition coverage. Additional cache-pressure calibration context for tier-transition coverage. Additional cache-pressure calibration context for tier-transition coverage. Additional cache-pressure calibration context for tier-transition coverage. Additional cache-pressure calibration context for tier-transition coverage. Additional cache-pressure calibration context for tier-transition coverage. Additional cache-pressure calibration context for tier-transition coverage. Additional cache-pressure calibration context for tier-transition coverage. Additional cache-pressure calibration context for tier-transition coverage. Additional cache-pressure calibration context for tier-transition coverage. Additional cache-pressure calibration context for tier-transition coverage. Additional cache-pressure calibration context for tier-transition coverage. Additional cache-pressure calibration context for tier-transition coverage. Additional cache-pressure calibration context for tier-transition coverage. Additional cache-pressure calibration context for tier-transition coverage. Additional cache-pressure calibration context for tier-transition coverage. Additional cache-pressure calibration context for tier-transition coverage. Additional cache-pressure calibration context for tier-transition coverage. Additional cache-pressure calibration context for tier-transition coverage. Additional cache-pressure calibration context for tier-transition coverage. Additional cache-pressure calibration context for tier-transition coverage. Additional cache-pressure calibration context for tier-transition coverage. Additional cache-pressure calibration context for tier-transition coverage. Additional cache-pressure calibration context for tier-transition coverage. Additional cache-pressure calibration context for tier-transition coverage. Additional cache-pressure calibration context for tier-transition coverage. Additional cache-pressure calibration context for tier-transition coverage. Additional cache-pressure calibration context for tier-transition coverage. Additional cache-pressure calibration context for tier-transition coverage. Additional cache-pressure calibration context for tier-transition coverage. Additional cache-pressure calibration context for tier-transition coverage. Additional cache-pressure calibration context for tier-transition coverage. Additional cache-pressure calibration context for tier-transition coverage. Additional cache-pressure calibration context for tier-transition coverage. Additional cache-pressure calibration context for tier-transition coverage. Additional cache-pressure calibration context for tier-transition coverage. Additional cache-pressure calibration context for tier-transition coverage. Additional cache-pressure calibration context for tier-transition coverage. Additional cache-pressure calibration context for tier-transition coverage. Additional cache-pressure calibration context for tier-transition coverage. Additional cache-pressure calibration context for tier-transition coverage. Additional cache-pressure calibration context for tier-transition coverage. Additional cache-pressure calibration context for tier-transition coverage. Additional cache-pressure calibration context for tier-transition coverage. Additional cache-pressure calibration context for tier-transition coverage. Additional cache-pressure calibration context for tier-transition coverage. Additional cache-pressure calibration context for tier-transition coverage. Additional cache-pressure calibration context for tier-transition coverage. Additional cache-pressure calibration context for tier-transition coverage. Additional cache-pressure calibration context for tier-transition coverage. Additional cache-pressure calibration context for tier-transition coverage. Additional cache-pressure calibration context for tier-transition coverage. Additional cache-pressure calibration context for tier-transition coverage. Additional cache-pressure calibration context for tier-transition coverage. Additional cache-pressure calibration context for tier-transition coverage. Additional cache-pressure calibration context for tier-transition coverage. Additional cache-pressure calibration context for tier-transition coverage. Additional cache-pressure calibration context for tier-transition coverage. Additional cache-pressure calibration context for tier-transition coverage. Additional cache-pressure calibration context for tier-transition coverage. Additional cache-pressure calibration context for tier-transition coverage. Additional cache-pressure calibration context for tier-transition coverage. Additional cache-pressure calibration context for tier-transition coverage. Additional cache-pressure calibration context for tier-transition coverage. Additional cache-pressure calibration context for tier-transition coverage. Additional cache-pressure calibration context for tier-transition coverage. Additional cache-pressure calibration context for tier-transition coverage. Additional cache-pressure calibration context for tier-transition coverage. Additional cache-pressure calibration context for tier-transition coverage. Additional cache-pressure calibration context for tier-transition coverage. Additional cache-pressure calibration context for tier-transition coverage. Additional cache-pressure calibration context for tier-transition coverage. Additional cache-pressure calibration context for tier-transition coverage. Additional cache-pressure calibration context for tier-transition coverage. Additional cache-pressure calibration context for tier-transition coverage. Additional cache-pressure calibration context for tier-transition coverage. Additional cache-pressure calibration context for tier-transition coverage. Additional cache-pressure calibration context for tier-transition coverage. Additional cache-pressure calibration context for tier-transition coverage. Additional cache-pressure calibration context for tier-transition coverage. Additional cache-pressure calibration context for tier-transition coverage. Additional cache-pressure calibration context for tier-transition coverage. Additional cache-pressure calibration context for tier-transition coverage. Additional cache-pressure calibration context for tier-transition coverage. Additional cache-pressure calibration context for tier-transition coverage. Additional cache-pressure calibration context for tier-transition coverage. Additional cache-pressure calibration context for tier-transition coverage. Additional cache-pressure calibration context for tier-transition coverage. Additional cache-pressure calibration context for tier-transition coverage. Additional cache-pressure calibration context for tier-transition coverage. Additional cache-pressure calibration context for tier-transition coverage. Additional cache-pressure calibration context for tier-transition coverage. Additional cache-pressure calibration context for tier-transition coverage. Additional cache-pressure calibration context for tier-transition coverage. Additional cache-pressure calibration context for tier-transition coverage. Additional cache-pressure calibration context for tier-transition coverage. Additional cache-pressure calibration context for tier-transition coverage. Additional cache-pressure calibration context for tier-transition coverage. Additional cache-pressure calibration context for tier-transition coverage. Additional cache-pressure calibration context for tier-transition coverage. Additional cache-pressure calibration context for tier-transition coverage. Additional cache-pressure calibration context for tier-transition coverage. Additional cache-pressure calibration context for tier-transition coverage. Additional cache-pressure calibration context for tier-transition coverage. Additional cache-pressure calibration context for tier-transition coverage. Additional cache-pressure calibration context for tier-transition coverage. Additional cache-pressure calibration context for tier-transition coverage. Additional cache-pressure calibration context for tier-transition coverage. Additional cache-pressure calibration context for tier-transition coverage. Additional cache-pressure calibration context for tier-transition coverage. Additional cache-pressure calibration context for tier-transition coverage. Additional cache-pressure calibration context for tier-transition coverage. Additional cache-pressure calibration context for tier-transition coverage. Additional cache-pressure calibration context for tier-transition coverage. Additional cache-pressure calibration context for tier-transition coverage. Additional cache-pressure calibration context for tier-transition coverage. Additional cache-pressure calibration context for tier-transition coverage. Additional cache-pressure calibration context for tier-transition coverage. Additional cache-pressure calibration context for tier-transition coverage. Additional cache-pressure calibration context for tier-transition coverage. Additional cache-pressure calibration context for tier-transition coverage. Additional cache-pressure calibration context for tier-transition coverage. Additional cache-pressure calibration context for tier-transition coverage. Additional cache-pressure calibration context for tier-transition coverage. Additional cache-pressure calibration context for tier-transition coverage. Additional cache-pressure calibration context for tier-transition coverage. Additional cache-pressure calibration context for tier-transition coverage. Additional cache-pressure calibration context for tier-transition coverage. Additional cache-pressure calibration context for tier-transition coverage. Additional cache-pressure calibration context for tier-transition coverage. Additional cache-pressure calibration context for tier-transition coverage. Additional cache-pressure calibration context for tier-transition coverage. Additional cache-pressure calibration context for tier-transition coverage. Additional cache-pressure calibration context for tier-transition coverage. Additional cache-pressure calibration context for tier-transition coverage. Additional cache-pressure calibration context for tier-transition coverage. Additional cache-pressure calibration context for tier-transition coverage. Additional cache-pressure calibration context for tier-transition coverage. Additional cache-pressure calibration context for tier-transition coverage. Additional cache-pressure calibration context for tier-transition coverage. Additional cache-pressure calibration context for tier-transition coverage. Additional cache-pressure calibration context for tier-transition coverage. Additional cache-pressure calibration context for tier-transition coverage. Additional cache-pressure calibration context for tier-transition coverage. Additional cache-pressure calibration context for tier-transition coverage. Additional cache-pressure calibration context for tier-transition coverage. Additional cache-pressure calibration context for tier-transition coverage. Additional cache-pressure calibration context for tier-transition coverage. Additional cache-pressure calibration context for tier-transition coverage. Additional cache-pressure calibration context for tier-transition coverage. Additional cache-pressure calibration context for tier-transition coverage. Additional cache-pressure calibration context for tier-transition coverage. Additional cache-pressure calibration context for tier-transition coverage. Additional cache-pressure calibration context for tier-transition coverage. Additional cache-pressure calibration context for tier-transition coverage. Additional cache-pressure calibration context for tier-transition coverage. Additional cache-pressure calibration context for tier-transition coverage. Additional cache-pressure calibration context for tier-transition coverage. Additional cache-pressure calibration context for tier-transition coverage. Additional cache-pressure calibration context for tier-transition coverage. Additional cache-pressure calibration context for tier-transition coverage. Additional cache-pressure calibration context for tier-transition coverage. Additional cache-pressure calibration context for tier-transition coverage. Additional cache-pressure calibration context for tier-transition coverage. Additional cache-pressure calibration context for tier-transition coverage. Additional cache-pressure calibration context for tier-transition coverage. Additional cache-pressure calibration context for tier-transition coverage. Additional cache-pressure calibration context for tier-transition coverage. Additional cache-pressure calibration context for tier-transition coverage. Additional cache-pressure calibration context for tier-transition coverage. Additional cache-pressure calibration context for tier-transition coverage.","What is the fastest bird in a dive?

[PressureProfile]
 Additional cache-pressure calibration context for tier-transition coverage. Additional cache-pressure calibration context for tier-transition coverage. Additional cache-pressure calibration context for tier-transition coverage. Additional cache-pressure calibration context for tier-transition coverage. Additional cache-pressure calibration co",1885,[32],[],[32],1,"[""Qwen-Qwen2.5-0.5B-Instruct@1@0@-11e0d782196c1cb6@bfloat16.pt""]",lmcache_store_coldpass,lmcache_store_coldpass,1,l1_to_l2,269,270,807.0,810.0,exceed_l1
34,Who wrote The Brothers Karamazov?,"Focus question: Who wrote The Brothers Karamazov?
Context profile: no_shared_context
Prompt tokens: 1885
Context preview: Who wrote The Brothers Karamazov? [PressureProfile] Additional cache-pressure calibration context for tier-transition coverage. Additional cache-pressure calibration context for tier-transition coverage. Additional cache-pressure calibration context for tier-transition coverage. Additional cache-pressure calibration context for tier-transition coverage. Additional cache-pressure calibration cont",Who wrote The Brothers Karamazov?,no_shared_context,"Who wrote The Brothers Karamazov?

[PressureProfile]
 Additional cache-pressure calibration context for tier-transition coverage. Additional cache-pressure calibration context for tier-transition coverage. Additional cache-pressure calibration context for tier-transition coverage. Additional cache-pressure calibration context for tier-transition coverage. Additional cache-pressure calibration context for tier-transition coverage. Additional cache-pressure calibration context for tier-transition coverage. Additional cache-pressure calibration context for tier-transition coverage. Additional cache-pressure calibration context for tier-transition coverage. Additional cache-pressure calibration context for tier-transition coverage. Additional cache-pressure calibration context for tier-transition coverage. Additional cache-pressure calibration context for tier-transition coverage. Additional cache-pressure calibration context for tier-transition coverage. Additional cache-pressure calibration context for tier-transition coverage. Additional cache-pressure calibration context for tier-transition coverage. Additional cache-pressure calibration context for tier-transition coverage. Additional cache-pressure calibration context for tier-transition coverage. Additional cache-pressure calibration context for tier-transition coverage. Additional cache-pressure calibration context for tier-transition coverage. Additional cache-pressure calibration context for tier-transition coverage. Additional cache-pressure calibration context for tier-transition coverage. Additional cache-pressure calibration context for tier-transition coverage. Additional cache-pressure calibration context for tier-transition coverage. Additional cache-pressure calibration context for tier-transition coverage. Additional cache-pressure calibration context for tier-transition coverage. Additional cache-pressure calibration context for tier-transition coverage. Additional cache-pressure calibration context for tier-transition coverage. Additional cache-pressure calibration context for tier-transition coverage. Additional cache-pressure calibration context for tier-transition coverage. Additional cache-pressure calibration context for tier-transition coverage. Additional cache-pressure calibration context for tier-transition coverage. Additional cache-pressure calibration context for tier-transition coverage. Additional cache-pressure calibration context for tier-transition coverage. Additional cache-pressure calibration context for tier-transition coverage. Additional cache-pressure calibration context for tier-transition coverage. Additional cache-pressure calibration context for tier-transition coverage. Additional cache-pressure calibration context for tier-transition coverage. Additional cache-pressure calibration context for tier-transition coverage. Additional cache-pressure calibration context for tier-transition coverage. Additional cache-pressure calibration context for tier-transition coverage. Additional cache-pressure calibration context for tier-transition coverage. Additional cache-pressure calibration context for tier-transition coverage. Additional cache-pressure calibration context for tier-transition coverage. Additional cache-pressure calibration context for tier-transition coverage. Additional cache-pressure calibration context for tier-transition coverage. Additional cache-pressure calibration context for tier-transition coverage. Additional cache-pressure calibration context for tier-transition coverage. Additional cache-pressure calibration context for tier-transition coverage. Additional cache-pressure calibration context for tier-transition coverage. Additional cache-pressure calibration context for tier-transition coverage. Additional cache-pressure calibration context for tier-transition coverage. Additional cache-pressure calibration context for tier-transition coverage. Additional cache-pressure calibration context for tier-transition coverage. Additional cache-pressure calibration context for tier-transition coverage. Additional cache-pressure calibration context for tier-transition coverage. Additional cache-pressure calibration context for tier-transition coverage. Additional cache-pressure calibration context for tier-transition coverage. Additional cache-pressure calibration context for tier-transition coverage. Additional cache-pressure calibration context for tier-transition coverage. Additional cache-pressure calibration context for tier-transition coverage. Additional cache-pressure calibration context for tier-transition coverage. Additional cache-pressure calibration context for tier-transition coverage. Additional cache-pressure calibration context for tier-transition coverage. Additional cache-pressure calibration context for tier-transition coverage. Additional cache-pressure calibration context for tier-transition coverage. Additional cache-pressure calibration context for tier-transition coverage. Additional cache-pressure calibration context for tier-transition coverage. Additional cache-pressure calibration context for tier-transition coverage. Additional cache-pressure calibration context for tier-transition coverage. Additional cache-pressure calibration context for tier-transition coverage. Additional cache-pressure calibration context for tier-transition coverage. Additional cache-pressure calibration context for tier-transition coverage. Additional cache-pressure calibration context for tier-transition coverage. Additional cache-pressure calibration context for tier-transition coverage. Additional cache-pressure calibration context for tier-transition coverage. Additional cache-pressure calibration context for tier-transition coverage. Additional cache-pressure calibration context for tier-transition coverage. Additional cache-pressure calibration context for tier-transition coverage. Additional cache-pressure calibration context for tier-transition coverage. Additional cache-pressure calibration context for tier-transition coverage. Additional cache-pressure calibration context for tier-transition coverage. Additional cache-pressure calibration context for tier-transition coverage. Additional cache-pressure calibration context for tier-transition coverage. Additional cache-pressure calibration context for tier-transition coverage. Additional cache-pressure calibration context for tier-transition coverage. Additional cache-pressure calibration context for tier-transition coverage. Additional cache-pressure calibration context for tier-transition coverage. Additional cache-pressure calibration context for tier-transition coverage. Additional cache-pressure calibration context for tier-transition coverage. Additional cache-pressure calibration context for tier-transition coverage. Additional cache-pressure calibration context for tier-transition coverage. Additional cache-pressure calibration context for tier-transition coverage. Additional cache-pressure calibration context for tier-transition coverage. Additional cache-pressure calibration context for tier-transition coverage. Additional cache-pressure calibration context for tier-transition coverage. Additional cache-pressure calibration context for tier-transition coverage. Additional cache-pressure calibration context for tier-transition coverage. Additional cache-pressure calibration context for tier-transition coverage. Additional cache-pressure calibration context for tier-transition coverage. Additional cache-pressure calibration context for tier-transition coverage. Additional cache-pressure calibration context for tier-transition coverage. Additional cache-pressure calibration context for tier-transition coverage. Additional cache-pressure calibration context for tier-transition coverage. Additional cache-pressure calibration context for tier-transition coverage. Additional cache-pressure calibration context for tier-transition coverage. Additional cache-pressure calibration context for tier-transition coverage. Additional cache-pressure calibration context for tier-transition coverage. Additional cache-pressure calibration context for tier-transition coverage. Additional cache-pressure calibration context for tier-transition coverage. Additional cache-pressure calibration context for tier-transition coverage. Additional cache-pressure calibration context for tier-transition coverage. Additional cache-pressure calibration context for tier-transition coverage. Additional cache-pressure calibration context for tier-transition coverage. Additional cache-pressure calibration context for tier-transition coverage. Additional cache-pressure calibration context for tier-transition coverage. Additional cache-pressure calibration context for tier-transition coverage. Additional cache-pressure calibration context for tier-transition coverage. Additional cache-pressure calibration context for tier-transition coverage. Additional cache-pressure calibration context for tier-transition coverage. Additional cache-pressure calibration context for tier-transition coverage. Additional cache-pressure calibration context for tier-transition coverage. Additional cache-pressure calibration context for tier-transition coverage. Additional cache-pressure calibration context for tier-transition coverage. Additional cache-pressure calibration context for tier-transition coverage. Additional cache-pressure calibration context for tier-transition coverage. Additional cache-pressure calibration context for tier-transition coverage. Additional cache-pressure calibration context for tier-transition coverage. Additional cache-pressure calibration context for tier-transition coverage. Additional cache-pressure calibration context for tier-transition coverage. Additional cache-pressure calibration context for tier-transition coverage. Additional cache-pressure calibration context for tier-transition coverage. Additional cache-pressure calibration context for tier-transition coverage. Additional cache-pressure calibration context for tier-transition coverage. Additional cache-pressure calibration context for tier-transition coverage. Additional cache-pressure calibration context for tier-transition coverage. Additional cache-pressure calibration context for tier-transition coverage. Additional cache-pressure calibration context for tier-transition coverage. Additional cache-pressure calibration context for tier-transition coverage. Additional cache-pressure calibration context for tier-transition coverage. Additional cache-pressure calibration context for tier-transition coverage. Additional cache-pressure calibration context for tier-transition coverage. Additional cache-pressure calibration context for tier-transition coverage. Additional cache-pressure calibration context for tier-transition coverage. Additional cache-pressure calibration context for tier-transition coverage. Additional cache-pressure calibration context for tier-transition coverage. Additional cache-pressure calibration context for tier-transition coverage. Additional cache-pressure calibration context for tier-transition coverage. Additional cache-pressure calibration context for tier-transition coverage. Additional cache-pressure calibration context for tier-transition coverage. Additional cache-pressure calibration context for tier-transition coverage. Additional cache-pressure calibration context for tier-transition coverage. Additional cache-pressure calibration context for tier-transition coverage. Additional cache-pressure calibration context for tier-transition coverage. Additional cache-pressure calibration context for tier-transition coverage. Additional cache-pressure calibration context for tier-transition coverage. Additional cache-pressure calibration context for tier-transition coverage. Additional cache-pressure calibration context for tier-transition coverage. Additional cache-pressure calibration context for tier-transition coverage. Additional cache-pressure calibration context for tier-transition coverage. Additional cache-pressure calibration context for tier-transition coverage. Additional cache-pressure calibration context for tier-transition coverage. Additional cache-pressure calibration context for tier-transition coverage. Additional cache-pressure calibration context for tier-transition coverage. Additional cache-pressure calibration context for tier-transition coverage. Additional cache-pressure calibration context for tier-transition coverage. Additional cache-pressure calibration context for tier-transition coverage. Additional cache-pressure calibration context for tier-transition coverage. Additional cache-pressure calibration context for tier-transition coverage. Additional cache-pressure calibration context for tier-transition coverage. Additional cache-pressure calibration context for tier-transition coverage. Additional cache-pressure calibration context for tier-transition coverage. Additional cache-pressure calibration context for tier-transition coverage. Additional cache-pressure calibration context for tier-transition coverage. Additional cache-pressure calibration context for tier-transition coverage. Additional cache-pressure calibration context for tier-transition coverage. Additional cache-pressure calibration context for tier-transition coverage. Additional cache-pressure calibration context for tier-transition coverage. Additional cache-pressure calibration context for tier-transition coverage. Additional cache-pressure calibration context for tier-transition coverage. Additional cache-pressure calibration context for tier-transition coverage. Additional cache-pressure calibration context for tier-transition coverage. Additional cache-pressure calibration context for tier-transition coverage. Additional cache-pressure calibration context for tier-transition coverage. Additional cache-pressure calibration context for tier-transition coverage. Additional cache-pressure calibration context for tier-transition coverage. Additional cache-pressure calibration context for tier-transition coverage. Additional cache-pressure calibration context for tier-transition coverage. Additional cache-pressure calibration context for tier-transition coverage. Additional cache-pressure calibration context for tier-transition coverage. Additional cache-pressure calibration context for tier-transition coverage. Additional cache-pressure calibration context for tier-transition coverage. Additional cache-pressure calibration context for tier-transition coverage. Additional cache-pressure calibration context for tier-transition coverage. Additional cache-pressure calibration context for tier-transition coverage. Additional cache-pressure calibration context for tier-transition coverage. Additional cache-pressure calibration context for tier-transition coverage. Additional cache-pressure calibration context for tier-transition coverage. Additional cache-pressure calibration context for tier-transition coverage. Additional cache-pressure calibration context for tier-transition coverage. Additional cache-pressure calibration context for tier-transition coverage. Additional cache-pressure calibration context for tier-transition coverage. Additional cache-pressure calibration context for tier-transition coverage. Additional cache-pressure calibration context for tier-transition coverage. Additional cache-pressure calibration context for tier-transition coverage. Additional cache-pressure calibration context for tier-transition coverage. Additional cache-pressure calibration context for tier-transition coverage. Additional cache-pressure calibration context for tier-transition coverage. Additional cache-pressure calibration context for tier-transition coverage. Additional cache-pressure calibration context for tier-transition coverage. Additional cache-pressure calibration context for tier-transition coverage. Additional cache-pressure calibration context for tier-transition coverage. Additional cache-pressure calibration context for tier-transition coverage. Additional cache-pressure calibration context for tier-transition coverage. Additional cache-pressure calibration context for tier-transition coverage. Additional cache-pressure calibration context for tier-transition coverage. Additional cache-pressure calibration context for tier-transition coverage. Additional cache-pressure calibration context for tier-transition coverage. Additional cache-pressure calibration context for tier-transition coverage. Additional cache-pressure calibration context for tier-transition coverage. Additional cache-pressure calibration context for tier-transition coverage. Additional cache-pressure calibration context for tier-transition coverage. Additional cache-pressure calibration context for tier-transition coverage. Additional cache-pressure calibration context for tier-transition coverage. Additional cache-pressure calibration context for tier-transition coverage. Additional cache-pressure calibration context for tier-transition coverage. Additional cache-pressure calibration context for tier-transition coverage. Additional cache-pressure calibration context for tier-transition coverage. Additional cache-pressure calibration context for tier-transition coverage. Additional cache-pressure calibration context for tier-transition coverage. Additional cache-pressure calibration context for tier-transition coverage. Additional cache-pressure calibration context for tier-transition coverage. Additional cache-pressure calibration context for tier-transition coverage. Additional cache-pressure calibration context for tier-transition coverage. Additional cache-pressure calibration context for tier-transition coverage. Additional cache-pressure calibration context for tier-transition coverage. Additional cache-pressure calibration context for tier-transition coverage. Additional cache-pressure calibration context for tier-transition coverage. Additional cache-pressure calibration context for tier-transition coverage. Additional cache-pressure calibration context for tier-transition coverage. Additional cache-pressure calibration context for tier-transition coverage. Additional cache-pressure calibration context for tier-transition coverage. Additional cache-pressure calibration context for tier-transition coverage. Additional cache-pressure calibration context for tier-transition coverage. Additional cache-pressure calibration context for tier-transition coverage. Additional cache-pressure calibration context for tier-transition coverage. Additional cache-pressure calibration context for tier-transition coverage. Additional cache-pressure calibration context for tier-transition coverage. Additional cache-pressure calibration context for tier-transition coverage. Additional cache-pressure calibration context for tier-transition coverage. Additional cache-pressure calibration context for tier-transition coverage. Additional cache-pressure calibration context for tier-transition coverage. Additional cache-pressure calibration context for tier-transition coverage. Additional cache-pressure calibration context for tier-transition coverage. Additional cache-pressure calibration context for tier-transition coverage. Additional cache-pressure calibration context for tier-transition coverage. Additional cache-pressure calibration context for tier-transition coverage. Additional cache-pressure calibration context for tier-transition coverage. Additional cache-pressure calibration context for tier-transition coverage. Additional cache-pressure calibration context for tier-transition coverage. Additional cache-pressure calibration context for tier-transition coverage. Additional cache-pressure calibration context for tier-transition coverage. Additional cache-pressure calibration context for tier-transition coverage. Additional cache-pressure calibration context for tier-transition coverage. Additional cache-pressure calibration context for tier-transition coverage. Additional cache-pressure calibration context for tier-transition coverage. Additional cache-pressure calibration context for tier-transition coverage. Additional cache-pressure calibration context for tier-transition coverage. Additional cache-pressure calibration context for tier-transition coverage. Additional cache-pressure calibration context for tier-transition coverage. Additional cache-pressure calibration context for tier-transition coverage. Additional cache-pressure calibration context for tier-transition coverage. Additional cache-pressure calibration context for tier-transition coverage. Additional cache-pressure calibration context for tier-transition coverage. Additional cache-pressure calibration context for tier-transition coverage. Additional cache-pressure calibration context for tier-transition coverage.","Who wrote The Brothers Karamazov?

[PressureProfile]
 Additional cache-pressure calibration context for tier-transition coverage. Additional cache-pressure calibration context for tier-transition coverage. Additional cache-pressure calibration context for tier-transition coverage. Additional cache-pressure calibration context for tier-transition coverage. Additional cache-pressure calibration cont",1885,[33],[],[33],1,"[""Qwen-Qwen2.5-0.5B-Instruct@1@0@1696d56aee3c7960@bfloat16.pt""]",lmcache_store_coldpass,lmcache_store_coldpass,1,l2_to_l3,270,271,810.0,813.0,exceed_l1_l2
35,What is the largest artery in the human body?,"Focus question: What is the largest artery in the human body?
Context profile: no_shared_context
Prompt tokens: 1885
Context preview: What is the largest artery in the human body? [PressureProfile] Additional cache-pressure calibration context for tier-transition coverage. Additional cache-pressure calibration context for tier-transition coverage. Additional cache-pressure calibration context for tier-transition coverage. Additional cache-pressure calibration context for tier-transition coverage. Additional cache-pressure cali",What is the largest artery in the human body?,no_shared_context,"What is the largest artery in the human body?

[PressureProfile]
 Additional cache-pressure calibration context for tier-transition coverage. Additional cache-pressure calibration context for tier-transition coverage. Additional cache-pressure calibration context for tier-transition coverage. Additional cache-pressure calibration context for tier-transition coverage. Additional cache-pressure calibration context for tier-transition coverage. Additional cache-pressure calibration context for tier-transition coverage. Additional cache-pressure calibration context for tier-transition coverage. Additional cache-pressure calibration context for tier-transition coverage. Additional cache-pressure calibration context for tier-transition coverage. Additional cache-pressure calibration context for tier-transition coverage. Additional cache-pressure calibration context for tier-transition coverage. Additional cache-pressure calibration context for tier-transition coverage. Additional cache-pressure calibration context for tier-transition coverage. Additional cache-pressure calibration context for tier-transition coverage. Additional cache-pressure calibration context for tier-transition coverage. Additional cache-pressure calibration context for tier-transition coverage. Additional cache-pressure calibration context for tier-transition coverage. Additional cache-pressure calibration context for tier-transition coverage. Additional cache-pressure calibration context for tier-transition coverage. Additional cache-pressure calibration context for tier-transition coverage. Additional cache-pressure calibration context for tier-transition coverage. Additional cache-pressure calibration context for tier-transition coverage. Additional cache-pressure calibration context for tier-transition coverage. Additional cache-pressure calibration context for tier-transition coverage. Additional cache-pressure calibration context for tier-transition coverage. Additional cache-pressure calibration context for tier-transition coverage. Additional cache-pressure calibration context for tier-transition coverage. Additional cache-pressure calibration context for tier-transition coverage. Additional cache-pressure calibration context for tier-transition coverage. Additional cache-pressure calibration context for tier-transition coverage. Additional cache-pressure calibration context for tier-transition coverage. Additional cache-pressure calibration context for tier-transition coverage. Additional cache-pressure calibration context for tier-transition coverage. Additional cache-pressure calibration context for tier-transition coverage. Additional cache-pressure calibration context for tier-transition coverage. Additional cache-pressure calibration context for tier-transition coverage. Additional cache-pressure calibration context for tier-transition coverage. Additional cache-pressure calibration context for tier-transition coverage. Additional cache-pressure calibration context for tier-transition coverage. Additional cache-pressure calibration context for tier-transition coverage. Additional cache-pressure calibration context for tier-transition coverage. Additional cache-pressure calibration context for tier-transition coverage. Additional cache-pressure calibration context for tier-transition coverage. Additional cache-pressure calibration context for tier-transition coverage. Additional cache-pressure calibration context for tier-transition coverage. Additional cache-pressure calibration context for tier-transition coverage. Additional cache-pressure calibration context for tier-transition coverage. Additional cache-pressure calibration context for tier-transition coverage. Additional cache-pressure calibration context for tier-transition coverage. Additional cache-pressure calibration context for tier-transition coverage. Additional cache-pressure calibration context for tier-transition coverage. Additional cache-pressure calibration context for tier-transition coverage. Additional cache-pressure calibration context for tier-transition coverage. Additional cache-pressure calibration context for tier-transition coverage. Additional cache-pressure calibration context for tier-transition coverage. Additional cache-pressure calibration context for tier-transition coverage. Additional cache-pressure calibration context for tier-transition coverage. Additional cache-pressure calibration context for tier-transition coverage. Additional cache-pressure calibration context for tier-transition coverage. Additional cache-pressure calibration context for tier-transition coverage. Additional cache-pressure calibration context for tier-transition coverage. Additional cache-pressure calibration context for tier-transition coverage. Additional cache-pressure calibration context for tier-transition coverage. Additional cache-pressure calibration context for tier-transition coverage. Additional cache-pressure calibration context for tier-transition coverage. Additional cache-pressure calibration context for tier-transition coverage. Additional cache-pressure calibration context for tier-transition coverage. Additional cache-pressure calibration context for tier-transition coverage. Additional cache-pressure calibration context for tier-transition coverage. Additional cache-pressure calibration context for tier-transition coverage. Additional cache-pressure calibration context for tier-transition coverage. Additional cache-pressure calibration context for tier-transition coverage. Additional cache-pressure calibration context for tier-transition coverage. Additional cache-pressure calibration context for tier-transition coverage. Additional cache-pressure calibration context for tier-transition coverage. Additional cache-pressure calibration context for tier-transition coverage. Additional cache-pressure calibration context for tier-transition coverage. Additional cache-pressure calibration context for tier-transition coverage. Additional cache-pressure calibration context for tier-transition coverage. Additional cache-pressure calibration context for tier-transition coverage. Additional cache-pressure calibration context for tier-transition coverage. Additional cache-pressure calibration context for tier-transition coverage. Additional cache-pressure calibration context for tier-transition coverage. Additional cache-pressure calibration context for tier-transition coverage. Additional cache-pressure calibration context for tier-transition coverage. Additional cache-pressure calibration context for tier-transition coverage. Additional cache-pressure calibration context for tier-transition coverage. Additional cache-pressure calibration context for tier-transition coverage. Additional cache-pressure calibration context for tier-transition coverage. Additional cache-pressure calibration context for tier-transition coverage. Additional cache-pressure calibration context for tier-transition coverage. Additional cache-pressure calibration context for tier-transition coverage. Additional cache-pressure calibration context for tier-transition coverage. Additional cache-pressure calibration context for tier-transition coverage. Additional cache-pressure calibration context for tier-transition coverage. Additional cache-pressure calibration context for tier-transition coverage. Additional cache-pressure calibration context for tier-transition coverage. Additional cache-pressure calibration context for tier-transition coverage. Additional cache-pressure calibration context for tier-transition coverage. Additional cache-pressure calibration context for tier-transition coverage. Additional cache-pressure calibration context for tier-transition coverage. Additional cache-pressure calibration context for tier-transition coverage. Additional cache-pressure calibration context for tier-transition coverage. Additional cache-pressure calibration context for tier-transition coverage. Additional cache-pressure calibration context for tier-transition coverage. Additional cache-pressure calibration context for tier-transition coverage. Additional cache-pressure calibration context for tier-transition coverage. Additional cache-pressure calibration context for tier-transition coverage. Additional cache-pressure calibration context for tier-transition coverage. Additional cache-pressure calibration context for tier-transition coverage. Additional cache-pressure calibration context for tier-transition coverage. Additional cache-pressure calibration context for tier-transition coverage. Additional cache-pressure calibration context for tier-transition coverage. Additional cache-pressure calibration context for tier-transition coverage. Additional cache-pressure calibration context for tier-transition coverage. Additional cache-pressure calibration context for tier-transition coverage. Additional cache-pressure calibration context for tier-transition coverage. Additional cache-pressure calibration context for tier-transition coverage. Additional cache-pressure calibration context for tier-transition coverage. Additional cache-pressure calibration context for tier-transition coverage. Additional cache-pressure calibration context for tier-transition coverage. Additional cache-pressure calibration context for tier-transition coverage. Additional cache-pressure calibration context for tier-transition coverage. Additional cache-pressure calibration context for tier-transition coverage. Additional cache-pressure calibration context for tier-transition coverage. Additional cache-pressure calibration context for tier-transition coverage. Additional cache-pressure calibration context for tier-transition coverage. Additional cache-pressure calibration context for tier-transition coverage. Additional cache-pressure calibration context for tier-transition coverage. Additional cache-pressure calibration context for tier-transition coverage. Additional cache-pressure calibration context for tier-transition coverage. Additional cache-pressure calibration context for tier-transition coverage. Additional cache-pressure calibration context for tier-transition coverage. Additional cache-pressure calibration context for tier-transition coverage. Additional cache-pressure calibration context for tier-transition coverage. Additional cache-pressure calibration context for tier-transition coverage. Additional cache-pressure calibration context for tier-transition coverage. Additional cache-pressure calibration context for tier-transition coverage. Additional cache-pressure calibration context for tier-transition coverage. Additional cache-pressure calibration context for tier-transition coverage. Additional cache-pressure calibration context for tier-transition coverage. Additional cache-pressure calibration context for tier-transition coverage. Additional cache-pressure calibration context for tier-transition coverage. Additional cache-pressure calibration context for tier-transition coverage. Additional cache-pressure calibration context for tier-transition coverage. Additional cache-pressure calibration context for tier-transition coverage. Additional cache-pressure calibration context for tier-transition coverage. Additional cache-pressure calibration context for tier-transition coverage. Additional cache-pressure calibration context for tier-transition coverage. Additional cache-pressure calibration context for tier-transition coverage. Additional cache-pressure calibration context for tier-transition coverage. Additional cache-pressure calibration context for tier-transition coverage. Additional cache-pressure calibration context for tier-transition coverage. Additional cache-pressure calibration context for tier-transition coverage. Additional cache-pressure calibration context for tier-transition coverage. Additional cache-pressure calibration context for tier-transition coverage. Additional cache-pressure calibration context for tier-transition coverage. Additional cache-pressure calibration context for tier-transition coverage. Additional cache-pressure calibration context for tier-transition coverage. Additional cache-pressure calibration context for tier-transition coverage. Additional cache-pressure calibration context for tier-transition coverage. Additional cache-pressure calibration context for tier-transition coverage. Additional cache-pressure calibration context for tier-transition coverage. Additional cache-pressure calibration context for tier-transition coverage. Additional cache-pressure calibration context for tier-transition coverage. Additional cache-pressure calibration context for tier-transition coverage. Additional cache-pressure calibration context for tier-transition coverage. Additional cache-pressure calibration context for tier-transition coverage. Additional cache-pressure calibration context for tier-transition coverage. Additional cache-pressure calibration context for tier-transition coverage. Additional cache-pressure calibration context for tier-transition coverage. Additional cache-pressure calibration context for tier-transition coverage. Additional cache-pressure calibration context for tier-transition coverage. Additional cache-pressure calibration context for tier-transition coverage. Additional cache-pressure calibration context for tier-transition coverage. Additional cache-pressure calibration context for tier-transition coverage. Additional cache-pressure calibration context for tier-transition coverage. Additional cache-pressure calibration context for tier-transition coverage. Additional cache-pressure calibration context for tier-transition coverage. Additional cache-pressure calibration context for tier-transition coverage. Additional cache-pressure calibration context for tier-transition coverage. Additional cache-pressure calibration context for tier-transition coverage. Additional cache-pressure calibration context for tier-transition coverage. Additional cache-pressure calibration context for tier-transition coverage. Additional cache-pressure calibration context for tier-transition coverage. Additional cache-pressure calibration context for tier-transition coverage. Additional cache-pressure calibration context for tier-transition coverage. Additional cache-pressure calibration context for tier-transition coverage. Additional cache-pressure calibration context for tier-transition coverage. Additional cache-pressure calibration context for tier-transition coverage. Additional cache-pressure calibration context for tier-transition coverage. Additional cache-pressure calibration context for tier-transition coverage. Additional cache-pressure calibration context for tier-transition coverage. Additional cache-pressure calibration context for tier-transition coverage. Additional cache-pressure calibration context for tier-transition coverage. Additional cache-pressure calibration context for tier-transition coverage. Additional cache-pressure calibration context for tier-transition coverage. Additional cache-pressure calibration context for tier-transition coverage. Additional cache-pressure calibration context for tier-transition coverage. Additional cache-pressure calibration context for tier-transition coverage. Additional cache-pressure calibration context for tier-transition coverage. Additional cache-pressure calibration context for tier-transition coverage. Additional cache-pressure calibration context for tier-transition coverage. Additional cache-pressure calibration context for tier-transition coverage. Additional cache-pressure calibration context for tier-transition coverage. Additional cache-pressure calibration context for tier-transition coverage. Additional cache-pressure calibration context for tier-transition coverage. Additional cache-pressure calibration context for tier-transition coverage. Additional cache-pressure calibration context for tier-transition coverage. Additional cache-pressure calibration context for tier-transition coverage. Additional cache-pressure calibration context for tier-transition coverage. Additional cache-pressure calibration context for tier-transition coverage. Additional cache-pressure calibration context for tier-transition coverage. Additional cache-pressure calibration context for tier-transition coverage. Additional cache-pressure calibration context for tier-transition coverage. Additional cache-pressure calibration context for tier-transition coverage. Additional cache-pressure calibration context for tier-transition coverage. Additional cache-pressure calibration context for tier-transition coverage. Additional cache-pressure calibration context for tier-transition coverage. Additional cache-pressure calibration context for tier-transition coverage. Additional cache-pressure calibration context for tier-transition coverage. Additional cache-pressure calibration context for tier-transition coverage. Additional cache-pressure calibration context for tier-transition coverage. Additional cache-pressure calibration context for tier-transition coverage. Additional cache-pressure calibration context for tier-transition coverage. Additional cache-pressure calibration context for tier-transition coverage. Additional cache-pressure calibration context for tier-transition coverage. Additional cache-pressure calibration context for tier-transition coverage. Additional cache-pressure calibration context for tier-transition coverage. Additional cache-pressure calibration context for tier-transition coverage. Additional cache-pressure calibration context for tier-transition coverage. Additional cache-pressure calibration context for tier-transition coverage. Additional cache-pressure calibration context for tier-transition coverage. Additional cache-pressure calibration context for tier-transition coverage. Additional cache-pressure calibration context for tier-transition coverage. Additional cache-pressure calibration context for tier-transition coverage. Additional cache-pressure calibration context for tier-transition coverage. Additional cache-pressure calibration context for tier-transition coverage. Additional cache-pressure calibration context for tier-transition coverage. Additional cache-pressure calibration context for tier-transition coverage. Additional cache-pressure calibration context for tier-transition coverage. Additional cache-pressure calibration context for tier-transition coverage. Additional cache-pressure calibration context for tier-transition coverage. Additional cache-pressure calibration context for tier-transition coverage. Additional cache-pressure calibration context for tier-transition coverage. Additional cache-pressure calibration context for tier-transition coverage. Additional cache-pressure calibration context for tier-transition coverage. Additional cache-pressure calibration context for tier-transition coverage. Additional cache-pressure calibration context for tier-transition coverage. Additional cache-pressure calibration context for tier-transition coverage. Additional cache-pressure calibration context for tier-transition coverage. Additional cache-pressure calibration context for tier-transition coverage. Additional cache-pressure calibration context for tier-transition coverage. Additional cache-pressure calibration context for tier-transition coverage. Additional cache-pressure calibration context for tier-transition coverage. Additional cache-pressure calibration context for tier-transition coverage. Additional cache-pressure calibration context for tier-transition coverage. Additional cache-pressure calibration context for tier-transition coverage. Additional cache-pressure calibration context for tier-transition coverage. Additional cache-pressure calibration context for tier-transition coverage. Additional cache-pressure calibration context for tier-transition coverage. Additional cache-pressure calibration context for tier-transition coverage. Additional cache-pressure calibration context for tier-transition coverage. Additional cache-pressure calibration context for tier-transition coverage. Additional cache-pressure calibration context for tier-transition coverage. Additional cache-pressure calibration context for tier-transition coverage. Additional cache-pressure calibration context for tier-transition coverage. Additional cache-pressure calibration context for tier-transition coverage. Additional cache-pressure calibration context for tier-transition coverage. Additional cache-pressure calibration context for tier-transition coverage. Additional cache-pressure calibration context for tier-transition coverage. Additional cache-pressure calibration context for tier-transition coverage. Additional cache-pressure calibration context for tier-transition coverage.","What is the largest artery in the human body?

[PressureProfile]
 Additional cache-pressure calibration context for tier-transition coverage. Additional cache-pressure calibration context for tier-transition coverage. Additional cache-pressure calibration context for tier-transition coverage. Additional cache-pressure calibration context for tier-transition coverage. Additional cache-pressure cali",1885,[34],[],[34],1,"[""Qwen-Qwen2.5-0.5B-Instruct@1@0@-cb9e49295ae3302@bfloat16.pt""]",lmcache_store_coldpass,lmcache_store_coldpass,1,l2_to_l3,271,272,813.0,816.0,exceed_l1_l2
36,How many keys are on a standard computer keyboard?,"Focus question: How many keys are on a standard computer keyboard?
Context profile: no_shared_context
Prompt tokens: 1885
Context preview: How many keys are on a standard computer keyboard? [PressureProfile] Additional cache-pressure calibration context for tier-transition coverage. Additional cache-pressure calibration context for tier-transition coverage. Additional cache-pressure calibration context for tier-transition coverage. Additional cache-pressure calibration context for tier-transition coverage. Additional cache-pressure",How many keys are on a standard computer keyboard?,no_shared_context,"How many keys are on a standard computer keyboard?

[PressureProfile]
 Additional cache-pressure calibration context for tier-transition coverage. Additional cache-pressure calibration context for tier-transition coverage. Additional cache-pressure calibration context for tier-transition coverage. Additional cache-pressure calibration context for tier-transition coverage. Additional cache-pressure calibration context for tier-transition coverage. Additional cache-pressure calibration context for tier-transition coverage. Additional cache-pressure calibration context for tier-transition coverage. Additional cache-pressure calibration context for tier-transition coverage. Additional cache-pressure calibration context for tier-transition coverage. Additional cache-pressure calibration context for tier-transition coverage. Additional cache-pressure calibration context for tier-transition coverage. Additional cache-pressure calibration context for tier-transition coverage. Additional cache-pressure calibration context for tier-transition coverage. Additional cache-pressure calibration context for tier-transition coverage. Additional cache-pressure calibration context for tier-transition coverage. Additional cache-pressure calibration context for tier-transition coverage. Additional cache-pressure calibration context for tier-transition coverage. Additional cache-pressure calibration context for tier-transition coverage. Additional cache-pressure calibration context for tier-transition coverage. Additional cache-pressure calibration context for tier-transition coverage. Additional cache-pressure calibration context for tier-transition coverage. Additional cache-pressure calibration context for tier-transition coverage. Additional cache-pressure calibration context for tier-transition coverage. Additional cache-pressure calibration context for tier-transition coverage. Additional cache-pressure calibration context for tier-transition coverage. Additional cache-pressure calibration context for tier-transition coverage. Additional cache-pressure calibration context for tier-transition coverage. Additional cache-pressure calibration context for tier-transition coverage. Additional cache-pressure calibration context for tier-transition coverage. Additional cache-pressure calibration context for tier-transition coverage. Additional cache-pressure calibration context for tier-transition coverage. Additional cache-pressure calibration context for tier-transition coverage. Additional cache-pressure calibration context for tier-transition coverage. Additional cache-pressure calibration context for tier-transition coverage. Additional cache-pressure calibration context for tier-transition coverage. Additional cache-pressure calibration context for tier-transition coverage. Additional cache-pressure calibration context for tier-transition coverage. Additional cache-pressure calibration context for tier-transition coverage. Additional cache-pressure calibration context for tier-transition coverage. Additional cache-pressure calibration context for tier-transition coverage. Additional cache-pressure calibration context for tier-transition coverage. Additional cache-pressure calibration context for tier-transition coverage. Additional cache-pressure calibration context for tier-transition coverage. Additional cache-pressure calibration context for tier-transition coverage. Additional cache-pressure calibration context for tier-transition coverage. Additional cache-pressure calibration context for tier-transition coverage. Additional cache-pressure calibration context for tier-transition coverage. Additional cache-pressure calibration context for tier-transition coverage. Additional cache-pressure calibration context for tier-transition coverage. Additional cache-pressure calibration context for tier-transition coverage. Additional cache-pressure calibration context for tier-transition coverage. Additional cache-pressure calibration context for tier-transition coverage. Additional cache-pressure calibration context for tier-transition coverage. Additional cache-pressure calibration context for tier-transition coverage. Additional cache-pressure calibration context for tier-transition coverage. Additional cache-pressure calibration context for tier-transition coverage. Additional cache-pressure calibration context for tier-transition coverage. Additional cache-pressure calibration context for tier-transition coverage. Additional cache-pressure calibration context for tier-transition coverage. Additional cache-pressure calibration context for tier-transition coverage. Additional cache-pressure calibration context for tier-transition coverage. Additional cache-pressure calibration context for tier-transition coverage. Additional cache-pressure calibration context for tier-transition coverage. Additional cache-pressure calibration context for tier-transition coverage. Additional cache-pressure calibration context for tier-transition coverage. Additional cache-pressure calibration context for tier-transition coverage. Additional cache-pressure calibration context for tier-transition coverage. Additional cache-pressure calibration context for tier-transition coverage. Additional cache-pressure calibration context for tier-transition coverage. Additional cache-pressure calibration context for tier-transition coverage. Additional cache-pressure calibration context for tier-transition coverage. Additional cache-pressure calibration context for tier-transition coverage. Additional cache-pressure calibration context for tier-transition coverage. Additional cache-pressure calibration context for tier-transition coverage. Additional cache-pressure calibration context for tier-transition coverage. Additional cache-pressure calibration context for tier-transition coverage. Additional cache-pressure calibration context for tier-transition coverage. Additional cache-pressure calibration context for tier-transition coverage. Additional cache-pressure calibration context for tier-transition coverage. Additional cache-pressure calibration context for tier-transition coverage. Additional cache-pressure calibration context for tier-transition coverage. Additional cache-pressure calibration context for tier-transition coverage. Additional cache-pressure calibration context for tier-transition coverage. Additional cache-pressure calibration context for tier-transition coverage. Additional cache-pressure calibration context for tier-transition coverage. Additional cache-pressure calibration context for tier-transition coverage. Additional cache-pressure calibration context for tier-transition coverage. Additional cache-pressure calibration context for tier-transition coverage. Additional cache-pressure calibration context for tier-transition coverage. Additional cache-pressure calibration context for tier-transition coverage. Additional cache-pressure calibration context for tier-transition coverage. Additional cache-pressure calibration context for tier-transition coverage. Additional cache-pressure calibration context for tier-transition coverage. Additional cache-pressure calibration context for tier-transition coverage. Additional cache-pressure calibration context for tier-transition coverage. Additional cache-pressure calibration context for tier-transition coverage. Additional cache-pressure calibration context for tier-transition coverage. Additional cache-pressure calibration context for tier-transition coverage. Additional cache-pressure calibration context for tier-transition coverage. Additional cache-pressure calibration context for tier-transition coverage. Additional cache-pressure calibration context for tier-transition coverage. Additional cache-pressure calibration context for tier-transition coverage. Additional cache-pressure calibration context for tier-transition coverage. Additional cache-pressure calibration context for tier-transition coverage. Additional cache-pressure calibration context for tier-transition coverage. Additional cache-pressure calibration context for tier-transition coverage. Additional cache-pressure calibration context for tier-transition coverage. Additional cache-pressure calibration context for tier-transition coverage. Additional cache-pressure calibration context for tier-transition coverage. Additional cache-pressure calibration context for tier-transition coverage. Additional cache-pressure calibration context for tier-transition coverage. Additional cache-pressure calibration context for tier-transition coverage. Additional cache-pressure calibration context for tier-transition coverage. Additional cache-pressure calibration context for tier-transition coverage. Additional cache-pressure calibration context for tier-transition coverage. Additional cache-pressure calibration context for tier-transition coverage. Additional cache-pressure calibration context for tier-transition coverage. Additional cache-pressure calibration context for tier-transition coverage. Additional cache-pressure calibration context for tier-transition coverage. Additional cache-pressure calibration context for tier-transition coverage. Additional cache-pressure calibration context for tier-transition coverage. Additional cache-pressure calibration context for tier-transition coverage. Additional cache-pressure calibration context for tier-transition coverage. Additional cache-pressure calibration context for tier-transition coverage. Additional cache-pressure calibration context for tier-transition coverage. Additional cache-pressure calibration context for tier-transition coverage. Additional cache-pressure calibration context for tier-transition coverage. Additional cache-pressure calibration context for tier-transition coverage. Additional cache-pressure calibration context for tier-transition coverage. Additional cache-pressure calibration context for tier-transition coverage. Additional cache-pressure calibration context for tier-transition coverage. Additional cache-pressure calibration context for tier-transition coverage. Additional cache-pressure calibration context for tier-transition coverage. Additional cache-pressure calibration context for tier-transition coverage. Additional cache-pressure calibration context for tier-transition coverage. Additional cache-pressure calibration context for tier-transition coverage. Additional cache-pressure calibration context for tier-transition coverage. Additional cache-pressure calibration context for tier-transition coverage. Additional cache-pressure calibration context for tier-transition coverage. Additional cache-pressure calibration context for tier-transition coverage. Additional cache-pressure calibration context for tier-transition coverage. Additional cache-pressure calibration context for tier-transition coverage. Additional cache-pressure calibration context for tier-transition coverage. Additional cache-pressure calibration context for tier-transition coverage. Additional cache-pressure calibration context for tier-transition coverage. Additional cache-pressure calibration context for tier-transition coverage. Additional cache-pressure calibration context for tier-transition coverage. Additional cache-pressure calibration context for tier-transition coverage. Additional cache-pressure calibration context for tier-transition coverage. Additional cache-pressure calibration context for tier-transition coverage. Additional cache-pressure calibration context for tier-transition coverage. Additional cache-pressure calibration context for tier-transition coverage. Additional cache-pressure calibration context for tier-transition coverage. Additional cache-pressure calibration context for tier-transition coverage. Additional cache-pressure calibration context for tier-transition coverage. Additional cache-pressure calibration context for tier-transition coverage. Additional cache-pressure calibration context for tier-transition coverage. Additional cache-pressure calibration context for tier-transition coverage. Additional cache-pressure calibration context for tier-transition coverage. Additional cache-pressure calibration context for tier-transition coverage. Additional cache-pressure calibration context for tier-transition coverage. Additional cache-pressure calibration context for tier-transition coverage. Additional cache-pressure calibration context for tier-transition coverage. Additional cache-pressure calibration context for tier-transition coverage. Additional cache-pressure calibration context for tier-transition coverage. Additional cache-pressure calibration context for tier-transition coverage. Additional cache-pressure calibration context for tier-transition coverage. Additional cache-pressure calibration context for tier-transition coverage. Additional cache-pressure calibration context for tier-transition coverage. Additional cache-pressure calibration context for tier-transition coverage. Additional cache-pressure calibration context for tier-transition coverage. Additional cache-pressure calibration context for tier-transition coverage. Additional cache-pressure calibration context for tier-transition coverage. Additional cache-pressure calibration context for tier-transition coverage. Additional cache-pressure calibration context for tier-transition coverage. Additional cache-pressure calibration context for tier-transition coverage. Additional cache-pressure calibration context for tier-transition coverage. Additional cache-pressure calibration context for tier-transition coverage. Additional cache-pressure calibration context for tier-transition coverage. Additional cache-pressure calibration context for tier-transition coverage. Additional cache-pressure calibration context for tier-transition coverage. Additional cache-pressure calibration context for tier-transition coverage. Additional cache-pressure calibration context for tier-transition coverage. Additional cache-pressure calibration context for tier-transition coverage. Additional cache-pressure calibration context for tier-transition coverage. Additional cache-pressure calibration context for tier-transition coverage. Additional cache-pressure calibration context for tier-transition coverage. Additional cache-pressure calibration context for tier-transition coverage. Additional cache-pressure calibration context for tier-transition coverage. Additional cache-pressure calibration context for tier-transition coverage. Additional cache-pressure calibration context for tier-transition coverage. Additional cache-pressure calibration context for tier-transition coverage. Additional cache-pressure calibration context for tier-transition coverage. Additional cache-pressure calibration context for tier-transition coverage. Additional cache-pressure calibration context for tier-transition coverage. Additional cache-pressure calibration context for tier-transition coverage. Additional cache-pressure calibration context for tier-transition coverage. Additional cache-pressure calibration context for tier-transition coverage. Additional cache-pressure calibration context for tier-transition coverage. Additional cache-pressure calibration context for tier-transition coverage. Additional cache-pressure calibration context for tier-transition coverage. Additional cache-pressure calibration context for tier-transition coverage. Additional cache-pressure calibration context for tier-transition coverage. Additional cache-pressure calibration context for tier-transition coverage. Additional cache-pressure calibration context for tier-transition coverage. Additional cache-pressure calibration context for tier-transition coverage. Additional cache-pressure calibration context for tier-transition coverage. Additional cache-pressure calibration context for tier-transition coverage. Additional cache-pressure calibration context for tier-transition coverage. Additional cache-pressure calibration context for tier-transition coverage. Additional cache-pressure calibration context for tier-transition coverage. Additional cache-pressure calibration context for tier-transition coverage. Additional cache-pressure calibration context for tier-transition coverage. Additional cache-pressure calibration context for tier-transition coverage. Additional cache-pressure calibration context for tier-transition coverage. Additional cache-pressure calibration context for tier-transition coverage. Additional cache-pressure calibration context for tier-transition coverage. Additional cache-pressure calibration context for tier-transition coverage. Additional cache-pressure calibration context for tier-transition coverage. Additional cache-pressure calibration context for tier-transition coverage. Additional cache-pressure calibration context for tier-transition coverage. Additional cache-pressure calibration context for tier-transition coverage. Additional cache-pressure calibration context for tier-transition coverage. Additional cache-pressure calibration context for tier-transition coverage. Additional cache-pressure calibration context for tier-transition coverage. Additional cache-pressure calibration context for tier-transition coverage. Additional cache-pressure calibration context for tier-transition coverage. Additional cache-pressure calibration context for tier-transition coverage. Additional cache-pressure calibration context for tier-transition coverage. Additional cache-pressure calibration context for tier-transition coverage. Additional cache-pressure calibration context for tier-transition coverage. Additional cache-pressure calibration context for tier-transition coverage. Additional cache-pressure calibration context for tier-transition coverage. Additional cache-pressure calibration context for tier-transition coverage. Additional cache-pressure calibration context for tier-transition coverage. Additional cache-pressure calibration context for tier-transition coverage. Additional cache-pressure calibration context for tier-transition coverage. Additional cache-pressure calibration context for tier-transition coverage. Additional cache-pressure calibration context for tier-transition coverage. Additional cache-pressure calibration context for tier-transition coverage. Additional cache-pressure calibration context for tier-transition coverage. Additional cache-pressure calibration context for tier-transition coverage. Additional cache-pressure calibration context for tier-transition coverage. Additional cache-pressure calibration context for tier-transition coverage. Additional cache-pressure calibration context for tier-transition coverage. Additional cache-pressure calibration context for tier-transition coverage. Additional cache-pressure calibration context for tier-transition coverage. Additional cache-pressure calibration context for tier-transition coverage. Additional cache-pressure calibration context for tier-transition coverage. Additional cache-pressure calibration context for tier-transition coverage. Additional cache-pressure calibration context for tier-transition coverage. Additional cache-pressure calibration context for tier-transition coverage. Additional cache-pressure calibration context for tier-transition coverage. Additional cache-pressure calibration context for tier-transition coverage. Additional cache-pressure calibration context for tier-transition coverage. Additional cache-pressure calibration context for tier-transition coverage. Additional cache-pressure calibration context for tier-transition coverage. Additional cache-pressure calibration context for tier-transition coverage. Additional cache-pressure calibration context for tier-transition coverage. Additional cache-pressure calibration context for tier-transition coverage. Additional cache-pressure calibration context for tier-transition coverage. Additional cache-pressure calibration context for tier-transition coverage. Additional cache-pressure calibration context for tier-transition coverage. Additional cache-pressure calibration context for tier-transition coverage. Additional cache-pressure calibration context for tier-transition coverage. Additional cache-pressure calibration context for tier-transition coverage. Additional cache-pressure calibration context for tier-transition coverage. Additional cache-pressure calibration context for tier-transition coverage. Additional cache-pressure calibration context for tier-transition coverage. Additional cache-pressure calibration context for tier-transition coverage. Additional cache-pressure calibration context for tier-transition coverage. Additional cache-pressure calibration context for tier-transition coverage. Additional cache-pressure calibration context for tier-transition coverage.","How many keys are on a standard computer keyboard?

[PressureProfile]
 Additional cache-pressure calibration context for tier-transition coverage. Additional cache-pressure calibration context for tier-transition coverage. Additional cache-pressure calibration context for tier-transition coverage. Additional cache-pressure calibration context for tier-transition coverage. Additional cache-pressure",1885,[35],[],[35],1,"[""Qwen-Qwen2.5-0.5B-Instruct@1@0@-7e06efe441d9aa95@bfloat16.pt""]",lmcache_store_coldpass,lmcache_store_coldpass,1,l2_to_l3,272,273,816.0,819.0,exceed_l1_l2
37,What is the smallest country by population?,"Focus question: What is the smallest country by population?
Context profile: no_shared_context
Prompt tokens: 1885
Context preview: What is the smallest country by population? [PressureProfile] Additional cache-pressure calibration context for tier-transition coverage. Additional cache-pressure calibration context for tier-transition coverage. Additional cache-pressure calibration context for tier-transition coverage. Additional cache-pressure calibration context for tier-transition coverage. Additional cache-pressure calibr",What is the smallest country by population?,no_shared_context,"What is the smallest country by population?

[PressureProfile]
 Additional cache-pressure calibration context for tier-transition coverage. Additional cache-pressure calibration context for tier-transition coverage. Additional cache-pressure calibration context for tier-transition coverage. Additional cache-pressure calibration context for tier-transition coverage. Additional cache-pressure calibration context for tier-transition coverage. Additional cache-pressure calibration context for tier-transition coverage. Additional cache-pressure calibration context for tier-transition coverage. Additional cache-pressure calibration context for tier-transition coverage. Additional cache-pressure calibration context for tier-transition coverage. Additional cache-pressure calibration context for tier-transition coverage. Additional cache-pressure calibration context for tier-transition coverage. Additional cache-pressure calibration context for tier-transition coverage. Additional cache-pressure calibration context for tier-transition coverage. Additional cache-pressure calibration context for tier-transition coverage. Additional cache-pressure calibration context for tier-transition coverage. Additional cache-pressure calibration context for tier-transition coverage. Additional cache-pressure calibration context for tier-transition coverage. Additional cache-pressure calibration context for tier-transition coverage. Additional cache-pressure calibration context for tier-transition coverage. Additional cache-pressure calibration context for tier-transition coverage. Additional cache-pressure calibration context for tier-transition coverage. Additional cache-pressure calibration context for tier-transition coverage. Additional cache-pressure calibration context for tier-transition coverage. Additional cache-pressure calibration context for tier-transition coverage. Additional cache-pressure calibration context for tier-transition coverage. Additional cache-pressure calibration context for tier-transition coverage. Additional cache-pressure calibration context for tier-transition coverage. Additional cache-pressure calibration context for tier-transition coverage. Additional cache-pressure calibration context for tier-transition coverage. Additional cache-pressure calibration context for tier-transition coverage. Additional cache-pressure calibration context for tier-transition coverage. Additional cache-pressure calibration context for tier-transition coverage. Additional cache-pressure calibration context for tier-transition coverage. Additional cache-pressure calibration context for tier-transition coverage. Additional cache-pressure calibration context for tier-transition coverage. Additional cache-pressure calibration context for tier-transition coverage. Additional cache-pressure calibration context for tier-transition coverage. Additional cache-pressure calibration context for tier-transition coverage. Additional cache-pressure calibration context for tier-transition coverage. Additional cache-pressure calibration context for tier-transition coverage. Additional cache-pressure calibration context for tier-transition coverage. Additional cache-pressure calibration context for tier-transition coverage. Additional cache-pressure calibration context for tier-transition coverage. Additional cache-pressure calibration context for tier-transition coverage. Additional cache-pressure calibration context for tier-transition coverage. Additional cache-pressure calibration context for tier-transition coverage. Additional cache-pressure calibration context for tier-transition coverage. Additional cache-pressure calibration context for tier-transition coverage. Additional cache-pressure calibration context for tier-transition coverage. Additional cache-pressure calibration context for tier-transition coverage. Additional cache-pressure calibration context for tier-transition coverage. Additional cache-pressure calibration context for tier-transition coverage. Additional cache-pressure calibration context for tier-transition coverage. Additional cache-pressure calibration context for tier-transition coverage. Additional cache-pressure calibration context for tier-transition coverage. Additional cache-pressure calibration context for tier-transition coverage. Additional cache-pressure calibration context for tier-transition coverage. Additional cache-pressure calibration context for tier-transition coverage. Additional cache-pressure calibration context for tier-transition coverage. Additional cache-pressure calibration context for tier-transition coverage. Additional cache-pressure calibration context for tier-transition coverage. Additional cache-pressure calibration context for tier-transition coverage. Additional cache-pressure calibration context for tier-transition coverage. Additional cache-pressure calibration context for tier-transition coverage. Additional cache-pressure calibration context for tier-transition coverage. Additional cache-pressure calibration context for tier-transition coverage. Additional cache-pressure calibration context for tier-transition coverage. Additional cache-pressure calibration context for tier-transition coverage. Additional cache-pressure calibration context for tier-transition coverage. Additional cache-pressure calibration context for tier-transition coverage. Additional cache-pressure calibration context for tier-transition coverage. Additional cache-pressure calibration context for tier-transition coverage. Additional cache-pressure calibration context for tier-transition coverage. Additional cache-pressure calibration context for tier-transition coverage. Additional cache-pressure calibration context for tier-transition coverage. Additional cache-pressure calibration context for tier-transition coverage. Additional cache-pressure calibration context for tier-transition coverage. Additional cache-pressure calibration context for tier-transition coverage. Additional cache-pressure calibration context for tier-transition coverage. Additional cache-pressure calibration context for tier-transition coverage. Additional cache-pressure calibration context for tier-transition coverage. Additional cache-pressure calibration context for tier-transition coverage. Additional cache-pressure calibration context for tier-transition coverage. Additional cache-pressure calibration context for tier-transition coverage. Additional cache-pressure calibration context for tier-transition coverage. Additional cache-pressure calibration context for tier-transition coverage. Additional cache-pressure calibration context for tier-transition coverage. Additional cache-pressure calibration context for tier-transition coverage. Additional cache-pressure calibration context for tier-transition coverage. Additional cache-pressure calibration context for tier-transition coverage. Additional cache-pressure calibration context for tier-transition coverage. Additional cache-pressure calibration context for tier-transition coverage. Additional cache-pressure calibration context for tier-transition coverage. Additional cache-pressure calibration context for tier-transition coverage. Additional cache-pressure calibration context for tier-transition coverage. Additional cache-pressure calibration context for tier-transition coverage. Additional cache-pressure calibration context for tier-transition coverage. Additional cache-pressure calibration context for tier-transition coverage. Additional cache-pressure calibration context for tier-transition coverage. Additional cache-pressure calibration context for tier-transition coverage. Additional cache-pressure calibration context for tier-transition coverage. Additional cache-pressure calibration context for tier-transition coverage. Additional cache-pressure calibration context for tier-transition coverage. Additional cache-pressure calibration context for tier-transition coverage. Additional cache-pressure calibration context for tier-transition coverage. Additional cache-pressure calibration context for tier-transition coverage. Additional cache-pressure calibration context for tier-transition coverage. Additional cache-pressure calibration context for tier-transition coverage. Additional cache-pressure calibration context for tier-transition coverage. Additional cache-pressure calibration context for tier-transition coverage. Additional cache-pressure calibration context for tier-transition coverage. Additional cache-pressure calibration context for tier-transition coverage. Additional cache-pressure calibration context for tier-transition coverage. Additional cache-pressure calibration context for tier-transition coverage. Additional cache-pressure calibration context for tier-transition coverage. Additional cache-pressure calibration context for tier-transition coverage. Additional cache-pressure calibration context for tier-transition coverage. Additional cache-pressure calibration context for tier-transition coverage. Additional cache-pressure calibration context for tier-transition coverage. Additional cache-pressure calibration context for tier-transition coverage. Additional cache-pressure calibration context for tier-transition coverage. Additional cache-pressure calibration context for tier-transition coverage. Additional cache-pressure calibration context for tier-transition coverage. Additional cache-pressure calibration context for tier-transition coverage. Additional cache-pressure calibration context for tier-transition coverage. Additional cache-pressure calibration context for tier-transition coverage. Additional cache-pressure calibration context for tier-transition coverage. Additional cache-pressure calibration context for tier-transition coverage. Additional cache-pressure calibration context for tier-transition coverage. Additional cache-pressure calibration context for tier-transition coverage. Additional cache-pressure calibration context for tier-transition coverage. Additional cache-pressure calibration context for tier-transition coverage. Additional cache-pressure calibration context for tier-transition coverage. Additional cache-pressure calibration context for tier-transition coverage. Additional cache-pressure calibration context for tier-transition coverage. Additional cache-pressure calibration context for tier-transition coverage. Additional cache-pressure calibration context for tier-transition coverage. Additional cache-pressure calibration context for tier-transition coverage. Additional cache-pressure calibration context for tier-transition coverage. Additional cache-pressure calibration context for tier-transition coverage. Additional cache-pressure calibration context for tier-transition coverage. Additional cache-pressure calibration context for tier-transition coverage. Additional cache-pressure calibration context for tier-transition coverage. Additional cache-pressure calibration context for tier-transition coverage. Additional cache-pressure calibration context for tier-transition coverage. Additional cache-pressure calibration context for tier-transition coverage. Additional cache-pressure calibration context for tier-transition coverage. Additional cache-pressure calibration context for tier-transition coverage. Additional cache-pressure calibration context for tier-transition coverage. Additional cache-pressure calibration context for tier-transition coverage. Additional cache-pressure calibration context for tier-transition coverage. Additional cache-pressure calibration context for tier-transition coverage. Additional cache-pressure calibration context for tier-transition coverage. Additional cache-pressure calibration context for tier-transition coverage. Additional cache-pressure calibration context for tier-transition coverage. Additional cache-pressure calibration context for tier-transition coverage. Additional cache-pressure calibration context for tier-transition coverage. Additional cache-pressure calibration context for tier-transition coverage. Additional cache-pressure calibration context for tier-transition coverage. Additional cache-pressure calibration context for tier-transition coverage. Additional cache-pressure calibration context for tier-transition coverage. Additional cache-pressure calibration context for tier-transition coverage. Additional cache-pressure calibration context for tier-transition coverage. Additional cache-pressure calibration context for tier-transition coverage. Additional cache-pressure calibration context for tier-transition coverage. Additional cache-pressure calibration context for tier-transition coverage. Additional cache-pressure calibration context for tier-transition coverage. Additional cache-pressure calibration context for tier-transition coverage. Additional cache-pressure calibration context for tier-transition coverage. Additional cache-pressure calibration context for tier-transition coverage. Additional cache-pressure calibration context for tier-transition coverage. Additional cache-pressure calibration context for tier-transition coverage. Additional cache-pressure calibration context for tier-transition coverage. Additional cache-pressure calibration context for tier-transition coverage. Additional cache-pressure calibration context for tier-transition coverage. Additional cache-pressure calibration context for tier-transition coverage. Additional cache-pressure calibration context for tier-transition coverage. Additional cache-pressure calibration context for tier-transition coverage. Additional cache-pressure calibration context for tier-transition coverage. Additional cache-pressure calibration context for tier-transition coverage. Additional cache-pressure calibration context for tier-transition coverage. Additional cache-pressure calibration context for tier-transition coverage. Additional cache-pressure calibration context for tier-transition coverage. Additional cache-pressure calibration context for tier-transition coverage. Additional cache-pressure calibration context for tier-transition coverage. Additional cache-pressure calibration context for tier-transition coverage. Additional cache-pressure calibration context for tier-transition coverage. Additional cache-pressure calibration context for tier-transition coverage. Additional cache-pressure calibration context for tier-transition coverage. Additional cache-pressure calibration context for tier-transition coverage. Additional cache-pressure calibration context for tier-transition coverage. Additional cache-pressure calibration context for tier-transition coverage. Additional cache-pressure calibration context for tier-transition coverage. Additional cache-pressure calibration context for tier-transition coverage. Additional cache-pressure calibration context for tier-transition coverage. Additional cache-pressure calibration context for tier-transition coverage. Additional cache-pressure calibration context for tier-transition coverage. Additional cache-pressure calibration context for tier-transition coverage. Additional cache-pressure calibration context for tier-transition coverage. Additional cache-pressure calibration context for tier-transition coverage. Additional cache-pressure calibration context for tier-transition coverage. Additional cache-pressure calibration context for tier-transition coverage. Additional cache-pressure calibration context for tier-transition coverage. Additional cache-pressure calibration context for tier-transition coverage. Additional cache-pressure calibration context for tier-transition coverage. Additional cache-pressure calibration context for tier-transition coverage. Additional cache-pressure calibration context for tier-transition coverage. Additional cache-pressure calibration context for tier-transition coverage. Additional cache-pressure calibration context for tier-transition coverage. Additional cache-pressure calibration context for tier-transition coverage. Additional cache-pressure calibration context for tier-transition coverage. Additional cache-pressure calibration context for tier-transition coverage. Additional cache-pressure calibration context for tier-transition coverage. Additional cache-pressure calibration context for tier-transition coverage. Additional cache-pressure calibration context for tier-transition coverage. Additional cache-pressure calibration context for tier-transition coverage. Additional cache-pressure calibration context for tier-transition coverage. Additional cache-pressure calibration context for tier-transition coverage. Additional cache-pressure calibration context for tier-transition coverage. Additional cache-pressure calibration context for tier-transition coverage. Additional cache-pressure calibration context for tier-transition coverage. Additional cache-pressure calibration context for tier-transition coverage. Additional cache-pressure calibration context for tier-transition coverage. Additional cache-pressure calibration context for tier-transition coverage. Additional cache-pressure calibration context for tier-transition coverage. Additional cache-pressure calibration context for tier-transition coverage. Additional cache-pressure calibration context for tier-transition coverage. Additional cache-pressure calibration context for tier-transition coverage. Additional cache-pressure calibration context for tier-transition coverage. Additional cache-pressure calibration context for tier-transition coverage. Additional cache-pressure calibration context for tier-transition coverage. Additional cache-pressure calibration context for tier-transition coverage. Additional cache-pressure calibration context for tier-transition coverage. Additional cache-pressure calibration context for tier-transition coverage. Additional cache-pressure calibration context for tier-transition coverage. Additional cache-pressure calibration context for tier-transition coverage. Additional cache-pressure calibration context for tier-transition coverage. Additional cache-pressure calibration context for tier-transition coverage. Additional cache-pressure calibration context for tier-transition coverage. Additional cache-pressure calibration context for tier-transition coverage. Additional cache-pressure calibration context for tier-transition coverage. Additional cache-pressure calibration context for tier-transition coverage. Additional cache-pressure calibration context for tier-transition coverage. Additional cache-pressure calibration context for tier-transition coverage. Additional cache-pressure calibration context for tier-transition coverage. Additional cache-pressure calibration context for tier-transition coverage. Additional cache-pressure calibration context for tier-transition coverage. Additional cache-pressure calibration context for tier-transition coverage. Additional cache-pressure calibration context for tier-transition coverage. Additional cache-pressure calibration context for tier-transition coverage. Additional cache-pressure calibration context for tier-transition coverage. Additional cache-pressure calibration context for tier-transition coverage. Additional cache-pressure calibration context for tier-transition coverage. Additional cache-pressure calibration context for tier-transition coverage. Additional cache-pressure calibration context for tier-transition coverage. Additional cache-pressure calibration context for tier-transition coverage. Additional cache-pressure calibration context for tier-transition coverage. Additional cache-pressure calibration context for tier-transition coverage. Additional cache-pressure calibration context for tier-transition coverage. Additional cache-pressure calibration context for tier-transition coverage. Additional cache-pressure calibration context for tier-transition coverage. Additional cache-pressure calibration context for tier-transition coverage. Additional cache-pressure calibration context for tier-transition coverage. Additional cache-pressure calibration context for tier-transition coverage. Additional cache-pressure calibration context for tier-transition coverage. Additional cache-pressure calibration context for tier-transition coverage. Additional cache-pressure calibration context for tier-transition coverage. Additional cache-pressure calibration context for tier-transition coverage. Additional cache-pressure calibration context for tier-transition coverage. Additional cache-pressure calibration context for tier-transition coverage. Additional cache-pressure calibration context for tier-transition coverage. Additional cache-pressure calibration context for tier-transition coverage. Additional cache-pressure calibration context for tier-transition coverage. Additional cache-pressure calibration context for tier-transition coverage.","What is the smallest country by population?

[PressureProfile]
 Additional cache-pressure calibration context for tier-transition coverage. Additional cache-pressure calibration context for tier-transition coverage. Additional cache-pressure calibration context for tier-transition coverage. Additional cache-pressure calibration context for tier-transition coverage. Additional cache-pressure calibr",1885,[36],[],[36],1,"[""Qwen-Qwen2.5-0.5B-Instruct@1@0@b9812e0c520f2a2@bfloat16.pt""]",lmcache_store_coldpass,lmcache_store_coldpass,1,l2_to_l3,273,274,819.0,822.0,exceed_l1_l2
38,Who invented the telescope?,"Focus question: Who invented the telescope?
Context profile: no_shared_context
Prompt tokens: 1885
Context preview: Who invented the telescope? [PressureProfile] Additional cache-pressure calibration context for tier-transition coverage. Additional cache-pressure calibration context for tier-transition coverage. Additional cache-pressure calibration context for tier-transition coverage. Additional cache-pressure calibration context for tier-transition coverage. Additional cache-pressure calibration context fo",Who invented the telescope?,no_shared_context,"Who invented the telescope?

[PressureProfile]
 Additional cache-pressure calibration context for tier-transition coverage. Additional cache-pressure calibration context for tier-transition coverage. Additional cache-pressure calibration context for tier-transition coverage. Additional cache-pressure calibration context for tier-transition coverage. Additional cache-pressure calibration context for tier-transition coverage. Additional cache-pressure calibration context for tier-transition coverage. Additional cache-pressure calibration context for tier-transition coverage. Additional cache-pressure calibration context for tier-transition coverage. Additional cache-pressure calibration context for tier-transition coverage. Additional cache-pressure calibration context for tier-transition coverage. Additional cache-pressure calibration context for tier-transition coverage. Additional cache-pressure calibration context for tier-transition coverage. Additional cache-pressure calibration context for tier-transition coverage. Additional cache-pressure calibration context for tier-transition coverage. Additional cache-pressure calibration context for tier-transition coverage. Additional cache-pressure calibration context for tier-transition coverage. Additional cache-pressure calibration context for tier-transition coverage. Additional cache-pressure calibration context for tier-transition coverage. Additional cache-pressure calibration context for tier-transition coverage. Additional cache-pressure calibration context for tier-transition coverage. Additional cache-pressure calibration context for tier-transition coverage. Additional cache-pressure calibration context for tier-transition coverage. Additional cache-pressure calibration context for tier-transition coverage. Additional cache-pressure calibration context for tier-transition coverage. Additional cache-pressure calibration context for tier-transition coverage. Additional cache-pressure calibration context for tier-transition coverage. Additional cache-pressure calibration context for tier-transition coverage. Additional cache-pressure calibration context for tier-transition coverage. Additional cache-pressure calibration context for tier-transition coverage. Additional cache-pressure calibration context for tier-transition coverage. Additional cache-pressure calibration context for tier-transition coverage. Additional cache-pressure calibration context for tier-transition coverage. Additional cache-pressure calibration context for tier-transition coverage. Additional cache-pressure calibration context for tier-transition coverage. Additional cache-pressure calibration context for tier-transition coverage. Additional cache-pressure calibration context for tier-transition coverage. Additional cache-pressure calibration context for tier-transition coverage. Additional cache-pressure calibration context for tier-transition coverage. Additional cache-pressure calibration context for tier-transition coverage. Additional cache-pressure calibration context for tier-transition coverage. Additional cache-pressure calibration context for tier-transition coverage. Additional cache-pressure calibration context for tier-transition coverage. Additional cache-pressure calibration context for tier-transition coverage. Additional cache-pressure calibration context for tier-transition coverage. Additional cache-pressure calibration context for tier-transition coverage. Additional cache-pressure calibration context for tier-transition coverage. Additional cache-pressure calibration context for tier-transition coverage. Additional cache-pressure calibration context for tier-transition coverage. Additional cache-pressure calibration context for tier-transition coverage. Additional cache-pressure calibration context for tier-transition coverage. Additional cache-pressure calibration context for tier-transition coverage. Additional cache-pressure calibration context for tier-transition coverage. Additional cache-pressure calibration context for tier-transition coverage. Additional cache-pressure calibration context for tier-transition coverage. Additional cache-pressure calibration context for tier-transition coverage. Additional cache-pressure calibration context for tier-transition coverage. Additional cache-pressure calibration context for tier-transition coverage. Additional cache-pressure calibration context for tier-transition coverage. Additional cache-pressure calibration context for tier-transition coverage. Additional cache-pressure calibration context for tier-transition coverage. Additional cache-pressure calibration context for tier-transition coverage. Additional cache-pressure calibration context for tier-transition coverage. Additional cache-pressure calibration context for tier-transition coverage. Additional cache-pressure calibration context for tier-transition coverage. Additional cache-pressure calibration context for tier-transition coverage. Additional cache-pressure calibration context for tier-transition coverage. Additional cache-pressure calibration context for tier-transition coverage. Additional cache-pressure calibration context for tier-transition coverage. Additional cache-pressure calibration context for tier-transition coverage. Additional cache-pressure calibration context for tier-transition coverage. Additional cache-pressure calibration context for tier-transition coverage. Additional cache-pressure calibration context for tier-transition coverage. Additional cache-pressure calibration context for tier-transition coverage. Additional cache-pressure calibration context for tier-transition coverage. Additional cache-pressure calibration context for tier-transition coverage. Additional cache-pressure calibration context for tier-transition coverage. Additional cache-pressure calibration context for tier-transition coverage. Additional cache-pressure calibration context for tier-transition coverage. Additional cache-pressure calibration context for tier-transition coverage. Additional cache-pressure calibration context for tier-transition coverage. Additional cache-pressure calibration context for tier-transition coverage. Additional cache-pressure calibration context for tier-transition coverage. Additional cache-pressure calibration context for tier-transition coverage. Additional cache-pressure calibration context for tier-transition coverage. Additional cache-pressure calibration context for tier-transition coverage. Additional cache-pressure calibration context for tier-transition coverage. Additional cache-pressure calibration context for tier-transition coverage. Additional cache-pressure calibration context for tier-transition coverage. Additional cache-pressure calibration context for tier-transition coverage. Additional cache-pressure calibration context for tier-transition coverage. Additional cache-pressure calibration context for tier-transition coverage. Additional cache-pressure calibration context for tier-transition coverage. Additional cache-pressure calibration context for tier-transition coverage. Additional cache-pressure calibration context for tier-transition coverage. Additional cache-pressure calibration context for tier-transition coverage. Additional cache-pressure calibration context for tier-transition coverage. Additional cache-pressure calibration context for tier-transition coverage. Additional cache-pressure calibration context for tier-transition coverage. Additional cache-pressure calibration context for tier-transition coverage. Additional cache-pressure calibration context for tier-transition coverage. Additional cache-pressure calibration context for tier-transition coverage. Additional cache-pressure calibration context for tier-transition coverage. Additional cache-pressure calibration context for tier-transition coverage. Additional cache-pressure calibration context for tier-transition coverage. Additional cache-pressure calibration context for tier-transition coverage. Additional cache-pressure calibration context for tier-transition coverage. Additional cache-pressure calibration context for tier-transition coverage. Additional cache-pressure calibration context for tier-transition coverage. Additional cache-pressure calibration context for tier-transition coverage. Additional cache-pressure calibration context for tier-transition coverage. Additional cache-pressure calibration context for tier-transition coverage. Additional cache-pressure calibration context for tier-transition coverage. Additional cache-pressure calibration context for tier-transition coverage. Additional cache-pressure calibration context for tier-transition coverage. Additional cache-pressure calibration context for tier-transition coverage. Additional cache-pressure calibration context for tier-transition coverage. Additional cache-pressure calibration context for tier-transition coverage. Additional cache-pressure calibration context for tier-transition coverage. Additional cache-pressure calibration context for tier-transition coverage. Additional cache-pressure calibration context for tier-transition coverage. Additional cache-pressure calibration context for tier-transition coverage. Additional cache-pressure calibration context for tier-transition coverage. Additional cache-pressure calibration context for tier-transition coverage. Additional cache-pressure calibration context for tier-transition coverage. Additional cache-pressure calibration context for tier-transition coverage. Additional cache-pressure calibration context for tier-transition coverage. Additional cache-pressure calibration context for tier-transition coverage. Additional cache-pressure calibration context for tier-transition coverage. Additional cache-pressure calibration context for tier-transition coverage. Additional cache-pressure calibration context for tier-transition coverage. Additional cache-pressure calibration context for tier-transition coverage. Additional cache-pressure calibration context for tier-transition coverage. Additional cache-pressure calibration context for tier-transition coverage. Additional cache-pressure calibration context for tier-transition coverage. Additional cache-pressure calibration context for tier-transition coverage. Additional cache-pressure calibration context for tier-transition coverage. Additional cache-pressure calibration context for tier-transition coverage. Additional cache-pressure calibration context for tier-transition coverage. Additional cache-pressure calibration context for tier-transition coverage. Additional cache-pressure calibration context for tier-transition coverage. Additional cache-pressure calibration context for tier-transition coverage. Additional cache-pressure calibration context for tier-transition coverage. Additional cache-pressure calibration context for tier-transition coverage. Additional cache-pressure calibration context for tier-transition coverage. Additional cache-pressure calibration context for tier-transition coverage. Additional cache-pressure calibration context for tier-transition coverage. Additional cache-pressure calibration context for tier-transition coverage. Additional cache-pressure calibration context for tier-transition coverage. Additional cache-pressure calibration context for tier-transition coverage. Additional cache-pressure calibration context for tier-transition coverage. Additional cache-pressure calibration context for tier-transition coverage. Additional cache-pressure calibration context for tier-transition coverage. Additional cache-pressure calibration context for tier-transition coverage. Additional cache-pressure calibration context for tier-transition coverage. Additional cache-pressure calibration context for tier-transition coverage. Additional cache-pressure calibration context for tier-transition coverage. Additional cache-pressure calibration context for tier-transition coverage. Additional cache-pressure calibration context for tier-transition coverage. Additional cache-pressure calibration context for tier-transition coverage. Additional cache-pressure calibration context for tier-transition coverage. Additional cache-pressure calibration context for tier-transition coverage. Additional cache-pressure calibration context for tier-transition coverage. Additional cache-pressure calibration context for tier-transition coverage. Additional cache-pressure calibration context for tier-transition coverage. Additional cache-pressure calibration context for tier-transition coverage. Additional cache-pressure calibration context for tier-transition coverage. Additional cache-pressure calibration context for tier-transition coverage. Additional cache-pressure calibration context for tier-transition coverage. Additional cache-pressure calibration context for tier-transition coverage. Additional cache-pressure calibration context for tier-transition coverage. Additional cache-pressure calibration context for tier-transition coverage. Additional cache-pressure calibration context for tier-transition coverage. Additional cache-pressure calibration context for tier-transition coverage. Additional cache-pressure calibration context for tier-transition coverage. Additional cache-pressure calibration context for tier-transition coverage. Additional cache-pressure calibration context for tier-transition coverage. Additional cache-pressure calibration context for tier-transition coverage. Additional cache-pressure calibration context for tier-transition coverage. Additional cache-pressure calibration context for tier-transition coverage. Additional cache-pressure calibration context for tier-transition coverage. Additional cache-pressure calibration context for tier-transition coverage. Additional cache-pressure calibration context for tier-transition coverage. Additional cache-pressure calibration context for tier-transition coverage. Additional cache-pressure calibration context for tier-transition coverage. Additional cache-pressure calibration context for tier-transition coverage. Additional cache-pressure calibration context for tier-transition coverage. Additional cache-pressure calibration context for tier-transition coverage. Additional cache-pressure calibration context for tier-transition coverage. Additional cache-pressure calibration context for tier-transition coverage. Additional cache-pressure calibration context for tier-transition coverage. Additional cache-pressure calibration context for tier-transition coverage. Additional cache-pressure calibration context for tier-transition coverage. Additional cache-pressure calibration context for tier-transition coverage. Additional cache-pressure calibration context for tier-transition coverage. Additional cache-pressure calibration context for tier-transition coverage. Additional cache-pressure calibration context for tier-transition coverage. Additional cache-pressure calibration context for tier-transition coverage. Additional cache-pressure calibration context for tier-transition coverage. Additional cache-pressure calibration context for tier-transition coverage. Additional cache-pressure calibration context for tier-transition coverage. Additional cache-pressure calibration context for tier-transition coverage. Additional cache-pressure calibration context for tier-transition coverage. Additional cache-pressure calibration context for tier-transition coverage. Additional cache-pressure calibration context for tier-transition coverage. Additional cache-pressure calibration context for tier-transition coverage. Additional cache-pressure calibration context for tier-transition coverage. Additional cache-pressure calibration context for tier-transition coverage. Additional cache-pressure calibration context for tier-transition coverage. Additional cache-pressure calibration context for tier-transition coverage. Additional cache-pressure calibration context for tier-transition coverage. Additional cache-pressure calibration context for tier-transition coverage. Additional cache-pressure calibration context for tier-transition coverage. Additional cache-pressure calibration context for tier-transition coverage. Additional cache-pressure calibration context for tier-transition coverage. Additional cache-pressure calibration context for tier-transition coverage. Additional cache-pressure calibration context for tier-transition coverage. Additional cache-pressure calibration context for tier-transition coverage. Additional cache-pressure calibration context for tier-transition coverage. Additional cache-pressure calibration context for tier-transition coverage. Additional cache-pressure calibration context for tier-transition coverage. Additional cache-pressure calibration context for tier-transition coverage. Additional cache-pressure calibration context for tier-transition coverage. Additional cache-pressure calibration context for tier-transition coverage. Additional cache-pressure calibration context for tier-transition coverage. Additional cache-pressure calibration context for tier-transition coverage. Additional cache-pressure calibration context for tier-transition coverage. Additional cache-pressure calibration context for tier-transition coverage. Additional cache-pressure calibration context for tier-transition coverage. Additional cache-pressure calibration context for tier-transition coverage. Additional cache-pressure calibration context for tier-transition coverage. Additional cache-pressure calibration context for tier-transition coverage. Additional cache-pressure calibration context for tier-transition coverage. Additional cache-pressure calibration context for tier-transition coverage. Additional cache-pressure calibration context for tier-transition coverage. Additional cache-pressure calibration context for tier-transition coverage. Additional cache-pressure calibration context for tier-transition coverage. Additional cache-pressure calibration context for tier-transition coverage. Additional cache-pressure calibration context for tier-transition coverage. Additional cache-pressure calibration context for tier-transition coverage. Additional cache-pressure calibration context for tier-transition coverage. Additional cache-pressure calibration context for tier-transition coverage. Additional cache-pressure calibration context for tier-transition coverage. Additional cache-pressure calibration context for tier-transition coverage. Additional cache-pressure calibration context for tier-transition coverage. Additional cache-pressure calibration context for tier-transition coverage. Additional cache-pressure calibration context for tier-transition coverage. Additional cache-pressure calibration context for tier-transition coverage. Additional cache-pressure calibration context for tier-transition coverage. Additional cache-pressure calibration context for tier-transition coverage. Additional cache-pressure calibration context for tier-transition coverage. Additional cache-pressure calibration context for tier-transition coverage. Additional cache-pressure calibration context for tier-transition coverage. Additional cache-pressure calibration context for tier-transition coverage. Additional cache-pressure calibration context for tier-transition coverage. Additional cache-pressure calibration context for tier-transition coverage. Additional cache-pressure calibration context for tier-transition coverage. Additional cache-pressure calibration context for tier-transition coverage. Additional cache-pressure calibration context for tier-transition coverage. Additional cache-pressure calibration context for tier-transition coverage. Additional cache-pressure calibration context for tier-transition coverage. Additional cache-pressure calibration context for tier-transition coverage. Additional cache-pressure calibration context for tier-transition coverage. Additional cache-pressure calibration context for tier-transition coverage. Additional cache-pressure calibration context for tier-transition coverage. Additional cache-pressure calibration context for tier-transition coverage. Additional cache-pressure calibration context for tier-transition coverage. Additional cache-pressure calibration context for tier-transition coverage. Additional cache-pressure calibration context for tier-transition coverage. Additional cache-pressure calibration context for tier-transition coverage. Additional cache-pressure calibration context for tier-transition coverage. Additional cache-pressure calibration context for tier-transition coverage. Additional cache-pressure calibration context for tier-transition coverage. Additional cache-pressure calibration context for tier-transition coverage. Additional cache-pressure calibration context for tier-transition coverage.","Who invented the telescope?

[PressureProfile]
 Additional cache-pressure calibration context for tier-transition coverage. Additional cache-pressure calibration context for tier-transition coverage. Additional cache-pressure calibration context for tier-transition coverage. Additional cache-pressure calibration context for tier-transition coverage. Additional cache-pressure calibration context fo",1885,[37],[],[37],1,"[""Qwen-Qwen2.5-0.5B-Instruct@1@0@7d8701d2b472eb73@bfloat16.pt""]",lmcache_store_coldpass,lmcache_store_coldpass,1,l2_to_l3,274,275,822.0,825.0,exceed_l1_l2
39,What is the main component of natural gas?,"Focus question: What is the main component of natural gas?
Context profile: no_shared_context
Prompt tokens: 1885
Context preview: What is the main component of natural gas? [PressureProfile] Additional cache-pressure calibration context for tier-transition coverage. Additional cache-pressure calibration context for tier-transition coverage. Additional cache-pressure calibration context for tier-transition coverage. Additional cache-pressure calibration context for tier-transition coverage. Additional cache-pressure calibra",What is the main component of natural gas?,no_shared_context,"What is the main component of natural gas?

[PressureProfile]
 Additional cache-pressure calibration context for tier-transition coverage. Additional cache-pressure calibration context for tier-transition coverage. Additional cache-pressure calibration context for tier-transition coverage. Additional cache-pressure calibration context for tier-transition coverage. Additional cache-pressure calibration context for tier-transition coverage. Additional cache-pressure calibration context for tier-transition coverage. Additional cache-pressure calibration context for tier-transition coverage. Additional cache-pressure calibration context for tier-transition coverage. Additional cache-pressure calibration context for tier-transition coverage. Additional cache-pressure calibration context for tier-transition coverage. Additional cache-pressure calibration context for tier-transition coverage. Additional cache-pressure calibration context for tier-transition coverage. Additional cache-pressure calibration context for tier-transition coverage. Additional cache-pressure calibration context for tier-transition coverage. Additional cache-pressure calibration context for tier-transition coverage. Additional cache-pressure calibration context for tier-transition coverage. Additional cache-pressure calibration context for tier-transition coverage. Additional cache-pressure calibration context for tier-transition coverage. Additional cache-pressure calibration context for tier-transition coverage. Additional cache-pressure calibration context for tier-transition coverage. Additional cache-pressure calibration context for tier-transition coverage. Additional cache-pressure calibration context for tier-transition coverage. Additional cache-pressure calibration context for tier-transition coverage. Additional cache-pressure calibration context for tier-transition coverage. Additional cache-pressure calibration context for tier-transition coverage. Additional cache-pressure calibration context for tier-transition coverage. Additional cache-pressure calibration context for tier-transition coverage. Additional cache-pressure calibration context for tier-transition coverage. Additional cache-pressure calibration context for tier-transition coverage. Additional cache-pressure calibration context for tier-transition coverage. Additional cache-pressure calibration context for tier-transition coverage. Additional cache-pressure calibration context for tier-transition coverage. Additional cache-pressure calibration context for tier-transition coverage. Additional cache-pressure calibration context for tier-transition coverage. Additional cache-pressure calibration context for tier-transition coverage. Additional cache-pressure calibration context for tier-transition coverage. Additional cache-pressure calibration context for tier-transition coverage. Additional cache-pressure calibration context for tier-transition coverage. Additional cache-pressure calibration context for tier-transition coverage. Additional cache-pressure calibration context for tier-transition coverage. Additional cache-pressure calibration context for tier-transition coverage. Additional cache-pressure calibration context for tier-transition coverage. Additional cache-pressure calibration context for tier-transition coverage. Additional cache-pressure calibration context for tier-transition coverage. Additional cache-pressure calibration context for tier-transition coverage. Additional cache-pressure calibration context for tier-transition coverage. Additional cache-pressure calibration context for tier-transition coverage. Additional cache-pressure calibration context for tier-transition coverage. Additional cache-pressure calibration context for tier-transition coverage. Additional cache-pressure calibration context for tier-transition coverage. Additional cache-pressure calibration context for tier-transition coverage. Additional cache-pressure calibration context for tier-transition coverage. Additional cache-pressure calibration context for tier-transition coverage. Additional cache-pressure calibration context for tier-transition coverage. Additional cache-pressure calibration context for tier-transition coverage. Additional cache-pressure calibration context for tier-transition coverage. Additional cache-pressure calibration context for tier-transition coverage. Additional cache-pressure calibration context for tier-transition coverage. Additional cache-pressure calibration context for tier-transition coverage. Additional cache-pressure calibration context for tier-transition coverage. Additional cache-pressure calibration context for tier-transition coverage. Additional cache-pressure calibration context for tier-transition coverage. Additional cache-pressure calibration context for tier-transition coverage. Additional cache-pressure calibration context for tier-transition coverage. Additional cache-pressure calibration context for tier-transition coverage. Additional cache-pressure calibration context for tier-transition coverage. Additional cache-pressure calibration context for tier-transition coverage. Additional cache-pressure calibration context for tier-transition coverage. Additional cache-pressure calibration context for tier-transition coverage. Additional cache-pressure calibration context for tier-transition coverage. Additional cache-pressure calibration context for tier-transition coverage. Additional cache-pressure calibration context for tier-transition coverage. Additional cache-pressure calibration context for tier-transition coverage. Additional cache-pressure calibration context for tier-transition coverage. Additional cache-pressure calibration context for tier-transition coverage. Additional cache-pressure calibration context for tier-transition coverage. Additional cache-pressure calibration context for tier-transition coverage. Additional cache-pressure calibration context for tier-transition coverage. Additional cache-pressure calibration context for tier-transition coverage. Additional cache-pressure calibration context for tier-transition coverage. Additional cache-pressure calibration context for tier-transition coverage. Additional cache-pressure calibration context for tier-transition coverage. Additional cache-pressure calibration context for tier-transition coverage. Additional cache-pressure calibration context for tier-transition coverage. Additional cache-pressure calibration context for tier-transition coverage. Additional cache-pressure calibration context for tier-transition coverage. Additional cache-pressure calibration context for tier-transition coverage. Additional cache-pressure calibration context for tier-transition coverage. Additional cache-pressure calibration context for tier-transition coverage. Additional cache-pressure calibration context for tier-transition coverage. Additional cache-pressure calibration context for tier-transition coverage. Additional cache-pressure calibration context for tier-transition coverage. Additional cache-pressure calibration context for tier-transition coverage. Additional cache-pressure calibration context for tier-transition coverage. Additional cache-pressure calibration context for tier-transition coverage. Additional cache-pressure calibration context for tier-transition coverage. Additional cache-pressure calibration context for tier-transition coverage. Additional cache-pressure calibration context for tier-transition coverage. Additional cache-pressure calibration context for tier-transition coverage. Additional cache-pressure calibration context for tier-transition coverage. Additional cache-pressure calibration context for tier-transition coverage. Additional cache-pressure calibration context for tier-transition coverage. Additional cache-pressure calibration context for tier-transition coverage. Additional cache-pressure calibration context for tier-transition coverage. Additional cache-pressure calibration context for tier-transition coverage. Additional cache-pressure calibration context for tier-transition coverage. Additional cache-pressure calibration context for tier-transition coverage. Additional cache-pressure calibration context for tier-transition coverage. Additional cache-pressure calibration context for tier-transition coverage. Additional cache-pressure calibration context for tier-transition coverage. Additional cache-pressure calibration context for tier-transition coverage. Additional cache-pressure calibration context for tier-transition coverage. Additional cache-pressure calibration context for tier-transition coverage. Additional cache-pressure calibration context for tier-transition coverage. Additional cache-pressure calibration context for tier-transition coverage. Additional cache-pressure calibration context for tier-transition coverage. Additional cache-pressure calibration context for tier-transition coverage. Additional cache-pressure calibration context for tier-transition coverage. Additional cache-pressure calibration context for tier-transition coverage. Additional cache-pressure calibration context for tier-transition coverage. Additional cache-pressure calibration context for tier-transition coverage. Additional cache-pressure calibration context for tier-transition coverage. Additional cache-pressure calibration context for tier-transition coverage. Additional cache-pressure calibration context for tier-transition coverage. Additional cache-pressure calibration context for tier-transition coverage. Additional cache-pressure calibration context for tier-transition coverage. Additional cache-pressure calibration context for tier-transition coverage. Additional cache-pressure calibration context for tier-transition coverage. Additional cache-pressure calibration context for tier-transition coverage. Additional cache-pressure calibration context for tier-transition coverage. Additional cache-pressure calibration context for tier-transition coverage. Additional cache-pressure calibration context for tier-transition coverage. Additional cache-pressure calibration context for tier-transition coverage. Additional cache-pressure calibration context for tier-transition coverage. Additional cache-pressure calibration context for tier-transition coverage. Additional cache-pressure calibration context for tier-transition coverage. Additional cache-pressure calibration context for tier-transition coverage. Additional cache-pressure calibration context for tier-transition coverage. Additional cache-pressure calibration context for tier-transition coverage. Additional cache-pressure calibration context for tier-transition coverage. Additional cache-pressure calibration context for tier-transition coverage. Additional cache-pressure calibration context for tier-transition coverage. Additional cache-pressure calibration context for tier-transition coverage. Additional cache-pressure calibration context for tier-transition coverage. Additional cache-pressure calibration context for tier-transition coverage. Additional cache-pressure calibration context for tier-transition coverage. Additional cache-pressure calibration context for tier-transition coverage. Additional cache-pressure calibration context for tier-transition coverage. Additional cache-pressure calibration context for tier-transition coverage. Additional cache-pressure calibration context for tier-transition coverage. Additional cache-pressure calibration context for tier-transition coverage. Additional cache-pressure calibration context for tier-transition coverage. Additional cache-pressure calibration context for tier-transition coverage. Additional cache-pressure calibration context for tier-transition coverage. Additional cache-pressure calibration context for tier-transition coverage. Additional cache-pressure calibration context for tier-transition coverage. Additional cache-pressure calibration context for tier-transition coverage. Additional cache-pressure calibration context for tier-transition coverage. Additional cache-pressure calibration context for tier-transition coverage. Additional cache-pressure calibration context for tier-transition coverage. Additional cache-pressure calibration context for tier-transition coverage. Additional cache-pressure calibration context for tier-transition coverage. Additional cache-pressure calibration context for tier-transition coverage. Additional cache-pressure calibration context for tier-transition coverage. Additional cache-pressure calibration context for tier-transition coverage. Additional cache-pressure calibration context for tier-transition coverage. Additional cache-pressure calibration context for tier-transition coverage. Additional cache-pressure calibration context for tier-transition coverage. Additional cache-pressure calibration context for tier-transition coverage. Additional cache-pressure calibration context for tier-transition coverage. Additional cache-pressure calibration context for tier-transition coverage. Additional cache-pressure calibration context for tier-transition coverage. Additional cache-pressure calibration context for tier-transition coverage. Additional cache-pressure calibration context for tier-transition coverage. Additional cache-pressure calibration context for tier-transition coverage. Additional cache-pressure calibration context for tier-transition coverage. Additional cache-pressure calibration context for tier-transition coverage. Additional cache-pressure calibration context for tier-transition coverage. Additional cache-pressure calibration context for tier-transition coverage. Additional cache-pressure calibration context for tier-transition coverage. Additional cache-pressure calibration context for tier-transition coverage. Additional cache-pressure calibration context for tier-transition coverage. Additional cache-pressure calibration context for tier-transition coverage. Additional cache-pressure calibration context for tier-transition coverage. Additional cache-pressure calibration context for tier-transition coverage. Additional cache-pressure calibration context for tier-transition coverage. Additional cache-pressure calibration context for tier-transition coverage. Additional cache-pressure calibration context for tier-transition coverage. Additional cache-pressure calibration context for tier-transition coverage. Additional cache-pressure calibration context for tier-transition coverage. Additional cache-pressure calibration context for tier-transition coverage. Additional cache-pressure calibration context for tier-transition coverage. Additional cache-pressure calibration context for tier-transition coverage. Additional cache-pressure calibration context for tier-transition coverage. Additional cache-pressure calibration context for tier-transition coverage. Additional cache-pressure calibration context for tier-transition coverage. Additional cache-pressure calibration context for tier-transition coverage. Additional cache-pressure calibration context for tier-transition coverage. Additional cache-pressure calibration context for tier-transition coverage. Additional cache-pressure calibration context for tier-transition coverage. Additional cache-pressure calibration context for tier-transition coverage. Additional cache-pressure calibration context for tier-transition coverage. Additional cache-pressure calibration context for tier-transition coverage. Additional cache-pressure calibration context for tier-transition coverage. Additional cache-pressure calibration context for tier-transition coverage. Additional cache-pressure calibration context for tier-transition coverage. Additional cache-pressure calibration context for tier-transition coverage. Additional cache-pressure calibration context for tier-transition coverage. Additional cache-pressure calibration context for tier-transition coverage. Additional cache-pressure calibration context for tier-transition coverage. Additional cache-pressure calibration context for tier-transition coverage. Additional cache-pressure calibration context for tier-transition coverage. Additional cache-pressure calibration context for tier-transition coverage. Additional cache-pressure calibration context for tier-transition coverage. Additional cache-pressure calibration context for tier-transition coverage. Additional cache-pressure calibration context for tier-transition coverage. Additional cache-pressure calibration context for tier-transition coverage. Additional cache-pressure calibration context for tier-transition coverage. Additional cache-pressure calibration context for tier-transition coverage. Additional cache-pressure calibration context for tier-transition coverage. Additional cache-pressure calibration context for tier-transition coverage. Additional cache-pressure calibration context for tier-transition coverage. Additional cache-pressure calibration context for tier-transition coverage. Additional cache-pressure calibration context for tier-transition coverage. Additional cache-pressure calibration context for tier-transition coverage. Additional cache-pressure calibration context for tier-transition coverage. Additional cache-pressure calibration context for tier-transition coverage. Additional cache-pressure calibration context for tier-transition coverage. Additional cache-pressure calibration context for tier-transition coverage. Additional cache-pressure calibration context for tier-transition coverage. Additional cache-pressure calibration context for tier-transition coverage. Additional cache-pressure calibration context for tier-transition coverage. Additional cache-pressure calibration context for tier-transition coverage. Additional cache-pressure calibration context for tier-transition coverage. Additional cache-pressure calibration context for tier-transition coverage. Additional cache-pressure calibration context for tier-transition coverage. Additional cache-pressure calibration context for tier-transition coverage. Additional cache-pressure calibration context for tier-transition coverage. Additional cache-pressure calibration context for tier-transition coverage. Additional cache-pressure calibration context for tier-transition coverage. Additional cache-pressure calibration context for tier-transition coverage. Additional cache-pressure calibration context for tier-transition coverage. Additional cache-pressure calibration context for tier-transition coverage. Additional cache-pressure calibration context for tier-transition coverage. Additional cache-pressure calibration context for tier-transition coverage. Additional cache-pressure calibration context for tier-transition coverage. Additional cache-pressure calibration context for tier-transition coverage. Additional cache-pressure calibration context for tier-transition coverage. Additional cache-pressure calibration context for tier-transition coverage. Additional cache-pressure calibration context for tier-transition coverage. Additional cache-pressure calibration context for tier-transition coverage. Additional cache-pressure calibration context for tier-transition coverage. Additional cache-pressure calibration context for tier-transition coverage. Additional cache-pressure calibration context for tier-transition coverage. Additional cache-pressure calibration context for tier-transition coverage. Additional cache-pressure calibration context for tier-transition coverage. Additional cache-pressure calibration context for tier-transition coverage. Additional cache-pressure calibration context for tier-transition coverage. Additional cache-pressure calibration context for tier-transition coverage. Additional cache-pressure calibration context for tier-transition coverage. Additional cache-pressure calibration context for tier-transition coverage. Additional cache-pressure calibration context for tier-transition coverage. Additional cache-pressure calibration context for tier-transition coverage. Additional cache-pressure calibration context for tier-transition coverage. Additional cache-pressure calibration context for tier-transition coverage. Additional cache-pressure calibration context for tier-transition coverage. Additional cache-pressure calibration context for tier-transition coverage. Additional cache-pressure calibration context for tier-transition coverage. Additional cache-pressure calibration context for tier-transition coverage. Additional cache-pressure calibration context for tier-transition coverage. Additional cache-pressure calibration context for tier-transition coverage. Additional cache-pressure calibration context for tier-transition coverage. Additional cache-pressure calibration context for tier-transition coverage. Additional cache-pressure calibration context for tier-transition coverage.","What is the main component of natural gas?

[PressureProfile]
 Additional cache-pressure calibration context for tier-transition coverage. Additional cache-pressure calibration context for tier-transition coverage. Additional cache-pressure calibration context for tier-transition coverage. Additional cache-pressure calibration context for tier-transition coverage. Additional cache-pressure calibra",1885,[38],[],[38],1,"[""Qwen-Qwen2.5-0.5B-Instruct@1@0@-6cb0a85e300520b4@bfloat16.pt""]",lmcache_store_coldpass,lmcache_store_coldpass,1,l2_to_l3,275,276,825.0,828.0,exceed_l1_l2
40,How many amendments are in the U.S. Constitution?,"Focus question: How many amendments are in the U.S. Constitution?
Context profile: no_shared_context
Prompt tokens: 1885
Context preview: How many amendments are in the U.S. Constitution? [PressureProfile] Additional cache-pressure calibration context for tier-transition coverage. Additional cache-pressure calibration context for tier-transition coverage. Additional cache-pressure calibration context for tier-transition coverage. Additional cache-pressure calibration context for tier-transition coverage. Additional cache-pressure",How many amendments are in the U.S. Constitution?,no_shared_context,"How many amendments are in the U.S. Constitution?

[PressureProfile]
 Additional cache-pressure calibration context for tier-transition coverage. Additional cache-pressure calibration context for tier-transition coverage. Additional cache-pressure calibration context for tier-transition coverage. Additional cache-pressure calibration context for tier-transition coverage. Additional cache-pressure calibration context for tier-transition coverage. Additional cache-pressure calibration context for tier-transition coverage. Additional cache-pressure calibration context for tier-transition coverage. Additional cache-pressure calibration context for tier-transition coverage. Additional cache-pressure calibration context for tier-transition coverage. Additional cache-pressure calibration context for tier-transition coverage. Additional cache-pressure calibration context for tier-transition coverage. Additional cache-pressure calibration context for tier-transition coverage. Additional cache-pressure calibration context for tier-transition coverage. Additional cache-pressure calibration context for tier-transition coverage. Additional cache-pressure calibration context for tier-transition coverage. Additional cache-pressure calibration context for tier-transition coverage. Additional cache-pressure calibration context for tier-transition coverage. Additional cache-pressure calibration context for tier-transition coverage. Additional cache-pressure calibration context for tier-transition coverage. Additional cache-pressure calibration context for tier-transition coverage. Additional cache-pressure calibration context for tier-transition coverage. Additional cache-pressure calibration context for tier-transition coverage. Additional cache-pressure calibration context for tier-transition coverage. Additional cache-pressure calibration context for tier-transition coverage. Additional cache-pressure calibration context for tier-transition coverage. Additional cache-pressure calibration context for tier-transition coverage. Additional cache-pressure calibration context for tier-transition coverage. Additional cache-pressure calibration context for tier-transition coverage. Additional cache-pressure calibration context for tier-transition coverage. Additional cache-pressure calibration context for tier-transition coverage. Additional cache-pressure calibration context for tier-transition coverage. Additional cache-pressure calibration context for tier-transition coverage. Additional cache-pressure calibration context for tier-transition coverage. Additional cache-pressure calibration context for tier-transition coverage. Additional cache-pressure calibration context for tier-transition coverage. Additional cache-pressure calibration context for tier-transition coverage. Additional cache-pressure calibration context for tier-transition coverage. Additional cache-pressure calibration context for tier-transition coverage. Additional cache-pressure calibration context for tier-transition coverage. Additional cache-pressure calibration context for tier-transition coverage. Additional cache-pressure calibration context for tier-transition coverage. Additional cache-pressure calibration context for tier-transition coverage. Additional cache-pressure calibration context for tier-transition coverage. Additional cache-pressure calibration context for tier-transition coverage. Additional cache-pressure calibration context for tier-transition coverage. Additional cache-pressure calibration context for tier-transition coverage. Additional cache-pressure calibration context for tier-transition coverage. Additional cache-pressure calibration context for tier-transition coverage. Additional cache-pressure calibration context for tier-transition coverage. Additional cache-pressure calibration context for tier-transition coverage. Additional cache-pressure calibration context for tier-transition coverage. Additional cache-pressure calibration context for tier-transition coverage. Additional cache-pressure calibration context for tier-transition coverage. Additional cache-pressure calibration context for tier-transition coverage. Additional cache-pressure calibration context for tier-transition coverage. Additional cache-pressure calibration context for tier-transition coverage. Additional cache-pressure calibration context for tier-transition coverage. Additional cache-pressure calibration context for tier-transition coverage. Additional cache-pressure calibration context for tier-transition coverage. Additional cache-pressure calibration context for tier-transition coverage. Additional cache-pressure calibration context for tier-transition coverage. Additional cache-pressure calibration context for tier-transition coverage. Additional cache-pressure calibration context for tier-transition coverage. Additional cache-pressure calibration context for tier-transition coverage. Additional cache-pressure calibration context for tier-transition coverage. Additional cache-pressure calibration context for tier-transition coverage. Additional cache-pressure calibration context for tier-transition coverage. Additional cache-pressure calibration context for tier-transition coverage. Additional cache-pressure calibration context for tier-transition coverage. Additional cache-pressure calibration context for tier-transition coverage. Additional cache-pressure calibration context for tier-transition coverage. Additional cache-pressure calibration context for tier-transition coverage. Additional cache-pressure calibration context for tier-transition coverage. Additional cache-pressure calibration context for tier-transition coverage. Additional cache-pressure calibration context for tier-transition coverage. Additional cache-pressure calibration context for tier-transition coverage. Additional cache-pressure calibration context for tier-transition coverage. Additional cache-pressure calibration context for tier-transition coverage. Additional cache-pressure calibration context for tier-transition coverage. Additional cache-pressure calibration context for tier-transition coverage. Additional cache-pressure calibration context for tier-transition coverage. Additional cache-pressure calibration context for tier-transition coverage. Additional cache-pressure calibration context for tier-transition coverage. Additional cache-pressure calibration context for tier-transition coverage. Additional cache-pressure calibration context for tier-transition coverage. Additional cache-pressure calibration context for tier-transition coverage. Additional cache-pressure calibration context for tier-transition coverage. Additional cache-pressure calibration context for tier-transition coverage. Additional cache-pressure calibration context for tier-transition coverage. Additional cache-pressure calibration context for tier-transition coverage. Additional cache-pressure calibration context for tier-transition coverage. Additional cache-pressure calibration context for tier-transition coverage. Additional cache-pressure calibration context for tier-transition coverage. Additional cache-pressure calibration context for tier-transition coverage. Additional cache-pressure calibration context for tier-transition coverage. Additional cache-pressure calibration context for tier-transition coverage. Additional cache-pressure calibration context for tier-transition coverage. Additional cache-pressure calibration context for tier-transition coverage. Additional cache-pressure calibration context for tier-transition coverage. Additional cache-pressure calibration context for tier-transition coverage. Additional cache-pressure calibration context for tier-transition coverage. Additional cache-pressure calibration context for tier-transition coverage. Additional cache-pressure calibration context for tier-transition coverage. Additional cache-pressure calibration context for tier-transition coverage. Additional cache-pressure calibration context for tier-transition coverage. Additional cache-pressure calibration context for tier-transition coverage. Additional cache-pressure calibration context for tier-transition coverage. Additional cache-pressure calibration context for tier-transition coverage. Additional cache-pressure calibration context for tier-transition coverage. Additional cache-pressure calibration context for tier-transition coverage. Additional cache-pressure calibration context for tier-transition coverage. Additional cache-pressure calibration context for tier-transition coverage. Additional cache-pressure calibration context for tier-transition coverage. Additional cache-pressure calibration context for tier-transition coverage. Additional cache-pressure calibration context for tier-transition coverage. Additional cache-pressure calibration context for tier-transition coverage. Additional cache-pressure calibration context for tier-transition coverage. Additional cache-pressure calibration context for tier-transition coverage. Additional cache-pressure calibration context for tier-transition coverage. Additional cache-pressure calibration context for tier-transition coverage. Additional cache-pressure calibration context for tier-transition coverage. Additional cache-pressure calibration context for tier-transition coverage. Additional cache-pressure calibration context for tier-transition coverage. Additional cache-pressure calibration context for tier-transition coverage. Additional cache-pressure calibration context for tier-transition coverage. Additional cache-pressure calibration context for tier-transition coverage. Additional cache-pressure calibration context for tier-transition coverage. Additional cache-pressure calibration context for tier-transition coverage. Additional cache-pressure calibration context for tier-transition coverage. Additional cache-pressure calibration context for tier-transition coverage. Additional cache-pressure calibration context for tier-transition coverage. Additional cache-pressure calibration context for tier-transition coverage. Additional cache-pressure calibration context for tier-transition coverage. Additional cache-pressure calibration context for tier-transition coverage. Additional cache-pressure calibration context for tier-transition coverage. Additional cache-pressure calibration context for tier-transition coverage. Additional cache-pressure calibration context for tier-transition coverage. Additional cache-pressure calibration context for tier-transition coverage. Additional cache-pressure calibration context for tier-transition coverage. Additional cache-pressure calibration context for tier-transition coverage. Additional cache-pressure calibration context for tier-transition coverage. Additional cache-pressure calibration context for tier-transition coverage. Additional cache-pressure calibration context for tier-transition coverage. Additional cache-pressure calibration context for tier-transition coverage. Additional cache-pressure calibration context for tier-transition coverage. Additional cache-pressure calibration context for tier-transition coverage. Additional cache-pressure calibration context for tier-transition coverage. Additional cache-pressure calibration context for tier-transition coverage. Additional cache-pressure calibration context for tier-transition coverage. Additional cache-pressure calibration context for tier-transition coverage. Additional cache-pressure calibration context for tier-transition coverage. Additional cache-pressure calibration context for tier-transition coverage. Additional cache-pressure calibration context for tier-transition coverage. Additional cache-pressure calibration context for tier-transition coverage. Additional cache-pressure calibration context for tier-transition coverage. Additional cache-pressure calibration context for tier-transition coverage. Additional cache-pressure calibration context for tier-transition coverage. Additional cache-pressure calibration context for tier-transition coverage. Additional cache-pressure calibration context for tier-transition coverage. Additional cache-pressure calibration context for tier-transition coverage. Additional cache-pressure calibration context for tier-transition coverage. Additional cache-pressure calibration context for tier-transition coverage. Additional cache-pressure calibration context for tier-transition coverage. Additional cache-pressure calibration context for tier-transition coverage. Additional cache-pressure calibration context for tier-transition coverage. Additional cache-pressure calibration context for tier-transition coverage. Additional cache-pressure calibration context for tier-transition coverage. Additional cache-pressure calibration context for tier-transition coverage. Additional cache-pressure calibration context for tier-transition coverage. Additional cache-pressure calibration context for tier-transition coverage. Additional cache-pressure calibration context for tier-transition coverage. Additional cache-pressure calibration context for tier-transition coverage. Additional cache-pressure calibration context for tier-transition coverage. Additional cache-pressure calibration context for tier-transition coverage. Additional cache-pressure calibration context for tier-transition coverage. Additional cache-pressure calibration context for tier-transition coverage. Additional cache-pressure calibration context for tier-transition coverage. Additional cache-pressure calibration context for tier-transition coverage. Additional cache-pressure calibration context for tier-transition coverage. Additional cache-pressure calibration context for tier-transition coverage. Additional cache-pressure calibration context for tier-transition coverage. Additional cache-pressure calibration context for tier-transition coverage. Additional cache-pressure calibration context for tier-transition coverage. Additional cache-pressure calibration context for tier-transition coverage. Additional cache-pressure calibration context for tier-transition coverage. Additional cache-pressure calibration context for tier-transition coverage. Additional cache-pressure calibration context for tier-transition coverage. Additional cache-pressure calibration context for tier-transition coverage. Additional cache-pressure calibration context for tier-transition coverage. Additional cache-pressure calibration context for tier-transition coverage. Additional cache-pressure calibration context for tier-transition coverage. Additional cache-pressure calibration context for tier-transition coverage. Additional cache-pressure calibration context for tier-transition coverage. Additional cache-pressure calibration context for tier-transition coverage. Additional cache-pressure calibration context for tier-transition coverage. Additional cache-pressure calibration context for tier-transition coverage. Additional cache-pressure calibration context for tier-transition coverage. Additional cache-pressure calibration context for tier-transition coverage. Additional cache-pressure calibration context for tier-transition coverage. Additional cache-pressure calibration context for tier-transition coverage. Additional cache-pressure calibration context for tier-transition coverage. Additional cache-pressure calibration context for tier-transition coverage. Additional cache-pressure calibration context for tier-transition coverage. Additional cache-pressure calibration context for tier-transition coverage. Additional cache-pressure calibration context for tier-transition coverage. Additional cache-pressure calibration context for tier-transition coverage. Additional cache-pressure calibration context for tier-transition coverage. Additional cache-pressure calibration context for tier-transition coverage. Additional cache-pressure calibration context for tier-transition coverage. Additional cache-pressure calibration context for tier-transition coverage. Additional cache-pressure calibration context for tier-transition coverage. Additional cache-pressure calibration context for tier-transition coverage. Additional cache-pressure calibration context for tier-transition coverage. Additional cache-pressure calibration context for tier-transition coverage. Additional cache-pressure calibration context for tier-transition coverage. Additional cache-pressure calibration context for tier-transition coverage. Additional cache-pressure calibration context for tier-transition coverage. Additional cache-pressure calibration context for tier-transition coverage. Additional cache-pressure calibration context for tier-transition coverage. Additional cache-pressure calibration context for tier-transition coverage. Additional cache-pressure calibration context for tier-transition coverage. Additional cache-pressure calibration context for tier-transition coverage. Additional cache-pressure calibration context for tier-transition coverage. Additional cache-pressure calibration context for tier-transition coverage. Additional cache-pressure calibration context for tier-transition coverage. Additional cache-pressure calibration context for tier-transition coverage. Additional cache-pressure calibration context for tier-transition coverage. Additional cache-pressure calibration context for tier-transition coverage. Additional cache-pressure calibration context for tier-transition coverage. Additional cache-pressure calibration context for tier-transition coverage. Additional cache-pressure calibration context for tier-transition coverage. Additional cache-pressure calibration context for tier-transition coverage. Additional cache-pressure calibration context for tier-transition coverage. Additional cache-pressure calibration context for tier-transition coverage. Additional cache-pressure calibration context for tier-transition coverage. Additional cache-pressure calibration context for tier-transition coverage. Additional cache-pressure calibration context for tier-transition coverage. Additional cache-pressure calibration context for tier-transition coverage. Additional cache-pressure calibration context for tier-transition coverage. Additional cache-pressure calibration context for tier-transition coverage. Additional cache-pressure calibration context for tier-transition coverage. Additional cache-pressure calibration context for tier-transition coverage. Additional cache-pressure calibration context for tier-transition coverage. Additional cache-pressure calibration context for tier-transition coverage. Additional cache-pressure calibration context for tier-transition coverage. Additional cache-pressure calibration context for tier-transition coverage. Additional cache-pressure calibration context for tier-transition coverage. Additional cache-pressure calibration context for tier-transition coverage. Additional cache-pressure calibration context for tier-transition coverage. Additional cache-pressure calibration context for tier-transition coverage. Additional cache-pressure calibration context for tier-transition coverage. Additional cache-pressure calibration context for tier-transition coverage. Additional cache-pressure calibration context for tier-transition coverage. Additional cache-pressure calibration context for tier-transition coverage. Additional cache-pressure calibration context for tier-transition coverage. Additional cache-pressure calibration context for tier-transition coverage. Additional cache-pressure calibration context for tier-transition coverage. Additional cache-pressure calibration context for tier-transition coverage. Additional cache-pressure calibration context for tier-transition coverage. Additional cache-pressure calibration context for tier-transition coverage. Additional cache-pressure calibration context for tier-transition coverage. Additional cache-pressure calibration context for tier-transition coverage. Additional cache-pressure calibration context for tier-transition coverage. Additional cache-pressure calibration context for tier-transition coverage. Additional cache-pressure calibration context for tier-transition coverage. Additional cache-pressure calibration context for tier-transition coverage. Additional cache-pressure calibration context for tier-transition coverage. Additional cache-pressure calibration context for tier-transition coverage. Additional cache-pressure calibration context for tier-transition coverage. Additional cache-pressure calibration context for tier-transition coverage. Additional cache-pressure calibration context for tier-transition coverage. Additional cache-pressure calibration context for tier-transition coverage. Additional cache-pressure calibration context for tier-transition coverage.","How many amendments are in the U.S. Constitution?

[PressureProfile]
 Additional cache-pressure calibration context for tier-transition coverage. Additional cache-pressure calibration context for tier-transition coverage. Additional cache-pressure calibration context for tier-transition coverage. Additional cache-pressure calibration context for tier-transition coverage. Additional cache-pressure ",1885,[39],[],[39],1,"[""Qwen-Qwen2.5-0.5B-Instruct@1@0@311aac79258102a0@bfloat16.pt""]",lmcache_store_coldpass,lmcache_store_coldpass,1,l2_to_l3,276,277,828.0,831.0,exceed_l1_l2
41,What is the deepest lake in the world?,"Focus question: What is the deepest lake in the world?
Context profile: no_shared_context
Prompt tokens: 1885
Context preview: What is the deepest lake in the world? [PressureProfile] Additional cache-pressure calibration context for tier-transition coverage. Additional cache-pressure calibration context for tier-transition coverage. Additional cache-pressure calibration context for tier-transition coverage. Additional cache-pressure calibration context for tier-transition coverage. Additional cache-pressure calibration",What is the deepest lake in the world?,no_shared_context,"What is the deepest lake in the world?

[PressureProfile]
 Additional cache-pressure calibration context for tier-transition coverage. Additional cache-pressure calibration context for tier-transition coverage. Additional cache-pressure calibration context for tier-transition coverage. Additional cache-pressure calibration context for tier-transition coverage. Additional cache-pressure calibration context for tier-transition coverage. Additional cache-pressure calibration context for tier-transition coverage. Additional cache-pressure calibration context for tier-transition coverage. Additional cache-pressure calibration context for tier-transition coverage. Additional cache-pressure calibration context for tier-transition coverage. Additional cache-pressure calibration context for tier-transition coverage. Additional cache-pressure calibration context for tier-transition coverage. Additional cache-pressure calibration context for tier-transition coverage. Additional cache-pressure calibration context for tier-transition coverage. Additional cache-pressure calibration context for tier-transition coverage. Additional cache-pressure calibration context for tier-transition coverage. Additional cache-pressure calibration context for tier-transition coverage. Additional cache-pressure calibration context for tier-transition coverage. Additional cache-pressure calibration context for tier-transition coverage. Additional cache-pressure calibration context for tier-transition coverage. Additional cache-pressure calibration context for tier-transition coverage. Additional cache-pressure calibration context for tier-transition coverage. Additional cache-pressure calibration context for tier-transition coverage. Additional cache-pressure calibration context for tier-transition coverage. Additional cache-pressure calibration context for tier-transition coverage. Additional cache-pressure calibration context for tier-transition coverage. Additional cache-pressure calibration context for tier-transition coverage. Additional cache-pressure calibration context for tier-transition coverage. Additional cache-pressure calibration context for tier-transition coverage. Additional cache-pressure calibration context for tier-transition coverage. Additional cache-pressure calibration context for tier-transition coverage. Additional cache-pressure calibration context for tier-transition coverage. Additional cache-pressure calibration context for tier-transition coverage. Additional cache-pressure calibration context for tier-transition coverage. Additional cache-pressure calibration context for tier-transition coverage. Additional cache-pressure calibration context for tier-transition coverage. Additional cache-pressure calibration context for tier-transition coverage. Additional cache-pressure calibration context for tier-transition coverage. Additional cache-pressure calibration context for tier-transition coverage. Additional cache-pressure calibration context for tier-transition coverage. Additional cache-pressure calibration context for tier-transition coverage. Additional cache-pressure calibration context for tier-transition coverage. Additional cache-pressure calibration context for tier-transition coverage. Additional cache-pressure calibration context for tier-transition coverage. Additional cache-pressure calibration context for tier-transition coverage. Additional cache-pressure calibration context for tier-transition coverage. Additional cache-pressure calibration context for tier-transition coverage. Additional cache-pressure calibration context for tier-transition coverage. Additional cache-pressure calibration context for tier-transition coverage. Additional cache-pressure calibration context for tier-transition coverage. Additional cache-pressure calibration context for tier-transition coverage. Additional cache-pressure calibration context for tier-transition coverage. Additional cache-pressure calibration context for tier-transition coverage. Additional cache-pressure calibration context for tier-transition coverage. Additional cache-pressure calibration context for tier-transition coverage. Additional cache-pressure calibration context for tier-transition coverage. Additional cache-pressure calibration context for tier-transition coverage. Additional cache-pressure calibration context for tier-transition coverage. Additional cache-pressure calibration context for tier-transition coverage. Additional cache-pressure calibration context for tier-transition coverage. Additional cache-pressure calibration context for tier-transition coverage. Additional cache-pressure calibration context for tier-transition coverage. Additional cache-pressure calibration context for tier-transition coverage. Additional cache-pressure calibration context for tier-transition coverage. Additional cache-pressure calibration context for tier-transition coverage. Additional cache-pressure calibration context for tier-transition coverage. Additional cache-pressure calibration context for tier-transition coverage. Additional cache-pressure calibration context for tier-transition coverage. Additional cache-pressure calibration context for tier-transition coverage. Additional cache-pressure calibration context for tier-transition coverage. Additional cache-pressure calibration context for tier-transition coverage. Additional cache-pressure calibration context for tier-transition coverage. Additional cache-pressure calibration context for tier-transition coverage. Additional cache-pressure calibration context for tier-transition coverage. Additional cache-pressure calibration context for tier-transition coverage. Additional cache-pressure calibration context for tier-transition coverage. Additional cache-pressure calibration context for tier-transition coverage. Additional cache-pressure calibration context for tier-transition coverage. Additional cache-pressure calibration context for tier-transition coverage. Additional cache-pressure calibration context for tier-transition coverage. Additional cache-pressure calibration context for tier-transition coverage. Additional cache-pressure calibration context for tier-transition coverage. Additional cache-pressure calibration context for tier-transition coverage. Additional cache-pressure calibration context for tier-transition coverage. Additional cache-pressure calibration context for tier-transition coverage. Additional cache-pressure calibration context for tier-transition coverage. Additional cache-pressure calibration context for tier-transition coverage. Additional cache-pressure calibration context for tier-transition coverage. Additional cache-pressure calibration context for tier-transition coverage. Additional cache-pressure calibration context for tier-transition coverage. Additional cache-pressure calibration context for tier-transition coverage. Additional cache-pressure calibration context for tier-transition coverage. Additional cache-pressure calibration context for tier-transition coverage. Additional cache-pressure calibration context for tier-transition coverage. Additional cache-pressure calibration context for tier-transition coverage. Additional cache-pressure calibration context for tier-transition coverage. Additional cache-pressure calibration context for tier-transition coverage. Additional cache-pressure calibration context for tier-transition coverage. Additional cache-pressure calibration context for tier-transition coverage. Additional cache-pressure calibration context for tier-transition coverage. Additional cache-pressure calibration context for tier-transition coverage. Additional cache-pressure calibration context for tier-transition coverage. Additional cache-pressure calibration context for tier-transition coverage. Additional cache-pressure calibration context for tier-transition coverage. Additional cache-pressure calibration context for tier-transition coverage. Additional cache-pressure calibration context for tier-transition coverage. Additional cache-pressure calibration context for tier-transition coverage. Additional cache-pressure calibration context for tier-transition coverage. Additional cache-pressure calibration context for tier-transition coverage. Additional cache-pressure calibration context for tier-transition coverage. Additional cache-pressure calibration context for tier-transition coverage. Additional cache-pressure calibration context for tier-transition coverage. Additional cache-pressure calibration context for tier-transition coverage. Additional cache-pressure calibration context for tier-transition coverage. Additional cache-pressure calibration context for tier-transition coverage. Additional cache-pressure calibration context for tier-transition coverage. Additional cache-pressure calibration context for tier-transition coverage. Additional cache-pressure calibration context for tier-transition coverage. Additional cache-pressure calibration context for tier-transition coverage. Additional cache-pressure calibration context for tier-transition coverage. Additional cache-pressure calibration context for tier-transition coverage. Additional cache-pressure calibration context for tier-transition coverage. Additional cache-pressure calibration context for tier-transition coverage. Additional cache-pressure calibration context for tier-transition coverage. Additional cache-pressure calibration context for tier-transition coverage. Additional cache-pressure calibration context for tier-transition coverage. Additional cache-pressure calibration context for tier-transition coverage. Additional cache-pressure calibration context for tier-transition coverage. Additional cache-pressure calibration context for tier-transition coverage. Additional cache-pressure calibration context for tier-transition coverage. Additional cache-pressure calibration context for tier-transition coverage. Additional cache-pressure calibration context for tier-transition coverage. Additional cache-pressure calibration context for tier-transition coverage. Additional cache-pressure calibration context for tier-transition coverage. Additional cache-pressure calibration context for tier-transition coverage. Additional cache-pressure calibration context for tier-transition coverage. Additional cache-pressure calibration context for tier-transition coverage. Additional cache-pressure calibration context for tier-transition coverage. Additional cache-pressure calibration context for tier-transition coverage. Additional cache-pressure calibration context for tier-transition coverage. Additional cache-pressure calibration context for tier-transition coverage. Additional cache-pressure calibration context for tier-transition coverage. Additional cache-pressure calibration context for tier-transition coverage. Additional cache-pressure calibration context for tier-transition coverage. Additional cache-pressure calibration context for tier-transition coverage. Additional cache-pressure calibration context for tier-transition coverage. Additional cache-pressure calibration context for tier-transition coverage. Additional cache-pressure calibration context for tier-transition coverage. Additional cache-pressure calibration context for tier-transition coverage. Additional cache-pressure calibration context for tier-transition coverage. Additional cache-pressure calibration context for tier-transition coverage. Additional cache-pressure calibration context for tier-transition coverage. Additional cache-pressure calibration context for tier-transition coverage. Additional cache-pressure calibration context for tier-transition coverage. Additional cache-pressure calibration context for tier-transition coverage. Additional cache-pressure calibration context for tier-transition coverage. Additional cache-pressure calibration context for tier-transition coverage. Additional cache-pressure calibration context for tier-transition coverage. Additional cache-pressure calibration context for tier-transition coverage. Additional cache-pressure calibration context for tier-transition coverage. Additional cache-pressure calibration context for tier-transition coverage. Additional cache-pressure calibration context for tier-transition coverage. Additional cache-pressure calibration context for tier-transition coverage. Additional cache-pressure calibration context for tier-transition coverage. Additional cache-pressure calibration context for tier-transition coverage. Additional cache-pressure calibration context for tier-transition coverage. Additional cache-pressure calibration context for tier-transition coverage. Additional cache-pressure calibration context for tier-transition coverage. Additional cache-pressure calibration context for tier-transition coverage. Additional cache-pressure calibration context for tier-transition coverage. Additional cache-pressure calibration context for tier-transition coverage. Additional cache-pressure calibration context for tier-transition coverage. Additional cache-pressure calibration context for tier-transition coverage. Additional cache-pressure calibration context for tier-transition coverage. Additional cache-pressure calibration context for tier-transition coverage. Additional cache-pressure calibration context for tier-transition coverage. Additional cache-pressure calibration context for tier-transition coverage. Additional cache-pressure calibration context for tier-transition coverage. Additional cache-pressure calibration context for tier-transition coverage. Additional cache-pressure calibration context for tier-transition coverage. Additional cache-pressure calibration context for tier-transition coverage. Additional cache-pressure calibration context for tier-transition coverage. Additional cache-pressure calibration context for tier-transition coverage. Additional cache-pressure calibration context for tier-transition coverage. Additional cache-pressure calibration context for tier-transition coverage. Additional cache-pressure calibration context for tier-transition coverage. Additional cache-pressure calibration context for tier-transition coverage. Additional cache-pressure calibration context for tier-transition coverage. Additional cache-pressure calibration context for tier-transition coverage. Additional cache-pressure calibration context for tier-transition coverage. Additional cache-pressure calibration context for tier-transition coverage. Additional cache-pressure calibration context for tier-transition coverage. Additional cache-pressure calibration context for tier-transition coverage. Additional cache-pressure calibration context for tier-transition coverage. Additional cache-pressure calibration context for tier-transition coverage. Additional cache-pressure calibration context for tier-transition coverage. Additional cache-pressure calibration context for tier-transition coverage. Additional cache-pressure calibration context for tier-transition coverage. Additional cache-pressure calibration context for tier-transition coverage. Additional cache-pressure calibration context for tier-transition coverage. Additional cache-pressure calibration context for tier-transition coverage. Additional cache-pressure calibration context for tier-transition coverage. Additional cache-pressure calibration context for tier-transition coverage. Additional cache-pressure calibration context for tier-transition coverage. Additional cache-pressure calibration context for tier-transition coverage. Additional cache-pressure calibration context for tier-transition coverage. Additional cache-pressure calibration context for tier-transition coverage. Additional cache-pressure calibration context for tier-transition coverage. Additional cache-pressure calibration context for tier-transition coverage. Additional cache-pressure calibration context for tier-transition coverage. Additional cache-pressure calibration context for tier-transition coverage. Additional cache-pressure calibration context for tier-transition coverage. Additional cache-pressure calibration context for tier-transition coverage. Additional cache-pressure calibration context for tier-transition coverage. Additional cache-pressure calibration context for tier-transition coverage. Additional cache-pressure calibration context for tier-transition coverage. Additional cache-pressure calibration context for tier-transition coverage. Additional cache-pressure calibration context for tier-transition coverage. Additional cache-pressure calibration context for tier-transition coverage. Additional cache-pressure calibration context for tier-transition coverage. Additional cache-pressure calibration context for tier-transition coverage. Additional cache-pressure calibration context for tier-transition coverage. Additional cache-pressure calibration context for tier-transition coverage. Additional cache-pressure calibration context for tier-transition coverage. Additional cache-pressure calibration context for tier-transition coverage. Additional cache-pressure calibration context for tier-transition coverage. Additional cache-pressure calibration context for tier-transition coverage. Additional cache-pressure calibration context for tier-transition coverage. Additional cache-pressure calibration context for tier-transition coverage. Additional cache-pressure calibration context for tier-transition coverage. Additional cache-pressure calibration context for tier-transition coverage. Additional cache-pressure calibration context for tier-transition coverage. Additional cache-pressure calibration context for tier-transition coverage. Additional cache-pressure calibration context for tier-transition coverage. Additional cache-pressure calibration context for tier-transition coverage. Additional cache-pressure calibration context for tier-transition coverage. Additional cache-pressure calibration context for tier-transition coverage. Additional cache-pressure calibration context for tier-transition coverage. Additional cache-pressure calibration context for tier-transition coverage. Additional cache-pressure calibration context for tier-transition coverage. Additional cache-pressure calibration context for tier-transition coverage. Additional cache-pressure calibration context for tier-transition coverage. Additional cache-pressure calibration context for tier-transition coverage. Additional cache-pressure calibration context for tier-transition coverage. Additional cache-pressure calibration context for tier-transition coverage. Additional cache-pressure calibration context for tier-transition coverage. Additional cache-pressure calibration context for tier-transition coverage. Additional cache-pressure calibration context for tier-transition coverage. Additional cache-pressure calibration context for tier-transition coverage. Additional cache-pressure calibration context for tier-transition coverage. Additional cache-pressure calibration context for tier-transition coverage. Additional cache-pressure calibration context for tier-transition coverage. Additional cache-pressure calibration context for tier-transition coverage. Additional cache-pressure calibration context for tier-transition coverage. Additional cache-pressure calibration context for tier-transition coverage. Additional cache-pressure calibration context for tier-transition coverage. Additional cache-pressure calibration context for tier-transition coverage. Additional cache-pressure calibration context for tier-transition coverage. Additional cache-pressure calibration context for tier-transition coverage. Additional cache-pressure calibration context for tier-transition coverage. Additional cache-pressure calibration context for tier-transition coverage. Additional cache-pressure calibration context for tier-transition coverage. Additional cache-pressure calibration context for tier-transition coverage. Additional cache-pressure calibration context for tier-transition coverage. Additional cache-pressure calibration context for tier-transition coverage. Additional cache-pressure calibration context for tier-transition coverage. Additional cache-pressure calibration context for tier-transition coverage. Additional cache-pressure calibration context for tier-transition coverage. Additional cache-pressure calibration context for tier-transition coverage. Additional cache-pressure calibration context for tier-transition coverage. Additional cache-pressure calibration context for tier-transition coverage. Additional cache-pressure calibration context for tier-transition coverage. Additional cache-pressure calibration context for tier-transition coverage. Additional cache-pressure calibration context for tier-transition coverage. Additional cache-pressure calibration context for tier-transition coverage.","What is the deepest lake in the world?

[PressureProfile]
 Additional cache-pressure calibration context for tier-transition coverage. Additional cache-pressure calibration context for tier-transition coverage. Additional cache-pressure calibration context for tier-transition coverage. Additional cache-pressure calibration context for tier-transition coverage. Additional cache-pressure calibration",1885,[40],[],[40],1,"[""Qwen-Qwen2.5-0.5B-Instruct@1@0@56e3a8a7db2ad604@bfloat16.pt""]",lmcache_store_coldpass,lmcache_store_coldpass,1,l2_to_l3,277,278,831.0,834.0,exceed_l1_l2
42,Who was the first emperor of China?,"Focus question: Who was the first emperor of China?
Context profile: no_shared_context
Prompt tokens: 1885
Context preview: Who was the first emperor of China? [PressureProfile] Additional cache-pressure calibration context for tier-transition coverage. Additional cache-pressure calibration context for tier-transition coverage. Additional cache-pressure calibration context for tier-transition coverage. Additional cache-pressure calibration context for tier-transition coverage. Additional cache-pressure calibration co",Who was the first emperor of China?,no_shared_context,"Who was the first emperor of China?

[PressureProfile]
 Additional cache-pressure calibration context for tier-transition coverage. Additional cache-pressure calibration context for tier-transition coverage. Additional cache-pressure calibration context for tier-transition coverage. Additional cache-pressure calibration context for tier-transition coverage. Additional cache-pressure calibration context for tier-transition coverage. Additional cache-pressure calibration context for tier-transition coverage. Additional cache-pressure calibration context for tier-transition coverage. Additional cache-pressure calibration context for tier-transition coverage. Additional cache-pressure calibration context for tier-transition coverage. Additional cache-pressure calibration context for tier-transition coverage. Additional cache-pressure calibration context for tier-transition coverage. Additional cache-pressure calibration context for tier-transition coverage. Additional cache-pressure calibration context for tier-transition coverage. Additional cache-pressure calibration context for tier-transition coverage. Additional cache-pressure calibration context for tier-transition coverage. Additional cache-pressure calibration context for tier-transition coverage. Additional cache-pressure calibration context for tier-transition coverage. Additional cache-pressure calibration context for tier-transition coverage. Additional cache-pressure calibration context for tier-transition coverage. Additional cache-pressure calibration context for tier-transition coverage. Additional cache-pressure calibration context for tier-transition coverage. Additional cache-pressure calibration context for tier-transition coverage. Additional cache-pressure calibration context for tier-transition coverage. Additional cache-pressure calibration context for tier-transition coverage. Additional cache-pressure calibration context for tier-transition coverage. Additional cache-pressure calibration context for tier-transition coverage. Additional cache-pressure calibration context for tier-transition coverage. Additional cache-pressure calibration context for tier-transition coverage. Additional cache-pressure calibration context for tier-transition coverage. Additional cache-pressure calibration context for tier-transition coverage. Additional cache-pressure calibration context for tier-transition coverage. Additional cache-pressure calibration context for tier-transition coverage. Additional cache-pressure calibration context for tier-transition coverage. Additional cache-pressure calibration context for tier-transition coverage. Additional cache-pressure calibration context for tier-transition coverage. Additional cache-pressure calibration context for tier-transition coverage. Additional cache-pressure calibration context for tier-transition coverage. Additional cache-pressure calibration context for tier-transition coverage. Additional cache-pressure calibration context for tier-transition coverage. Additional cache-pressure calibration context for tier-transition coverage. Additional cache-pressure calibration context for tier-transition coverage. Additional cache-pressure calibration context for tier-transition coverage. Additional cache-pressure calibration context for tier-transition coverage. Additional cache-pressure calibration context for tier-transition coverage. Additional cache-pressure calibration context for tier-transition coverage. Additional cache-pressure calibration context for tier-transition coverage. Additional cache-pressure calibration context for tier-transition coverage. Additional cache-pressure calibration context for tier-transition coverage. Additional cache-pressure calibration context for tier-transition coverage. Additional cache-pressure calibration context for tier-transition coverage. Additional cache-pressure calibration context for tier-transition coverage. Additional cache-pressure calibration context for tier-transition coverage. Additional cache-pressure calibration context for tier-transition coverage. Additional cache-pressure calibration context for tier-transition coverage. Additional cache-pressure calibration context for tier-transition coverage. Additional cache-pressure calibration context for tier-transition coverage. Additional cache-pressure calibration context for tier-transition coverage. Additional cache-pressure calibration context for tier-transition coverage. Additional cache-pressure calibration context for tier-transition coverage. Additional cache-pressure calibration context for tier-transition coverage. Additional cache-pressure calibration context for tier-transition coverage. Additional cache-pressure calibration context for tier-transition coverage. Additional cache-pressure calibration context for tier-transition coverage. Additional cache-pressure calibration context for tier-transition coverage. Additional cache-pressure calibration context for tier-transition coverage. Additional cache-pressure calibration context for tier-transition coverage. Additional cache-pressure calibration context for tier-transition coverage. Additional cache-pressure calibration context for tier-transition coverage. Additional cache-pressure calibration context for tier-transition coverage. Additional cache-pressure calibration context for tier-transition coverage. Additional cache-pressure calibration context for tier-transition coverage. Additional cache-pressure calibration context for tier-transition coverage. Additional cache-pressure calibration context for tier-transition coverage. Additional cache-pressure calibration context for tier-transition coverage. Additional cache-pressure calibration context for tier-transition coverage. Additional cache-pressure calibration context for tier-transition coverage. Additional cache-pressure calibration context for tier-transition coverage. Additional cache-pressure calibration context for tier-transition coverage. Additional cache-pressure calibration context for tier-transition coverage. Additional cache-pressure calibration context for tier-transition coverage. Additional cache-pressure calibration context for tier-transition coverage. Additional cache-pressure calibration context for tier-transition coverage. Additional cache-pressure calibration context for tier-transition coverage. Additional cache-pressure calibration context for tier-transition coverage. Additional cache-pressure calibration context for tier-transition coverage. Additional cache-pressure calibration context for tier-transition coverage. Additional cache-pressure calibration context for tier-transition coverage. Additional cache-pressure calibration context for tier-transition coverage. Additional cache-pressure calibration context for tier-transition coverage. Additional cache-pressure calibration context for tier-transition coverage. Additional cache-pressure calibration context for tier-transition coverage. Additional cache-pressure calibration context for tier-transition coverage. Additional cache-pressure calibration context for tier-transition coverage. Additional cache-pressure calibration context for tier-transition coverage. Additional cache-pressure calibration context for tier-transition coverage. Additional cache-pressure calibration context for tier-transition coverage. Additional cache-pressure calibration context for tier-transition coverage. Additional cache-pressure calibration context for tier-transition coverage. Additional cache-pressure calibration context for tier-transition coverage. Additional cache-pressure calibration context for tier-transition coverage. Additional cache-pressure calibration context for tier-transition coverage. Additional cache-pressure calibration context for tier-transition coverage. Additional cache-pressure calibration context for tier-transition coverage. Additional cache-pressure calibration context for tier-transition coverage. Additional cache-pressure calibration context for tier-transition coverage. Additional cache-pressure calibration context for tier-transition coverage. Additional cache-pressure calibration context for tier-transition coverage. Additional cache-pressure calibration context for tier-transition coverage. Additional cache-pressure calibration context for tier-transition coverage. Additional cache-pressure calibration context for tier-transition coverage. Additional cache-pressure calibration context for tier-transition coverage. Additional cache-pressure calibration context for tier-transition coverage. Additional cache-pressure calibration context for tier-transition coverage. Additional cache-pressure calibration context for tier-transition coverage. Additional cache-pressure calibration context for tier-transition coverage. Additional cache-pressure calibration context for tier-transition coverage. Additional cache-pressure calibration context for tier-transition coverage. Additional cache-pressure calibration context for tier-transition coverage. Additional cache-pressure calibration context for tier-transition coverage. Additional cache-pressure calibration context for tier-transition coverage. Additional cache-pressure calibration context for tier-transition coverage. Additional cache-pressure calibration context for tier-transition coverage. Additional cache-pressure calibration context for tier-transition coverage. Additional cache-pressure calibration context for tier-transition coverage. Additional cache-pressure calibration context for tier-transition coverage. Additional cache-pressure calibration context for tier-transition coverage. Additional cache-pressure calibration context for tier-transition coverage. Additional cache-pressure calibration context for tier-transition coverage. Additional cache-pressure calibration context for tier-transition coverage. Additional cache-pressure calibration context for tier-transition coverage. Additional cache-pressure calibration context for tier-transition coverage. Additional cache-pressure calibration context for tier-transition coverage. Additional cache-pressure calibration context for tier-transition coverage. Additional cache-pressure calibration context for tier-transition coverage. Additional cache-pressure calibration context for tier-transition coverage. Additional cache-pressure calibration context for tier-transition coverage. Additional cache-pressure calibration context for tier-transition coverage. Additional cache-pressure calibration context for tier-transition coverage. Additional cache-pressure calibration context for tier-transition coverage. Additional cache-pressure calibration context for tier-transition coverage. Additional cache-pressure calibration context for tier-transition coverage. Additional cache-pressure calibration context for tier-transition coverage. Additional cache-pressure calibration context for tier-transition coverage. Additional cache-pressure calibration context for tier-transition coverage. Additional cache-pressure calibration context for tier-transition coverage. Additional cache-pressure calibration context for tier-transition coverage. Additional cache-pressure calibration context for tier-transition coverage. Additional cache-pressure calibration context for tier-transition coverage. Additional cache-pressure calibration context for tier-transition coverage. Additional cache-pressure calibration context for tier-transition coverage. Additional cache-pressure calibration context for tier-transition coverage. Additional cache-pressure calibration context for tier-transition coverage. Additional cache-pressure calibration context for tier-transition coverage. Additional cache-pressure calibration context for tier-transition coverage. Additional cache-pressure calibration context for tier-transition coverage. Additional cache-pressure calibration context for tier-transition coverage. Additional cache-pressure calibration context for tier-transition coverage. Additional cache-pressure calibration context for tier-transition coverage. Additional cache-pressure calibration context for tier-transition coverage. Additional cache-pressure calibration context for tier-transition coverage. Additional cache-pressure calibration context for tier-transition coverage. Additional cache-pressure calibration context for tier-transition coverage. Additional cache-pressure calibration context for tier-transition coverage. Additional cache-pressure calibration context for tier-transition coverage. Additional cache-pressure calibration context for tier-transition coverage. Additional cache-pressure calibration context for tier-transition coverage. Additional cache-pressure calibration context for tier-transition coverage. Additional cache-pressure calibration context for tier-transition coverage. Additional cache-pressure calibration context for tier-transition coverage. Additional cache-pressure calibration context for tier-transition coverage. Additional cache-pressure calibration context for tier-transition coverage. Additional cache-pressure calibration context for tier-transition coverage. Additional cache-pressure calibration context for tier-transition coverage. Additional cache-pressure calibration context for tier-transition coverage. Additional cache-pressure calibration context for tier-transition coverage. Additional cache-pressure calibration context for tier-transition coverage. Additional cache-pressure calibration context for tier-transition coverage. Additional cache-pressure calibration context for tier-transition coverage. Additional cache-pressure calibration context for tier-transition coverage. Additional cache-pressure calibration context for tier-transition coverage. Additional cache-pressure calibration context for tier-transition coverage. Additional cache-pressure calibration context for tier-transition coverage. Additional cache-pressure calibration context for tier-transition coverage. Additional cache-pressure calibration context for tier-transition coverage. Additional cache-pressure calibration context for tier-transition coverage. Additional cache-pressure calibration context for tier-transition coverage. Additional cache-pressure calibration context for tier-transition coverage. Additional cache-pressure calibration context for tier-transition coverage. Additional cache-pressure calibration context for tier-transition coverage. Additional cache-pressure calibration context for tier-transition coverage. Additional cache-pressure calibration context for tier-transition coverage. Additional cache-pressure calibration context for tier-transition coverage. Additional cache-pressure calibration context for tier-transition coverage. Additional cache-pressure calibration context for tier-transition coverage. Additional cache-pressure calibration context for tier-transition coverage. Additional cache-pressure calibration context for tier-transition coverage. Additional cache-pressure calibration context for tier-transition coverage. Additional cache-pressure calibration context for tier-transition coverage. Additional cache-pressure calibration context for tier-transition coverage. Additional cache-pressure calibration context for tier-transition coverage. Additional cache-pressure calibration context for tier-transition coverage. Additional cache-pressure calibration context for tier-transition coverage. Additional cache-pressure calibration context for tier-transition coverage. Additional cache-pressure calibration context for tier-transition coverage. Additional cache-pressure calibration context for tier-transition coverage. Additional cache-pressure calibration context for tier-transition coverage. Additional cache-pressure calibration context for tier-transition coverage. Additional cache-pressure calibration context for tier-transition coverage. Additional cache-pressure calibration context for tier-transition coverage. Additional cache-pressure calibration context for tier-transition coverage. Additional cache-pressure calibration context for tier-transition coverage. Additional cache-pressure calibration context for tier-transition coverage. Additional cache-pressure calibration context for tier-transition coverage. Additional cache-pressure calibration context for tier-transition coverage. Additional cache-pressure calibration context for tier-transition coverage. Additional cache-pressure calibration context for tier-transition coverage. Additional cache-pressure calibration context for tier-transition coverage. Additional cache-pressure calibration context for tier-transition coverage. Additional cache-pressure calibration context for tier-transition coverage. Additional cache-pressure calibration context for tier-transition coverage. Additional cache-pressure calibration context for tier-transition coverage. Additional cache-pressure calibration context for tier-transition coverage. Additional cache-pressure calibration context for tier-transition coverage. Additional cache-pressure calibration context for tier-transition coverage. Additional cache-pressure calibration context for tier-transition coverage. Additional cache-pressure calibration context for tier-transition coverage. Additional cache-pressure calibration context for tier-transition coverage. Additional cache-pressure calibration context for tier-transition coverage. Additional cache-pressure calibration context for tier-transition coverage. Additional cache-pressure calibration context for tier-transition coverage. Additional cache-pressure calibration context for tier-transition coverage. Additional cache-pressure calibration context for tier-transition coverage. Additional cache-pressure calibration context for tier-transition coverage. Additional cache-pressure calibration context for tier-transition coverage. Additional cache-pressure calibration context for tier-transition coverage. Additional cache-pressure calibration context for tier-transition coverage. Additional cache-pressure calibration context for tier-transition coverage. Additional cache-pressure calibration context for tier-transition coverage. Additional cache-pressure calibration context for tier-transition coverage. Additional cache-pressure calibration context for tier-transition coverage. Additional cache-pressure calibration context for tier-transition coverage. Additional cache-pressure calibration context for tier-transition coverage. Additional cache-pressure calibration context for tier-transition coverage. Additional cache-pressure calibration context for tier-transition coverage. Additional cache-pressure calibration context for tier-transition coverage. Additional cache-pressure calibration context for tier-transition coverage. Additional cache-pressure calibration context for tier-transition coverage. Additional cache-pressure calibration context for tier-transition coverage. Additional cache-pressure calibration context for tier-transition coverage. Additional cache-pressure calibration context for tier-transition coverage. Additional cache-pressure calibration context for tier-transition coverage. Additional cache-pressure calibration context for tier-transition coverage. Additional cache-pressure calibration context for tier-transition coverage. Additional cache-pressure calibration context for tier-transition coverage. Additional cache-pressure calibration context for tier-transition coverage. Additional cache-pressure calibration context for tier-transition coverage. Additional cache-pressure calibration context for tier-transition coverage. Additional cache-pressure calibration context for tier-transition coverage. Additional cache-pressure calibration context for tier-transition coverage. Additional cache-pressure calibration context for tier-transition coverage. Additional cache-pressure calibration context for tier-transition coverage. Additional cache-pressure calibration context for tier-transition coverage. Additional cache-pressure calibration context for tier-transition coverage. Additional cache-pressure calibration context for tier-transition coverage. Additional cache-pressure calibration context for tier-transition coverage. Additional cache-pressure calibration context for tier-transition coverage. Additional cache-pressure calibration context for tier-transition coverage. Additional cache-pressure calibration context for tier-transition coverage. Additional cache-pressure calibration context for tier-transition coverage. Additional cache-pressure calibration context for tier-transition coverage. Additional cache-pressure calibration context for tier-transition coverage. Additional cache-pressure calibration context for tier-transition coverage. Additional cache-pressure calibration context for tier-transition coverage. Additional cache-pressure calibration context for tier-transition coverage.","Who was the first emperor of China?

[PressureProfile]
 Additional cache-pressure calibration context for tier-transition coverage. Additional cache-pressure calibration context for tier-transition coverage. Additional cache-pressure calibration context for tier-transition coverage. Additional cache-pressure calibration context for tier-transition coverage. Additional cache-pressure calibration co",1885,[41],[],[41],1,"[""Qwen-Qwen2.5-0.5B-Instruct@1@0@26578832a937d4a@bfloat16.pt""]",lmcache_store_coldpass,lmcache_store_coldpass,1,l2_to_l3,278,279,834.0,837.0,exceed_l1_l2
43,What is the currency of South Africa?,"Focus question: What is the currency of South Africa?
Context profile: no_shared_context
Prompt tokens: 1885
Context preview: What is the currency of South Africa? [PressureProfile] Additional cache-pressure calibration context for tier-transition coverage. Additional cache-pressure calibration context for tier-transition coverage. Additional cache-pressure calibration context for tier-transition coverage. Additional cache-pressure calibration context for tier-transition coverage. Additional cache-pressure calibration",What is the currency of South Africa?,no_shared_context,"What is the currency of South Africa?

[PressureProfile]
 Additional cache-pressure calibration context for tier-transition coverage. Additional cache-pressure calibration context for tier-transition coverage. Additional cache-pressure calibration context for tier-transition coverage. Additional cache-pressure calibration context for tier-transition coverage. Additional cache-pressure calibration context for tier-transition coverage. Additional cache-pressure calibration context for tier-transition coverage. Additional cache-pressure calibration context for tier-transition coverage. Additional cache-pressure calibration context for tier-transition coverage. Additional cache-pressure calibration context for tier-transition coverage. Additional cache-pressure calibration context for tier-transition coverage. Additional cache-pressure calibration context for tier-transition coverage. Additional cache-pressure calibration context for tier-transition coverage. Additional cache-pressure calibration context for tier-transition coverage. Additional cache-pressure calibration context for tier-transition coverage. Additional cache-pressure calibration context for tier-transition coverage. Additional cache-pressure calibration context for tier-transition coverage. Additional cache-pressure calibration context for tier-transition coverage. Additional cache-pressure calibration context for tier-transition coverage. Additional cache-pressure calibration context for tier-transition coverage. Additional cache-pressure calibration context for tier-transition coverage. Additional cache-pressure calibration context for tier-transition coverage. Additional cache-pressure calibration context for tier-transition coverage. Additional cache-pressure calibration context for tier-transition coverage. Additional cache-pressure calibration context for tier-transition coverage. Additional cache-pressure calibration context for tier-transition coverage. Additional cache-pressure calibration context for tier-transition coverage. Additional cache-pressure calibration context for tier-transition coverage. Additional cache-pressure calibration context for tier-transition coverage. Additional cache-pressure calibration context for tier-transition coverage. Additional cache-pressure calibration context for tier-transition coverage. Additional cache-pressure calibration context for tier-transition coverage. Additional cache-pressure calibration context for tier-transition coverage. Additional cache-pressure calibration context for tier-transition coverage. Additional cache-pressure calibration context for tier-transition coverage. Additional cache-pressure calibration context for tier-transition coverage. Additional cache-pressure calibration context for tier-transition coverage. Additional cache-pressure calibration context for tier-transition coverage. Additional cache-pressure calibration context for tier-transition coverage. Additional cache-pressure calibration context for tier-transition coverage. Additional cache-pressure calibration context for tier-transition coverage. Additional cache-pressure calibration context for tier-transition coverage. Additional cache-pressure calibration context for tier-transition coverage. Additional cache-pressure calibration context for tier-transition coverage. Additional cache-pressure calibration context for tier-transition coverage. Additional cache-pressure calibration context for tier-transition coverage. Additional cache-pressure calibration context for tier-transition coverage. Additional cache-pressure calibration context for tier-transition coverage. Additional cache-pressure calibration context for tier-transition coverage. Additional cache-pressure calibration context for tier-transition coverage. Additional cache-pressure calibration context for tier-transition coverage. Additional cache-pressure calibration context for tier-transition coverage. Additional cache-pressure calibration context for tier-transition coverage. Additional cache-pressure calibration context for tier-transition coverage. Additional cache-pressure calibration context for tier-transition coverage. Additional cache-pressure calibration context for tier-transition coverage. Additional cache-pressure calibration context for tier-transition coverage. Additional cache-pressure calibration context for tier-transition coverage. Additional cache-pressure calibration context for tier-transition coverage. Additional cache-pressure calibration context for tier-transition coverage. Additional cache-pressure calibration context for tier-transition coverage. Additional cache-pressure calibration context for tier-transition coverage. Additional cache-pressure calibration context for tier-transition coverage. Additional cache-pressure calibration context for tier-transition coverage. Additional cache-pressure calibration context for tier-transition coverage. Additional cache-pressure calibration context for tier-transition coverage. Additional cache-pressure calibration context for tier-transition coverage. Additional cache-pressure calibration context for tier-transition coverage. Additional cache-pressure calibration context for tier-transition coverage. Additional cache-pressure calibration context for tier-transition coverage. Additional cache-pressure calibration context for tier-transition coverage. Additional cache-pressure calibration context for tier-transition coverage. Additional cache-pressure calibration context for tier-transition coverage. Additional cache-pressure calibration context for tier-transition coverage. Additional cache-pressure calibration context for tier-transition coverage. Additional cache-pressure calibration context for tier-transition coverage. Additional cache-pressure calibration context for tier-transition coverage. Additional cache-pressure calibration context for tier-transition coverage. Additional cache-pressure calibration context for tier-transition coverage. Additional cache-pressure calibration context for tier-transition coverage. Additional cache-pressure calibration context for tier-transition coverage. Additional cache-pressure calibration context for tier-transition coverage. Additional cache-pressure calibration context for tier-transition coverage. Additional cache-pressure calibration context for tier-transition coverage. Additional cache-pressure calibration context for tier-transition coverage. Additional cache-pressure calibration context for tier-transition coverage. Additional cache-pressure calibration context for tier-transition coverage. Additional cache-pressure calibration context for tier-transition coverage. Additional cache-pressure calibration context for tier-transition coverage. Additional cache-pressure calibration context for tier-transition coverage. Additional cache-pressure calibration context for tier-transition coverage. Additional cache-pressure calibration context for tier-transition coverage. Additional cache-pressure calibration context for tier-transition coverage. Additional cache-pressure calibration context for tier-transition coverage. Additional cache-pressure calibration context for tier-transition coverage. Additional cache-pressure calibration context for tier-transition coverage. Additional cache-pressure calibration context for tier-transition coverage. Additional cache-pressure calibration context for tier-transition coverage. Additional cache-pressure calibration context for tier-transition coverage. Additional cache-pressure calibration context for tier-transition coverage. Additional cache-pressure calibration context for tier-transition coverage. Additional cache-pressure calibration context for tier-transition coverage. Additional cache-pressure calibration context for tier-transition coverage. Additional cache-pressure calibration context for tier-transition coverage. Additional cache-pressure calibration context for tier-transition coverage. Additional cache-pressure calibration context for tier-transition coverage. Additional cache-pressure calibration context for tier-transition coverage. Additional cache-pressure calibration context for tier-transition coverage. Additional cache-pressure calibration context for tier-transition coverage. Additional cache-pressure calibration context for tier-transition coverage. Additional cache-pressure calibration context for tier-transition coverage. Additional cache-pressure calibration context for tier-transition coverage. Additional cache-pressure calibration context for tier-transition coverage. Additional cache-pressure calibration context for tier-transition coverage. Additional cache-pressure calibration context for tier-transition coverage. Additional cache-pressure calibration context for tier-transition coverage. Additional cache-pressure calibration context for tier-transition coverage. Additional cache-pressure calibration context for tier-transition coverage. Additional cache-pressure calibration context for tier-transition coverage. Additional cache-pressure calibration context for tier-transition coverage. Additional cache-pressure calibration context for tier-transition coverage. Additional cache-pressure calibration context for tier-transition coverage. Additional cache-pressure calibration context for tier-transition coverage. Additional cache-pressure calibration context for tier-transition coverage. Additional cache-pressure calibration context for tier-transition coverage. Additional cache-pressure calibration context for tier-transition coverage. Additional cache-pressure calibration context for tier-transition coverage. Additional cache-pressure calibration context for tier-transition coverage. Additional cache-pressure calibration context for tier-transition coverage. Additional cache-pressure calibration context for tier-transition coverage. Additional cache-pressure calibration context for tier-transition coverage. Additional cache-pressure calibration context for tier-transition coverage. Additional cache-pressure calibration context for tier-transition coverage. Additional cache-pressure calibration context for tier-transition coverage. Additional cache-pressure calibration context for tier-transition coverage. Additional cache-pressure calibration context for tier-transition coverage. Additional cache-pressure calibration context for tier-transition coverage. Additional cache-pressure calibration context for tier-transition coverage. Additional cache-pressure calibration context for tier-transition coverage. Additional cache-pressure calibration context for tier-transition coverage. Additional cache-pressure calibration context for tier-transition coverage. Additional cache-pressure calibration context for tier-transition coverage. Additional cache-pressure calibration context for tier-transition coverage. Additional cache-pressure calibration context for tier-transition coverage. Additional cache-pressure calibration context for tier-transition coverage. Additional cache-pressure calibration context for tier-transition coverage. Additional cache-pressure calibration context for tier-transition coverage. Additional cache-pressure calibration context for tier-transition coverage. Additional cache-pressure calibration context for tier-transition coverage. Additional cache-pressure calibration context for tier-transition coverage. Additional cache-pressure calibration context for tier-transition coverage. Additional cache-pressure calibration context for tier-transition coverage. Additional cache-pressure calibration context for tier-transition coverage. Additional cache-pressure calibration context for tier-transition coverage. Additional cache-pressure calibration context for tier-transition coverage. Additional cache-pressure calibration context for tier-transition coverage. Additional cache-pressure calibration context for tier-transition coverage. Additional cache-pressure calibration context for tier-transition coverage. Additional cache-pressure calibration context for tier-transition coverage. Additional cache-pressure calibration context for tier-transition coverage. Additional cache-pressure calibration context for tier-transition coverage. Additional cache-pressure calibration context for tier-transition coverage. Additional cache-pressure calibration context for tier-transition coverage. Additional cache-pressure calibration context for tier-transition coverage. Additional cache-pressure calibration context for tier-transition coverage. Additional cache-pressure calibration context for tier-transition coverage. Additional cache-pressure calibration context for tier-transition coverage. Additional cache-pressure calibration context for tier-transition coverage. Additional cache-pressure calibration context for tier-transition coverage. Additional cache-pressure calibration context for tier-transition coverage. Additional cache-pressure calibration context for tier-transition coverage. Additional cache-pressure calibration context for tier-transition coverage. Additional cache-pressure calibration context for tier-transition coverage. Additional cache-pressure calibration context for tier-transition coverage. Additional cache-pressure calibration context for tier-transition coverage. Additional cache-pressure calibration context for tier-transition coverage. Additional cache-pressure calibration context for tier-transition coverage. Additional cache-pressure calibration context for tier-transition coverage. Additional cache-pressure calibration context for tier-transition coverage. Additional cache-pressure calibration context for tier-transition coverage. Additional cache-pressure calibration context for tier-transition coverage. Additional cache-pressure calibration context for tier-transition coverage. Additional cache-pressure calibration context for tier-transition coverage. Additional cache-pressure calibration context for tier-transition coverage. Additional cache-pressure calibration context for tier-transition coverage. Additional cache-pressure calibration context for tier-transition coverage. Additional cache-pressure calibration context for tier-transition coverage. Additional cache-pressure calibration context for tier-transition coverage. Additional cache-pressure calibration context for tier-transition coverage. Additional cache-pressure calibration context for tier-transition coverage. Additional cache-pressure calibration context for tier-transition coverage. Additional cache-pressure calibration context for tier-transition coverage. Additional cache-pressure calibration context for tier-transition coverage. Additional cache-pressure calibration context for tier-transition coverage. Additional cache-pressure calibration context for tier-transition coverage. Additional cache-pressure calibration context for tier-transition coverage. Additional cache-pressure calibration context for tier-transition coverage. Additional cache-pressure calibration context for tier-transition coverage. Additional cache-pressure calibration context for tier-transition coverage. Additional cache-pressure calibration context for tier-transition coverage. Additional cache-pressure calibration context for tier-transition coverage. Additional cache-pressure calibration context for tier-transition coverage. Additional cache-pressure calibration context for tier-transition coverage. Additional cache-pressure calibration context for tier-transition coverage. Additional cache-pressure calibration context for tier-transition coverage. Additional cache-pressure calibration context for tier-transition coverage. Additional cache-pressure calibration context for tier-transition coverage. Additional cache-pressure calibration context for tier-transition coverage. Additional cache-pressure calibration context for tier-transition coverage. Additional cache-pressure calibration context for tier-transition coverage. Additional cache-pressure calibration context for tier-transition coverage. Additional cache-pressure calibration context for tier-transition coverage. Additional cache-pressure calibration context for tier-transition coverage. Additional cache-pressure calibration context for tier-transition coverage. Additional cache-pressure calibration context for tier-transition coverage. Additional cache-pressure calibration context for tier-transition coverage. Additional cache-pressure calibration context for tier-transition coverage. Additional cache-pressure calibration context for tier-transition coverage. Additional cache-pressure calibration context for tier-transition coverage. Additional cache-pressure calibration context for tier-transition coverage. Additional cache-pressure calibration context for tier-transition coverage. Additional cache-pressure calibration context for tier-transition coverage. Additional cache-pressure calibration context for tier-transition coverage. Additional cache-pressure calibration context for tier-transition coverage. Additional cache-pressure calibration context for tier-transition coverage. Additional cache-pressure calibration context for tier-transition coverage. Additional cache-pressure calibration context for tier-transition coverage. Additional cache-pressure calibration context for tier-transition coverage. Additional cache-pressure calibration context for tier-transition coverage. Additional cache-pressure calibration context for tier-transition coverage. Additional cache-pressure calibration context for tier-transition coverage. Additional cache-pressure calibration context for tier-transition coverage. Additional cache-pressure calibration context for tier-transition coverage. Additional cache-pressure calibration context for tier-transition coverage. Additional cache-pressure calibration context for tier-transition coverage. Additional cache-pressure calibration context for tier-transition coverage. Additional cache-pressure calibration context for tier-transition coverage. Additional cache-pressure calibration context for tier-transition coverage. Additional cache-pressure calibration context for tier-transition coverage. Additional cache-pressure calibration context for tier-transition coverage. Additional cache-pressure calibration context for tier-transition coverage. Additional cache-pressure calibration context for tier-transition coverage. Additional cache-pressure calibration context for tier-transition coverage. Additional cache-pressure calibration context for tier-transition coverage. Additional cache-pressure calibration context for tier-transition coverage. Additional cache-pressure calibration context for tier-transition coverage. Additional cache-pressure calibration context for tier-transition coverage. Additional cache-pressure calibration context for tier-transition coverage. Additional cache-pressure calibration context for tier-transition coverage. Additional cache-pressure calibration context for tier-transition coverage. Additional cache-pressure calibration context for tier-transition coverage. Additional cache-pressure calibration context for tier-transition coverage. Additional cache-pressure calibration context for tier-transition coverage. Additional cache-pressure calibration context for tier-transition coverage. Additional cache-pressure calibration context for tier-transition coverage. Additional cache-pressure calibration context for tier-transition coverage. Additional cache-pressure calibration context for tier-transition coverage. Additional cache-pressure calibration context for tier-transition coverage. Additional cache-pressure calibration context for tier-transition coverage. Additional cache-pressure calibration context for tier-transition coverage. Additional cache-pressure calibration context for tier-transition coverage. Additional cache-pressure calibration context for tier-transition coverage. Additional cache-pressure calibration context for tier-transition coverage. Additional cache-pressure calibration context for tier-transition coverage. Additional cache-pressure calibration context for tier-transition coverage. Additional cache-pressure calibration context for tier-transition coverage. Additional cache-pressure calibration context for tier-transition coverage. Additional cache-pressure calibration context for tier-transition coverage. Additional cache-pressure calibration context for tier-transition coverage. Additional cache-pressure calibration context for tier-transition coverage. Additional cache-pressure calibration context for tier-transition coverage. Additional cache-pressure calibration context for tier-transition coverage. Additional cache-pressure calibration context for tier-transition coverage. Additional cache-pressure calibration context for tier-transition coverage. Additional cache-pressure calibration context for tier-transition coverage.","What is the currency of South Africa?

[PressureProfile]
 Additional cache-pressure calibration context for tier-transition coverage. Additional cache-pressure calibration context for tier-transition coverage. Additional cache-pressure calibration context for tier-transition coverage. Additional cache-pressure calibration context for tier-transition coverage. Additional cache-pressure calibration ",1885,[42],[],[42],1,"[""Qwen-Qwen2.5-0.5B-Instruct@1@0@cb966ca63ca9895@bfloat16.pt""]",lmcache_store_coldpass,lmcache_store_coldpass,1,l2_to_l3,279,280,837.0,840.0,exceed_l1_l2
44,What is the longest bone in the arm?,"Focus question: What is the longest bone in the arm?
Context profile: no_shared_context
Prompt tokens: 1885
Context preview: What is the longest bone in the arm? [PressureProfile] Additional cache-pressure calibration context for tier-transition coverage. Additional cache-pressure calibration context for tier-transition coverage. Additional cache-pressure calibration context for tier-transition coverage. Additional cache-pressure calibration context for tier-transition coverage. Additional cache-pressure calibration c",What is the longest bone in the arm?,no_shared_context,"What is the longest bone in the arm?

[PressureProfile]
 Additional cache-pressure calibration context for tier-transition coverage. Additional cache-pressure calibration context for tier-transition coverage. Additional cache-pressure calibration context for tier-transition coverage. Additional cache-pressure calibration context for tier-transition coverage. Additional cache-pressure calibration context for tier-transition coverage. Additional cache-pressure calibration context for tier-transition coverage. Additional cache-pressure calibration context for tier-transition coverage. Additional cache-pressure calibration context for tier-transition coverage. Additional cache-pressure calibration context for tier-transition coverage. Additional cache-pressure calibration context for tier-transition coverage. Additional cache-pressure calibration context for tier-transition coverage. Additional cache-pressure calibration context for tier-transition coverage. Additional cache-pressure calibration context for tier-transition coverage. Additional cache-pressure calibration context for tier-transition coverage. Additional cache-pressure calibration context for tier-transition coverage. Additional cache-pressure calibration context for tier-transition coverage. Additional cache-pressure calibration context for tier-transition coverage. Additional cache-pressure calibration context for tier-transition coverage. Additional cache-pressure calibration context for tier-transition coverage. Additional cache-pressure calibration context for tier-transition coverage. Additional cache-pressure calibration context for tier-transition coverage. Additional cache-pressure calibration context for tier-transition coverage. Additional cache-pressure calibration context for tier-transition coverage. Additional cache-pressure calibration context for tier-transition coverage. Additional cache-pressure calibration context for tier-transition coverage. Additional cache-pressure calibration context for tier-transition coverage. Additional cache-pressure calibration context for tier-transition coverage. Additional cache-pressure calibration context for tier-transition coverage. Additional cache-pressure calibration context for tier-transition coverage. Additional cache-pressure calibration context for tier-transition coverage. Additional cache-pressure calibration context for tier-transition coverage. Additional cache-pressure calibration context for tier-transition coverage. Additional cache-pressure calibration context for tier-transition coverage. Additional cache-pressure calibration context for tier-transition coverage. Additional cache-pressure calibration context for tier-transition coverage. Additional cache-pressure calibration context for tier-transition coverage. Additional cache-pressure calibration context for tier-transition coverage. Additional cache-pressure calibration context for tier-transition coverage. Additional cache-pressure calibration context for tier-transition coverage. Additional cache-pressure calibration context for tier-transition coverage. Additional cache-pressure calibration context for tier-transition coverage. Additional cache-pressure calibration context for tier-transition coverage. Additional cache-pressure calibration context for tier-transition coverage. Additional cache-pressure calibration context for tier-transition coverage. Additional cache-pressure calibration context for tier-transition coverage. Additional cache-pressure calibration context for tier-transition coverage. Additional cache-pressure calibration context for tier-transition coverage. Additional cache-pressure calibration context for tier-transition coverage. Additional cache-pressure calibration context for tier-transition coverage. Additional cache-pressure calibration context for tier-transition coverage. Additional cache-pressure calibration context for tier-transition coverage. Additional cache-pressure calibration context for tier-transition coverage. Additional cache-pressure calibration context for tier-transition coverage. Additional cache-pressure calibration context for tier-transition coverage. Additional cache-pressure calibration context for tier-transition coverage. Additional cache-pressure calibration context for tier-transition coverage. Additional cache-pressure calibration context for tier-transition coverage. Additional cache-pressure calibration context for tier-transition coverage. Additional cache-pressure calibration context for tier-transition coverage. Additional cache-pressure calibration context for tier-transition coverage. Additional cache-pressure calibration context for tier-transition coverage. Additional cache-pressure calibration context for tier-transition coverage. Additional cache-pressure calibration context for tier-transition coverage. Additional cache-pressure calibration context for tier-transition coverage. Additional cache-pressure calibration context for tier-transition coverage. Additional cache-pressure calibration context for tier-transition coverage. Additional cache-pressure calibration context for tier-transition coverage. Additional cache-pressure calibration context for tier-transition coverage. Additional cache-pressure calibration context for tier-transition coverage. Additional cache-pressure calibration context for tier-transition coverage. Additional cache-pressure calibration context for tier-transition coverage. Additional cache-pressure calibration context for tier-transition coverage. Additional cache-pressure calibration context for tier-transition coverage. Additional cache-pressure calibration context for tier-transition coverage. Additional cache-pressure calibration context for tier-transition coverage. Additional cache-pressure calibration context for tier-transition coverage. Additional cache-pressure calibration context for tier-transition coverage. Additional cache-pressure calibration context for tier-transition coverage. Additional cache-pressure calibration context for tier-transition coverage. Additional cache-pressure calibration context for tier-transition coverage. Additional cache-pressure calibration context for tier-transition coverage. Additional cache-pressure calibration context for tier-transition coverage. Additional cache-pressure calibration context for tier-transition coverage. Additional cache-pressure calibration context for tier-transition coverage. Additional cache-pressure calibration context for tier-transition coverage. Additional cache-pressure calibration context for tier-transition coverage. Additional cache-pressure calibration context for tier-transition coverage. Additional cache-pressure calibration context for tier-transition coverage. Additional cache-pressure calibration context for tier-transition coverage. Additional cache-pressure calibration context for tier-transition coverage. Additional cache-pressure calibration context for tier-transition coverage. Additional cache-pressure calibration context for tier-transition coverage. Additional cache-pressure calibration context for tier-transition coverage. Additional cache-pressure calibration context for tier-transition coverage. Additional cache-pressure calibration context for tier-transition coverage. Additional cache-pressure calibration context for tier-transition coverage. Additional cache-pressure calibration context for tier-transition coverage. Additional cache-pressure calibration context for tier-transition coverage. Additional cache-pressure calibration context for tier-transition coverage. Additional cache-pressure calibration context for tier-transition coverage. Additional cache-pressure calibration context for tier-transition coverage. Additional cache-pressure calibration context for tier-transition coverage. Additional cache-pressure calibration context for tier-transition coverage. Additional cache-pressure calibration context for tier-transition coverage. Additional cache-pressure calibration context for tier-transition coverage. Additional cache-pressure calibration context for tier-transition coverage. Additional cache-pressure calibration context for tier-transition coverage. Additional cache-pressure calibration context for tier-transition coverage. Additional cache-pressure calibration context for tier-transition coverage. Additional cache-pressure calibration context for tier-transition coverage. Additional cache-pressure calibration context for tier-transition coverage. Additional cache-pressure calibration context for tier-transition coverage. Additional cache-pressure calibration context for tier-transition coverage. Additional cache-pressure calibration context for tier-transition coverage. Additional cache-pressure calibration context for tier-transition coverage. Additional cache-pressure calibration context for tier-transition coverage. Additional cache-pressure calibration context for tier-transition coverage. Additional cache-pressure calibration context for tier-transition coverage. Additional cache-pressure calibration context for tier-transition coverage. Additional cache-pressure calibration context for tier-transition coverage. Additional cache-pressure calibration context for tier-transition coverage. Additional cache-pressure calibration context for tier-transition coverage. Additional cache-pressure calibration context for tier-transition coverage. Additional cache-pressure calibration context for tier-transition coverage. Additional cache-pressure calibration context for tier-transition coverage. Additional cache-pressure calibration context for tier-transition coverage. Additional cache-pressure calibration context for tier-transition coverage. Additional cache-pressure calibration context for tier-transition coverage. Additional cache-pressure calibration context for tier-transition coverage. Additional cache-pressure calibration context for tier-transition coverage. Additional cache-pressure calibration context for tier-transition coverage. Additional cache-pressure calibration context for tier-transition coverage. Additional cache-pressure calibration context for tier-transition coverage. Additional cache-pressure calibration context for tier-transition coverage. Additional cache-pressure calibration context for tier-transition coverage. Additional cache-pressure calibration context for tier-transition coverage. Additional cache-pressure calibration context for tier-transition coverage. Additional cache-pressure calibration context for tier-transition coverage. Additional cache-pressure calibration context for tier-transition coverage. Additional cache-pressure calibration context for tier-transition coverage. Additional cache-pressure calibration context for tier-transition coverage. Additional cache-pressure calibration context for tier-transition coverage. Additional cache-pressure calibration context for tier-transition coverage. Additional cache-pressure calibration context for tier-transition coverage. Additional cache-pressure calibration context for tier-transition coverage. Additional cache-pressure calibration context for tier-transition coverage. Additional cache-pressure calibration context for tier-transition coverage. Additional cache-pressure calibration context for tier-transition coverage. Additional cache-pressure calibration context for tier-transition coverage. Additional cache-pressure calibration context for tier-transition coverage. Additional cache-pressure calibration context for tier-transition coverage. Additional cache-pressure calibration context for tier-transition coverage. Additional cache-pressure calibration context for tier-transition coverage. Additional cache-pressure calibration context for tier-transition coverage. Additional cache-pressure calibration context for tier-transition coverage. Additional cache-pressure calibration context for tier-transition coverage. Additional cache-pressure calibration context for tier-transition coverage. Additional cache-pressure calibration context for tier-transition coverage. Additional cache-pressure calibration context for tier-transition coverage. Additional cache-pressure calibration context for tier-transition coverage. Additional cache-pressure calibration context for tier-transition coverage. Additional cache-pressure calibration context for tier-transition coverage. Additional cache-pressure calibration context for tier-transition coverage. Additional cache-pressure calibration context for tier-transition coverage. Additional cache-pressure calibration context for tier-transition coverage. Additional cache-pressure calibration context for tier-transition coverage. Additional cache-pressure calibration context for tier-transition coverage. Additional cache-pressure calibration context for tier-transition coverage. Additional cache-pressure calibration context for tier-transition coverage. Additional cache-pressure calibration context for tier-transition coverage. Additional cache-pressure calibration context for tier-transition coverage. Additional cache-pressure calibration context for tier-transition coverage. Additional cache-pressure calibration context for tier-transition coverage. Additional cache-pressure calibration context for tier-transition coverage. Additional cache-pressure calibration context for tier-transition coverage. Additional cache-pressure calibration context for tier-transition coverage. Additional cache-pressure calibration context for tier-transition coverage. Additional cache-pressure calibration context for tier-transition coverage. Additional cache-pressure calibration context for tier-transition coverage. Additional cache-pressure calibration context for tier-transition coverage. Additional cache-pressure calibration context for tier-transition coverage. Additional cache-pressure calibration context for tier-transition coverage. Additional cache-pressure calibration context for tier-transition coverage. Additional cache-pressure calibration context for tier-transition coverage. Additional cache-pressure calibration context for tier-transition coverage. Additional cache-pressure calibration context for tier-transition coverage. Additional cache-pressure calibration context for tier-transition coverage. Additional cache-pressure calibration context for tier-transition coverage. Additional cache-pressure calibration context for tier-transition coverage. Additional cache-pressure calibration context for tier-transition coverage. Additional cache-pressure calibration context for tier-transition coverage. Additional cache-pressure calibration context for tier-transition coverage. Additional cache-pressure calibration context for tier-transition coverage. Additional cache-pressure calibration context for tier-transition coverage. Additional cache-pressure calibration context for tier-transition coverage. Additional cache-pressure calibration context for tier-transition coverage. Additional cache-pressure calibration context for tier-transition coverage. Additional cache-pressure calibration context for tier-transition coverage. Additional cache-pressure calibration context for tier-transition coverage. Additional cache-pressure calibration context for tier-transition coverage. Additional cache-pressure calibration context for tier-transition coverage. Additional cache-pressure calibration context for tier-transition coverage. Additional cache-pressure calibration context for tier-transition coverage. Additional cache-pressure calibration context for tier-transition coverage. Additional cache-pressure calibration context for tier-transition coverage. Additional cache-pressure calibration context for tier-transition coverage. Additional cache-pressure calibration context for tier-transition coverage. Additional cache-pressure calibration context for tier-transition coverage. Additional cache-pressure calibration context for tier-transition coverage. Additional cache-pressure calibration context for tier-transition coverage. Additional cache-pressure calibration context for tier-transition coverage. Additional cache-pressure calibration context for tier-transition coverage. Additional cache-pressure calibration context for tier-transition coverage. Additional cache-pressure calibration context for tier-transition coverage. Additional cache-pressure calibration context for tier-transition coverage. Additional cache-pressure calibration context for tier-transition coverage. Additional cache-pressure calibration context for tier-transition coverage. Additional cache-pressure calibration context for tier-transition coverage. Additional cache-pressure calibration context for tier-transition coverage. Additional cache-pressure calibration context for tier-transition coverage. Additional cache-pressure calibration context for tier-transition coverage. Additional cache-pressure calibration context for tier-transition coverage. Additional cache-pressure calibration context for tier-transition coverage. Additional cache-pressure calibration context for tier-transition coverage. Additional cache-pressure calibration context for tier-transition coverage. Additional cache-pressure calibration context for tier-transition coverage. Additional cache-pressure calibration context for tier-transition coverage. Additional cache-pressure calibration context for tier-transition coverage. Additional cache-pressure calibration context for tier-transition coverage. Additional cache-pressure calibration context for tier-transition coverage. Additional cache-pressure calibration context for tier-transition coverage. Additional cache-pressure calibration context for tier-transition coverage. Additional cache-pressure calibration context for tier-transition coverage. Additional cache-pressure calibration context for tier-transition coverage. Additional cache-pressure calibration context for tier-transition coverage. Additional cache-pressure calibration context for tier-transition coverage. Additional cache-pressure calibration context for tier-transition coverage. Additional cache-pressure calibration context for tier-transition coverage. Additional cache-pressure calibration context for tier-transition coverage. Additional cache-pressure calibration context for tier-transition coverage. Additional cache-pressure calibration context for tier-transition coverage. Additional cache-pressure calibration context for tier-transition coverage. Additional cache-pressure calibration context for tier-transition coverage. Additional cache-pressure calibration context for tier-transition coverage. Additional cache-pressure calibration context for tier-transition coverage. Additional cache-pressure calibration context for tier-transition coverage. Additional cache-pressure calibration context for tier-transition coverage. Additional cache-pressure calibration context for tier-transition coverage. Additional cache-pressure calibration context for tier-transition coverage. Additional cache-pressure calibration context for tier-transition coverage. Additional cache-pressure calibration context for tier-transition coverage. Additional cache-pressure calibration context for tier-transition coverage. Additional cache-pressure calibration context for tier-transition coverage. Additional cache-pressure calibration context for tier-transition coverage. Additional cache-pressure calibration context for tier-transition coverage. Additional cache-pressure calibration context for tier-transition coverage. Additional cache-pressure calibration context for tier-transition coverage. Additional cache-pressure calibration context for tier-transition coverage. Additional cache-pressure calibration context for tier-transition coverage. Additional cache-pressure calibration context for tier-transition coverage. Additional cache-pressure calibration context for tier-transition coverage. Additional cache-pressure calibration context for tier-transition coverage. Additional cache-pressure calibration context for tier-transition coverage. Additional cache-pressure calibration context for tier-transition coverage. Additional cache-pressure calibration context for tier-transition coverage. Additional cache-pressure calibration context for tier-transition coverage. Additional cache-pressure calibration context for tier-transition coverage. Additional cache-pressure calibration context for tier-transition coverage. Additional cache-pressure calibration context for tier-transition coverage. Additional cache-pressure calibration context for tier-transition coverage. Additional cache-pressure calibration context for tier-transition coverage. Additional cache-pressure calibration context for tier-transition coverage. Additional cache-pressure calibration context for tier-transition coverage. Additional cache-pressure calibration context for tier-transition coverage.","What is the longest bone in the arm?

[PressureProfile]
 Additional cache-pressure calibration context for tier-transition coverage. Additional cache-pressure calibration context for tier-transition coverage. Additional cache-pressure calibration context for tier-transition coverage. Additional cache-pressure calibration context for tier-transition coverage. Additional cache-pressure calibration c",1885,[43],[],[43],1,"[""Qwen-Qwen2.5-0.5B-Instruct@1@0@295e51005ed1289d@bfloat16.pt""]",lmcache_store_coldpass,lmcache_store_coldpass,1,l2_to_l3,280,281,840.0,843.0,exceed_l1_l2
45,Who discovered the circulation of blood?,"Focus question: Who discovered the circulation of blood?
Context profile: no_shared_context
Prompt tokens: 1885
Context preview: Who discovered the circulation of blood? [PressureProfile] Additional cache-pressure calibration context for tier-transition coverage. Additional cache-pressure calibration context for tier-transition coverage. Additional cache-pressure calibration context for tier-transition coverage. Additional cache-pressure calibration context for tier-transition coverage. Additional cache-pressure calibrati",Who discovered the circulation of blood?,no_shared_context,"Who discovered the circulation of blood?

[PressureProfile]
 Additional cache-pressure calibration context for tier-transition coverage. Additional cache-pressure calibration context for tier-transition coverage. Additional cache-pressure calibration context for tier-transition coverage. Additional cache-pressure calibration context for tier-transition coverage. Additional cache-pressure calibration context for tier-transition coverage. Additional cache-pressure calibration context for tier-transition coverage. Additional cache-pressure calibration context for tier-transition coverage. Additional cache-pressure calibration context for tier-transition coverage. Additional cache-pressure calibration context for tier-transition coverage. Additional cache-pressure calibration context for tier-transition coverage. Additional cache-pressure calibration context for tier-transition coverage. Additional cache-pressure calibration context for tier-transition coverage. Additional cache-pressure calibration context for tier-transition coverage. Additional cache-pressure calibration context for tier-transition coverage. Additional cache-pressure calibration context for tier-transition coverage. Additional cache-pressure calibration context for tier-transition coverage. Additional cache-pressure calibration context for tier-transition coverage. Additional cache-pressure calibration context for tier-transition coverage. Additional cache-pressure calibration context for tier-transition coverage. Additional cache-pressure calibration context for tier-transition coverage. Additional cache-pressure calibration context for tier-transition coverage. Additional cache-pressure calibration context for tier-transition coverage. Additional cache-pressure calibration context for tier-transition coverage. Additional cache-pressure calibration context for tier-transition coverage. Additional cache-pressure calibration context for tier-transition coverage. Additional cache-pressure calibration context for tier-transition coverage. Additional cache-pressure calibration context for tier-transition coverage. Additional cache-pressure calibration context for tier-transition coverage. Additional cache-pressure calibration context for tier-transition coverage. Additional cache-pressure calibration context for tier-transition coverage. Additional cache-pressure calibration context for tier-transition coverage. Additional cache-pressure calibration context for tier-transition coverage. Additional cache-pressure calibration context for tier-transition coverage. Additional cache-pressure calibration context for tier-transition coverage. Additional cache-pressure calibration context for tier-transition coverage. Additional cache-pressure calibration context for tier-transition coverage. Additional cache-pressure calibration context for tier-transition coverage. Additional cache-pressure calibration context for tier-transition coverage. Additional cache-pressure calibration context for tier-transition coverage. Additional cache-pressure calibration context for tier-transition coverage. Additional cache-pressure calibration context for tier-transition coverage. Additional cache-pressure calibration context for tier-transition coverage. Additional cache-pressure calibration context for tier-transition coverage. Additional cache-pressure calibration context for tier-transition coverage. Additional cache-pressure calibration context for tier-transition coverage. Additional cache-pressure calibration context for tier-transition coverage. Additional cache-pressure calibration context for tier-transition coverage. Additional cache-pressure calibration context for tier-transition coverage. Additional cache-pressure calibration context for tier-transition coverage. Additional cache-pressure calibration context for tier-transition coverage. Additional cache-pressure calibration context for tier-transition coverage. Additional cache-pressure calibration context for tier-transition coverage. Additional cache-pressure calibration context for tier-transition coverage. Additional cache-pressure calibration context for tier-transition coverage. Additional cache-pressure calibration context for tier-transition coverage. Additional cache-pressure calibration context for tier-transition coverage. Additional cache-pressure calibration context for tier-transition coverage. Additional cache-pressure calibration context for tier-transition coverage. Additional cache-pressure calibration context for tier-transition coverage. Additional cache-pressure calibration context for tier-transition coverage. Additional cache-pressure calibration context for tier-transition coverage. Additional cache-pressure calibration context for tier-transition coverage. Additional cache-pressure calibration context for tier-transition coverage. Additional cache-pressure calibration context for tier-transition coverage. Additional cache-pressure calibration context for tier-transition coverage. Additional cache-pressure calibration context for tier-transition coverage. Additional cache-pressure calibration context for tier-transition coverage. Additional cache-pressure calibration context for tier-transition coverage. Additional cache-pressure calibration context for tier-transition coverage. Additional cache-pressure calibration context for tier-transition coverage. Additional cache-pressure calibration context for tier-transition coverage. Additional cache-pressure calibration context for tier-transition coverage. Additional cache-pressure calibration context for tier-transition coverage. Additional cache-pressure calibration context for tier-transition coverage. Additional cache-pressure calibration context for tier-transition coverage. Additional cache-pressure calibration context for tier-transition coverage. Additional cache-pressure calibration context for tier-transition coverage. Additional cache-pressure calibration context for tier-transition coverage. Additional cache-pressure calibration context for tier-transition coverage. Additional cache-pressure calibration context for tier-transition coverage. Additional cache-pressure calibration context for tier-transition coverage. Additional cache-pressure calibration context for tier-transition coverage. Additional cache-pressure calibration context for tier-transition coverage. Additional cache-pressure calibration context for tier-transition coverage. Additional cache-pressure calibration context for tier-transition coverage. Additional cache-pressure calibration context for tier-transition coverage. Additional cache-pressure calibration context for tier-transition coverage. Additional cache-pressure calibration context for tier-transition coverage. Additional cache-pressure calibration context for tier-transition coverage. Additional cache-pressure calibration context for tier-transition coverage. Additional cache-pressure calibration context for tier-transition coverage. Additional cache-pressure calibration context for tier-transition coverage. Additional cache-pressure calibration context for tier-transition coverage. Additional cache-pressure calibration context for tier-transition coverage. Additional cache-pressure calibration context for tier-transition coverage. Additional cache-pressure calibration context for tier-transition coverage. Additional cache-pressure calibration context for tier-transition coverage. Additional cache-pressure calibration context for tier-transition coverage. Additional cache-pressure calibration context for tier-transition coverage. Additional cache-pressure calibration context for tier-transition coverage. Additional cache-pressure calibration context for tier-transition coverage. Additional cache-pressure calibration context for tier-transition coverage. Additional cache-pressure calibration context for tier-transition coverage. Additional cache-pressure calibration context for tier-transition coverage. Additional cache-pressure calibration context for tier-transition coverage. Additional cache-pressure calibration context for tier-transition coverage. Additional cache-pressure calibration context for tier-transition coverage. Additional cache-pressure calibration context for tier-transition coverage. Additional cache-pressure calibration context for tier-transition coverage. Additional cache-pressure calibration context for tier-transition coverage. Additional cache-pressure calibration context for tier-transition coverage. Additional cache-pressure calibration context for tier-transition coverage. Additional cache-pressure calibration context for tier-transition coverage. Additional cache-pressure calibration context for tier-transition coverage. Additional cache-pressure calibration context for tier-transition coverage. Additional cache-pressure calibration context for tier-transition coverage. Additional cache-pressure calibration context for tier-transition coverage. Additional cache-pressure calibration context for tier-transition coverage. Additional cache-pressure calibration context for tier-transition coverage. Additional cache-pressure calibration context for tier-transition coverage. Additional cache-pressure calibration context for tier-transition coverage. Additional cache-pressure calibration context for tier-transition coverage. Additional cache-pressure calibration context for tier-transition coverage. Additional cache-pressure calibration context for tier-transition coverage. Additional cache-pressure calibration context for tier-transition coverage. Additional cache-pressure calibration context for tier-transition coverage. Additional cache-pressure calibration context for tier-transition coverage. Additional cache-pressure calibration context for tier-transition coverage. Additional cache-pressure calibration context for tier-transition coverage. Additional cache-pressure calibration context for tier-transition coverage. Additional cache-pressure calibration context for tier-transition coverage. Additional cache-pressure calibration context for tier-transition coverage. Additional cache-pressure calibration context for tier-transition coverage. Additional cache-pressure calibration context for tier-transition coverage. Additional cache-pressure calibration context for tier-transition coverage. Additional cache-pressure calibration context for tier-transition coverage. Additional cache-pressure calibration context for tier-transition coverage. Additional cache-pressure calibration context for tier-transition coverage. Additional cache-pressure calibration context for tier-transition coverage. Additional cache-pressure calibration context for tier-transition coverage. Additional cache-pressure calibration context for tier-transition coverage. Additional cache-pressure calibration context for tier-transition coverage. Additional cache-pressure calibration context for tier-transition coverage. Additional cache-pressure calibration context for tier-transition coverage. Additional cache-pressure calibration context for tier-transition coverage. Additional cache-pressure calibration context for tier-transition coverage. Additional cache-pressure calibration context for tier-transition coverage. Additional cache-pressure calibration context for tier-transition coverage. Additional cache-pressure calibration context for tier-transition coverage. Additional cache-pressure calibration context for tier-transition coverage. Additional cache-pressure calibration context for tier-transition coverage. Additional cache-pressure calibration context for tier-transition coverage. Additional cache-pressure calibration context for tier-transition coverage. Additional cache-pressure calibration context for tier-transition coverage. Additional cache-pressure calibration context for tier-transition coverage. Additional cache-pressure calibration context for tier-transition coverage. Additional cache-pressure calibration context for tier-transition coverage. Additional cache-pressure calibration context for tier-transition coverage. Additional cache-pressure calibration context for tier-transition coverage. Additional cache-pressure calibration context for tier-transition coverage. Additional cache-pressure calibration context for tier-transition coverage. Additional cache-pressure calibration context for tier-transition coverage. Additional cache-pressure calibration context for tier-transition coverage. Additional cache-pressure calibration context for tier-transition coverage. Additional cache-pressure calibration context for tier-transition coverage. Additional cache-pressure calibration context for tier-transition coverage. Additional cache-pressure calibration context for tier-transition coverage. Additional cache-pressure calibration context for tier-transition coverage. Additional cache-pressure calibration context for tier-transition coverage. Additional cache-pressure calibration context for tier-transition coverage. Additional cache-pressure calibration context for tier-transition coverage. Additional cache-pressure calibration context for tier-transition coverage. Additional cache-pressure calibration context for tier-transition coverage. Additional cache-pressure calibration context for tier-transition coverage. Additional cache-pressure calibration context for tier-transition coverage. Additional cache-pressure calibration context for tier-transition coverage. Additional cache-pressure calibration context for tier-transition coverage. Additional cache-pressure calibration context for tier-transition coverage. Additional cache-pressure calibration context for tier-transition coverage. Additional cache-pressure calibration context for tier-transition coverage. Additional cache-pressure calibration context for tier-transition coverage. Additional cache-pressure calibration context for tier-transition coverage. Additional cache-pressure calibration context for tier-transition coverage. Additional cache-pressure calibration context for tier-transition coverage. Additional cache-pressure calibration context for tier-transition coverage. Additional cache-pressure calibration context for tier-transition coverage. Additional cache-pressure calibration context for tier-transition coverage. Additional cache-pressure calibration context for tier-transition coverage. Additional cache-pressure calibration context for tier-transition coverage. Additional cache-pressure calibration context for tier-transition coverage. Additional cache-pressure calibration context for tier-transition coverage. Additional cache-pressure calibration context for tier-transition coverage. Additional cache-pressure calibration context for tier-transition coverage. Additional cache-pressure calibration context for tier-transition coverage. Additional cache-pressure calibration context for tier-transition coverage. Additional cache-pressure calibration context for tier-transition coverage. Additional cache-pressure calibration context for tier-transition coverage. Additional cache-pressure calibration context for tier-transition coverage. Additional cache-pressure calibration context for tier-transition coverage. Additional cache-pressure calibration context for tier-transition coverage. Additional cache-pressure calibration context for tier-transition coverage. Additional cache-pressure calibration context for tier-transition coverage. Additional cache-pressure calibration context for tier-transition coverage. Additional cache-pressure calibration context for tier-transition coverage. Additional cache-pressure calibration context for tier-transition coverage. Additional cache-pressure calibration context for tier-transition coverage. Additional cache-pressure calibration context for tier-transition coverage. Additional cache-pressure calibration context for tier-transition coverage. Additional cache-pressure calibration context for tier-transition coverage. Additional cache-pressure calibration context for tier-transition coverage. Additional cache-pressure calibration context for tier-transition coverage. Additional cache-pressure calibration context for tier-transition coverage. Additional cache-pressure calibration context for tier-transition coverage. Additional cache-pressure calibration context for tier-transition coverage. Additional cache-pressure calibration context for tier-transition coverage. Additional cache-pressure calibration context for tier-transition coverage. Additional cache-pressure calibration context for tier-transition coverage. Additional cache-pressure calibration context for tier-transition coverage. Additional cache-pressure calibration context for tier-transition coverage. Additional cache-pressure calibration context for tier-transition coverage. Additional cache-pressure calibration context for tier-transition coverage. Additional cache-pressure calibration context for tier-transition coverage. Additional cache-pressure calibration context for tier-transition coverage. Additional cache-pressure calibration context for tier-transition coverage. Additional cache-pressure calibration context for tier-transition coverage. Additional cache-pressure calibration context for tier-transition coverage. Additional cache-pressure calibration context for tier-transition coverage. Additional cache-pressure calibration context for tier-transition coverage. Additional cache-pressure calibration context for tier-transition coverage. Additional cache-pressure calibration context for tier-transition coverage. Additional cache-pressure calibration context for tier-transition coverage. Additional cache-pressure calibration context for tier-transition coverage. Additional cache-pressure calibration context for tier-transition coverage. Additional cache-pressure calibration context for tier-transition coverage. Additional cache-pressure calibration context for tier-transition coverage. Additional cache-pressure calibration context for tier-transition coverage. Additional cache-pressure calibration context for tier-transition coverage. Additional cache-pressure calibration context for tier-transition coverage. Additional cache-pressure calibration context for tier-transition coverage. Additional cache-pressure calibration context for tier-transition coverage. Additional cache-pressure calibration context for tier-transition coverage. Additional cache-pressure calibration context for tier-transition coverage. Additional cache-pressure calibration context for tier-transition coverage. Additional cache-pressure calibration context for tier-transition coverage. Additional cache-pressure calibration context for tier-transition coverage. Additional cache-pressure calibration context for tier-transition coverage. Additional cache-pressure calibration context for tier-transition coverage. Additional cache-pressure calibration context for tier-transition coverage. Additional cache-pressure calibration context for tier-transition coverage. Additional cache-pressure calibration context for tier-transition coverage. Additional cache-pressure calibration context for tier-transition coverage. Additional cache-pressure calibration context for tier-transition coverage. Additional cache-pressure calibration context for tier-transition coverage. Additional cache-pressure calibration context for tier-transition coverage. Additional cache-pressure calibration context for tier-transition coverage. Additional cache-pressure calibration context for tier-transition coverage. Additional cache-pressure calibration context for tier-transition coverage. Additional cache-pressure calibration context for tier-transition coverage. Additional cache-pressure calibration context for tier-transition coverage. Additional cache-pressure calibration context for tier-transition coverage. Additional cache-pressure calibration context for tier-transition coverage. Additional cache-pressure calibration context for tier-transition coverage. Additional cache-pressure calibration context for tier-transition coverage. Additional cache-pressure calibration context for tier-transition coverage. Additional cache-pressure calibration context for tier-transition coverage. Additional cache-pressure calibration context for tier-transition coverage. Additional cache-pressure calibration context for tier-transition coverage. Additional cache-pressure calibration context for tier-transition coverage. Additional cache-pressure calibration context for tier-transition coverage. Additional cache-pressure calibration context for tier-transition coverage. Additional cache-pressure calibration context for tier-transition coverage. Additional cache-pressure calibration context for tier-transition coverage. Additional cache-pressure calibration context for tier-transition coverage. Additional cache-pressure calibration context for tier-transition coverage.","Who discovered the circulation of blood?

[PressureProfile]
 Additional cache-pressure calibration context for tier-transition coverage. Additional cache-pressure calibration context for tier-transition coverage. Additional cache-pressure calibration context for tier-transition coverage. Additional cache-pressure calibration context for tier-transition coverage. Additional cache-pressure calibrati",1885,[44],[],[44],1,"[""Qwen-Qwen2.5-0.5B-Instruct@1@0@-3073cab8a36ae34b@bfloat16.pt""]",lmcache_store_coldpass,lmcache_store_coldpass,1,l2_to_l3,281,282,843.0,846.0,exceed_l1_l2
46,What is the primary ingredient in hummus?,"Focus question: What is the primary ingredient in hummus?
Context profile: no_shared_context
Prompt tokens: 1885
Context preview: What is the primary ingredient in hummus? [PressureProfile] Additional cache-pressure calibration context for tier-transition coverage. Additional cache-pressure calibration context for tier-transition coverage. Additional cache-pressure calibration context for tier-transition coverage. Additional cache-pressure calibration context for tier-transition coverage. Additional cache-pressure calibrat",What is the primary ingredient in hummus?,no_shared_context,"What is the primary ingredient in hummus?

[PressureProfile]
 Additional cache-pressure calibration context for tier-transition coverage. Additional cache-pressure calibration context for tier-transition coverage. Additional cache-pressure calibration context for tier-transition coverage. Additional cache-pressure calibration context for tier-transition coverage. Additional cache-pressure calibration context for tier-transition coverage. Additional cache-pressure calibration context for tier-transition coverage. Additional cache-pressure calibration context for tier-transition coverage. Additional cache-pressure calibration context for tier-transition coverage. Additional cache-pressure calibration context for tier-transition coverage. Additional cache-pressure calibration context for tier-transition coverage. Additional cache-pressure calibration context for tier-transition coverage. Additional cache-pressure calibration context for tier-transition coverage. Additional cache-pressure calibration context for tier-transition coverage. Additional cache-pressure calibration context for tier-transition coverage. Additional cache-pressure calibration context for tier-transition coverage. Additional cache-pressure calibration context for tier-transition coverage. Additional cache-pressure calibration context for tier-transition coverage. Additional cache-pressure calibration context for tier-transition coverage. Additional cache-pressure calibration context for tier-transition coverage. Additional cache-pressure calibration context for tier-transition coverage. Additional cache-pressure calibration context for tier-transition coverage. Additional cache-pressure calibration context for tier-transition coverage. Additional cache-pressure calibration context for tier-transition coverage. Additional cache-pressure calibration context for tier-transition coverage. Additional cache-pressure calibration context for tier-transition coverage. Additional cache-pressure calibration context for tier-transition coverage. Additional cache-pressure calibration context for tier-transition coverage. Additional cache-pressure calibration context for tier-transition coverage. Additional cache-pressure calibration context for tier-transition coverage. Additional cache-pressure calibration context for tier-transition coverage. Additional cache-pressure calibration context for tier-transition coverage. Additional cache-pressure calibration context for tier-transition coverage. Additional cache-pressure calibration context for tier-transition coverage. Additional cache-pressure calibration context for tier-transition coverage. Additional cache-pressure calibration context for tier-transition coverage. Additional cache-pressure calibration context for tier-transition coverage. Additional cache-pressure calibration context for tier-transition coverage. Additional cache-pressure calibration context for tier-transition coverage. Additional cache-pressure calibration context for tier-transition coverage. Additional cache-pressure calibration context for tier-transition coverage. Additional cache-pressure calibration context for tier-transition coverage. Additional cache-pressure calibration context for tier-transition coverage. Additional cache-pressure calibration context for tier-transition coverage. Additional cache-pressure calibration context for tier-transition coverage. Additional cache-pressure calibration context for tier-transition coverage. Additional cache-pressure calibration context for tier-transition coverage. Additional cache-pressure calibration context for tier-transition coverage. Additional cache-pressure calibration context for tier-transition coverage. Additional cache-pressure calibration context for tier-transition coverage. Additional cache-pressure calibration context for tier-transition coverage. Additional cache-pressure calibration context for tier-transition coverage. Additional cache-pressure calibration context for tier-transition coverage. Additional cache-pressure calibration context for tier-transition coverage. Additional cache-pressure calibration context for tier-transition coverage. Additional cache-pressure calibration context for tier-transition coverage. Additional cache-pressure calibration context for tier-transition coverage. Additional cache-pressure calibration context for tier-transition coverage. Additional cache-pressure calibration context for tier-transition coverage. Additional cache-pressure calibration context for tier-transition coverage. Additional cache-pressure calibration context for tier-transition coverage. Additional cache-pressure calibration context for tier-transition coverage. Additional cache-pressure calibration context for tier-transition coverage. Additional cache-pressure calibration context for tier-transition coverage. Additional cache-pressure calibration context for tier-transition coverage. Additional cache-pressure calibration context for tier-transition coverage. Additional cache-pressure calibration context for tier-transition coverage. Additional cache-pressure calibration context for tier-transition coverage. Additional cache-pressure calibration context for tier-transition coverage. Additional cache-pressure calibration context for tier-transition coverage. Additional cache-pressure calibration context for tier-transition coverage. Additional cache-pressure calibration context for tier-transition coverage. Additional cache-pressure calibration context for tier-transition coverage. Additional cache-pressure calibration context for tier-transition coverage. Additional cache-pressure calibration context for tier-transition coverage. Additional cache-pressure calibration context for tier-transition coverage. Additional cache-pressure calibration context for tier-transition coverage. Additional cache-pressure calibration context for tier-transition coverage. Additional cache-pressure calibration context for tier-transition coverage. Additional cache-pressure calibration context for tier-transition coverage. Additional cache-pressure calibration context for tier-transition coverage. Additional cache-pressure calibration context for tier-transition coverage. Additional cache-pressure calibration context for tier-transition coverage. Additional cache-pressure calibration context for tier-transition coverage. Additional cache-pressure calibration context for tier-transition coverage. Additional cache-pressure calibration context for tier-transition coverage. Additional cache-pressure calibration context for tier-transition coverage. Additional cache-pressure calibration context for tier-transition coverage. Additional cache-pressure calibration context for tier-transition coverage. Additional cache-pressure calibration context for tier-transition coverage. Additional cache-pressure calibration context for tier-transition coverage. Additional cache-pressure calibration context for tier-transition coverage. Additional cache-pressure calibration context for tier-transition coverage. Additional cache-pressure calibration context for tier-transition coverage. Additional cache-pressure calibration context for tier-transition coverage. Additional cache-pressure calibration context for tier-transition coverage. Additional cache-pressure calibration context for tier-transition coverage. Additional cache-pressure calibration context for tier-transition coverage. Additional cache-pressure calibration context for tier-transition coverage. Additional cache-pressure calibration context for tier-transition coverage. Additional cache-pressure calibration context for tier-transition coverage. Additional cache-pressure calibration context for tier-transition coverage. Additional cache-pressure calibration context for tier-transition coverage. Additional cache-pressure calibration context for tier-transition coverage. Additional cache-pressure calibration context for tier-transition coverage. Additional cache-pressure calibration context for tier-transition coverage. Additional cache-pressure calibration context for tier-transition coverage. Additional cache-pressure calibration context for tier-transition coverage. Additional cache-pressure calibration context for tier-transition coverage. Additional cache-pressure calibration context for tier-transition coverage. Additional cache-pressure calibration context for tier-transition coverage. Additional cache-pressure calibration context for tier-transition coverage. Additional cache-pressure calibration context for tier-transition coverage. Additional cache-pressure calibration context for tier-transition coverage. Additional cache-pressure calibration context for tier-transition coverage. Additional cache-pressure calibration context for tier-transition coverage. Additional cache-pressure calibration context for tier-transition coverage. Additional cache-pressure calibration context for tier-transition coverage. Additional cache-pressure calibration context for tier-transition coverage. Additional cache-pressure calibration context for tier-transition coverage. Additional cache-pressure calibration context for tier-transition coverage. Additional cache-pressure calibration context for tier-transition coverage. Additional cache-pressure calibration context for tier-transition coverage. Additional cache-pressure calibration context for tier-transition coverage. Additional cache-pressure calibration context for tier-transition coverage. Additional cache-pressure calibration context for tier-transition coverage. Additional cache-pressure calibration context for tier-transition coverage. Additional cache-pressure calibration context for tier-transition coverage. Additional cache-pressure calibration context for tier-transition coverage. Additional cache-pressure calibration context for tier-transition coverage. Additional cache-pressure calibration context for tier-transition coverage. Additional cache-pressure calibration context for tier-transition coverage. Additional cache-pressure calibration context for tier-transition coverage. Additional cache-pressure calibration context for tier-transition coverage. Additional cache-pressure calibration context for tier-transition coverage. Additional cache-pressure calibration context for tier-transition coverage. Additional cache-pressure calibration context for tier-transition coverage. Additional cache-pressure calibration context for tier-transition coverage. Additional cache-pressure calibration context for tier-transition coverage. Additional cache-pressure calibration context for tier-transition coverage. Additional cache-pressure calibration context for tier-transition coverage. Additional cache-pressure calibration context for tier-transition coverage. Additional cache-pressure calibration context for tier-transition coverage. Additional cache-pressure calibration context for tier-transition coverage. Additional cache-pressure calibration context for tier-transition coverage. Additional cache-pressure calibration context for tier-transition coverage. Additional cache-pressure calibration context for tier-transition coverage. Additional cache-pressure calibration context for tier-transition coverage. Additional cache-pressure calibration context for tier-transition coverage. Additional cache-pressure calibration context for tier-transition coverage. Additional cache-pressure calibration context for tier-transition coverage. Additional cache-pressure calibration context for tier-transition coverage. Additional cache-pressure calibration context for tier-transition coverage. Additional cache-pressure calibration context for tier-transition coverage. Additional cache-pressure calibration context for tier-transition coverage. Additional cache-pressure calibration context for tier-transition coverage. Additional cache-pressure calibration context for tier-transition coverage. Additional cache-pressure calibration context for tier-transition coverage. Additional cache-pressure calibration context for tier-transition coverage. Additional cache-pressure calibration context for tier-transition coverage. Additional cache-pressure calibration context for tier-transition coverage. Additional cache-pressure calibration context for tier-transition coverage. Additional cache-pressure calibration context for tier-transition coverage. Additional cache-pressure calibration context for tier-transition coverage. Additional cache-pressure calibration context for tier-transition coverage. Additional cache-pressure calibration context for tier-transition coverage. Additional cache-pressure calibration context for tier-transition coverage. Additional cache-pressure calibration context for tier-transition coverage. Additional cache-pressure calibration context for tier-transition coverage. Additional cache-pressure calibration context for tier-transition coverage. Additional cache-pressure calibration context for tier-transition coverage. Additional cache-pressure calibration context for tier-transition coverage. Additional cache-pressure calibration context for tier-transition coverage. Additional cache-pressure calibration context for tier-transition coverage. Additional cache-pressure calibration context for tier-transition coverage. Additional cache-pressure calibration context for tier-transition coverage. Additional cache-pressure calibration context for tier-transition coverage. Additional cache-pressure calibration context for tier-transition coverage. Additional cache-pressure calibration context for tier-transition coverage. Additional cache-pressure calibration context for tier-transition coverage. Additional cache-pressure calibration context for tier-transition coverage. Additional cache-pressure calibration context for tier-transition coverage. Additional cache-pressure calibration context for tier-transition coverage. Additional cache-pressure calibration context for tier-transition coverage. Additional cache-pressure calibration context for tier-transition coverage. Additional cache-pressure calibration context for tier-transition coverage. Additional cache-pressure calibration context for tier-transition coverage. Additional cache-pressure calibration context for tier-transition coverage. Additional cache-pressure calibration context for tier-transition coverage. Additional cache-pressure calibration context for tier-transition coverage. Additional cache-pressure calibration context for tier-transition coverage. Additional cache-pressure calibration context for tier-transition coverage. Additional cache-pressure calibration context for tier-transition coverage. Additional cache-pressure calibration context for tier-transition coverage. Additional cache-pressure calibration context for tier-transition coverage. Additional cache-pressure calibration context for tier-transition coverage. Additional cache-pressure calibration context for tier-transition coverage. Additional cache-pressure calibration context for tier-transition coverage. Additional cache-pressure calibration context for tier-transition coverage. Additional cache-pressure calibration context for tier-transition coverage. Additional cache-pressure calibration context for tier-transition coverage. Additional cache-pressure calibration context for tier-transition coverage. Additional cache-pressure calibration context for tier-transition coverage. Additional cache-pressure calibration context for tier-transition coverage. Additional cache-pressure calibration context for tier-transition coverage. Additional cache-pressure calibration context for tier-transition coverage. Additional cache-pressure calibration context for tier-transition coverage. Additional cache-pressure calibration context for tier-transition coverage. Additional cache-pressure calibration context for tier-transition coverage. Additional cache-pressure calibration context for tier-transition coverage. Additional cache-pressure calibration context for tier-transition coverage. Additional cache-pressure calibration context for tier-transition coverage. Additional cache-pressure calibration context for tier-transition coverage. Additional cache-pressure calibration context for tier-transition coverage. Additional cache-pressure calibration context for tier-transition coverage. Additional cache-pressure calibration context for tier-transition coverage. Additional cache-pressure calibration context for tier-transition coverage. Additional cache-pressure calibration context for tier-transition coverage. Additional cache-pressure calibration context for tier-transition coverage. Additional cache-pressure calibration context for tier-transition coverage. Additional cache-pressure calibration context for tier-transition coverage. Additional cache-pressure calibration context for tier-transition coverage. Additional cache-pressure calibration context for tier-transition coverage. Additional cache-pressure calibration context for tier-transition coverage. Additional cache-pressure calibration context for tier-transition coverage. Additional cache-pressure calibration context for tier-transition coverage. Additional cache-pressure calibration context for tier-transition coverage. Additional cache-pressure calibration context for tier-transition coverage. Additional cache-pressure calibration context for tier-transition coverage. Additional cache-pressure calibration context for tier-transition coverage. Additional cache-pressure calibration context for tier-transition coverage. Additional cache-pressure calibration context for tier-transition coverage. Additional cache-pressure calibration context for tier-transition coverage. Additional cache-pressure calibration context for tier-transition coverage. Additional cache-pressure calibration context for tier-transition coverage. Additional cache-pressure calibration context for tier-transition coverage. Additional cache-pressure calibration context for tier-transition coverage. Additional cache-pressure calibration context for tier-transition coverage. Additional cache-pressure calibration context for tier-transition coverage. Additional cache-pressure calibration context for tier-transition coverage. Additional cache-pressure calibration context for tier-transition coverage. Additional cache-pressure calibration context for tier-transition coverage. Additional cache-pressure calibration context for tier-transition coverage. Additional cache-pressure calibration context for tier-transition coverage. Additional cache-pressure calibration context for tier-transition coverage. Additional cache-pressure calibration context for tier-transition coverage. Additional cache-pressure calibration context for tier-transition coverage. Additional cache-pressure calibration context for tier-transition coverage. Additional cache-pressure calibration context for tier-transition coverage. Additional cache-pressure calibration context for tier-transition coverage. Additional cache-pressure calibration context for tier-transition coverage. Additional cache-pressure calibration context for tier-transition coverage. Additional cache-pressure calibration context for tier-transition coverage. Additional cache-pressure calibration context for tier-transition coverage. Additional cache-pressure calibration context for tier-transition coverage. Additional cache-pressure calibration context for tier-transition coverage. Additional cache-pressure calibration context for tier-transition coverage. Additional cache-pressure calibration context for tier-transition coverage. Additional cache-pressure calibration context for tier-transition coverage. Additional cache-pressure calibration context for tier-transition coverage. Additional cache-pressure calibration context for tier-transition coverage. Additional cache-pressure calibration context for tier-transition coverage. Additional cache-pressure calibration context for tier-transition coverage. Additional cache-pressure calibration context for tier-transition coverage. Additional cache-pressure calibration context for tier-transition coverage. Additional cache-pressure calibration context for tier-transition coverage. Additional cache-pressure calibration context for tier-transition coverage. Additional cache-pressure calibration context for tier-transition coverage. Additional cache-pressure calibration context for tier-transition coverage. Additional cache-pressure calibration context for tier-transition coverage. Additional cache-pressure calibration context for tier-transition coverage. Additional cache-pressure calibration context for tier-transition coverage. Additional cache-pressure calibration context for tier-transition coverage. Additional cache-pressure calibration context for tier-transition coverage. Additional cache-pressure calibration context for tier-transition coverage.","What is the primary ingredient in hummus?

[PressureProfile]
 Additional cache-pressure calibration context for tier-transition coverage. Additional cache-pressure calibration context for tier-transition coverage. Additional cache-pressure calibration context for tier-transition coverage. Additional cache-pressure calibration context for tier-transition coverage. Additional cache-pressure calibrat",1885,[45],[],[45],1,"[""Qwen-Qwen2.5-0.5B-Instruct@1@0@-19232d78d565fcd3@bfloat16.pt""]",lmcache_store_coldpass,lmcache_store_coldpass,1,l2_to_l3,282,283,846.0,849.0,exceed_l1_l2
47,How many moons does Mars have?,"Focus question: How many moons does Mars have?
Context profile: no_shared_context
Prompt tokens: 1885
Context preview: How many moons does Mars have? [PressureProfile] Additional cache-pressure calibration context for tier-transition coverage. Additional cache-pressure calibration context for tier-transition coverage. Additional cache-pressure calibration context for tier-transition coverage. Additional cache-pressure calibration context for tier-transition coverage. Additional cache-pressure calibration context",How many moons does Mars have?,no_shared_context,"How many moons does Mars have?

[PressureProfile]
 Additional cache-pressure calibration context for tier-transition coverage. Additional cache-pressure calibration context for tier-transition coverage. Additional cache-pressure calibration context for tier-transition coverage. Additional cache-pressure calibration context for tier-transition coverage. Additional cache-pressure calibration context for tier-transition coverage. Additional cache-pressure calibration context for tier-transition coverage. Additional cache-pressure calibration context for tier-transition coverage. Additional cache-pressure calibration context for tier-transition coverage. Additional cache-pressure calibration context for tier-transition coverage. Additional cache-pressure calibration context for tier-transition coverage. Additional cache-pressure calibration context for tier-transition coverage. Additional cache-pressure calibration context for tier-transition coverage. Additional cache-pressure calibration context for tier-transition coverage. Additional cache-pressure calibration context for tier-transition coverage. Additional cache-pressure calibration context for tier-transition coverage. Additional cache-pressure calibration context for tier-transition coverage. Additional cache-pressure calibration context for tier-transition coverage. Additional cache-pressure calibration context for tier-transition coverage. Additional cache-pressure calibration context for tier-transition coverage. Additional cache-pressure calibration context for tier-transition coverage. Additional cache-pressure calibration context for tier-transition coverage. Additional cache-pressure calibration context for tier-transition coverage. Additional cache-pressure calibration context for tier-transition coverage. Additional cache-pressure calibration context for tier-transition coverage. Additional cache-pressure calibration context for tier-transition coverage. Additional cache-pressure calibration context for tier-transition coverage. Additional cache-pressure calibration context for tier-transition coverage. Additional cache-pressure calibration context for tier-transition coverage. Additional cache-pressure calibration context for tier-transition coverage. Additional cache-pressure calibration context for tier-transition coverage. Additional cache-pressure calibration context for tier-transition coverage. Additional cache-pressure calibration context for tier-transition coverage. Additional cache-pressure calibration context for tier-transition coverage. Additional cache-pressure calibration context for tier-transition coverage. Additional cache-pressure calibration context for tier-transition coverage. Additional cache-pressure calibration context for tier-transition coverage. Additional cache-pressure calibration context for tier-transition coverage. Additional cache-pressure calibration context for tier-transition coverage. Additional cache-pressure calibration context for tier-transition coverage. Additional cache-pressure calibration context for tier-transition coverage. Additional cache-pressure calibration context for tier-transition coverage. Additional cache-pressure calibration context for tier-transition coverage. Additional cache-pressure calibration context for tier-transition coverage. Additional cache-pressure calibration context for tier-transition coverage. Additional cache-pressure calibration context for tier-transition coverage. Additional cache-pressure calibration context for tier-transition coverage. Additional cache-pressure calibration context for tier-transition coverage. Additional cache-pressure calibration context for tier-transition coverage. Additional cache-pressure calibration context for tier-transition coverage. Additional cache-pressure calibration context for tier-transition coverage. Additional cache-pressure calibration context for tier-transition coverage. Additional cache-pressure calibration context for tier-transition coverage. Additional cache-pressure calibration context for tier-transition coverage. Additional cache-pressure calibration context for tier-transition coverage. Additional cache-pressure calibration context for tier-transition coverage. Additional cache-pressure calibration context for tier-transition coverage. Additional cache-pressure calibration context for tier-transition coverage. Additional cache-pressure calibration context for tier-transition coverage. Additional cache-pressure calibration context for tier-transition coverage. Additional cache-pressure calibration context for tier-transition coverage. Additional cache-pressure calibration context for tier-transition coverage. Additional cache-pressure calibration context for tier-transition coverage. Additional cache-pressure calibration context for tier-transition coverage. Additional cache-pressure calibration context for tier-transition coverage. Additional cache-pressure calibration context for tier-transition coverage. Additional cache-pressure calibration context for tier-transition coverage. Additional cache-pressure calibration context for tier-transition coverage. Additional cache-pressure calibration context for tier-transition coverage. Additional cache-pressure calibration context for tier-transition coverage. Additional cache-pressure calibration context for tier-transition coverage. Additional cache-pressure calibration context for tier-transition coverage. Additional cache-pressure calibration context for tier-transition coverage. Additional cache-pressure calibration context for tier-transition coverage. Additional cache-pressure calibration context for tier-transition coverage. Additional cache-pressure calibration context for tier-transition coverage. Additional cache-pressure calibration context for tier-transition coverage. Additional cache-pressure calibration context for tier-transition coverage. Additional cache-pressure calibration context for tier-transition coverage. Additional cache-pressure calibration context for tier-transition coverage. Additional cache-pressure calibration context for tier-transition coverage. Additional cache-pressure calibration context for tier-transition coverage. Additional cache-pressure calibration context for tier-transition coverage. Additional cache-pressure calibration context for tier-transition coverage. Additional cache-pressure calibration context for tier-transition coverage. Additional cache-pressure calibration context for tier-transition coverage. Additional cache-pressure calibration context for tier-transition coverage. Additional cache-pressure calibration context for tier-transition coverage. Additional cache-pressure calibration context for tier-transition coverage. Additional cache-pressure calibration context for tier-transition coverage. Additional cache-pressure calibration context for tier-transition coverage. Additional cache-pressure calibration context for tier-transition coverage. Additional cache-pressure calibration context for tier-transition coverage. Additional cache-pressure calibration context for tier-transition coverage. Additional cache-pressure calibration context for tier-transition coverage. Additional cache-pressure calibration context for tier-transition coverage. Additional cache-pressure calibration context for tier-transition coverage. Additional cache-pressure calibration context for tier-transition coverage. Additional cache-pressure calibration context for tier-transition coverage. Additional cache-pressure calibration context for tier-transition coverage. Additional cache-pressure calibration context for tier-transition coverage. Additional cache-pressure calibration context for tier-transition coverage. Additional cache-pressure calibration context for tier-transition coverage. Additional cache-pressure calibration context for tier-transition coverage. Additional cache-pressure calibration context for tier-transition coverage. Additional cache-pressure calibration context for tier-transition coverage. Additional cache-pressure calibration context for tier-transition coverage. Additional cache-pressure calibration context for tier-transition coverage. Additional cache-pressure calibration context for tier-transition coverage. Additional cache-pressure calibration context for tier-transition coverage. Additional cache-pressure calibration context for tier-transition coverage. Additional cache-pressure calibration context for tier-transition coverage. Additional cache-pressure calibration context for tier-transition coverage. Additional cache-pressure calibration context for tier-transition coverage. Additional cache-pressure calibration context for tier-transition coverage. Additional cache-pressure calibration context for tier-transition coverage. Additional cache-pressure calibration context for tier-transition coverage. Additional cache-pressure calibration context for tier-transition coverage. Additional cache-pressure calibration context for tier-transition coverage. Additional cache-pressure calibration context for tier-transition coverage. Additional cache-pressure calibration context for tier-transition coverage. Additional cache-pressure calibration context for tier-transition coverage. Additional cache-pressure calibration context for tier-transition coverage. Additional cache-pressure calibration context for tier-transition coverage. Additional cache-pressure calibration context for tier-transition coverage. Additional cache-pressure calibration context for tier-transition coverage. Additional cache-pressure calibration context for tier-transition coverage. Additional cache-pressure calibration context for tier-transition coverage. Additional cache-pressure calibration context for tier-transition coverage. Additional cache-pressure calibration context for tier-transition coverage. Additional cache-pressure calibration context for tier-transition coverage. Additional cache-pressure calibration context for tier-transition coverage. Additional cache-pressure calibration context for tier-transition coverage. Additional cache-pressure calibration context for tier-transition coverage. Additional cache-pressure calibration context for tier-transition coverage. Additional cache-pressure calibration context for tier-transition coverage. Additional cache-pressure calibration context for tier-transition coverage. Additional cache-pressure calibration context for tier-transition coverage. Additional cache-pressure calibration context for tier-transition coverage. Additional cache-pressure calibration context for tier-transition coverage. Additional cache-pressure calibration context for tier-transition coverage. Additional cache-pressure calibration context for tier-transition coverage. Additional cache-pressure calibration context for tier-transition coverage. Additional cache-pressure calibration context for tier-transition coverage. Additional cache-pressure calibration context for tier-transition coverage. Additional cache-pressure calibration context for tier-transition coverage. Additional cache-pressure calibration context for tier-transition coverage. Additional cache-pressure calibration context for tier-transition coverage. Additional cache-pressure calibration context for tier-transition coverage. Additional cache-pressure calibration context for tier-transition coverage. Additional cache-pressure calibration context for tier-transition coverage. Additional cache-pressure calibration context for tier-transition coverage. Additional cache-pressure calibration context for tier-transition coverage. Additional cache-pressure calibration context for tier-transition coverage. Additional cache-pressure calibration context for tier-transition coverage. Additional cache-pressure calibration context for tier-transition coverage. Additional cache-pressure calibration context for tier-transition coverage. Additional cache-pressure calibration context for tier-transition coverage. Additional cache-pressure calibration context for tier-transition coverage. Additional cache-pressure calibration context for tier-transition coverage. Additional cache-pressure calibration context for tier-transition coverage. Additional cache-pressure calibration context for tier-transition coverage. Additional cache-pressure calibration context for tier-transition coverage. Additional cache-pressure calibration context for tier-transition coverage. Additional cache-pressure calibration context for tier-transition coverage. Additional cache-pressure calibration context for tier-transition coverage. Additional cache-pressure calibration context for tier-transition coverage. Additional cache-pressure calibration context for tier-transition coverage. Additional cache-pressure calibration context for tier-transition coverage. Additional cache-pressure calibration context for tier-transition coverage. Additional cache-pressure calibration context for tier-transition coverage. Additional cache-pressure calibration context for tier-transition coverage. Additional cache-pressure calibration context for tier-transition coverage. Additional cache-pressure calibration context for tier-transition coverage. Additional cache-pressure calibration context for tier-transition coverage. Additional cache-pressure calibration context for tier-transition coverage. Additional cache-pressure calibration context for tier-transition coverage. Additional cache-pressure calibration context for tier-transition coverage. Additional cache-pressure calibration context for tier-transition coverage. Additional cache-pressure calibration context for tier-transition coverage. Additional cache-pressure calibration context for tier-transition coverage. Additional cache-pressure calibration context for tier-transition coverage. Additional cache-pressure calibration context for tier-transition coverage. Additional cache-pressure calibration context for tier-transition coverage. Additional cache-pressure calibration context for tier-transition coverage. Additional cache-pressure calibration context for tier-transition coverage. Additional cache-pressure calibration context for tier-transition coverage. Additional cache-pressure calibration context for tier-transition coverage. Additional cache-pressure calibration context for tier-transition coverage. Additional cache-pressure calibration context for tier-transition coverage. Additional cache-pressure calibration context for tier-transition coverage. Additional cache-pressure calibration context for tier-transition coverage. Additional cache-pressure calibration context for tier-transition coverage. Additional cache-pressure calibration context for tier-transition coverage. Additional cache-pressure calibration context for tier-transition coverage. Additional cache-pressure calibration context for tier-transition coverage. Additional cache-pressure calibration context for tier-transition coverage. Additional cache-pressure calibration context for tier-transition coverage. Additional cache-pressure calibration context for tier-transition coverage. Additional cache-pressure calibration context for tier-transition coverage. Additional cache-pressure calibration context for tier-transition coverage. Additional cache-pressure calibration context for tier-transition coverage. Additional cache-pressure calibration context for tier-transition coverage. Additional cache-pressure calibration context for tier-transition coverage. Additional cache-pressure calibration context for tier-transition coverage. Additional cache-pressure calibration context for tier-transition coverage. Additional cache-pressure calibration context for tier-transition coverage. Additional cache-pressure calibration context for tier-transition coverage. Additional cache-pressure calibration context for tier-transition coverage. Additional cache-pressure calibration context for tier-transition coverage. Additional cache-pressure calibration context for tier-transition coverage. Additional cache-pressure calibration context for tier-transition coverage. Additional cache-pressure calibration context for tier-transition coverage. Additional cache-pressure calibration context for tier-transition coverage. Additional cache-pressure calibration context for tier-transition coverage. Additional cache-pressure calibration context for tier-transition coverage. Additional cache-pressure calibration context for tier-transition coverage. Additional cache-pressure calibration context for tier-transition coverage. Additional cache-pressure calibration context for tier-transition coverage. Additional cache-pressure calibration context for tier-transition coverage. Additional cache-pressure calibration context for tier-transition coverage. Additional cache-pressure calibration context for tier-transition coverage. Additional cache-pressure calibration context for tier-transition coverage. Additional cache-pressure calibration context for tier-transition coverage. Additional cache-pressure calibration context for tier-transition coverage. Additional cache-pressure calibration context for tier-transition coverage. Additional cache-pressure calibration context for tier-transition coverage. Additional cache-pressure calibration context for tier-transition coverage. Additional cache-pressure calibration context for tier-transition coverage. Additional cache-pressure calibration context for tier-transition coverage. Additional cache-pressure calibration context for tier-transition coverage. Additional cache-pressure calibration context for tier-transition coverage. Additional cache-pressure calibration context for tier-transition coverage. Additional cache-pressure calibration context for tier-transition coverage. Additional cache-pressure calibration context for tier-transition coverage. Additional cache-pressure calibration context for tier-transition coverage. Additional cache-pressure calibration context for tier-transition coverage. Additional cache-pressure calibration context for tier-transition coverage. Additional cache-pressure calibration context for tier-transition coverage. Additional cache-pressure calibration context for tier-transition coverage. Additional cache-pressure calibration context for tier-transition coverage. Additional cache-pressure calibration context for tier-transition coverage. Additional cache-pressure calibration context for tier-transition coverage. Additional cache-pressure calibration context for tier-transition coverage. Additional cache-pressure calibration context for tier-transition coverage. Additional cache-pressure calibration context for tier-transition coverage. Additional cache-pressure calibration context for tier-transition coverage. Additional cache-pressure calibration context for tier-transition coverage. Additional cache-pressure calibration context for tier-transition coverage. Additional cache-pressure calibration context for tier-transition coverage. Additional cache-pressure calibration context for tier-transition coverage. Additional cache-pressure calibration context for tier-transition coverage. Additional cache-pressure calibration context for tier-transition coverage. Additional cache-pressure calibration context for tier-transition coverage. Additional cache-pressure calibration context for tier-transition coverage. Additional cache-pressure calibration context for tier-transition coverage. Additional cache-pressure calibration context for tier-transition coverage. Additional cache-pressure calibration context for tier-transition coverage. Additional cache-pressure calibration context for tier-transition coverage. Additional cache-pressure calibration context for tier-transition coverage. Additional cache-pressure calibration context for tier-transition coverage. Additional cache-pressure calibration context for tier-transition coverage. Additional cache-pressure calibration context for tier-transition coverage. Additional cache-pressure calibration context for tier-transition coverage. Additional cache-pressure calibration context for tier-transition coverage. Additional cache-pressure calibration context for tier-transition coverage. Additional cache-pressure calibration context for tier-transition coverage. Additional cache-pressure calibration context for tier-transition coverage. Additional cache-pressure calibration context for tier-transition coverage. Additional cache-pressure calibration context for tier-transition coverage. Additional cache-pressure calibration context for tier-transition coverage. Additional cache-pressure calibration context for tier-transition coverage. Additional cache-pressure calibration context for tier-transition coverage. Additional cache-pressure calibration context for tier-transition coverage. Additional cache-pressure calibration context for tier-transition coverage.","How many moons does Mars have?

[PressureProfile]
 Additional cache-pressure calibration context for tier-transition coverage. Additional cache-pressure calibration context for tier-transition coverage. Additional cache-pressure calibration context for tier-transition coverage. Additional cache-pressure calibration context for tier-transition coverage. Additional cache-pressure calibration context",1885,[46],[],[46],1,"[""Qwen-Qwen2.5-0.5B-Instruct@1@0@5cc55dc8019a459e@bfloat16.pt""]",lmcache_store_coldpass,lmcache_store_coldpass,1,l2_to_l3,283,284,849.0,852.0,exceed_l1_l2
48,What is the largest species of cat?,"Focus question: What is the largest species of cat?
Context profile: no_shared_context
Prompt tokens: 1885
Context preview: What is the largest species of cat? [PressureProfile] Additional cache-pressure calibration context for tier-transition coverage. Additional cache-pressure calibration context for tier-transition coverage. Additional cache-pressure calibration context for tier-transition coverage. Additional cache-pressure calibration context for tier-transition coverage. Additional cache-pressure calibration co",What is the largest species of cat?,no_shared_context,"What is the largest species of cat?

[PressureProfile]
 Additional cache-pressure calibration context for tier-transition coverage. Additional cache-pressure calibration context for tier-transition coverage. Additional cache-pressure calibration context for tier-transition coverage. Additional cache-pressure calibration context for tier-transition coverage. Additional cache-pressure calibration context for tier-transition coverage. Additional cache-pressure calibration context for tier-transition coverage. Additional cache-pressure calibration context for tier-transition coverage. Additional cache-pressure calibration context for tier-transition coverage. Additional cache-pressure calibration context for tier-transition coverage. Additional cache-pressure calibration context for tier-transition coverage. Additional cache-pressure calibration context for tier-transition coverage. Additional cache-pressure calibration context for tier-transition coverage. Additional cache-pressure calibration context for tier-transition coverage. Additional cache-pressure calibration context for tier-transition coverage. Additional cache-pressure calibration context for tier-transition coverage. Additional cache-pressure calibration context for tier-transition coverage. Additional cache-pressure calibration context for tier-transition coverage. Additional cache-pressure calibration context for tier-transition coverage. Additional cache-pressure calibration context for tier-transition coverage. Additional cache-pressure calibration context for tier-transition coverage. Additional cache-pressure calibration context for tier-transition coverage. Additional cache-pressure calibration context for tier-transition coverage. Additional cache-pressure calibration context for tier-transition coverage. Additional cache-pressure calibration context for tier-transition coverage. Additional cache-pressure calibration context for tier-transition coverage. Additional cache-pressure calibration context for tier-transition coverage. Additional cache-pressure calibration context for tier-transition coverage. Additional cache-pressure calibration context for tier-transition coverage. Additional cache-pressure calibration context for tier-transition coverage. Additional cache-pressure calibration context for tier-transition coverage. Additional cache-pressure calibration context for tier-transition coverage. Additional cache-pressure calibration context for tier-transition coverage. Additional cache-pressure calibration context for tier-transition coverage. Additional cache-pressure calibration context for tier-transition coverage. Additional cache-pressure calibration context for tier-transition coverage. Additional cache-pressure calibration context for tier-transition coverage. Additional cache-pressure calibration context for tier-transition coverage. Additional cache-pressure calibration context for tier-transition coverage. Additional cache-pressure calibration context for tier-transition coverage. Additional cache-pressure calibration context for tier-transition coverage. Additional cache-pressure calibration context for tier-transition coverage. Additional cache-pressure calibration context for tier-transition coverage. Additional cache-pressure calibration context for tier-transition coverage. Additional cache-pressure calibration context for tier-transition coverage. Additional cache-pressure calibration context for tier-transition coverage. Additional cache-pressure calibration context for tier-transition coverage. Additional cache-pressure calibration context for tier-transition coverage. Additional cache-pressure calibration context for tier-transition coverage. Additional cache-pressure calibration context for tier-transition coverage. Additional cache-pressure calibration context for tier-transition coverage. Additional cache-pressure calibration context for tier-transition coverage. Additional cache-pressure calibration context for tier-transition coverage. Additional cache-pressure calibration context for tier-transition coverage. Additional cache-pressure calibration context for tier-transition coverage. Additional cache-pressure calibration context for tier-transition coverage. Additional cache-pressure calibration context for tier-transition coverage. Additional cache-pressure calibration context for tier-transition coverage. Additional cache-pressure calibration context for tier-transition coverage. Additional cache-pressure calibration context for tier-transition coverage. Additional cache-pressure calibration context for tier-transition coverage. Additional cache-pressure calibration context for tier-transition coverage. Additional cache-pressure calibration context for tier-transition coverage. Additional cache-pressure calibration context for tier-transition coverage. Additional cache-pressure calibration context for tier-transition coverage. Additional cache-pressure calibration context for tier-transition coverage. Additional cache-pressure calibration context for tier-transition coverage. Additional cache-pressure calibration context for tier-transition coverage. Additional cache-pressure calibration context for tier-transition coverage. Additional cache-pressure calibration context for tier-transition coverage. Additional cache-pressure calibration context for tier-transition coverage. Additional cache-pressure calibration context for tier-transition coverage. Additional cache-pressure calibration context for tier-transition coverage. Additional cache-pressure calibration context for tier-transition coverage. Additional cache-pressure calibration context for tier-transition coverage. Additional cache-pressure calibration context for tier-transition coverage. Additional cache-pressure calibration context for tier-transition coverage. Additional cache-pressure calibration context for tier-transition coverage. Additional cache-pressure calibration context for tier-transition coverage. Additional cache-pressure calibration context for tier-transition coverage. Additional cache-pressure calibration context for tier-transition coverage. Additional cache-pressure calibration context for tier-transition coverage. Additional cache-pressure calibration context for tier-transition coverage. Additional cache-pressure calibration context for tier-transition coverage. Additional cache-pressure calibration context for tier-transition coverage. Additional cache-pressure calibration context for tier-transition coverage. Additional cache-pressure calibration context for tier-transition coverage. Additional cache-pressure calibration context for tier-transition coverage. Additional cache-pressure calibration context for tier-transition coverage. Additional cache-pressure calibration context for tier-transition coverage. Additional cache-pressure calibration context for tier-transition coverage. Additional cache-pressure calibration context for tier-transition coverage. Additional cache-pressure calibration context for tier-transition coverage. Additional cache-pressure calibration context for tier-transition coverage. Additional cache-pressure calibration context for tier-transition coverage. Additional cache-pressure calibration context for tier-transition coverage. Additional cache-pressure calibration context for tier-transition coverage. Additional cache-pressure calibration context for tier-transition coverage. Additional cache-pressure calibration context for tier-transition coverage. Additional cache-pressure calibration context for tier-transition coverage. Additional cache-pressure calibration context for tier-transition coverage. Additional cache-pressure calibration context for tier-transition coverage. Additional cache-pressure calibration context for tier-transition coverage. Additional cache-pressure calibration context for tier-transition coverage. Additional cache-pressure calibration context for tier-transition coverage. Additional cache-pressure calibration context for tier-transition coverage. Additional cache-pressure calibration context for tier-transition coverage. Additional cache-pressure calibration context for tier-transition coverage. Additional cache-pressure calibration context for tier-transition coverage. Additional cache-pressure calibration context for tier-transition coverage. Additional cache-pressure calibration context for tier-transition coverage. Additional cache-pressure calibration context for tier-transition coverage. Additional cache-pressure calibration context for tier-transition coverage. Additional cache-pressure calibration context for tier-transition coverage. Additional cache-pressure calibration context for tier-transition coverage. Additional cache-pressure calibration context for tier-transition coverage. Additional cache-pressure calibration context for tier-transition coverage. Additional cache-pressure calibration context for tier-transition coverage. Additional cache-pressure calibration context for tier-transition coverage. Additional cache-pressure calibration context for tier-transition coverage. Additional cache-pressure calibration context for tier-transition coverage. Additional cache-pressure calibration context for tier-transition coverage. Additional cache-pressure calibration context for tier-transition coverage. Additional cache-pressure calibration context for tier-transition coverage. Additional cache-pressure calibration context for tier-transition coverage. Additional cache-pressure calibration context for tier-transition coverage. Additional cache-pressure calibration context for tier-transition coverage. Additional cache-pressure calibration context for tier-transition coverage. Additional cache-pressure calibration context for tier-transition coverage. Additional cache-pressure calibration context for tier-transition coverage. Additional cache-pressure calibration context for tier-transition coverage. Additional cache-pressure calibration context for tier-transition coverage. Additional cache-pressure calibration context for tier-transition coverage. Additional cache-pressure calibration context for tier-transition coverage. Additional cache-pressure calibration context for tier-transition coverage. Additional cache-pressure calibration context for tier-transition coverage. Additional cache-pressure calibration context for tier-transition coverage. Additional cache-pressure calibration context for tier-transition coverage. Additional cache-pressure calibration context for tier-transition coverage. Additional cache-pressure calibration context for tier-transition coverage. Additional cache-pressure calibration context for tier-transition coverage. Additional cache-pressure calibration context for tier-transition coverage. Additional cache-pressure calibration context for tier-transition coverage. Additional cache-pressure calibration context for tier-transition coverage. Additional cache-pressure calibration context for tier-transition coverage. Additional cache-pressure calibration context for tier-transition coverage. Additional cache-pressure calibration context for tier-transition coverage. Additional cache-pressure calibration context for tier-transition coverage. Additional cache-pressure calibration context for tier-transition coverage. Additional cache-pressure calibration context for tier-transition coverage. Additional cache-pressure calibration context for tier-transition coverage. Additional cache-pressure calibration context for tier-transition coverage. Additional cache-pressure calibration context for tier-transition coverage. Additional cache-pressure calibration context for tier-transition coverage. Additional cache-pressure calibration context for tier-transition coverage. Additional cache-pressure calibration context for tier-transition coverage. Additional cache-pressure calibration context for tier-transition coverage. Additional cache-pressure calibration context for tier-transition coverage. Additional cache-pressure calibration context for tier-transition coverage. Additional cache-pressure calibration context for tier-transition coverage. Additional cache-pressure calibration context for tier-transition coverage. Additional cache-pressure calibration context for tier-transition coverage. Additional cache-pressure calibration context for tier-transition coverage. Additional cache-pressure calibration context for tier-transition coverage. Additional cache-pressure calibration context for tier-transition coverage. Additional cache-pressure calibration context for tier-transition coverage. Additional cache-pressure calibration context for tier-transition coverage. Additional cache-pressure calibration context for tier-transition coverage. Additional cache-pressure calibration context for tier-transition coverage. Additional cache-pressure calibration context for tier-transition coverage. Additional cache-pressure calibration context for tier-transition coverage. Additional cache-pressure calibration context for tier-transition coverage. Additional cache-pressure calibration context for tier-transition coverage. Additional cache-pressure calibration context for tier-transition coverage. Additional cache-pressure calibration context for tier-transition coverage. Additional cache-pressure calibration context for tier-transition coverage. Additional cache-pressure calibration context for tier-transition coverage. Additional cache-pressure calibration context for tier-transition coverage. Additional cache-pressure calibration context for tier-transition coverage. Additional cache-pressure calibration context for tier-transition coverage. Additional cache-pressure calibration context for tier-transition coverage. Additional cache-pressure calibration context for tier-transition coverage. Additional cache-pressure calibration context for tier-transition coverage. Additional cache-pressure calibration context for tier-transition coverage. Additional cache-pressure calibration context for tier-transition coverage. Additional cache-pressure calibration context for tier-transition coverage. Additional cache-pressure calibration context for tier-transition coverage. Additional cache-pressure calibration context for tier-transition coverage. Additional cache-pressure calibration context for tier-transition coverage. Additional cache-pressure calibration context for tier-transition coverage. Additional cache-pressure calibration context for tier-transition coverage. Additional cache-pressure calibration context for tier-transition coverage. Additional cache-pressure calibration context for tier-transition coverage. Additional cache-pressure calibration context for tier-transition coverage. Additional cache-pressure calibration context for tier-transition coverage. Additional cache-pressure calibration context for tier-transition coverage. Additional cache-pressure calibration context for tier-transition coverage. Additional cache-pressure calibration context for tier-transition coverage. Additional cache-pressure calibration context for tier-transition coverage. Additional cache-pressure calibration context for tier-transition coverage. Additional cache-pressure calibration context for tier-transition coverage. Additional cache-pressure calibration context for tier-transition coverage. Additional cache-pressure calibration context for tier-transition coverage. Additional cache-pressure calibration context for tier-transition coverage. Additional cache-pressure calibration context for tier-transition coverage. Additional cache-pressure calibration context for tier-transition coverage. Additional cache-pressure calibration context for tier-transition coverage. Additional cache-pressure calibration context for tier-transition coverage. Additional cache-pressure calibration context for tier-transition coverage. Additional cache-pressure calibration context for tier-transition coverage. Additional cache-pressure calibration context for tier-transition coverage. Additional cache-pressure calibration context for tier-transition coverage. Additional cache-pressure calibration context for tier-transition coverage. Additional cache-pressure calibration context for tier-transition coverage. Additional cache-pressure calibration context for tier-transition coverage. Additional cache-pressure calibration context for tier-transition coverage. Additional cache-pressure calibration context for tier-transition coverage. Additional cache-pressure calibration context for tier-transition coverage. Additional cache-pressure calibration context for tier-transition coverage. Additional cache-pressure calibration context for tier-transition coverage. Additional cache-pressure calibration context for tier-transition coverage. Additional cache-pressure calibration context for tier-transition coverage. Additional cache-pressure calibration context for tier-transition coverage. Additional cache-pressure calibration context for tier-transition coverage. Additional cache-pressure calibration context for tier-transition coverage. Additional cache-pressure calibration context for tier-transition coverage. Additional cache-pressure calibration context for tier-transition coverage. Additional cache-pressure calibration context for tier-transition coverage. Additional cache-pressure calibration context for tier-transition coverage. Additional cache-pressure calibration context for tier-transition coverage. Additional cache-pressure calibration context for tier-transition coverage. Additional cache-pressure calibration context for tier-transition coverage. Additional cache-pressure calibration context for tier-transition coverage. Additional cache-pressure calibration context for tier-transition coverage. Additional cache-pressure calibration context for tier-transition coverage. Additional cache-pressure calibration context for tier-transition coverage. Additional cache-pressure calibration context for tier-transition coverage. Additional cache-pressure calibration context for tier-transition coverage. Additional cache-pressure calibration context for tier-transition coverage. Additional cache-pressure calibration context for tier-transition coverage. Additional cache-pressure calibration context for tier-transition coverage. Additional cache-pressure calibration context for tier-transition coverage. Additional cache-pressure calibration context for tier-transition coverage. Additional cache-pressure calibration context for tier-transition coverage. Additional cache-pressure calibration context for tier-transition coverage. Additional cache-pressure calibration context for tier-transition coverage. Additional cache-pressure calibration context for tier-transition coverage. Additional cache-pressure calibration context for tier-transition coverage. Additional cache-pressure calibration context for tier-transition coverage. Additional cache-pressure calibration context for tier-transition coverage. Additional cache-pressure calibration context for tier-transition coverage. Additional cache-pressure calibration context for tier-transition coverage. Additional cache-pressure calibration context for tier-transition coverage. Additional cache-pressure calibration context for tier-transition coverage. Additional cache-pressure calibration context for tier-transition coverage. Additional cache-pressure calibration context for tier-transition coverage. Additional cache-pressure calibration context for tier-transition coverage. Additional cache-pressure calibration context for tier-transition coverage. Additional cache-pressure calibration context for tier-transition coverage. Additional cache-pressure calibration context for tier-transition coverage. Additional cache-pressure calibration context for tier-transition coverage. Additional cache-pressure calibration context for tier-transition coverage. Additional cache-pressure calibration context for tier-transition coverage. Additional cache-pressure calibration context for tier-transition coverage. Additional cache-pressure calibration context for tier-transition coverage. Additional cache-pressure calibration context for tier-transition coverage. Additional cache-pressure calibration context for tier-transition coverage. Additional cache-pressure calibration context for tier-transition coverage. Additional cache-pressure calibration context for tier-transition coverage. Additional cache-pressure calibration context for tier-transition coverage. Additional cache-pressure calibration context for tier-transition coverage. Additional cache-pressure calibration context for tier-transition coverage. Additional cache-pressure calibration context for tier-transition coverage. Additional cache-pressure calibration context for tier-transition coverage. Additional cache-pressure calibration context for tier-transition coverage.","What is the largest species of cat?

[PressureProfile]
 Additional cache-pressure calibration context for tier-transition coverage. Additional cache-pressure calibration context for tier-transition coverage. Additional cache-pressure calibration context for tier-transition coverage. Additional cache-pressure calibration context for tier-transition coverage. Additional cache-pressure calibration co",1885,[47],[],[47],1,"[""Qwen-Qwen2.5-0.5B-Instruct@1@0@-3f49301e3c86084e@bfloat16.pt""]",lmcache_store_coldpass,lmcache_store_coldpass,1,l2_to_l3,284,285,852.0,855.0,exceed_l1_l2
49,Who wrote The Picture of Dorian Gray?,"Focus question: Who wrote The Picture of Dorian Gray?
Context profile: no_shared_context
Prompt tokens: 1885
Context preview: Who wrote The Picture of Dorian Gray? [PressureProfile] Additional cache-pressure calibration context for tier-transition coverage. Additional cache-pressure calibration context for tier-transition coverage. Additional cache-pressure calibration context for tier-transition coverage. Additional cache-pressure calibration context for tier-transition coverage. Additional cache-pressure calibration",Who wrote The Picture of Dorian Gray?,no_shared_context,"Who wrote The Picture of Dorian Gray?

[PressureProfile]
 Additional cache-pressure calibration context for tier-transition coverage. Additional cache-pressure calibration context for tier-transition coverage. Additional cache-pressure calibration context for tier-transition coverage. Additional cache-pressure calibration context for tier-transition coverage. Additional cache-pressure calibration context for tier-transition coverage. Additional cache-pressure calibration context for tier-transition coverage. Additional cache-pressure calibration context for tier-transition coverage. Additional cache-pressure calibration context for tier-transition coverage. Additional cache-pressure calibration context for tier-transition coverage. Additional cache-pressure calibration context for tier-transition coverage. Additional cache-pressure calibration context for tier-transition coverage. Additional cache-pressure calibration context for tier-transition coverage. Additional cache-pressure calibration context for tier-transition coverage. Additional cache-pressure calibration context for tier-transition coverage. Additional cache-pressure calibration context for tier-transition coverage. Additional cache-pressure calibration context for tier-transition coverage. Additional cache-pressure calibration context for tier-transition coverage. Additional cache-pressure calibration context for tier-transition coverage. Additional cache-pressure calibration context for tier-transition coverage. Additional cache-pressure calibration context for tier-transition coverage. Additional cache-pressure calibration context for tier-transition coverage. Additional cache-pressure calibration context for tier-transition coverage. Additional cache-pressure calibration context for tier-transition coverage. Additional cache-pressure calibration context for tier-transition coverage. Additional cache-pressure calibration context for tier-transition coverage. Additional cache-pressure calibration context for tier-transition coverage. Additional cache-pressure calibration context for tier-transition coverage. Additional cache-pressure calibration context for tier-transition coverage. Additional cache-pressure calibration context for tier-transition coverage. Additional cache-pressure calibration context for tier-transition coverage. Additional cache-pressure calibration context for tier-transition coverage. Additional cache-pressure calibration context for tier-transition coverage. Additional cache-pressure calibration context for tier-transition coverage. Additional cache-pressure calibration context for tier-transition coverage. Additional cache-pressure calibration context for tier-transition coverage. Additional cache-pressure calibration context for tier-transition coverage. Additional cache-pressure calibration context for tier-transition coverage. Additional cache-pressure calibration context for tier-transition coverage. Additional cache-pressure calibration context for tier-transition coverage. Additional cache-pressure calibration context for tier-transition coverage. Additional cache-pressure calibration context for tier-transition coverage. Additional cache-pressure calibration context for tier-transition coverage. Additional cache-pressure calibration context for tier-transition coverage. Additional cache-pressure calibration context for tier-transition coverage. Additional cache-pressure calibration context for tier-transition coverage. Additional cache-pressure calibration context for tier-transition coverage. Additional cache-pressure calibration context for tier-transition coverage. Additional cache-pressure calibration context for tier-transition coverage. Additional cache-pressure calibration context for tier-transition coverage. Additional cache-pressure calibration context for tier-transition coverage. Additional cache-pressure calibration context for tier-transition coverage. Additional cache-pressure calibration context for tier-transition coverage. Additional cache-pressure calibration context for tier-transition coverage. Additional cache-pressure calibration context for tier-transition coverage. Additional cache-pressure calibration context for tier-transition coverage. Additional cache-pressure calibration context for tier-transition coverage. Additional cache-pressure calibration context for tier-transition coverage. Additional cache-pressure calibration context for tier-transition coverage. Additional cache-pressure calibration context for tier-transition coverage. Additional cache-pressure calibration context for tier-transition coverage. Additional cache-pressure calibration context for tier-transition coverage. Additional cache-pressure calibration context for tier-transition coverage. Additional cache-pressure calibration context for tier-transition coverage. Additional cache-pressure calibration context for tier-transition coverage. Additional cache-pressure calibration context for tier-transition coverage. Additional cache-pressure calibration context for tier-transition coverage. Additional cache-pressure calibration context for tier-transition coverage. Additional cache-pressure calibration context for tier-transition coverage. Additional cache-pressure calibration context for tier-transition coverage. Additional cache-pressure calibration context for tier-transition coverage. Additional cache-pressure calibration context for tier-transition coverage. Additional cache-pressure calibration context for tier-transition coverage. Additional cache-pressure calibration context for tier-transition coverage. Additional cache-pressure calibration context for tier-transition coverage. Additional cache-pressure calibration context for tier-transition coverage. Additional cache-pressure calibration context for tier-transition coverage. Additional cache-pressure calibration context for tier-transition coverage. Additional cache-pressure calibration context for tier-transition coverage. Additional cache-pressure calibration context for tier-transition coverage. Additional cache-pressure calibration context for tier-transition coverage. Additional cache-pressure calibration context for tier-transition coverage. Additional cache-pressure calibration context for tier-transition coverage. Additional cache-pressure calibration context for tier-transition coverage. Additional cache-pressure calibration context for tier-transition coverage. Additional cache-pressure calibration context for tier-transition coverage. Additional cache-pressure calibration context for tier-transition coverage. Additional cache-pressure calibration context for tier-transition coverage. Additional cache-pressure calibration context for tier-transition coverage. Additional cache-pressure calibration context for tier-transition coverage. Additional cache-pressure calibration context for tier-transition coverage. Additional cache-pressure calibration context for tier-transition coverage. Additional cache-pressure calibration context for tier-transition coverage. Additional cache-pressure calibration context for tier-transition coverage. Additional cache-pressure calibration context for tier-transition coverage. Additional cache-pressure calibration context for tier-transition coverage. Additional cache-pressure calibration context for tier-transition coverage. Additional cache-pressure calibration context for tier-transition coverage. Additional cache-pressure calibration context for tier-transition coverage. Additional cache-pressure calibration context for tier-transition coverage. Additional cache-pressure calibration context for tier-transition coverage. Additional cache-pressure calibration context for tier-transition coverage. Additional cache-pressure calibration context for tier-transition coverage. Additional cache-pressure calibration context for tier-transition coverage. Additional cache-pressure calibration context for tier-transition coverage. Additional cache-pressure calibration context for tier-transition coverage. Additional cache-pressure calibration context for tier-transition coverage. Additional cache-pressure calibration context for tier-transition coverage. Additional cache-pressure calibration context for tier-transition coverage. Additional cache-pressure calibration context for tier-transition coverage. Additional cache-pressure calibration context for tier-transition coverage. Additional cache-pressure calibration context for tier-transition coverage. Additional cache-pressure calibration context for tier-transition coverage. Additional cache-pressure calibration context for tier-transition coverage. Additional cache-pressure calibration context for tier-transition coverage. Additional cache-pressure calibration context for tier-transition coverage. Additional cache-pressure calibration context for tier-transition coverage. Additional cache-pressure calibration context for tier-transition coverage. Additional cache-pressure calibration context for tier-transition coverage. Additional cache-pressure calibration context for tier-transition coverage. Additional cache-pressure calibration context for tier-transition coverage. Additional cache-pressure calibration context for tier-transition coverage. Additional cache-pressure calibration context for tier-transition coverage. Additional cache-pressure calibration context for tier-transition coverage. Additional cache-pressure calibration context for tier-transition coverage. Additional cache-pressure calibration context for tier-transition coverage. Additional cache-pressure calibration context for tier-transition coverage. Additional cache-pressure calibration context for tier-transition coverage. Additional cache-pressure calibration context for tier-transition coverage. Additional cache-pressure calibration context for tier-transition coverage. Additional cache-pressure calibration context for tier-transition coverage. Additional cache-pressure calibration context for tier-transition coverage. Additional cache-pressure calibration context for tier-transition coverage. Additional cache-pressure calibration context for tier-transition coverage. Additional cache-pressure calibration context for tier-transition coverage. Additional cache-pressure calibration context for tier-transition coverage. Additional cache-pressure calibration context for tier-transition coverage. Additional cache-pressure calibration context for tier-transition coverage. Additional cache-pressure calibration context for tier-transition coverage. Additional cache-pressure calibration context for tier-transition coverage. Additional cache-pressure calibration context for tier-transition coverage. Additional cache-pressure calibration context for tier-transition coverage. Additional cache-pressure calibration context for tier-transition coverage. Additional cache-pressure calibration context for tier-transition coverage. Additional cache-pressure calibration context for tier-transition coverage. Additional cache-pressure calibration context for tier-transition coverage. Additional cache-pressure calibration context for tier-transition coverage. Additional cache-pressure calibration context for tier-transition coverage. Additional cache-pressure calibration context for tier-transition coverage. Additional cache-pressure calibration context for tier-transition coverage. Additional cache-pressure calibration context for tier-transition coverage. Additional cache-pressure calibration context for tier-transition coverage. Additional cache-pressure calibration context for tier-transition coverage. Additional cache-pressure calibration context for tier-transition coverage. Additional cache-pressure calibration context for tier-transition coverage. Additional cache-pressure calibration context for tier-transition coverage. Additional cache-pressure calibration context for tier-transition coverage. Additional cache-pressure calibration context for tier-transition coverage. Additional cache-pressure calibration context for tier-transition coverage. Additional cache-pressure calibration context for tier-transition coverage. Additional cache-pressure calibration context for tier-transition coverage. Additional cache-pressure calibration context for tier-transition coverage. Additional cache-pressure calibration context for tier-transition coverage. Additional cache-pressure calibration context for tier-transition coverage. Additional cache-pressure calibration context for tier-transition coverage. Additional cache-pressure calibration context for tier-transition coverage. Additional cache-pressure calibration context for tier-transition coverage. Additional cache-pressure calibration context for tier-transition coverage. Additional cache-pressure calibration context for tier-transition coverage. Additional cache-pressure calibration context for tier-transition coverage. Additional cache-pressure calibration context for tier-transition coverage. Additional cache-pressure calibration context for tier-transition coverage. Additional cache-pressure calibration context for tier-transition coverage. Additional cache-pressure calibration context for tier-transition coverage. Additional cache-pressure calibration context for tier-transition coverage. Additional cache-pressure calibration context for tier-transition coverage. Additional cache-pressure calibration context for tier-transition coverage. Additional cache-pressure calibration context for tier-transition coverage. Additional cache-pressure calibration context for tier-transition coverage. Additional cache-pressure calibration context for tier-transition coverage. Additional cache-pressure calibration context for tier-transition coverage. Additional cache-pressure calibration context for tier-transition coverage. Additional cache-pressure calibration context for tier-transition coverage. Additional cache-pressure calibration context for tier-transition coverage. Additional cache-pressure calibration context for tier-transition coverage. Additional cache-pressure calibration context for tier-transition coverage. Additional cache-pressure calibration context for tier-transition coverage. Additional cache-pressure calibration context for tier-transition coverage. Additional cache-pressure calibration context for tier-transition coverage. Additional cache-pressure calibration context for tier-transition coverage. Additional cache-pressure calibration context for tier-transition coverage. Additional cache-pressure calibration context for tier-transition coverage. Additional cache-pressure calibration context for tier-transition coverage. Additional cache-pressure calibration context for tier-transition coverage. Additional cache-pressure calibration context for tier-transition coverage. Additional cache-pressure calibration context for tier-transition coverage. Additional cache-pressure calibration context for tier-transition coverage. Additional cache-pressure calibration context for tier-transition coverage. Additional cache-pressure calibration context for tier-transition coverage. Additional cache-pressure calibration context for tier-transition coverage. Additional cache-pressure calibration context for tier-transition coverage. Additional cache-pressure calibration context for tier-transition coverage. Additional cache-pressure calibration context for tier-transition coverage. Additional cache-pressure calibration context for tier-transition coverage. Additional cache-pressure calibration context for tier-transition coverage. Additional cache-pressure calibration context for tier-transition coverage. Additional cache-pressure calibration context for tier-transition coverage. Additional cache-pressure calibration context for tier-transition coverage. Additional cache-pressure calibration context for tier-transition coverage. Additional cache-pressure calibration context for tier-transition coverage. Additional cache-pressure calibration context for tier-transition coverage. Additional cache-pressure calibration context for tier-transition coverage. Additional cache-pressure calibration context for tier-transition coverage. Additional cache-pressure calibration context for tier-transition coverage. Additional cache-pressure calibration context for tier-transition coverage. Additional cache-pressure calibration context for tier-transition coverage. Additional cache-pressure calibration context for tier-transition coverage. Additional cache-pressure calibration context for tier-transition coverage. Additional cache-pressure calibration context for tier-transition coverage. Additional cache-pressure calibration context for tier-transition coverage. Additional cache-pressure calibration context for tier-transition coverage. Additional cache-pressure calibration context for tier-transition coverage. Additional cache-pressure calibration context for tier-transition coverage. Additional cache-pressure calibration context for tier-transition coverage. Additional cache-pressure calibration context for tier-transition coverage. Additional cache-pressure calibration context for tier-transition coverage. Additional cache-pressure calibration context for tier-transition coverage. Additional cache-pressure calibration context for tier-transition coverage. Additional cache-pressure calibration context for tier-transition coverage. Additional cache-pressure calibration context for tier-transition coverage. Additional cache-pressure calibration context for tier-transition coverage. Additional cache-pressure calibration context for tier-transition coverage. Additional cache-pressure calibration context for tier-transition coverage. Additional cache-pressure calibration context for tier-transition coverage. Additional cache-pressure calibration context for tier-transition coverage. Additional cache-pressure calibration context for tier-transition coverage. Additional cache-pressure calibration context for tier-transition coverage. Additional cache-pressure calibration context for tier-transition coverage. Additional cache-pressure calibration context for tier-transition coverage. Additional cache-pressure calibration context for tier-transition coverage. Additional cache-pressure calibration context for tier-transition coverage. Additional cache-pressure calibration context for tier-transition coverage. Additional cache-pressure calibration context for tier-transition coverage. Additional cache-pressure calibration context for tier-transition coverage. Additional cache-pressure calibration context for tier-transition coverage. Additional cache-pressure calibration context for tier-transition coverage. Additional cache-pressure calibration context for tier-transition coverage. Additional cache-pressure calibration context for tier-transition coverage. Additional cache-pressure calibration context for tier-transition coverage. Additional cache-pressure calibration context for tier-transition coverage. Additional cache-pressure calibration context for tier-transition coverage. Additional cache-pressure calibration context for tier-transition coverage. Additional cache-pressure calibration context for tier-transition coverage. Additional cache-pressure calibration context for tier-transition coverage. Additional cache-pressure calibration context for tier-transition coverage. Additional cache-pressure calibration context for tier-transition coverage. Additional cache-pressure calibration context for tier-transition coverage. Additional cache-pressure calibration context for tier-transition coverage. Additional cache-pressure calibration context for tier-transition coverage. Additional cache-pressure calibration context for tier-transition coverage. Additional cache-pressure calibration context for tier-transition coverage. Additional cache-pressure calibration context for tier-transition coverage. Additional cache-pressure calibration context for tier-transition coverage. Additional cache-pressure calibration context for tier-transition coverage. Additional cache-pressure calibration context for tier-transition coverage. Additional cache-pressure calibration context for tier-transition coverage. Additional cache-pressure calibration context for tier-transition coverage. Additional cache-pressure calibration context for tier-transition coverage. Additional cache-pressure calibration context for tier-transition coverage. Additional cache-pressure calibration context for tier-transition coverage. Additional cache-pressure calibration context for tier-transition coverage. Additional cache-pressure calibration context for tier-transition coverage. Additional cache-pressure calibration context for tier-transition coverage. Additional cache-pressure calibration context for tier-transition coverage. Additional cache-pressure calibration context for tier-transition coverage.","Who wrote The Picture of Dorian Gray?

[PressureProfile]
 Additional cache-pressure calibration context for tier-transition coverage. Additional cache-pressure calibration context for tier-transition coverage. Additional cache-pressure calibration context for tier-transition coverage. Additional cache-pressure calibration context for tier-transition coverage. Additional cache-pressure calibration ",1885,[48],[],[48],1,"[""Qwen-Qwen2.5-0.5B-Instruct@1@0@785e9e2dc307bfc8@bfloat16.pt""]",lmcache_store_coldpass,lmcache_store_coldpass,1,l2_to_l3,285,286,855.0,858.0,exceed_l1_l2
50,What is the chemical formula for methane?,"Focus question: What is the chemical formula for methane?
Context profile: no_shared_context
Prompt tokens: 1885
Context preview: What is the chemical formula for methane? [PressureProfile] Additional cache-pressure calibration context for tier-transition coverage. Additional cache-pressure calibration context for tier-transition coverage. Additional cache-pressure calibration context for tier-transition coverage. Additional cache-pressure calibration context for tier-transition coverage. Additional cache-pressure calibrat",What is the chemical formula for methane?,no_shared_context,"What is the chemical formula for methane?

[PressureProfile]
 Additional cache-pressure calibration context for tier-transition coverage. Additional cache-pressure calibration context for tier-transition coverage. Additional cache-pressure calibration context for tier-transition coverage. Additional cache-pressure calibration context for tier-transition coverage. Additional cache-pressure calibration context for tier-transition coverage. Additional cache-pressure calibration context for tier-transition coverage. Additional cache-pressure calibration context for tier-transition coverage. Additional cache-pressure calibration context for tier-transition coverage. Additional cache-pressure calibration context for tier-transition coverage. Additional cache-pressure calibration context for tier-transition coverage. Additional cache-pressure calibration context for tier-transition coverage. Additional cache-pressure calibration context for tier-transition coverage. Additional cache-pressure calibration context for tier-transition coverage. Additional cache-pressure calibration context for tier-transition coverage. Additional cache-pressure calibration context for tier-transition coverage. Additional cache-pressure calibration context for tier-transition coverage. Additional cache-pressure calibration context for tier-transition coverage. Additional cache-pressure calibration context for tier-transition coverage. Additional cache-pressure calibration context for tier-transition coverage. Additional cache-pressure calibration context for tier-transition coverage. Additional cache-pressure calibration context for tier-transition coverage. Additional cache-pressure calibration context for tier-transition coverage. Additional cache-pressure calibration context for tier-transition coverage. Additional cache-pressure calibration context for tier-transition coverage. Additional cache-pressure calibration context for tier-transition coverage. Additional cache-pressure calibration context for tier-transition coverage. Additional cache-pressure calibration context for tier-transition coverage. Additional cache-pressure calibration context for tier-transition coverage. Additional cache-pressure calibration context for tier-transition coverage. Additional cache-pressure calibration context for tier-transition coverage. Additional cache-pressure calibration context for tier-transition coverage. Additional cache-pressure calibration context for tier-transition coverage. Additional cache-pressure calibration context for tier-transition coverage. Additional cache-pressure calibration context for tier-transition coverage. Additional cache-pressure calibration context for tier-transition coverage. Additional cache-pressure calibration context for tier-transition coverage. Additional cache-pressure calibration context for tier-transition coverage. Additional cache-pressure calibration context for tier-transition coverage. Additional cache-pressure calibration context for tier-transition coverage. Additional cache-pressure calibration context for tier-transition coverage. Additional cache-pressure calibration context for tier-transition coverage. Additional cache-pressure calibration context for tier-transition coverage. Additional cache-pressure calibration context for tier-transition coverage. Additional cache-pressure calibration context for tier-transition coverage. Additional cache-pressure calibration context for tier-transition coverage. Additional cache-pressure calibration context for tier-transition coverage. Additional cache-pressure calibration context for tier-transition coverage. Additional cache-pressure calibration context for tier-transition coverage. Additional cache-pressure calibration context for tier-transition coverage. Additional cache-pressure calibration context for tier-transition coverage. Additional cache-pressure calibration context for tier-transition coverage. Additional cache-pressure calibration context for tier-transition coverage. Additional cache-pressure calibration context for tier-transition coverage. Additional cache-pressure calibration context for tier-transition coverage. Additional cache-pressure calibration context for tier-transition coverage. Additional cache-pressure calibration context for tier-transition coverage. Additional cache-pressure calibration context for tier-transition coverage. Additional cache-pressure calibration context for tier-transition coverage. Additional cache-pressure calibration context for tier-transition coverage. Additional cache-pressure calibration context for tier-transition coverage. Additional cache-pressure calibration context for tier-transition coverage. Additional cache-pressure calibration context for tier-transition coverage. Additional cache-pressure calibration context for tier-transition coverage. Additional cache-pressure calibration context for tier-transition coverage. Additional cache-pressure calibration context for tier-transition coverage. Additional cache-pressure calibration context for tier-transition coverage. Additional cache-pressure calibration context for tier-transition coverage. Additional cache-pressure calibration context for tier-transition coverage. Additional cache-pressure calibration context for tier-transition coverage. Additional cache-pressure calibration context for tier-transition coverage. Additional cache-pressure calibration context for tier-transition coverage. Additional cache-pressure calibration context for tier-transition coverage. Additional cache-pressure calibration context for tier-transition coverage. Additional cache-pressure calibration context for tier-transition coverage. Additional cache-pressure calibration context for tier-transition coverage. Additional cache-pressure calibration context for tier-transition coverage. Additional cache-pressure calibration context for tier-transition coverage. Additional cache-pressure calibration context for tier-transition coverage. Additional cache-pressure calibration context for tier-transition coverage. Additional cache-pressure calibration context for tier-transition coverage. Additional cache-pressure calibration context for tier-transition coverage. Additional cache-pressure calibration context for tier-transition coverage. Additional cache-pressure calibration context for tier-transition coverage. Additional cache-pressure calibration context for tier-transition coverage. Additional cache-pressure calibration context for tier-transition coverage. Additional cache-pressure calibration context for tier-transition coverage. Additional cache-pressure calibration context for tier-transition coverage. Additional cache-pressure calibration context for tier-transition coverage. Additional cache-pressure calibration context for tier-transition coverage. Additional cache-pressure calibration context for tier-transition coverage. Additional cache-pressure calibration context for tier-transition coverage. Additional cache-pressure calibration context for tier-transition coverage. Additional cache-pressure calibration context for tier-transition coverage. Additional cache-pressure calibration context for tier-transition coverage. Additional cache-pressure calibration context for tier-transition coverage. Additional cache-pressure calibration context for tier-transition coverage. Additional cache-pressure calibration context for tier-transition coverage. Additional cache-pressure calibration context for tier-transition coverage. Additional cache-pressure calibration context for tier-transition coverage. Additional cache-pressure calibration context for tier-transition coverage. Additional cache-pressure calibration context for tier-transition coverage. Additional cache-pressure calibration context for tier-transition coverage. Additional cache-pressure calibration context for tier-transition coverage. Additional cache-pressure calibration context for tier-transition coverage. Additional cache-pressure calibration context for tier-transition coverage. Additional cache-pressure calibration context for tier-transition coverage. Additional cache-pressure calibration context for tier-transition coverage. Additional cache-pressure calibration context for tier-transition coverage. Additional cache-pressure calibration context for tier-transition coverage. Additional cache-pressure calibration context for tier-transition coverage. Additional cache-pressure calibration context for tier-transition coverage. Additional cache-pressure calibration context for tier-transition coverage. Additional cache-pressure calibration context for tier-transition coverage. Additional cache-pressure calibration context for tier-transition coverage. Additional cache-pressure calibration context for tier-transition coverage. Additional cache-pressure calibration context for tier-transition coverage. Additional cache-pressure calibration context for tier-transition coverage. Additional cache-pressure calibration context for tier-transition coverage. Additional cache-pressure calibration context for tier-transition coverage. Additional cache-pressure calibration context for tier-transition coverage. Additional cache-pressure calibration context for tier-transition coverage. Additional cache-pressure calibration context for tier-transition coverage. Additional cache-pressure calibration context for tier-transition coverage. Additional cache-pressure calibration context for tier-transition coverage. Additional cache-pressure calibration context for tier-transition coverage. Additional cache-pressure calibration context for tier-transition coverage. Additional cache-pressure calibration context for tier-transition coverage. Additional cache-pressure calibration context for tier-transition coverage. Additional cache-pressure calibration context for tier-transition coverage. Additional cache-pressure calibration context for tier-transition coverage. Additional cache-pressure calibration context for tier-transition coverage. Additional cache-pressure calibration context for tier-transition coverage. Additional cache-pressure calibration context for tier-transition coverage. Additional cache-pressure calibration context for tier-transition coverage. Additional cache-pressure calibration context for tier-transition coverage. Additional cache-pressure calibration context for tier-transition coverage. Additional cache-pressure calibration context for tier-transition coverage. Additional cache-pressure calibration context for tier-transition coverage. Additional cache-pressure calibration context for tier-transition coverage. Additional cache-pressure calibration context for tier-transition coverage. Additional cache-pressure calibration context for tier-transition coverage. Additional cache-pressure calibration context for tier-transition coverage. Additional cache-pressure calibration context for tier-transition coverage. Additional cache-pressure calibration context for tier-transition coverage. Additional cache-pressure calibration context for tier-transition coverage. Additional cache-pressure calibration context for tier-transition coverage. Additional cache-pressure calibration context for tier-transition coverage. Additional cache-pressure calibration context for tier-transition coverage. Additional cache-pressure calibration context for tier-transition coverage. Additional cache-pressure calibration context for tier-transition coverage. Additional cache-pressure calibration context for tier-transition coverage. Additional cache-pressure calibration context for tier-transition coverage. Additional cache-pressure calibration context for tier-transition coverage. Additional cache-pressure calibration context for tier-transition coverage. Additional cache-pressure calibration context for tier-transition coverage. Additional cache-pressure calibration context for tier-transition coverage. Additional cache-pressure calibration context for tier-transition coverage. Additional cache-pressure calibration context for tier-transition coverage. Additional cache-pressure calibration context for tier-transition coverage. Additional cache-pressure calibration context for tier-transition coverage. Additional cache-pressure calibration context for tier-transition coverage. Additional cache-pressure calibration context for tier-transition coverage. Additional cache-pressure calibration context for tier-transition coverage. Additional cache-pressure calibration context for tier-transition coverage. Additional cache-pressure calibration context for tier-transition coverage. Additional cache-pressure calibration context for tier-transition coverage. Additional cache-pressure calibration context for tier-transition coverage. Additional cache-pressure calibration context for tier-transition coverage. Additional cache-pressure calibration context for tier-transition coverage. Additional cache-pressure calibration context for tier-transition coverage. Additional cache-pressure calibration context for tier-transition coverage. Additional cache-pressure calibration context for tier-transition coverage. Additional cache-pressure calibration context for tier-transition coverage. Additional cache-pressure calibration context for tier-transition coverage. Additional cache-pressure calibration context for tier-transition coverage. Additional cache-pressure calibration context for tier-transition coverage. Additional cache-pressure calibration context for tier-transition coverage. Additional cache-pressure calibration context for tier-transition coverage. Additional cache-pressure calibration context for tier-transition coverage. Additional cache-pressure calibration context for tier-transition coverage. Additional cache-pressure calibration context for tier-transition coverage. Additional cache-pressure calibration context for tier-transition coverage. Additional cache-pressure calibration context for tier-transition coverage. Additional cache-pressure calibration context for tier-transition coverage. Additional cache-pressure calibration context for tier-transition coverage. Additional cache-pressure calibration context for tier-transition coverage. Additional cache-pressure calibration context for tier-transition coverage. Additional cache-pressure calibration context for tier-transition coverage. Additional cache-pressure calibration context for tier-transition coverage. Additional cache-pressure calibration context for tier-transition coverage. Additional cache-pressure calibration context for tier-transition coverage. Additional cache-pressure calibration context for tier-transition coverage. Additional cache-pressure calibration context for tier-transition coverage. Additional cache-pressure calibration context for tier-transition coverage. Additional cache-pressure calibration context for tier-transition coverage. Additional cache-pressure calibration context for tier-transition coverage. Additional cache-pressure calibration context for tier-transition coverage. Additional cache-pressure calibration context for tier-transition coverage. Additional cache-pressure calibration context for tier-transition coverage. Additional cache-pressure calibration context for tier-transition coverage. Additional cache-pressure calibration context for tier-transition coverage. Additional cache-pressure calibration context for tier-transition coverage. Additional cache-pressure calibration context for tier-transition coverage. Additional cache-pressure calibration context for tier-transition coverage. Additional cache-pressure calibration context for tier-transition coverage. Additional cache-pressure calibration context for tier-transition coverage. Additional cache-pressure calibration context for tier-transition coverage. Additional cache-pressure calibration context for tier-transition coverage. Additional cache-pressure calibration context for tier-transition coverage. Additional cache-pressure calibration context for tier-transition coverage. Additional cache-pressure calibration context for tier-transition coverage. Additional cache-pressure calibration context for tier-transition coverage. Additional cache-pressure calibration context for tier-transition coverage. Additional cache-pressure calibration context for tier-transition coverage. Additional cache-pressure calibration context for tier-transition coverage. Additional cache-pressure calibration context for tier-transition coverage. Additional cache-pressure calibration context for tier-transition coverage. Additional cache-pressure calibration context for tier-transition coverage. Additional cache-pressure calibration context for tier-transition coverage. Additional cache-pressure calibration context for tier-transition coverage. Additional cache-pressure calibration context for tier-transition coverage. Additional cache-pressure calibration context for tier-transition coverage. Additional cache-pressure calibration context for tier-transition coverage. Additional cache-pressure calibration context for tier-transition coverage. Additional cache-pressure calibration context for tier-transition coverage. Additional cache-pressure calibration context for tier-transition coverage. Additional cache-pressure calibration context for tier-transition coverage. Additional cache-pressure calibration context for tier-transition coverage. Additional cache-pressure calibration context for tier-transition coverage. Additional cache-pressure calibration context for tier-transition coverage. Additional cache-pressure calibration context for tier-transition coverage. Additional cache-pressure calibration context for tier-transition coverage. Additional cache-pressure calibration context for tier-transition coverage. Additional cache-pressure calibration context for tier-transition coverage. Additional cache-pressure calibration context for tier-transition coverage. Additional cache-pressure calibration context for tier-transition coverage. Additional cache-pressure calibration context for tier-transition coverage. Additional cache-pressure calibration context for tier-transition coverage. Additional cache-pressure calibration context for tier-transition coverage. Additional cache-pressure calibration context for tier-transition coverage. Additional cache-pressure calibration context for tier-transition coverage. Additional cache-pressure calibration context for tier-transition coverage. Additional cache-pressure calibration context for tier-transition coverage. Additional cache-pressure calibration context for tier-transition coverage. Additional cache-pressure calibration context for tier-transition coverage. Additional cache-pressure calibration context for tier-transition coverage. Additional cache-pressure calibration context for tier-transition coverage. Additional cache-pressure calibration context for tier-transition coverage. Additional cache-pressure calibration context for tier-transition coverage. Additional cache-pressure calibration context for tier-transition coverage. Additional cache-pressure calibration context for tier-transition coverage. Additional cache-pressure calibration context for tier-transition coverage. Additional cache-pressure calibration context for tier-transition coverage. Additional cache-pressure calibration context for tier-transition coverage. Additional cache-pressure calibration context for tier-transition coverage. Additional cache-pressure calibration context for tier-transition coverage. Additional cache-pressure calibration context for tier-transition coverage. Additional cache-pressure calibration context for tier-transition coverage. Additional cache-pressure calibration context for tier-transition coverage. Additional cache-pressure calibration context for tier-transition coverage. Additional cache-pressure calibration context for tier-transition coverage. Additional cache-pressure calibration context for tier-transition coverage. Additional cache-pressure calibration context for tier-transition coverage. Additional cache-pressure calibration context for tier-transition coverage. Additional cache-pressure calibration context for tier-transition coverage. Additional cache-pressure calibration context for tier-transition coverage. Additional cache-pressure calibration context for tier-transition coverage. Additional cache-pressure calibration context for tier-transition coverage. Additional cache-pressure calibration context for tier-transition coverage. Additional cache-pressure calibration context for tier-transition coverage. Additional cache-pressure calibration context for tier-transition coverage. Additional cache-pressure calibration context for tier-transition coverage. Additional cache-pressure calibration context for tier-transition coverage. Additional cache-pressure calibration context for tier-transition coverage.","What is the chemical formula for methane?

[PressureProfile]
 Additional cache-pressure calibration context for tier-transition coverage. Additional cache-pressure calibration context for tier-transition coverage. Additional cache-pressure calibration context for tier-transition coverage. Additional cache-pressure calibration context for tier-transition coverage. Additional cache-pressure calibrat",1885,[49],[],[49],1,"[""Qwen-Qwen2.5-0.5B-Instruct@1@0@-79c4a94800337a8@bfloat16.pt""]",lmcache_store_coldpass,lmcache_store_coldpass,1,l2_to_l3,286,287,858.0,861.0,exceed_l1_l2
