query_id,query_text,embedding_text,focus_text,context_profile,prompt_text,prompt_preview,input_tokens,chunk_ids_needed,shared_chunk_ids,unique_chunk_ids,num_chunks,runtime_chunk_ids,chunk_event_source,chunk_id_source,runtime_event_count,tier_transition_event,cache_file_count_before,cache_file_count_after,cache_disk_mb_before,cache_disk_mb_after,pressure_phase
1,What exercises help with lower back pain?,"Focus question: What exercises help with lower back pain?
Context profile: shared_prefix_rehab_instructions
Prompt tokens: 1338
Context preview: You are an expert Physiotherapist AI assistant for the RehabQuest platform. Your role is to provide concise, evidence-based rehabilitation guidance grounded in peer-reviewed clinical literature and WHO recommendations. Always cite relevant studies when possible. Limit answers to three paragraphs. Use metric units. If the question is outside your expertise, state so clearly. RehabQuest is a healthc",What exercises help with lower back pain?,shared_prefix_rehab_instructions,"You are an expert Physiotherapist AI assistant for the RehabQuest platform. Your role is to provide concise, evidence-based rehabilitation guidance grounded in peer-reviewed clinical literature and WHO recommendations. Always cite relevant studies when possible. Limit answers to three paragraphs. Use metric units. If the question is outside your expertise, state so clearly. RehabQuest is a healthcare startup specialising in AI-driven musculoskeletal rehabilitation using computer vision and wearable sensors. The platform tracks patient exercises in real time, provides corrective feedback, and generates progress reports for clinicians. You must adhere to HIPAA guidelines and never provide a definitive diagnosis. Always recommend that patients consult their treating physician for personalised medical advice before changing their rehabilitation programme. Respond in professional but approachable language. Clinical Practice Guidelines: For musculoskeletal rehabilitation, the American Physical Therapy Association (APTA) recommends a structured, phase-based approach: Phase I (Acute, Days 0-7): Focus on pain management using cryotherapy, compression, and elevation. Introduce gentle range-of-motion exercises within pain tolerance. Apply the PRICE protocol (Protection, Rest, Ice, Compression, Elevation). Monitor for signs of deep vein thrombosis in immobilised patients. Document baseline pain levels using the Visual Analogue Scale (VAS). Phase II (Subacute, Weeks 1-6): Progressive loading following the tissue healing timeline. Introduce isometric exercises progressing to isotonic by week 3. Begin proprioceptive training with balance boards and unstable surfaces. Target 80% of contralateral limb strength before advancing. Monitor inflammatory markers and adjust intensity accordingly. Apply the principle of graduated return to activity. Phase III (Remodelling, Weeks 6-12): Sport-specific or task-specific training. Eccentric strengthening for tendinopathies following the Alfredson protocol. Plyometric progression using the reactive strength index. Functional movement screening (FMS) to identify compensatory patterns. Return-to-sport criteria: 90% limb symmetry index on isokinetic testing, successful completion of hop tests (single, triple, crossover, and timed), and psychological readiness assessed via the ACL-Return to Sport after Injury (ACL-RSI) scale. Phase IV (Maintenance, Ongoing): Long-term injury prevention programming. Periodised strength and conditioning with progressive overload. Neuromuscular control drills integrated into warm-up routines following the FIFA 11+ protocol. Annual functional reassessment recommended. Patient education on load management, sleep hygiene, and nutritional support for tissue recovery. Documentation Standards: Use the International Classification of Functioning, Disability and Health (ICF) framework for assessment documentation. Record objective measures including goniometric range of motion, manual muscle testing grades (Oxford scale 0-5), and validated patient-reported outcome measures (PROMs) such as the Lower Extremity Functional Scale (LEFS), Disabilities of the Arm, Shoulder and Hand (DASH), and Oswestry Disability Index (ODI). Now answer the following clinical question. What exercises help with lower back pain?

[PressureProfile]
 Additional cache-pressure calibration context for tier-transition coverage. Additional cache-pressure calibration context for tier-transition coverage. Additional cache-pressure calibration context for tier-transition coverage. Additional cache-pressure calibration context for tier-transition coverage. Additional cache-pressure calibration context for tier-transition coverage. Additional cache-pressure calibration context for tier-transition coverage. Additional cache-pressure calibration context for tier-transition coverage. Additional cache-pressure calibration context for tier-transition coverage. Additional cache-pressure calibration context for tier-transition coverage. Additional cache-pressure calibration context for tier-transition coverage. Additional cache-pressure calibration context for tier-transition coverage. Additional cache-pressure calibration context for tier-transition coverage. Additional cache-pressure calibration context for tier-transition coverage. Additional cache-pressure calibration context for tier-transition coverage. Additional cache-pressure calibration context for tier-transition coverage. Additional cache-pressure calibration context for tier-transition coverage. Additional cache-pressure calibration context for tier-transition coverage. Additional cache-pressure calibration context for tier-transition coverage. Additional cache-pressure calibration context for tier-transition coverage. Additional cache-pressure calibration context for tier-transition coverage. Additional cache-pressure calibration context for tier-transition coverage. Additional cache-pressure calibration context for tier-transition coverage. Additional cache-pressure calibration context for tier-transition coverage. Additional cache-pressure calibration context for tier-transition coverage. Additional cache-pressure calibration context for tier-transition coverage. Additional cache-pressure calibration context for tier-transition coverage. Additional cache-pressure calibration context for tier-transition coverage. Additional cache-pressure calibration context for tier-transition coverage. Additional cache-pressure calibration context for tier-transition coverage. Additional cache-pressure calibration context for tier-transition coverage. Additional cache-pressure calibration context for tier-transition coverage. Additional cache-pressure calibration context for tier-transition coverage. Additional cache-pressure calibration context for tier-transition coverage. Additional cache-pressure calibration context for tier-transition coverage. Additional cache-pressure calibration context for tier-transition coverage. Additional cache-pressure calibration context for tier-transition coverage. Additional cache-pressure calibration context for tier-transition coverage. Additional cache-pressure calibration context for tier-transition coverage. Additional cache-pressure calibration context for tier-transition coverage. Additional cache-pressure calibration context for tier-transition coverage. Additional cache-pressure calibration context for tier-transition coverage. Additional cache-pressure calibration context for tier-transition coverage. Additional cache-pressure calibration context for tier-transition coverage. Additional cache-pressure calibration context for tier-transition coverage. Additional cache-pressure calibration context for tier-transition coverage. Additional cache-pressure calibration context for tier-transition coverage. Additional cache-pressure calibration context for tier-transition coverage. Additional cache-pressure calibration context for tier-transition coverage. Additional cache-pressure calibration context for tier-transition coverage. Additional cache-pressure calibration context for tier-transition coverage. Additional cache-pressure calibration context for tier-transition coverage. Additional cache-pressure calibration context for tier-transition coverage. Additional cache-pressure calibration context for tier-transition coverage. Additional cache-pressure calibration context for tier-transition coverage. Additional cache-pressure calibration context for tier-transition coverage. Additional cache-pressure calibration context for tier-transition coverage. Additional cache-pressure calibration context for tier-transition coverage. Additional cache-pressure calibration context for tier-transition coverage. Additional cache-pressure calibration context for tier-transition coverage. Additional cache-pressure calibration context for tier-transition coverage. Additional cache-pressure calibration context for tier-transition coverage. Additional cache-pressure calibration context for tier-transition coverage. Additional cache-pressure calibration context for tier-transition coverage. Additional cache-pressure calibration context for tier-transition coverage. Additional cache-pressure calibration context for tier-transition coverage. Additional cache-pressure calibration context for tier-transition coverage. Additional cache-pressure calibration context for tier-transition coverage. Additional cache-pressure calibration context for tier-transition coverage. Additional cache-pressure calibration context for tier-transition coverage. Additional cache-pressure calibration context for tier-transition coverage. Additional cache-pressure calibration context for tier-transition coverage. Additional cache-pressure calibration context for tier-transition coverage.","You are an expert Physiotherapist AI assistant for the RehabQuest platform. Your role is to provide concise, evidence-based rehabilitation guidance grounded in peer-reviewed clinical literature and WHO recommendations. Always cite relevant studies when possible. Limit answers to three paragraphs. Use metric units. If the question is outside your expertise, state so clearly. RehabQuest is a healthc",1338,[0],[],[0],1,"[""Qwen-Qwen2.5-0.5B-Instruct@1@0@-41573532875df047@bfloat16.pt""]",lmcache_store_coldpass,lmcache_store_coldpass,1,none,50,51,150.0,153.0,baseline
2,Is applying ice effective for reducing swelling?,"Focus question: Is applying ice effective for reducing swelling?
Context profile: shared_prefix_rehab_instructions
Prompt tokens: 1338
Context preview: You are an expert Physiotherapist AI assistant for the RehabQuest platform. Your role is to provide concise, evidence-based rehabilitation guidance grounded in peer-reviewed clinical literature and WHO recommendations. Always cite relevant studies when possible. Limit answers to three paragraphs. Use metric units. If the question is outside your expertise, state so clearly. RehabQuest is a healthc",Is applying ice effective for reducing swelling?,shared_prefix_rehab_instructions,"You are an expert Physiotherapist AI assistant for the RehabQuest platform. Your role is to provide concise, evidence-based rehabilitation guidance grounded in peer-reviewed clinical literature and WHO recommendations. Always cite relevant studies when possible. Limit answers to three paragraphs. Use metric units. If the question is outside your expertise, state so clearly. RehabQuest is a healthcare startup specialising in AI-driven musculoskeletal rehabilitation using computer vision and wearable sensors. The platform tracks patient exercises in real time, provides corrective feedback, and generates progress reports for clinicians. You must adhere to HIPAA guidelines and never provide a definitive diagnosis. Always recommend that patients consult their treating physician for personalised medical advice before changing their rehabilitation programme. Respond in professional but approachable language. Clinical Practice Guidelines: For musculoskeletal rehabilitation, the American Physical Therapy Association (APTA) recommends a structured, phase-based approach: Phase I (Acute, Days 0-7): Focus on pain management using cryotherapy, compression, and elevation. Introduce gentle range-of-motion exercises within pain tolerance. Apply the PRICE protocol (Protection, Rest, Ice, Compression, Elevation). Monitor for signs of deep vein thrombosis in immobilised patients. Document baseline pain levels using the Visual Analogue Scale (VAS). Phase II (Subacute, Weeks 1-6): Progressive loading following the tissue healing timeline. Introduce isometric exercises progressing to isotonic by week 3. Begin proprioceptive training with balance boards and unstable surfaces. Target 80% of contralateral limb strength before advancing. Monitor inflammatory markers and adjust intensity accordingly. Apply the principle of graduated return to activity. Phase III (Remodelling, Weeks 6-12): Sport-specific or task-specific training. Eccentric strengthening for tendinopathies following the Alfredson protocol. Plyometric progression using the reactive strength index. Functional movement screening (FMS) to identify compensatory patterns. Return-to-sport criteria: 90% limb symmetry index on isokinetic testing, successful completion of hop tests (single, triple, crossover, and timed), and psychological readiness assessed via the ACL-Return to Sport after Injury (ACL-RSI) scale. Phase IV (Maintenance, Ongoing): Long-term injury prevention programming. Periodised strength and conditioning with progressive overload. Neuromuscular control drills integrated into warm-up routines following the FIFA 11+ protocol. Annual functional reassessment recommended. Patient education on load management, sleep hygiene, and nutritional support for tissue recovery. Documentation Standards: Use the International Classification of Functioning, Disability and Health (ICF) framework for assessment documentation. Record objective measures including goniometric range of motion, manual muscle testing grades (Oxford scale 0-5), and validated patient-reported outcome measures (PROMs) such as the Lower Extremity Functional Scale (LEFS), Disabilities of the Arm, Shoulder and Hand (DASH), and Oswestry Disability Index (ODI). Now answer the following clinical question. Is applying ice effective for reducing swelling?

[PressureProfile]
 Additional cache-pressure calibration context for tier-transition coverage. Additional cache-pressure calibration context for tier-transition coverage. Additional cache-pressure calibration context for tier-transition coverage. Additional cache-pressure calibration context for tier-transition coverage. Additional cache-pressure calibration context for tier-transition coverage. Additional cache-pressure calibration context for tier-transition coverage. Additional cache-pressure calibration context for tier-transition coverage. Additional cache-pressure calibration context for tier-transition coverage. Additional cache-pressure calibration context for tier-transition coverage. Additional cache-pressure calibration context for tier-transition coverage. Additional cache-pressure calibration context for tier-transition coverage. Additional cache-pressure calibration context for tier-transition coverage. Additional cache-pressure calibration context for tier-transition coverage. Additional cache-pressure calibration context for tier-transition coverage. Additional cache-pressure calibration context for tier-transition coverage. Additional cache-pressure calibration context for tier-transition coverage. Additional cache-pressure calibration context for tier-transition coverage. Additional cache-pressure calibration context for tier-transition coverage. Additional cache-pressure calibration context for tier-transition coverage. Additional cache-pressure calibration context for tier-transition coverage. Additional cache-pressure calibration context for tier-transition coverage. Additional cache-pressure calibration context for tier-transition coverage. Additional cache-pressure calibration context for tier-transition coverage. Additional cache-pressure calibration context for tier-transition coverage. Additional cache-pressure calibration context for tier-transition coverage. Additional cache-pressure calibration context for tier-transition coverage. Additional cache-pressure calibration context for tier-transition coverage. Additional cache-pressure calibration context for tier-transition coverage. Additional cache-pressure calibration context for tier-transition coverage. Additional cache-pressure calibration context for tier-transition coverage. Additional cache-pressure calibration context for tier-transition coverage. Additional cache-pressure calibration context for tier-transition coverage. Additional cache-pressure calibration context for tier-transition coverage. Additional cache-pressure calibration context for tier-transition coverage. Additional cache-pressure calibration context for tier-transition coverage. Additional cache-pressure calibration context for tier-transition coverage. Additional cache-pressure calibration context for tier-transition coverage. Additional cache-pressure calibration context for tier-transition coverage. Additional cache-pressure calibration context for tier-transition coverage. Additional cache-pressure calibration context for tier-transition coverage. Additional cache-pressure calibration context for tier-transition coverage. Additional cache-pressure calibration context for tier-transition coverage. Additional cache-pressure calibration context for tier-transition coverage. Additional cache-pressure calibration context for tier-transition coverage. Additional cache-pressure calibration context for tier-transition coverage. Additional cache-pressure calibration context for tier-transition coverage. Additional cache-pressure calibration context for tier-transition coverage. Additional cache-pressure calibration context for tier-transition coverage. Additional cache-pressure calibration context for tier-transition coverage. Additional cache-pressure calibration context for tier-transition coverage. Additional cache-pressure calibration context for tier-transition coverage. Additional cache-pressure calibration context for tier-transition coverage. Additional cache-pressure calibration context for tier-transition coverage. Additional cache-pressure calibration context for tier-transition coverage. Additional cache-pressure calibration context for tier-transition coverage. Additional cache-pressure calibration context for tier-transition coverage. Additional cache-pressure calibration context for tier-transition coverage. Additional cache-pressure calibration context for tier-transition coverage. Additional cache-pressure calibration context for tier-transition coverage. Additional cache-pressure calibration context for tier-transition coverage. Additional cache-pressure calibration context for tier-transition coverage. Additional cache-pressure calibration context for tier-transition coverage. Additional cache-pressure calibration context for tier-transition coverage. Additional cache-pressure calibration context for tier-transition coverage. Additional cache-pressure calibration context for tier-transition coverage. Additional cache-pressure calibration context for tier-transition coverage. Additional cache-pressure calibration context for tier-transition coverage. Additional cache-pressure calibration context for tier-transition coverage. Additional cache-pressure calibration context for tier-transition coverage. Additional cache-pressure calibration context for tier-transition coverage. Additional cache-pressure calibration context for tier-transition coverage. Additional cache-pressure calibration context for tier-transition coverage.","You are an expert Physiotherapist AI assistant for the RehabQuest platform. Your role is to provide concise, evidence-based rehabilitation guidance grounded in peer-reviewed clinical literature and WHO recommendations. Always cite relevant studies when possible. Limit answers to three paragraphs. Use metric units. If the question is outside your expertise, state so clearly. RehabQuest is a healthc",1338,[1],[],[1],1,"[""Qwen-Qwen2.5-0.5B-Instruct@1@0@-533a0b574810f694@bfloat16.pt""]",lmcache_store_coldpass,lmcache_store_coldpass,1,none,51,52,153.0,156.0,baseline
3,Define correct sitting posture for office workers.,"Focus question: Define correct sitting posture for office workers.
Context profile: shared_prefix_rehab_instructions
Prompt tokens: 1338
Context preview: You are an expert Physiotherapist AI assistant for the RehabQuest platform. Your role is to provide concise, evidence-based rehabilitation guidance grounded in peer-reviewed clinical literature and WHO recommendations. Always cite relevant studies when possible. Limit answers to three paragraphs. Use metric units. If the question is outside your expertise, state so clearly. RehabQuest is a healthc",Define correct sitting posture for office workers.,shared_prefix_rehab_instructions,"You are an expert Physiotherapist AI assistant for the RehabQuest platform. Your role is to provide concise, evidence-based rehabilitation guidance grounded in peer-reviewed clinical literature and WHO recommendations. Always cite relevant studies when possible. Limit answers to three paragraphs. Use metric units. If the question is outside your expertise, state so clearly. RehabQuest is a healthcare startup specialising in AI-driven musculoskeletal rehabilitation using computer vision and wearable sensors. The platform tracks patient exercises in real time, provides corrective feedback, and generates progress reports for clinicians. You must adhere to HIPAA guidelines and never provide a definitive diagnosis. Always recommend that patients consult their treating physician for personalised medical advice before changing their rehabilitation programme. Respond in professional but approachable language. Clinical Practice Guidelines: For musculoskeletal rehabilitation, the American Physical Therapy Association (APTA) recommends a structured, phase-based approach: Phase I (Acute, Days 0-7): Focus on pain management using cryotherapy, compression, and elevation. Introduce gentle range-of-motion exercises within pain tolerance. Apply the PRICE protocol (Protection, Rest, Ice, Compression, Elevation). Monitor for signs of deep vein thrombosis in immobilised patients. Document baseline pain levels using the Visual Analogue Scale (VAS). Phase II (Subacute, Weeks 1-6): Progressive loading following the tissue healing timeline. Introduce isometric exercises progressing to isotonic by week 3. Begin proprioceptive training with balance boards and unstable surfaces. Target 80% of contralateral limb strength before advancing. Monitor inflammatory markers and adjust intensity accordingly. Apply the principle of graduated return to activity. Phase III (Remodelling, Weeks 6-12): Sport-specific or task-specific training. Eccentric strengthening for tendinopathies following the Alfredson protocol. Plyometric progression using the reactive strength index. Functional movement screening (FMS) to identify compensatory patterns. Return-to-sport criteria: 90% limb symmetry index on isokinetic testing, successful completion of hop tests (single, triple, crossover, and timed), and psychological readiness assessed via the ACL-Return to Sport after Injury (ACL-RSI) scale. Phase IV (Maintenance, Ongoing): Long-term injury prevention programming. Periodised strength and conditioning with progressive overload. Neuromuscular control drills integrated into warm-up routines following the FIFA 11+ protocol. Annual functional reassessment recommended. Patient education on load management, sleep hygiene, and nutritional support for tissue recovery. Documentation Standards: Use the International Classification of Functioning, Disability and Health (ICF) framework for assessment documentation. Record objective measures including goniometric range of motion, manual muscle testing grades (Oxford scale 0-5), and validated patient-reported outcome measures (PROMs) such as the Lower Extremity Functional Scale (LEFS), Disabilities of the Arm, Shoulder and Hand (DASH), and Oswestry Disability Index (ODI). Now answer the following clinical question. Define correct sitting posture for office workers.

[PressureProfile]
 Additional cache-pressure calibration context for tier-transition coverage. Additional cache-pressure calibration context for tier-transition coverage. Additional cache-pressure calibration context for tier-transition coverage. Additional cache-pressure calibration context for tier-transition coverage. Additional cache-pressure calibration context for tier-transition coverage. Additional cache-pressure calibration context for tier-transition coverage. Additional cache-pressure calibration context for tier-transition coverage. Additional cache-pressure calibration context for tier-transition coverage. Additional cache-pressure calibration context for tier-transition coverage. Additional cache-pressure calibration context for tier-transition coverage. Additional cache-pressure calibration context for tier-transition coverage. Additional cache-pressure calibration context for tier-transition coverage. Additional cache-pressure calibration context for tier-transition coverage. Additional cache-pressure calibration context for tier-transition coverage. Additional cache-pressure calibration context for tier-transition coverage. Additional cache-pressure calibration context for tier-transition coverage. Additional cache-pressure calibration context for tier-transition coverage. Additional cache-pressure calibration context for tier-transition coverage. Additional cache-pressure calibration context for tier-transition coverage. Additional cache-pressure calibration context for tier-transition coverage. Additional cache-pressure calibration context for tier-transition coverage. Additional cache-pressure calibration context for tier-transition coverage. Additional cache-pressure calibration context for tier-transition coverage. Additional cache-pressure calibration context for tier-transition coverage. Additional cache-pressure calibration context for tier-transition coverage. Additional cache-pressure calibration context for tier-transition coverage. Additional cache-pressure calibration context for tier-transition coverage. Additional cache-pressure calibration context for tier-transition coverage. Additional cache-pressure calibration context for tier-transition coverage. Additional cache-pressure calibration context for tier-transition coverage. Additional cache-pressure calibration context for tier-transition coverage. Additional cache-pressure calibration context for tier-transition coverage. Additional cache-pressure calibration context for tier-transition coverage. Additional cache-pressure calibration context for tier-transition coverage. Additional cache-pressure calibration context for tier-transition coverage. Additional cache-pressure calibration context for tier-transition coverage. Additional cache-pressure calibration context for tier-transition coverage. Additional cache-pressure calibration context for tier-transition coverage. Additional cache-pressure calibration context for tier-transition coverage. Additional cache-pressure calibration context for tier-transition coverage. Additional cache-pressure calibration context for tier-transition coverage. Additional cache-pressure calibration context for tier-transition coverage. Additional cache-pressure calibration context for tier-transition coverage. Additional cache-pressure calibration context for tier-transition coverage. Additional cache-pressure calibration context for tier-transition coverage. Additional cache-pressure calibration context for tier-transition coverage. Additional cache-pressure calibration context for tier-transition coverage. Additional cache-pressure calibration context for tier-transition coverage. Additional cache-pressure calibration context for tier-transition coverage. Additional cache-pressure calibration context for tier-transition coverage. Additional cache-pressure calibration context for tier-transition coverage. Additional cache-pressure calibration context for tier-transition coverage. Additional cache-pressure calibration context for tier-transition coverage. Additional cache-pressure calibration context for tier-transition coverage. Additional cache-pressure calibration context for tier-transition coverage. Additional cache-pressure calibration context for tier-transition coverage. Additional cache-pressure calibration context for tier-transition coverage. Additional cache-pressure calibration context for tier-transition coverage. Additional cache-pressure calibration context for tier-transition coverage. Additional cache-pressure calibration context for tier-transition coverage. Additional cache-pressure calibration context for tier-transition coverage. Additional cache-pressure calibration context for tier-transition coverage. Additional cache-pressure calibration context for tier-transition coverage. Additional cache-pressure calibration context for tier-transition coverage. Additional cache-pressure calibration context for tier-transition coverage. Additional cache-pressure calibration context for tier-transition coverage. Additional cache-pressure calibration context for tier-transition coverage. Additional cache-pressure calibration context for tier-transition coverage. Additional cache-pressure calibration context for tier-transition coverage. Additional cache-pressure calibration context for tier-transition coverage. Additional cache-pressure calibration context for tier-transition coverage. Additional cache-pressure calibration context for tier-transition coverage.","You are an expert Physiotherapist AI assistant for the RehabQuest platform. Your role is to provide concise, evidence-based rehabilitation guidance grounded in peer-reviewed clinical literature and WHO recommendations. Always cite relevant studies when possible. Limit answers to three paragraphs. Use metric units. If the question is outside your expertise, state so clearly. RehabQuest is a healthc",1338,[2],[],[2],1,"[""Qwen-Qwen2.5-0.5B-Instruct@1@0@2c641fd7610335f1@bfloat16.pt""]",lmcache_store_coldpass,lmcache_store_coldpass,1,none,52,53,156.0,159.0,baseline
4,How long should a rotator cuff tear rehabilitation programme last?,"Focus question: How long should a rotator cuff tear rehabilitation programme last?
Context profile: shared_prefix_rehab_instructions
Prompt tokens: 1342
Context preview: You are an expert Physiotherapist AI assistant for the RehabQuest platform. Your role is to provide concise, evidence-based rehabilitation guidance grounded in peer-reviewed clinical literature and WHO recommendations. Always cite relevant studies when possible. Limit answers to three paragraphs. Use metric units. If the question is outside your expertise, state so clearly. RehabQuest is a healthc",How long should a rotator cuff tear rehabilitation programme last?,shared_prefix_rehab_instructions,"You are an expert Physiotherapist AI assistant for the RehabQuest platform. Your role is to provide concise, evidence-based rehabilitation guidance grounded in peer-reviewed clinical literature and WHO recommendations. Always cite relevant studies when possible. Limit answers to three paragraphs. Use metric units. If the question is outside your expertise, state so clearly. RehabQuest is a healthcare startup specialising in AI-driven musculoskeletal rehabilitation using computer vision and wearable sensors. The platform tracks patient exercises in real time, provides corrective feedback, and generates progress reports for clinicians. You must adhere to HIPAA guidelines and never provide a definitive diagnosis. Always recommend that patients consult their treating physician for personalised medical advice before changing their rehabilitation programme. Respond in professional but approachable language. Clinical Practice Guidelines: For musculoskeletal rehabilitation, the American Physical Therapy Association (APTA) recommends a structured, phase-based approach: Phase I (Acute, Days 0-7): Focus on pain management using cryotherapy, compression, and elevation. Introduce gentle range-of-motion exercises within pain tolerance. Apply the PRICE protocol (Protection, Rest, Ice, Compression, Elevation). Monitor for signs of deep vein thrombosis in immobilised patients. Document baseline pain levels using the Visual Analogue Scale (VAS). Phase II (Subacute, Weeks 1-6): Progressive loading following the tissue healing timeline. Introduce isometric exercises progressing to isotonic by week 3. Begin proprioceptive training with balance boards and unstable surfaces. Target 80% of contralateral limb strength before advancing. Monitor inflammatory markers and adjust intensity accordingly. Apply the principle of graduated return to activity. Phase III (Remodelling, Weeks 6-12): Sport-specific or task-specific training. Eccentric strengthening for tendinopathies following the Alfredson protocol. Plyometric progression using the reactive strength index. Functional movement screening (FMS) to identify compensatory patterns. Return-to-sport criteria: 90% limb symmetry index on isokinetic testing, successful completion of hop tests (single, triple, crossover, and timed), and psychological readiness assessed via the ACL-Return to Sport after Injury (ACL-RSI) scale. Phase IV (Maintenance, Ongoing): Long-term injury prevention programming. Periodised strength and conditioning with progressive overload. Neuromuscular control drills integrated into warm-up routines following the FIFA 11+ protocol. Annual functional reassessment recommended. Patient education on load management, sleep hygiene, and nutritional support for tissue recovery. Documentation Standards: Use the International Classification of Functioning, Disability and Health (ICF) framework for assessment documentation. Record objective measures including goniometric range of motion, manual muscle testing grades (Oxford scale 0-5), and validated patient-reported outcome measures (PROMs) such as the Lower Extremity Functional Scale (LEFS), Disabilities of the Arm, Shoulder and Hand (DASH), and Oswestry Disability Index (ODI). Now answer the following clinical question. How long should a rotator cuff tear rehabilitation programme last?

[PressureProfile]
 Additional cache-pressure calibration context for tier-transition coverage. Additional cache-pressure calibration context for tier-transition coverage. Additional cache-pressure calibration context for tier-transition coverage. Additional cache-pressure calibration context for tier-transition coverage. Additional cache-pressure calibration context for tier-transition coverage. Additional cache-pressure calibration context for tier-transition coverage. Additional cache-pressure calibration context for tier-transition coverage. Additional cache-pressure calibration context for tier-transition coverage. Additional cache-pressure calibration context for tier-transition coverage. Additional cache-pressure calibration context for tier-transition coverage. Additional cache-pressure calibration context for tier-transition coverage. Additional cache-pressure calibration context for tier-transition coverage. Additional cache-pressure calibration context for tier-transition coverage. Additional cache-pressure calibration context for tier-transition coverage. Additional cache-pressure calibration context for tier-transition coverage. Additional cache-pressure calibration context for tier-transition coverage. Additional cache-pressure calibration context for tier-transition coverage. Additional cache-pressure calibration context for tier-transition coverage. Additional cache-pressure calibration context for tier-transition coverage. Additional cache-pressure calibration context for tier-transition coverage. Additional cache-pressure calibration context for tier-transition coverage. Additional cache-pressure calibration context for tier-transition coverage. Additional cache-pressure calibration context for tier-transition coverage. Additional cache-pressure calibration context for tier-transition coverage. Additional cache-pressure calibration context for tier-transition coverage. Additional cache-pressure calibration context for tier-transition coverage. Additional cache-pressure calibration context for tier-transition coverage. Additional cache-pressure calibration context for tier-transition coverage. Additional cache-pressure calibration context for tier-transition coverage. Additional cache-pressure calibration context for tier-transition coverage. Additional cache-pressure calibration context for tier-transition coverage. Additional cache-pressure calibration context for tier-transition coverage. Additional cache-pressure calibration context for tier-transition coverage. Additional cache-pressure calibration context for tier-transition coverage. Additional cache-pressure calibration context for tier-transition coverage. Additional cache-pressure calibration context for tier-transition coverage. Additional cache-pressure calibration context for tier-transition coverage. Additional cache-pressure calibration context for tier-transition coverage. Additional cache-pressure calibration context for tier-transition coverage. Additional cache-pressure calibration context for tier-transition coverage. Additional cache-pressure calibration context for tier-transition coverage. Additional cache-pressure calibration context for tier-transition coverage. Additional cache-pressure calibration context for tier-transition coverage. Additional cache-pressure calibration context for tier-transition coverage. Additional cache-pressure calibration context for tier-transition coverage. Additional cache-pressure calibration context for tier-transition coverage. Additional cache-pressure calibration context for tier-transition coverage. Additional cache-pressure calibration context for tier-transition coverage. Additional cache-pressure calibration context for tier-transition coverage. Additional cache-pressure calibration context for tier-transition coverage. Additional cache-pressure calibration context for tier-transition coverage. Additional cache-pressure calibration context for tier-transition coverage. Additional cache-pressure calibration context for tier-transition coverage. Additional cache-pressure calibration context for tier-transition coverage. Additional cache-pressure calibration context for tier-transition coverage. Additional cache-pressure calibration context for tier-transition coverage. Additional cache-pressure calibration context for tier-transition coverage. Additional cache-pressure calibration context for tier-transition coverage. Additional cache-pressure calibration context for tier-transition coverage. Additional cache-pressure calibration context for tier-transition coverage. Additional cache-pressure calibration context for tier-transition coverage. Additional cache-pressure calibration context for tier-transition coverage. Additional cache-pressure calibration context for tier-transition coverage. Additional cache-pressure calibration context for tier-transition coverage. Additional cache-pressure calibration context for tier-transition coverage. Additional cache-pressure calibration context for tier-transition coverage. Additional cache-pressure calibration context for tier-transition coverage. Additional cache-pressure calibration context for tier-transition coverage. Additional cache-pressure calibration context for tier-transition coverage. Additional cache-pressure calibration context for tier-transition coverage. Additional cache-pressure calibration context for tier-transition coverage. Additional cache-pressure calibration context for tier-transition coverage.","You are an expert Physiotherapist AI assistant for the RehabQuest platform. Your role is to provide concise, evidence-based rehabilitation guidance grounded in peer-reviewed clinical literature and WHO recommendations. Always cite relevant studies when possible. Limit answers to three paragraphs. Use metric units. If the question is outside your expertise, state so clearly. RehabQuest is a healthc",1342,[3],[],[3],1,"[""Qwen-Qwen2.5-0.5B-Instruct@1@0@7de5208f06c2d671@bfloat16.pt""]",lmcache_store_coldpass,lmcache_store_coldpass,1,none,53,54,159.0,162.0,baseline
5,What is the recommended rest period after an acute ankle sprain?,"Focus question: What is the recommended rest period after an acute ankle sprain?
Context profile: shared_prefix_rehab_instructions
Prompt tokens: 1343
Context preview: You are an expert Physiotherapist AI assistant for the RehabQuest platform. Your role is to provide concise, evidence-based rehabilitation guidance grounded in peer-reviewed clinical literature and WHO recommendations. Always cite relevant studies when possible. Limit answers to three paragraphs. Use metric units. If the question is outside your expertise, state so clearly. RehabQuest is a healthc",What is the recommended rest period after an acute ankle sprain?,shared_prefix_rehab_instructions,"You are an expert Physiotherapist AI assistant for the RehabQuest platform. Your role is to provide concise, evidence-based rehabilitation guidance grounded in peer-reviewed clinical literature and WHO recommendations. Always cite relevant studies when possible. Limit answers to three paragraphs. Use metric units. If the question is outside your expertise, state so clearly. RehabQuest is a healthcare startup specialising in AI-driven musculoskeletal rehabilitation using computer vision and wearable sensors. The platform tracks patient exercises in real time, provides corrective feedback, and generates progress reports for clinicians. You must adhere to HIPAA guidelines and never provide a definitive diagnosis. Always recommend that patients consult their treating physician for personalised medical advice before changing their rehabilitation programme. Respond in professional but approachable language. Clinical Practice Guidelines: For musculoskeletal rehabilitation, the American Physical Therapy Association (APTA) recommends a structured, phase-based approach: Phase I (Acute, Days 0-7): Focus on pain management using cryotherapy, compression, and elevation. Introduce gentle range-of-motion exercises within pain tolerance. Apply the PRICE protocol (Protection, Rest, Ice, Compression, Elevation). Monitor for signs of deep vein thrombosis in immobilised patients. Document baseline pain levels using the Visual Analogue Scale (VAS). Phase II (Subacute, Weeks 1-6): Progressive loading following the tissue healing timeline. Introduce isometric exercises progressing to isotonic by week 3. Begin proprioceptive training with balance boards and unstable surfaces. Target 80% of contralateral limb strength before advancing. Monitor inflammatory markers and adjust intensity accordingly. Apply the principle of graduated return to activity. Phase III (Remodelling, Weeks 6-12): Sport-specific or task-specific training. Eccentric strengthening for tendinopathies following the Alfredson protocol. Plyometric progression using the reactive strength index. Functional movement screening (FMS) to identify compensatory patterns. Return-to-sport criteria: 90% limb symmetry index on isokinetic testing, successful completion of hop tests (single, triple, crossover, and timed), and psychological readiness assessed via the ACL-Return to Sport after Injury (ACL-RSI) scale. Phase IV (Maintenance, Ongoing): Long-term injury prevention programming. Periodised strength and conditioning with progressive overload. Neuromuscular control drills integrated into warm-up routines following the FIFA 11+ protocol. Annual functional reassessment recommended. Patient education on load management, sleep hygiene, and nutritional support for tissue recovery. Documentation Standards: Use the International Classification of Functioning, Disability and Health (ICF) framework for assessment documentation. Record objective measures including goniometric range of motion, manual muscle testing grades (Oxford scale 0-5), and validated patient-reported outcome measures (PROMs) such as the Lower Extremity Functional Scale (LEFS), Disabilities of the Arm, Shoulder and Hand (DASH), and Oswestry Disability Index (ODI). Now answer the following clinical question. What is the recommended rest period after an acute ankle sprain?

[PressureProfile]
 Additional cache-pressure calibration context for tier-transition coverage. Additional cache-pressure calibration context for tier-transition coverage. Additional cache-pressure calibration context for tier-transition coverage. Additional cache-pressure calibration context for tier-transition coverage. Additional cache-pressure calibration context for tier-transition coverage. Additional cache-pressure calibration context for tier-transition coverage. Additional cache-pressure calibration context for tier-transition coverage. Additional cache-pressure calibration context for tier-transition coverage. Additional cache-pressure calibration context for tier-transition coverage. Additional cache-pressure calibration context for tier-transition coverage. Additional cache-pressure calibration context for tier-transition coverage. Additional cache-pressure calibration context for tier-transition coverage. Additional cache-pressure calibration context for tier-transition coverage. Additional cache-pressure calibration context for tier-transition coverage. Additional cache-pressure calibration context for tier-transition coverage. Additional cache-pressure calibration context for tier-transition coverage. Additional cache-pressure calibration context for tier-transition coverage. Additional cache-pressure calibration context for tier-transition coverage. Additional cache-pressure calibration context for tier-transition coverage. Additional cache-pressure calibration context for tier-transition coverage. Additional cache-pressure calibration context for tier-transition coverage. Additional cache-pressure calibration context for tier-transition coverage. Additional cache-pressure calibration context for tier-transition coverage. Additional cache-pressure calibration context for tier-transition coverage. Additional cache-pressure calibration context for tier-transition coverage. Additional cache-pressure calibration context for tier-transition coverage. Additional cache-pressure calibration context for tier-transition coverage. Additional cache-pressure calibration context for tier-transition coverage. Additional cache-pressure calibration context for tier-transition coverage. Additional cache-pressure calibration context for tier-transition coverage. Additional cache-pressure calibration context for tier-transition coverage. Additional cache-pressure calibration context for tier-transition coverage. Additional cache-pressure calibration context for tier-transition coverage. Additional cache-pressure calibration context for tier-transition coverage. Additional cache-pressure calibration context for tier-transition coverage. Additional cache-pressure calibration context for tier-transition coverage. Additional cache-pressure calibration context for tier-transition coverage. Additional cache-pressure calibration context for tier-transition coverage. Additional cache-pressure calibration context for tier-transition coverage. Additional cache-pressure calibration context for tier-transition coverage. Additional cache-pressure calibration context for tier-transition coverage. Additional cache-pressure calibration context for tier-transition coverage. Additional cache-pressure calibration context for tier-transition coverage. Additional cache-pressure calibration context for tier-transition coverage. Additional cache-pressure calibration context for tier-transition coverage. Additional cache-pressure calibration context for tier-transition coverage. Additional cache-pressure calibration context for tier-transition coverage. Additional cache-pressure calibration context for tier-transition coverage. Additional cache-pressure calibration context for tier-transition coverage. Additional cache-pressure calibration context for tier-transition coverage. Additional cache-pressure calibration context for tier-transition coverage. Additional cache-pressure calibration context for tier-transition coverage. Additional cache-pressure calibration context for tier-transition coverage. Additional cache-pressure calibration context for tier-transition coverage. Additional cache-pressure calibration context for tier-transition coverage. Additional cache-pressure calibration context for tier-transition coverage. Additional cache-pressure calibration context for tier-transition coverage. Additional cache-pressure calibration context for tier-transition coverage. Additional cache-pressure calibration context for tier-transition coverage. Additional cache-pressure calibration context for tier-transition coverage. Additional cache-pressure calibration context for tier-transition coverage. Additional cache-pressure calibration context for tier-transition coverage. Additional cache-pressure calibration context for tier-transition coverage. Additional cache-pressure calibration context for tier-transition coverage. Additional cache-pressure calibration context for tier-transition coverage. Additional cache-pressure calibration context for tier-transition coverage. Additional cache-pressure calibration context for tier-transition coverage. Additional cache-pressure calibration context for tier-transition coverage. Additional cache-pressure calibration context for tier-transition coverage. Additional cache-pressure calibration context for tier-transition coverage. Additional cache-pressure calibration context for tier-transition coverage. Additional cache-pressure calibration context for tier-transition coverage.","You are an expert Physiotherapist AI assistant for the RehabQuest platform. Your role is to provide concise, evidence-based rehabilitation guidance grounded in peer-reviewed clinical literature and WHO recommendations. Always cite relevant studies when possible. Limit answers to three paragraphs. Use metric units. If the question is outside your expertise, state so clearly. RehabQuest is a healthc",1343,[4],[],[4],1,"[""Qwen-Qwen2.5-0.5B-Instruct@1@0@-74afc3ace65ce0d1@bfloat16.pt""]",lmcache_store_coldpass,lmcache_store_coldpass,1,none,54,55,162.0,165.0,baseline
6,Which stretches are most effective for tight hamstrings?,"Focus question: Which stretches are most effective for tight hamstrings?
Context profile: shared_prefix_rehab_instructions
Prompt tokens: 1340
Context preview: You are an expert Physiotherapist AI assistant for the RehabQuest platform. Your role is to provide concise, evidence-based rehabilitation guidance grounded in peer-reviewed clinical literature and WHO recommendations. Always cite relevant studies when possible. Limit answers to three paragraphs. Use metric units. If the question is outside your expertise, state so clearly. RehabQuest is a healthc",Which stretches are most effective for tight hamstrings?,shared_prefix_rehab_instructions,"You are an expert Physiotherapist AI assistant for the RehabQuest platform. Your role is to provide concise, evidence-based rehabilitation guidance grounded in peer-reviewed clinical literature and WHO recommendations. Always cite relevant studies when possible. Limit answers to three paragraphs. Use metric units. If the question is outside your expertise, state so clearly. RehabQuest is a healthcare startup specialising in AI-driven musculoskeletal rehabilitation using computer vision and wearable sensors. The platform tracks patient exercises in real time, provides corrective feedback, and generates progress reports for clinicians. You must adhere to HIPAA guidelines and never provide a definitive diagnosis. Always recommend that patients consult their treating physician for personalised medical advice before changing their rehabilitation programme. Respond in professional but approachable language. Clinical Practice Guidelines: For musculoskeletal rehabilitation, the American Physical Therapy Association (APTA) recommends a structured, phase-based approach: Phase I (Acute, Days 0-7): Focus on pain management using cryotherapy, compression, and elevation. Introduce gentle range-of-motion exercises within pain tolerance. Apply the PRICE protocol (Protection, Rest, Ice, Compression, Elevation). Monitor for signs of deep vein thrombosis in immobilised patients. Document baseline pain levels using the Visual Analogue Scale (VAS). Phase II (Subacute, Weeks 1-6): Progressive loading following the tissue healing timeline. Introduce isometric exercises progressing to isotonic by week 3. Begin proprioceptive training with balance boards and unstable surfaces. Target 80% of contralateral limb strength before advancing. Monitor inflammatory markers and adjust intensity accordingly. Apply the principle of graduated return to activity. Phase III (Remodelling, Weeks 6-12): Sport-specific or task-specific training. Eccentric strengthening for tendinopathies following the Alfredson protocol. Plyometric progression using the reactive strength index. Functional movement screening (FMS) to identify compensatory patterns. Return-to-sport criteria: 90% limb symmetry index on isokinetic testing, successful completion of hop tests (single, triple, crossover, and timed), and psychological readiness assessed via the ACL-Return to Sport after Injury (ACL-RSI) scale. Phase IV (Maintenance, Ongoing): Long-term injury prevention programming. Periodised strength and conditioning with progressive overload. Neuromuscular control drills integrated into warm-up routines following the FIFA 11+ protocol. Annual functional reassessment recommended. Patient education on load management, sleep hygiene, and nutritional support for tissue recovery. Documentation Standards: Use the International Classification of Functioning, Disability and Health (ICF) framework for assessment documentation. Record objective measures including goniometric range of motion, manual muscle testing grades (Oxford scale 0-5), and validated patient-reported outcome measures (PROMs) such as the Lower Extremity Functional Scale (LEFS), Disabilities of the Arm, Shoulder and Hand (DASH), and Oswestry Disability Index (ODI). Now answer the following clinical question. Which stretches are most effective for tight hamstrings?

[PressureProfile]
 Additional cache-pressure calibration context for tier-transition coverage. Additional cache-pressure calibration context for tier-transition coverage. Additional cache-pressure calibration context for tier-transition coverage. Additional cache-pressure calibration context for tier-transition coverage. Additional cache-pressure calibration context for tier-transition coverage. Additional cache-pressure calibration context for tier-transition coverage. Additional cache-pressure calibration context for tier-transition coverage. Additional cache-pressure calibration context for tier-transition coverage. Additional cache-pressure calibration context for tier-transition coverage. Additional cache-pressure calibration context for tier-transition coverage. Additional cache-pressure calibration context for tier-transition coverage. Additional cache-pressure calibration context for tier-transition coverage. Additional cache-pressure calibration context for tier-transition coverage. Additional cache-pressure calibration context for tier-transition coverage. Additional cache-pressure calibration context for tier-transition coverage. Additional cache-pressure calibration context for tier-transition coverage. Additional cache-pressure calibration context for tier-transition coverage. Additional cache-pressure calibration context for tier-transition coverage. Additional cache-pressure calibration context for tier-transition coverage. Additional cache-pressure calibration context for tier-transition coverage. Additional cache-pressure calibration context for tier-transition coverage. Additional cache-pressure calibration context for tier-transition coverage. Additional cache-pressure calibration context for tier-transition coverage. Additional cache-pressure calibration context for tier-transition coverage. Additional cache-pressure calibration context for tier-transition coverage. Additional cache-pressure calibration context for tier-transition coverage. Additional cache-pressure calibration context for tier-transition coverage. Additional cache-pressure calibration context for tier-transition coverage. Additional cache-pressure calibration context for tier-transition coverage. Additional cache-pressure calibration context for tier-transition coverage. Additional cache-pressure calibration context for tier-transition coverage. Additional cache-pressure calibration context for tier-transition coverage. Additional cache-pressure calibration context for tier-transition coverage. Additional cache-pressure calibration context for tier-transition coverage. Additional cache-pressure calibration context for tier-transition coverage. Additional cache-pressure calibration context for tier-transition coverage. Additional cache-pressure calibration context for tier-transition coverage. Additional cache-pressure calibration context for tier-transition coverage. Additional cache-pressure calibration context for tier-transition coverage. Additional cache-pressure calibration context for tier-transition coverage. Additional cache-pressure calibration context for tier-transition coverage. Additional cache-pressure calibration context for tier-transition coverage. Additional cache-pressure calibration context for tier-transition coverage. Additional cache-pressure calibration context for tier-transition coverage. Additional cache-pressure calibration context for tier-transition coverage. Additional cache-pressure calibration context for tier-transition coverage. Additional cache-pressure calibration context for tier-transition coverage. Additional cache-pressure calibration context for tier-transition coverage. Additional cache-pressure calibration context for tier-transition coverage. Additional cache-pressure calibration context for tier-transition coverage. Additional cache-pressure calibration context for tier-transition coverage. Additional cache-pressure calibration context for tier-transition coverage. Additional cache-pressure calibration context for tier-transition coverage. Additional cache-pressure calibration context for tier-transition coverage. Additional cache-pressure calibration context for tier-transition coverage. Additional cache-pressure calibration context for tier-transition coverage. Additional cache-pressure calibration context for tier-transition coverage. Additional cache-pressure calibration context for tier-transition coverage. Additional cache-pressure calibration context for tier-transition coverage. Additional cache-pressure calibration context for tier-transition coverage. Additional cache-pressure calibration context for tier-transition coverage. Additional cache-pressure calibration context for tier-transition coverage. Additional cache-pressure calibration context for tier-transition coverage. Additional cache-pressure calibration context for tier-transition coverage. Additional cache-pressure calibration context for tier-transition coverage. Additional cache-pressure calibration context for tier-transition coverage. Additional cache-pressure calibration context for tier-transition coverage. Additional cache-pressure calibration context for tier-transition coverage. Additional cache-pressure calibration context for tier-transition coverage. Additional cache-pressure calibration context for tier-transition coverage. Additional cache-pressure calibration context for tier-transition coverage. Additional cache-pressure calibration context for tier-transition coverage.","You are an expert Physiotherapist AI assistant for the RehabQuest platform. Your role is to provide concise, evidence-based rehabilitation guidance grounded in peer-reviewed clinical literature and WHO recommendations. Always cite relevant studies when possible. Limit answers to three paragraphs. Use metric units. If the question is outside your expertise, state so clearly. RehabQuest is a healthc",1340,[5],[],[5],1,"[""Qwen-Qwen2.5-0.5B-Instruct@1@0@2c766e08a45cac65@bfloat16.pt""]",lmcache_store_coldpass,lmcache_store_coldpass,1,none,55,56,165.0,168.0,baseline
7,How should a patient progress from non-weight-bearing to full weight-bearing?,"Focus question: How should a patient progress from non-weight-bearing to full weight-bearing?
Context profile: shared_prefix_rehab_instructions
Prompt tokens: 1344
Context preview: You are an expert Physiotherapist AI assistant for the RehabQuest platform. Your role is to provide concise, evidence-based rehabilitation guidance grounded in peer-reviewed clinical literature and WHO recommendations. Always cite relevant studies when possible. Limit answers to three paragraphs. Use metric units. If the question is outside your expertise, state so clearly. RehabQuest is a healthc",How should a patient progress from non-weight-bearing to full weight-bearing?,shared_prefix_rehab_instructions,"You are an expert Physiotherapist AI assistant for the RehabQuest platform. Your role is to provide concise, evidence-based rehabilitation guidance grounded in peer-reviewed clinical literature and WHO recommendations. Always cite relevant studies when possible. Limit answers to three paragraphs. Use metric units. If the question is outside your expertise, state so clearly. RehabQuest is a healthcare startup specialising in AI-driven musculoskeletal rehabilitation using computer vision and wearable sensors. The platform tracks patient exercises in real time, provides corrective feedback, and generates progress reports for clinicians. You must adhere to HIPAA guidelines and never provide a definitive diagnosis. Always recommend that patients consult their treating physician for personalised medical advice before changing their rehabilitation programme. Respond in professional but approachable language. Clinical Practice Guidelines: For musculoskeletal rehabilitation, the American Physical Therapy Association (APTA) recommends a structured, phase-based approach: Phase I (Acute, Days 0-7): Focus on pain management using cryotherapy, compression, and elevation. Introduce gentle range-of-motion exercises within pain tolerance. Apply the PRICE protocol (Protection, Rest, Ice, Compression, Elevation). Monitor for signs of deep vein thrombosis in immobilised patients. Document baseline pain levels using the Visual Analogue Scale (VAS). Phase II (Subacute, Weeks 1-6): Progressive loading following the tissue healing timeline. Introduce isometric exercises progressing to isotonic by week 3. Begin proprioceptive training with balance boards and unstable surfaces. Target 80% of contralateral limb strength before advancing. Monitor inflammatory markers and adjust intensity accordingly. Apply the principle of graduated return to activity. Phase III (Remodelling, Weeks 6-12): Sport-specific or task-specific training. Eccentric strengthening for tendinopathies following the Alfredson protocol. Plyometric progression using the reactive strength index. Functional movement screening (FMS) to identify compensatory patterns. Return-to-sport criteria: 90% limb symmetry index on isokinetic testing, successful completion of hop tests (single, triple, crossover, and timed), and psychological readiness assessed via the ACL-Return to Sport after Injury (ACL-RSI) scale. Phase IV (Maintenance, Ongoing): Long-term injury prevention programming. Periodised strength and conditioning with progressive overload. Neuromuscular control drills integrated into warm-up routines following the FIFA 11+ protocol. Annual functional reassessment recommended. Patient education on load management, sleep hygiene, and nutritional support for tissue recovery. Documentation Standards: Use the International Classification of Functioning, Disability and Health (ICF) framework for assessment documentation. Record objective measures including goniometric range of motion, manual muscle testing grades (Oxford scale 0-5), and validated patient-reported outcome measures (PROMs) such as the Lower Extremity Functional Scale (LEFS), Disabilities of the Arm, Shoulder and Hand (DASH), and Oswestry Disability Index (ODI). Now answer the following clinical question. How should a patient progress from non-weight-bearing to full weight-bearing?

[PressureProfile]
 Additional cache-pressure calibration context for tier-transition coverage. Additional cache-pressure calibration context for tier-transition coverage. Additional cache-pressure calibration context for tier-transition coverage. Additional cache-pressure calibration context for tier-transition coverage. Additional cache-pressure calibration context for tier-transition coverage. Additional cache-pressure calibration context for tier-transition coverage. Additional cache-pressure calibration context for tier-transition coverage. Additional cache-pressure calibration context for tier-transition coverage. Additional cache-pressure calibration context for tier-transition coverage. Additional cache-pressure calibration context for tier-transition coverage. Additional cache-pressure calibration context for tier-transition coverage. Additional cache-pressure calibration context for tier-transition coverage. Additional cache-pressure calibration context for tier-transition coverage. Additional cache-pressure calibration context for tier-transition coverage. Additional cache-pressure calibration context for tier-transition coverage. Additional cache-pressure calibration context for tier-transition coverage. Additional cache-pressure calibration context for tier-transition coverage. Additional cache-pressure calibration context for tier-transition coverage. Additional cache-pressure calibration context for tier-transition coverage. Additional cache-pressure calibration context for tier-transition coverage. Additional cache-pressure calibration context for tier-transition coverage. Additional cache-pressure calibration context for tier-transition coverage. Additional cache-pressure calibration context for tier-transition coverage. Additional cache-pressure calibration context for tier-transition coverage. Additional cache-pressure calibration context for tier-transition coverage. Additional cache-pressure calibration context for tier-transition coverage. Additional cache-pressure calibration context for tier-transition coverage. Additional cache-pressure calibration context for tier-transition coverage. Additional cache-pressure calibration context for tier-transition coverage. Additional cache-pressure calibration context for tier-transition coverage. Additional cache-pressure calibration context for tier-transition coverage. Additional cache-pressure calibration context for tier-transition coverage. Additional cache-pressure calibration context for tier-transition coverage. Additional cache-pressure calibration context for tier-transition coverage. Additional cache-pressure calibration context for tier-transition coverage. Additional cache-pressure calibration context for tier-transition coverage. Additional cache-pressure calibration context for tier-transition coverage. Additional cache-pressure calibration context for tier-transition coverage. Additional cache-pressure calibration context for tier-transition coverage. Additional cache-pressure calibration context for tier-transition coverage. Additional cache-pressure calibration context for tier-transition coverage. Additional cache-pressure calibration context for tier-transition coverage. Additional cache-pressure calibration context for tier-transition coverage. Additional cache-pressure calibration context for tier-transition coverage. Additional cache-pressure calibration context for tier-transition coverage. Additional cache-pressure calibration context for tier-transition coverage. Additional cache-pressure calibration context for tier-transition coverage. Additional cache-pressure calibration context for tier-transition coverage. Additional cache-pressure calibration context for tier-transition coverage. Additional cache-pressure calibration context for tier-transition coverage. Additional cache-pressure calibration context for tier-transition coverage. Additional cache-pressure calibration context for tier-transition coverage. Additional cache-pressure calibration context for tier-transition coverage. Additional cache-pressure calibration context for tier-transition coverage. Additional cache-pressure calibration context for tier-transition coverage. Additional cache-pressure calibration context for tier-transition coverage. Additional cache-pressure calibration context for tier-transition coverage. Additional cache-pressure calibration context for tier-transition coverage. Additional cache-pressure calibration context for tier-transition coverage. Additional cache-pressure calibration context for tier-transition coverage. Additional cache-pressure calibration context for tier-transition coverage. Additional cache-pressure calibration context for tier-transition coverage. Additional cache-pressure calibration context for tier-transition coverage. Additional cache-pressure calibration context for tier-transition coverage. Additional cache-pressure calibration context for tier-transition coverage. Additional cache-pressure calibration context for tier-transition coverage. Additional cache-pressure calibration context for tier-transition coverage. Additional cache-pressure calibration context for tier-transition coverage. Additional cache-pressure calibration context for tier-transition coverage. Additional cache-pressure calibration context for tier-transition coverage. Additional cache-pressure calibration context for tier-transition coverage. Additional cache-pressure calibration context for tier-transition coverage.","You are an expert Physiotherapist AI assistant for the RehabQuest platform. Your role is to provide concise, evidence-based rehabilitation guidance grounded in peer-reviewed clinical literature and WHO recommendations. Always cite relevant studies when possible. Limit answers to three paragraphs. Use metric units. If the question is outside your expertise, state so clearly. RehabQuest is a healthc",1344,[6],[],[6],1,"[""Qwen-Qwen2.5-0.5B-Instruct@1@0@5f91de8b93fd3d68@bfloat16.pt""]",lmcache_store_coldpass,lmcache_store_coldpass,1,none,56,57,168.0,171.0,baseline
8,What is the role of proprioception training after ACL reconstruction?,"Focus question: What is the role of proprioception training after ACL reconstruction?
Context profile: shared_prefix_rehab_instructions
Prompt tokens: 1342
Context preview: You are an expert Physiotherapist AI assistant for the RehabQuest platform. Your role is to provide concise, evidence-based rehabilitation guidance grounded in peer-reviewed clinical literature and WHO recommendations. Always cite relevant studies when possible. Limit answers to three paragraphs. Use metric units. If the question is outside your expertise, state so clearly. RehabQuest is a healthc",What is the role of proprioception training after ACL reconstruction?,shared_prefix_rehab_instructions,"You are an expert Physiotherapist AI assistant for the RehabQuest platform. Your role is to provide concise, evidence-based rehabilitation guidance grounded in peer-reviewed clinical literature and WHO recommendations. Always cite relevant studies when possible. Limit answers to three paragraphs. Use metric units. If the question is outside your expertise, state so clearly. RehabQuest is a healthcare startup specialising in AI-driven musculoskeletal rehabilitation using computer vision and wearable sensors. The platform tracks patient exercises in real time, provides corrective feedback, and generates progress reports for clinicians. You must adhere to HIPAA guidelines and never provide a definitive diagnosis. Always recommend that patients consult their treating physician for personalised medical advice before changing their rehabilitation programme. Respond in professional but approachable language. Clinical Practice Guidelines: For musculoskeletal rehabilitation, the American Physical Therapy Association (APTA) recommends a structured, phase-based approach: Phase I (Acute, Days 0-7): Focus on pain management using cryotherapy, compression, and elevation. Introduce gentle range-of-motion exercises within pain tolerance. Apply the PRICE protocol (Protection, Rest, Ice, Compression, Elevation). Monitor for signs of deep vein thrombosis in immobilised patients. Document baseline pain levels using the Visual Analogue Scale (VAS). Phase II (Subacute, Weeks 1-6): Progressive loading following the tissue healing timeline. Introduce isometric exercises progressing to isotonic by week 3. Begin proprioceptive training with balance boards and unstable surfaces. Target 80% of contralateral limb strength before advancing. Monitor inflammatory markers and adjust intensity accordingly. Apply the principle of graduated return to activity. Phase III (Remodelling, Weeks 6-12): Sport-specific or task-specific training. Eccentric strengthening for tendinopathies following the Alfredson protocol. Plyometric progression using the reactive strength index. Functional movement screening (FMS) to identify compensatory patterns. Return-to-sport criteria: 90% limb symmetry index on isokinetic testing, successful completion of hop tests (single, triple, crossover, and timed), and psychological readiness assessed via the ACL-Return to Sport after Injury (ACL-RSI) scale. Phase IV (Maintenance, Ongoing): Long-term injury prevention programming. Periodised strength and conditioning with progressive overload. Neuromuscular control drills integrated into warm-up routines following the FIFA 11+ protocol. Annual functional reassessment recommended. Patient education on load management, sleep hygiene, and nutritional support for tissue recovery. Documentation Standards: Use the International Classification of Functioning, Disability and Health (ICF) framework for assessment documentation. Record objective measures including goniometric range of motion, manual muscle testing grades (Oxford scale 0-5), and validated patient-reported outcome measures (PROMs) such as the Lower Extremity Functional Scale (LEFS), Disabilities of the Arm, Shoulder and Hand (DASH), and Oswestry Disability Index (ODI). Now answer the following clinical question. What is the role of proprioception training after ACL reconstruction?

[PressureProfile]
 Additional cache-pressure calibration context for tier-transition coverage. Additional cache-pressure calibration context for tier-transition coverage. Additional cache-pressure calibration context for tier-transition coverage. Additional cache-pressure calibration context for tier-transition coverage. Additional cache-pressure calibration context for tier-transition coverage. Additional cache-pressure calibration context for tier-transition coverage. Additional cache-pressure calibration context for tier-transition coverage. Additional cache-pressure calibration context for tier-transition coverage. Additional cache-pressure calibration context for tier-transition coverage. Additional cache-pressure calibration context for tier-transition coverage. Additional cache-pressure calibration context for tier-transition coverage. Additional cache-pressure calibration context for tier-transition coverage. Additional cache-pressure calibration context for tier-transition coverage. Additional cache-pressure calibration context for tier-transition coverage. Additional cache-pressure calibration context for tier-transition coverage. Additional cache-pressure calibration context for tier-transition coverage. Additional cache-pressure calibration context for tier-transition coverage. Additional cache-pressure calibration context for tier-transition coverage. Additional cache-pressure calibration context for tier-transition coverage. Additional cache-pressure calibration context for tier-transition coverage. Additional cache-pressure calibration context for tier-transition coverage. Additional cache-pressure calibration context for tier-transition coverage. Additional cache-pressure calibration context for tier-transition coverage. Additional cache-pressure calibration context for tier-transition coverage. Additional cache-pressure calibration context for tier-transition coverage. Additional cache-pressure calibration context for tier-transition coverage. Additional cache-pressure calibration context for tier-transition coverage. Additional cache-pressure calibration context for tier-transition coverage. Additional cache-pressure calibration context for tier-transition coverage. Additional cache-pressure calibration context for tier-transition coverage. Additional cache-pressure calibration context for tier-transition coverage. Additional cache-pressure calibration context for tier-transition coverage. Additional cache-pressure calibration context for tier-transition coverage. Additional cache-pressure calibration context for tier-transition coverage. Additional cache-pressure calibration context for tier-transition coverage. Additional cache-pressure calibration context for tier-transition coverage. Additional cache-pressure calibration context for tier-transition coverage. Additional cache-pressure calibration context for tier-transition coverage. Additional cache-pressure calibration context for tier-transition coverage. Additional cache-pressure calibration context for tier-transition coverage. Additional cache-pressure calibration context for tier-transition coverage. Additional cache-pressure calibration context for tier-transition coverage. Additional cache-pressure calibration context for tier-transition coverage. Additional cache-pressure calibration context for tier-transition coverage. Additional cache-pressure calibration context for tier-transition coverage. Additional cache-pressure calibration context for tier-transition coverage. Additional cache-pressure calibration context for tier-transition coverage. Additional cache-pressure calibration context for tier-transition coverage. Additional cache-pressure calibration context for tier-transition coverage. Additional cache-pressure calibration context for tier-transition coverage. Additional cache-pressure calibration context for tier-transition coverage. Additional cache-pressure calibration context for tier-transition coverage. Additional cache-pressure calibration context for tier-transition coverage. Additional cache-pressure calibration context for tier-transition coverage. Additional cache-pressure calibration context for tier-transition coverage. Additional cache-pressure calibration context for tier-transition coverage. Additional cache-pressure calibration context for tier-transition coverage. Additional cache-pressure calibration context for tier-transition coverage. Additional cache-pressure calibration context for tier-transition coverage. Additional cache-pressure calibration context for tier-transition coverage. Additional cache-pressure calibration context for tier-transition coverage. Additional cache-pressure calibration context for tier-transition coverage. Additional cache-pressure calibration context for tier-transition coverage. Additional cache-pressure calibration context for tier-transition coverage. Additional cache-pressure calibration context for tier-transition coverage. Additional cache-pressure calibration context for tier-transition coverage. Additional cache-pressure calibration context for tier-transition coverage. Additional cache-pressure calibration context for tier-transition coverage. Additional cache-pressure calibration context for tier-transition coverage. Additional cache-pressure calibration context for tier-transition coverage. Additional cache-pressure calibration context for tier-transition coverage. Additional cache-pressure calibration context for tier-transition coverage.","You are an expert Physiotherapist AI assistant for the RehabQuest platform. Your role is to provide concise, evidence-based rehabilitation guidance grounded in peer-reviewed clinical literature and WHO recommendations. Always cite relevant studies when possible. Limit answers to three paragraphs. Use metric units. If the question is outside your expertise, state so clearly. RehabQuest is a healthc",1342,[7],[],[7],1,"[""Qwen-Qwen2.5-0.5B-Instruct@1@0@-394d8e539091203f@bfloat16.pt""]",lmcache_store_coldpass,lmcache_store_coldpass,1,none,57,58,171.0,174.0,baseline
9,How many sets and reps are recommended for quadriceps post surgery?,"Focus question: How many sets and reps are recommended for quadriceps post surgery?
Context profile: shared_prefix_rehab_instructions
Prompt tokens: 1343
Context preview: You are an expert Physiotherapist AI assistant for the RehabQuest platform. Your role is to provide concise, evidence-based rehabilitation guidance grounded in peer-reviewed clinical literature and WHO recommendations. Always cite relevant studies when possible. Limit answers to three paragraphs. Use metric units. If the question is outside your expertise, state so clearly. RehabQuest is a healthc",How many sets and reps are recommended for quadriceps post surgery?,shared_prefix_rehab_instructions,"You are an expert Physiotherapist AI assistant for the RehabQuest platform. Your role is to provide concise, evidence-based rehabilitation guidance grounded in peer-reviewed clinical literature and WHO recommendations. Always cite relevant studies when possible. Limit answers to three paragraphs. Use metric units. If the question is outside your expertise, state so clearly. RehabQuest is a healthcare startup specialising in AI-driven musculoskeletal rehabilitation using computer vision and wearable sensors. The platform tracks patient exercises in real time, provides corrective feedback, and generates progress reports for clinicians. You must adhere to HIPAA guidelines and never provide a definitive diagnosis. Always recommend that patients consult their treating physician for personalised medical advice before changing their rehabilitation programme. Respond in professional but approachable language. Clinical Practice Guidelines: For musculoskeletal rehabilitation, the American Physical Therapy Association (APTA) recommends a structured, phase-based approach: Phase I (Acute, Days 0-7): Focus on pain management using cryotherapy, compression, and elevation. Introduce gentle range-of-motion exercises within pain tolerance. Apply the PRICE protocol (Protection, Rest, Ice, Compression, Elevation). Monitor for signs of deep vein thrombosis in immobilised patients. Document baseline pain levels using the Visual Analogue Scale (VAS). Phase II (Subacute, Weeks 1-6): Progressive loading following the tissue healing timeline. Introduce isometric exercises progressing to isotonic by week 3. Begin proprioceptive training with balance boards and unstable surfaces. Target 80% of contralateral limb strength before advancing. Monitor inflammatory markers and adjust intensity accordingly. Apply the principle of graduated return to activity. Phase III (Remodelling, Weeks 6-12): Sport-specific or task-specific training. Eccentric strengthening for tendinopathies following the Alfredson protocol. Plyometric progression using the reactive strength index. Functional movement screening (FMS) to identify compensatory patterns. Return-to-sport criteria: 90% limb symmetry index on isokinetic testing, successful completion of hop tests (single, triple, crossover, and timed), and psychological readiness assessed via the ACL-Return to Sport after Injury (ACL-RSI) scale. Phase IV (Maintenance, Ongoing): Long-term injury prevention programming. Periodised strength and conditioning with progressive overload. Neuromuscular control drills integrated into warm-up routines following the FIFA 11+ protocol. Annual functional reassessment recommended. Patient education on load management, sleep hygiene, and nutritional support for tissue recovery. Documentation Standards: Use the International Classification of Functioning, Disability and Health (ICF) framework for assessment documentation. Record objective measures including goniometric range of motion, manual muscle testing grades (Oxford scale 0-5), and validated patient-reported outcome measures (PROMs) such as the Lower Extremity Functional Scale (LEFS), Disabilities of the Arm, Shoulder and Hand (DASH), and Oswestry Disability Index (ODI). Now answer the following clinical question. How many sets and reps are recommended for quadriceps post surgery?

[PressureProfile]
 Additional cache-pressure calibration context for tier-transition coverage. Additional cache-pressure calibration context for tier-transition coverage. Additional cache-pressure calibration context for tier-transition coverage. Additional cache-pressure calibration context for tier-transition coverage. Additional cache-pressure calibration context for tier-transition coverage. Additional cache-pressure calibration context for tier-transition coverage. Additional cache-pressure calibration context for tier-transition coverage. Additional cache-pressure calibration context for tier-transition coverage. Additional cache-pressure calibration context for tier-transition coverage. Additional cache-pressure calibration context for tier-transition coverage. Additional cache-pressure calibration context for tier-transition coverage. Additional cache-pressure calibration context for tier-transition coverage. Additional cache-pressure calibration context for tier-transition coverage. Additional cache-pressure calibration context for tier-transition coverage. Additional cache-pressure calibration context for tier-transition coverage. Additional cache-pressure calibration context for tier-transition coverage. Additional cache-pressure calibration context for tier-transition coverage. Additional cache-pressure calibration context for tier-transition coverage. Additional cache-pressure calibration context for tier-transition coverage. Additional cache-pressure calibration context for tier-transition coverage. Additional cache-pressure calibration context for tier-transition coverage. Additional cache-pressure calibration context for tier-transition coverage. Additional cache-pressure calibration context for tier-transition coverage. Additional cache-pressure calibration context for tier-transition coverage. Additional cache-pressure calibration context for tier-transition coverage. Additional cache-pressure calibration context for tier-transition coverage. Additional cache-pressure calibration context for tier-transition coverage. Additional cache-pressure calibration context for tier-transition coverage. Additional cache-pressure calibration context for tier-transition coverage. Additional cache-pressure calibration context for tier-transition coverage. Additional cache-pressure calibration context for tier-transition coverage. Additional cache-pressure calibration context for tier-transition coverage. Additional cache-pressure calibration context for tier-transition coverage. Additional cache-pressure calibration context for tier-transition coverage. Additional cache-pressure calibration context for tier-transition coverage. Additional cache-pressure calibration context for tier-transition coverage. Additional cache-pressure calibration context for tier-transition coverage. Additional cache-pressure calibration context for tier-transition coverage. Additional cache-pressure calibration context for tier-transition coverage. Additional cache-pressure calibration context for tier-transition coverage. Additional cache-pressure calibration context for tier-transition coverage. Additional cache-pressure calibration context for tier-transition coverage. Additional cache-pressure calibration context for tier-transition coverage. Additional cache-pressure calibration context for tier-transition coverage. Additional cache-pressure calibration context for tier-transition coverage. Additional cache-pressure calibration context for tier-transition coverage. Additional cache-pressure calibration context for tier-transition coverage. Additional cache-pressure calibration context for tier-transition coverage. Additional cache-pressure calibration context for tier-transition coverage. Additional cache-pressure calibration context for tier-transition coverage. Additional cache-pressure calibration context for tier-transition coverage. Additional cache-pressure calibration context for tier-transition coverage. Additional cache-pressure calibration context for tier-transition coverage. Additional cache-pressure calibration context for tier-transition coverage. Additional cache-pressure calibration context for tier-transition coverage. Additional cache-pressure calibration context for tier-transition coverage. Additional cache-pressure calibration context for tier-transition coverage. Additional cache-pressure calibration context for tier-transition coverage. Additional cache-pressure calibration context for tier-transition coverage. Additional cache-pressure calibration context for tier-transition coverage. Additional cache-pressure calibration context for tier-transition coverage. Additional cache-pressure calibration context for tier-transition coverage. Additional cache-pressure calibration context for tier-transition coverage. Additional cache-pressure calibration context for tier-transition coverage. Additional cache-pressure calibration context for tier-transition coverage. Additional cache-pressure calibration context for tier-transition coverage. Additional cache-pressure calibration context for tier-transition coverage. Additional cache-pressure calibration context for tier-transition coverage. Additional cache-pressure calibration context for tier-transition coverage. Additional cache-pressure calibration context for tier-transition coverage. Additional cache-pressure calibration context for tier-transition coverage. Additional cache-pressure calibration context for tier-transition coverage.","You are an expert Physiotherapist AI assistant for the RehabQuest platform. Your role is to provide concise, evidence-based rehabilitation guidance grounded in peer-reviewed clinical literature and WHO recommendations. Always cite relevant studies when possible. Limit answers to three paragraphs. Use metric units. If the question is outside your expertise, state so clearly. RehabQuest is a healthc",1343,[8],[],[8],1,"[""Qwen-Qwen2.5-0.5B-Instruct@1@0@29596f45a3438512@bfloat16.pt""]",lmcache_store_coldpass,lmcache_store_coldpass,1,none,58,59,174.0,177.0,baseline
10,What are the signs that a patient is overtraining during rehabilitation?,"Focus question: What are the signs that a patient is overtraining during rehabilitation?
Context profile: shared_prefix_rehab_instructions
Prompt tokens: 1343
Context preview: You are an expert Physiotherapist AI assistant for the RehabQuest platform. Your role is to provide concise, evidence-based rehabilitation guidance grounded in peer-reviewed clinical literature and WHO recommendations. Always cite relevant studies when possible. Limit answers to three paragraphs. Use metric units. If the question is outside your expertise, state so clearly. RehabQuest is a healthc",What are the signs that a patient is overtraining during rehabilitation?,shared_prefix_rehab_instructions,"You are an expert Physiotherapist AI assistant for the RehabQuest platform. Your role is to provide concise, evidence-based rehabilitation guidance grounded in peer-reviewed clinical literature and WHO recommendations. Always cite relevant studies when possible. Limit answers to three paragraphs. Use metric units. If the question is outside your expertise, state so clearly. RehabQuest is a healthcare startup specialising in AI-driven musculoskeletal rehabilitation using computer vision and wearable sensors. The platform tracks patient exercises in real time, provides corrective feedback, and generates progress reports for clinicians. You must adhere to HIPAA guidelines and never provide a definitive diagnosis. Always recommend that patients consult their treating physician for personalised medical advice before changing their rehabilitation programme. Respond in professional but approachable language. Clinical Practice Guidelines: For musculoskeletal rehabilitation, the American Physical Therapy Association (APTA) recommends a structured, phase-based approach: Phase I (Acute, Days 0-7): Focus on pain management using cryotherapy, compression, and elevation. Introduce gentle range-of-motion exercises within pain tolerance. Apply the PRICE protocol (Protection, Rest, Ice, Compression, Elevation). Monitor for signs of deep vein thrombosis in immobilised patients. Document baseline pain levels using the Visual Analogue Scale (VAS). Phase II (Subacute, Weeks 1-6): Progressive loading following the tissue healing timeline. Introduce isometric exercises progressing to isotonic by week 3. Begin proprioceptive training with balance boards and unstable surfaces. Target 80% of contralateral limb strength before advancing. Monitor inflammatory markers and adjust intensity accordingly. Apply the principle of graduated return to activity. Phase III (Remodelling, Weeks 6-12): Sport-specific or task-specific training. Eccentric strengthening for tendinopathies following the Alfredson protocol. Plyometric progression using the reactive strength index. Functional movement screening (FMS) to identify compensatory patterns. Return-to-sport criteria: 90% limb symmetry index on isokinetic testing, successful completion of hop tests (single, triple, crossover, and timed), and psychological readiness assessed via the ACL-Return to Sport after Injury (ACL-RSI) scale. Phase IV (Maintenance, Ongoing): Long-term injury prevention programming. Periodised strength and conditioning with progressive overload. Neuromuscular control drills integrated into warm-up routines following the FIFA 11+ protocol. Annual functional reassessment recommended. Patient education on load management, sleep hygiene, and nutritional support for tissue recovery. Documentation Standards: Use the International Classification of Functioning, Disability and Health (ICF) framework for assessment documentation. Record objective measures including goniometric range of motion, manual muscle testing grades (Oxford scale 0-5), and validated patient-reported outcome measures (PROMs) such as the Lower Extremity Functional Scale (LEFS), Disabilities of the Arm, Shoulder and Hand (DASH), and Oswestry Disability Index (ODI). Now answer the following clinical question. What are the signs that a patient is overtraining during rehabilitation?

[PressureProfile]
 Additional cache-pressure calibration context for tier-transition coverage. Additional cache-pressure calibration context for tier-transition coverage. Additional cache-pressure calibration context for tier-transition coverage. Additional cache-pressure calibration context for tier-transition coverage. Additional cache-pressure calibration context for tier-transition coverage. Additional cache-pressure calibration context for tier-transition coverage. Additional cache-pressure calibration context for tier-transition coverage. Additional cache-pressure calibration context for tier-transition coverage. Additional cache-pressure calibration context for tier-transition coverage. Additional cache-pressure calibration context for tier-transition coverage. Additional cache-pressure calibration context for tier-transition coverage. Additional cache-pressure calibration context for tier-transition coverage. Additional cache-pressure calibration context for tier-transition coverage. Additional cache-pressure calibration context for tier-transition coverage. Additional cache-pressure calibration context for tier-transition coverage. Additional cache-pressure calibration context for tier-transition coverage. Additional cache-pressure calibration context for tier-transition coverage. Additional cache-pressure calibration context for tier-transition coverage. Additional cache-pressure calibration context for tier-transition coverage. Additional cache-pressure calibration context for tier-transition coverage. Additional cache-pressure calibration context for tier-transition coverage. Additional cache-pressure calibration context for tier-transition coverage. Additional cache-pressure calibration context for tier-transition coverage. Additional cache-pressure calibration context for tier-transition coverage. Additional cache-pressure calibration context for tier-transition coverage. Additional cache-pressure calibration context for tier-transition coverage. Additional cache-pressure calibration context for tier-transition coverage. Additional cache-pressure calibration context for tier-transition coverage. Additional cache-pressure calibration context for tier-transition coverage. Additional cache-pressure calibration context for tier-transition coverage. Additional cache-pressure calibration context for tier-transition coverage. Additional cache-pressure calibration context for tier-transition coverage. Additional cache-pressure calibration context for tier-transition coverage. Additional cache-pressure calibration context for tier-transition coverage. Additional cache-pressure calibration context for tier-transition coverage. Additional cache-pressure calibration context for tier-transition coverage. Additional cache-pressure calibration context for tier-transition coverage. Additional cache-pressure calibration context for tier-transition coverage. Additional cache-pressure calibration context for tier-transition coverage. Additional cache-pressure calibration context for tier-transition coverage. Additional cache-pressure calibration context for tier-transition coverage. Additional cache-pressure calibration context for tier-transition coverage. Additional cache-pressure calibration context for tier-transition coverage. Additional cache-pressure calibration context for tier-transition coverage. Additional cache-pressure calibration context for tier-transition coverage. Additional cache-pressure calibration context for tier-transition coverage. Additional cache-pressure calibration context for tier-transition coverage. Additional cache-pressure calibration context for tier-transition coverage. Additional cache-pressure calibration context for tier-transition coverage. Additional cache-pressure calibration context for tier-transition coverage. Additional cache-pressure calibration context for tier-transition coverage. Additional cache-pressure calibration context for tier-transition coverage. Additional cache-pressure calibration context for tier-transition coverage. Additional cache-pressure calibration context for tier-transition coverage. Additional cache-pressure calibration context for tier-transition coverage. Additional cache-pressure calibration context for tier-transition coverage. Additional cache-pressure calibration context for tier-transition coverage. Additional cache-pressure calibration context for tier-transition coverage. Additional cache-pressure calibration context for tier-transition coverage. Additional cache-pressure calibration context for tier-transition coverage. Additional cache-pressure calibration context for tier-transition coverage. Additional cache-pressure calibration context for tier-transition coverage. Additional cache-pressure calibration context for tier-transition coverage. Additional cache-pressure calibration context for tier-transition coverage. Additional cache-pressure calibration context for tier-transition coverage. Additional cache-pressure calibration context for tier-transition coverage. Additional cache-pressure calibration context for tier-transition coverage. Additional cache-pressure calibration context for tier-transition coverage. Additional cache-pressure calibration context for tier-transition coverage. Additional cache-pressure calibration context for tier-transition coverage. Additional cache-pressure calibration context for tier-transition coverage. Additional cache-pressure calibration context for tier-transition coverage.","You are an expert Physiotherapist AI assistant for the RehabQuest platform. Your role is to provide concise, evidence-based rehabilitation guidance grounded in peer-reviewed clinical literature and WHO recommendations. Always cite relevant studies when possible. Limit answers to three paragraphs. Use metric units. If the question is outside your expertise, state so clearly. RehabQuest is a healthc",1343,[9],[],[9],1,"[""Qwen-Qwen2.5-0.5B-Instruct@1@0@-58e746e0902c53fc@bfloat16.pt""]",lmcache_store_coldpass,lmcache_store_coldpass,1,none,59,60,177.0,180.0,baseline
11,How effective is dry needling for myofascial pain syndrome?,"Focus question: How effective is dry needling for myofascial pain syndrome?
Context profile: shared_prefix_rehab_instructions
Prompt tokens: 1344
Context preview: You are an expert Physiotherapist AI assistant for the RehabQuest platform. Your role is to provide concise, evidence-based rehabilitation guidance grounded in peer-reviewed clinical literature and WHO recommendations. Always cite relevant studies when possible. Limit answers to three paragraphs. Use metric units. If the question is outside your expertise, state so clearly. RehabQuest is a healthc",How effective is dry needling for myofascial pain syndrome?,shared_prefix_rehab_instructions,"You are an expert Physiotherapist AI assistant for the RehabQuest platform. Your role is to provide concise, evidence-based rehabilitation guidance grounded in peer-reviewed clinical literature and WHO recommendations. Always cite relevant studies when possible. Limit answers to three paragraphs. Use metric units. If the question is outside your expertise, state so clearly. RehabQuest is a healthcare startup specialising in AI-driven musculoskeletal rehabilitation using computer vision and wearable sensors. The platform tracks patient exercises in real time, provides corrective feedback, and generates progress reports for clinicians. You must adhere to HIPAA guidelines and never provide a definitive diagnosis. Always recommend that patients consult their treating physician for personalised medical advice before changing their rehabilitation programme. Respond in professional but approachable language. Clinical Practice Guidelines: For musculoskeletal rehabilitation, the American Physical Therapy Association (APTA) recommends a structured, phase-based approach: Phase I (Acute, Days 0-7): Focus on pain management using cryotherapy, compression, and elevation. Introduce gentle range-of-motion exercises within pain tolerance. Apply the PRICE protocol (Protection, Rest, Ice, Compression, Elevation). Monitor for signs of deep vein thrombosis in immobilised patients. Document baseline pain levels using the Visual Analogue Scale (VAS). Phase II (Subacute, Weeks 1-6): Progressive loading following the tissue healing timeline. Introduce isometric exercises progressing to isotonic by week 3. Begin proprioceptive training with balance boards and unstable surfaces. Target 80% of contralateral limb strength before advancing. Monitor inflammatory markers and adjust intensity accordingly. Apply the principle of graduated return to activity. Phase III (Remodelling, Weeks 6-12): Sport-specific or task-specific training. Eccentric strengthening for tendinopathies following the Alfredson protocol. Plyometric progression using the reactive strength index. Functional movement screening (FMS) to identify compensatory patterns. Return-to-sport criteria: 90% limb symmetry index on isokinetic testing, successful completion of hop tests (single, triple, crossover, and timed), and psychological readiness assessed via the ACL-Return to Sport after Injury (ACL-RSI) scale. Phase IV (Maintenance, Ongoing): Long-term injury prevention programming. Periodised strength and conditioning with progressive overload. Neuromuscular control drills integrated into warm-up routines following the FIFA 11+ protocol. Annual functional reassessment recommended. Patient education on load management, sleep hygiene, and nutritional support for tissue recovery. Documentation Standards: Use the International Classification of Functioning, Disability and Health (ICF) framework for assessment documentation. Record objective measures including goniometric range of motion, manual muscle testing grades (Oxford scale 0-5), and validated patient-reported outcome measures (PROMs) such as the Lower Extremity Functional Scale (LEFS), Disabilities of the Arm, Shoulder and Hand (DASH), and Oswestry Disability Index (ODI). Now answer the following clinical question. How effective is dry needling for myofascial pain syndrome?

[PressureProfile]
 Additional cache-pressure calibration context for tier-transition coverage. Additional cache-pressure calibration context for tier-transition coverage. Additional cache-pressure calibration context for tier-transition coverage. Additional cache-pressure calibration context for tier-transition coverage. Additional cache-pressure calibration context for tier-transition coverage. Additional cache-pressure calibration context for tier-transition coverage. Additional cache-pressure calibration context for tier-transition coverage. Additional cache-pressure calibration context for tier-transition coverage. Additional cache-pressure calibration context for tier-transition coverage. Additional cache-pressure calibration context for tier-transition coverage. Additional cache-pressure calibration context for tier-transition coverage. Additional cache-pressure calibration context for tier-transition coverage. Additional cache-pressure calibration context for tier-transition coverage. Additional cache-pressure calibration context for tier-transition coverage. Additional cache-pressure calibration context for tier-transition coverage. Additional cache-pressure calibration context for tier-transition coverage. Additional cache-pressure calibration context for tier-transition coverage. Additional cache-pressure calibration context for tier-transition coverage. Additional cache-pressure calibration context for tier-transition coverage. Additional cache-pressure calibration context for tier-transition coverage. Additional cache-pressure calibration context for tier-transition coverage. Additional cache-pressure calibration context for tier-transition coverage. Additional cache-pressure calibration context for tier-transition coverage. Additional cache-pressure calibration context for tier-transition coverage. Additional cache-pressure calibration context for tier-transition coverage. Additional cache-pressure calibration context for tier-transition coverage. Additional cache-pressure calibration context for tier-transition coverage. Additional cache-pressure calibration context for tier-transition coverage. Additional cache-pressure calibration context for tier-transition coverage. Additional cache-pressure calibration context for tier-transition coverage. Additional cache-pressure calibration context for tier-transition coverage. Additional cache-pressure calibration context for tier-transition coverage. Additional cache-pressure calibration context for tier-transition coverage. Additional cache-pressure calibration context for tier-transition coverage. Additional cache-pressure calibration context for tier-transition coverage. Additional cache-pressure calibration context for tier-transition coverage. Additional cache-pressure calibration context for tier-transition coverage. Additional cache-pressure calibration context for tier-transition coverage. Additional cache-pressure calibration context for tier-transition coverage. Additional cache-pressure calibration context for tier-transition coverage. Additional cache-pressure calibration context for tier-transition coverage. Additional cache-pressure calibration context for tier-transition coverage. Additional cache-pressure calibration context for tier-transition coverage. Additional cache-pressure calibration context for tier-transition coverage. Additional cache-pressure calibration context for tier-transition coverage. Additional cache-pressure calibration context for tier-transition coverage. Additional cache-pressure calibration context for tier-transition coverage. Additional cache-pressure calibration context for tier-transition coverage. Additional cache-pressure calibration context for tier-transition coverage. Additional cache-pressure calibration context for tier-transition coverage. Additional cache-pressure calibration context for tier-transition coverage. Additional cache-pressure calibration context for tier-transition coverage. Additional cache-pressure calibration context for tier-transition coverage. Additional cache-pressure calibration context for tier-transition coverage. Additional cache-pressure calibration context for tier-transition coverage. Additional cache-pressure calibration context for tier-transition coverage. Additional cache-pressure calibration context for tier-transition coverage. Additional cache-pressure calibration context for tier-transition coverage. Additional cache-pressure calibration context for tier-transition coverage. Additional cache-pressure calibration context for tier-transition coverage. Additional cache-pressure calibration context for tier-transition coverage. Additional cache-pressure calibration context for tier-transition coverage. Additional cache-pressure calibration context for tier-transition coverage. Additional cache-pressure calibration context for tier-transition coverage. Additional cache-pressure calibration context for tier-transition coverage. Additional cache-pressure calibration context for tier-transition coverage. Additional cache-pressure calibration context for tier-transition coverage. Additional cache-pressure calibration context for tier-transition coverage. Additional cache-pressure calibration context for tier-transition coverage. Additional cache-pressure calibration context for tier-transition coverage. Additional cache-pressure calibration context for tier-transition coverage. Additional cache-pressure calibration context for tier-transition coverage.","You are an expert Physiotherapist AI assistant for the RehabQuest platform. Your role is to provide concise, evidence-based rehabilitation guidance grounded in peer-reviewed clinical literature and WHO recommendations. Always cite relevant studies when possible. Limit answers to three paragraphs. Use metric units. If the question is outside your expertise, state so clearly. RehabQuest is a healthc",1344,[10],[],[10],1,"[""Qwen-Qwen2.5-0.5B-Instruct@1@0@-f06fd20b1dd664a@bfloat16.pt""]",lmcache_store_coldpass,lmcache_store_coldpass,1,none,60,61,180.0,183.0,baseline
12,What is the difference between active and passive physiotherapy?,"Focus question: What is the difference between active and passive physiotherapy?
Context profile: shared_prefix_rehab_instructions
Prompt tokens: 1342
Context preview: You are an expert Physiotherapist AI assistant for the RehabQuest platform. Your role is to provide concise, evidence-based rehabilitation guidance grounded in peer-reviewed clinical literature and WHO recommendations. Always cite relevant studies when possible. Limit answers to three paragraphs. Use metric units. If the question is outside your expertise, state so clearly. RehabQuest is a healthc",What is the difference between active and passive physiotherapy?,shared_prefix_rehab_instructions,"You are an expert Physiotherapist AI assistant for the RehabQuest platform. Your role is to provide concise, evidence-based rehabilitation guidance grounded in peer-reviewed clinical literature and WHO recommendations. Always cite relevant studies when possible. Limit answers to three paragraphs. Use metric units. If the question is outside your expertise, state so clearly. RehabQuest is a healthcare startup specialising in AI-driven musculoskeletal rehabilitation using computer vision and wearable sensors. The platform tracks patient exercises in real time, provides corrective feedback, and generates progress reports for clinicians. You must adhere to HIPAA guidelines and never provide a definitive diagnosis. Always recommend that patients consult their treating physician for personalised medical advice before changing their rehabilitation programme. Respond in professional but approachable language. Clinical Practice Guidelines: For musculoskeletal rehabilitation, the American Physical Therapy Association (APTA) recommends a structured, phase-based approach: Phase I (Acute, Days 0-7): Focus on pain management using cryotherapy, compression, and elevation. Introduce gentle range-of-motion exercises within pain tolerance. Apply the PRICE protocol (Protection, Rest, Ice, Compression, Elevation). Monitor for signs of deep vein thrombosis in immobilised patients. Document baseline pain levels using the Visual Analogue Scale (VAS). Phase II (Subacute, Weeks 1-6): Progressive loading following the tissue healing timeline. Introduce isometric exercises progressing to isotonic by week 3. Begin proprioceptive training with balance boards and unstable surfaces. Target 80% of contralateral limb strength before advancing. Monitor inflammatory markers and adjust intensity accordingly. Apply the principle of graduated return to activity. Phase III (Remodelling, Weeks 6-12): Sport-specific or task-specific training. Eccentric strengthening for tendinopathies following the Alfredson protocol. Plyometric progression using the reactive strength index. Functional movement screening (FMS) to identify compensatory patterns. Return-to-sport criteria: 90% limb symmetry index on isokinetic testing, successful completion of hop tests (single, triple, crossover, and timed), and psychological readiness assessed via the ACL-Return to Sport after Injury (ACL-RSI) scale. Phase IV (Maintenance, Ongoing): Long-term injury prevention programming. Periodised strength and conditioning with progressive overload. Neuromuscular control drills integrated into warm-up routines following the FIFA 11+ protocol. Annual functional reassessment recommended. Patient education on load management, sleep hygiene, and nutritional support for tissue recovery. Documentation Standards: Use the International Classification of Functioning, Disability and Health (ICF) framework for assessment documentation. Record objective measures including goniometric range of motion, manual muscle testing grades (Oxford scale 0-5), and validated patient-reported outcome measures (PROMs) such as the Lower Extremity Functional Scale (LEFS), Disabilities of the Arm, Shoulder and Hand (DASH), and Oswestry Disability Index (ODI). Now answer the following clinical question. What is the difference between active and passive physiotherapy?

[PressureProfile]
 Additional cache-pressure calibration context for tier-transition coverage. Additional cache-pressure calibration context for tier-transition coverage. Additional cache-pressure calibration context for tier-transition coverage. Additional cache-pressure calibration context for tier-transition coverage. Additional cache-pressure calibration context for tier-transition coverage. Additional cache-pressure calibration context for tier-transition coverage. Additional cache-pressure calibration context for tier-transition coverage. Additional cache-pressure calibration context for tier-transition coverage. Additional cache-pressure calibration context for tier-transition coverage. Additional cache-pressure calibration context for tier-transition coverage. Additional cache-pressure calibration context for tier-transition coverage. Additional cache-pressure calibration context for tier-transition coverage. Additional cache-pressure calibration context for tier-transition coverage. Additional cache-pressure calibration context for tier-transition coverage. Additional cache-pressure calibration context for tier-transition coverage. Additional cache-pressure calibration context for tier-transition coverage. Additional cache-pressure calibration context for tier-transition coverage. Additional cache-pressure calibration context for tier-transition coverage. Additional cache-pressure calibration context for tier-transition coverage. Additional cache-pressure calibration context for tier-transition coverage. Additional cache-pressure calibration context for tier-transition coverage. Additional cache-pressure calibration context for tier-transition coverage. Additional cache-pressure calibration context for tier-transition coverage. Additional cache-pressure calibration context for tier-transition coverage. Additional cache-pressure calibration context for tier-transition coverage. Additional cache-pressure calibration context for tier-transition coverage. Additional cache-pressure calibration context for tier-transition coverage. Additional cache-pressure calibration context for tier-transition coverage. Additional cache-pressure calibration context for tier-transition coverage. Additional cache-pressure calibration context for tier-transition coverage. Additional cache-pressure calibration context for tier-transition coverage. Additional cache-pressure calibration context for tier-transition coverage. Additional cache-pressure calibration context for tier-transition coverage. Additional cache-pressure calibration context for tier-transition coverage. Additional cache-pressure calibration context for tier-transition coverage. Additional cache-pressure calibration context for tier-transition coverage. Additional cache-pressure calibration context for tier-transition coverage. Additional cache-pressure calibration context for tier-transition coverage. Additional cache-pressure calibration context for tier-transition coverage. Additional cache-pressure calibration context for tier-transition coverage. Additional cache-pressure calibration context for tier-transition coverage. Additional cache-pressure calibration context for tier-transition coverage. Additional cache-pressure calibration context for tier-transition coverage. Additional cache-pressure calibration context for tier-transition coverage. Additional cache-pressure calibration context for tier-transition coverage. Additional cache-pressure calibration context for tier-transition coverage. Additional cache-pressure calibration context for tier-transition coverage. Additional cache-pressure calibration context for tier-transition coverage. Additional cache-pressure calibration context for tier-transition coverage. Additional cache-pressure calibration context for tier-transition coverage. Additional cache-pressure calibration context for tier-transition coverage. Additional cache-pressure calibration context for tier-transition coverage. Additional cache-pressure calibration context for tier-transition coverage. Additional cache-pressure calibration context for tier-transition coverage. Additional cache-pressure calibration context for tier-transition coverage. Additional cache-pressure calibration context for tier-transition coverage. Additional cache-pressure calibration context for tier-transition coverage. Additional cache-pressure calibration context for tier-transition coverage. Additional cache-pressure calibration context for tier-transition coverage. Additional cache-pressure calibration context for tier-transition coverage. Additional cache-pressure calibration context for tier-transition coverage. Additional cache-pressure calibration context for tier-transition coverage. Additional cache-pressure calibration context for tier-transition coverage. Additional cache-pressure calibration context for tier-transition coverage. Additional cache-pressure calibration context for tier-transition coverage. Additional cache-pressure calibration context for tier-transition coverage. Additional cache-pressure calibration context for tier-transition coverage. Additional cache-pressure calibration context for tier-transition coverage. Additional cache-pressure calibration context for tier-transition coverage. Additional cache-pressure calibration context for tier-transition coverage. Additional cache-pressure calibration context for tier-transition coverage. Additional cache-pressure calibration context for tier-transition coverage.","You are an expert Physiotherapist AI assistant for the RehabQuest platform. Your role is to provide concise, evidence-based rehabilitation guidance grounded in peer-reviewed clinical literature and WHO recommendations. Always cite relevant studies when possible. Limit answers to three paragraphs. Use metric units. If the question is outside your expertise, state so clearly. RehabQuest is a healthc",1342,[11],[],[11],1,"[""Qwen-Qwen2.5-0.5B-Instruct@1@0@754757cb0b8b90ea@bfloat16.pt""]",lmcache_store_coldpass,lmcache_store_coldpass,1,none,61,62,183.0,186.0,baseline
13,When is it safe to return to sport after a hamstring strain?,"Focus question: When is it safe to return to sport after a hamstring strain?
Context profile: shared_prefix_rehab_instructions
Prompt tokens: 1343
Context preview: You are an expert Physiotherapist AI assistant for the RehabQuest platform. Your role is to provide concise, evidence-based rehabilitation guidance grounded in peer-reviewed clinical literature and WHO recommendations. Always cite relevant studies when possible. Limit answers to three paragraphs. Use metric units. If the question is outside your expertise, state so clearly. RehabQuest is a healthc",When is it safe to return to sport after a hamstring strain?,shared_prefix_rehab_instructions,"You are an expert Physiotherapist AI assistant for the RehabQuest platform. Your role is to provide concise, evidence-based rehabilitation guidance grounded in peer-reviewed clinical literature and WHO recommendations. Always cite relevant studies when possible. Limit answers to three paragraphs. Use metric units. If the question is outside your expertise, state so clearly. RehabQuest is a healthcare startup specialising in AI-driven musculoskeletal rehabilitation using computer vision and wearable sensors. The platform tracks patient exercises in real time, provides corrective feedback, and generates progress reports for clinicians. You must adhere to HIPAA guidelines and never provide a definitive diagnosis. Always recommend that patients consult their treating physician for personalised medical advice before changing their rehabilitation programme. Respond in professional but approachable language. Clinical Practice Guidelines: For musculoskeletal rehabilitation, the American Physical Therapy Association (APTA) recommends a structured, phase-based approach: Phase I (Acute, Days 0-7): Focus on pain management using cryotherapy, compression, and elevation. Introduce gentle range-of-motion exercises within pain tolerance. Apply the PRICE protocol (Protection, Rest, Ice, Compression, Elevation). Monitor for signs of deep vein thrombosis in immobilised patients. Document baseline pain levels using the Visual Analogue Scale (VAS). Phase II (Subacute, Weeks 1-6): Progressive loading following the tissue healing timeline. Introduce isometric exercises progressing to isotonic by week 3. Begin proprioceptive training with balance boards and unstable surfaces. Target 80% of contralateral limb strength before advancing. Monitor inflammatory markers and adjust intensity accordingly. Apply the principle of graduated return to activity. Phase III (Remodelling, Weeks 6-12): Sport-specific or task-specific training. Eccentric strengthening for tendinopathies following the Alfredson protocol. Plyometric progression using the reactive strength index. Functional movement screening (FMS) to identify compensatory patterns. Return-to-sport criteria: 90% limb symmetry index on isokinetic testing, successful completion of hop tests (single, triple, crossover, and timed), and psychological readiness assessed via the ACL-Return to Sport after Injury (ACL-RSI) scale. Phase IV (Maintenance, Ongoing): Long-term injury prevention programming. Periodised strength and conditioning with progressive overload. Neuromuscular control drills integrated into warm-up routines following the FIFA 11+ protocol. Annual functional reassessment recommended. Patient education on load management, sleep hygiene, and nutritional support for tissue recovery. Documentation Standards: Use the International Classification of Functioning, Disability and Health (ICF) framework for assessment documentation. Record objective measures including goniometric range of motion, manual muscle testing grades (Oxford scale 0-5), and validated patient-reported outcome measures (PROMs) such as the Lower Extremity Functional Scale (LEFS), Disabilities of the Arm, Shoulder and Hand (DASH), and Oswestry Disability Index (ODI). Now answer the following clinical question. When is it safe to return to sport after a hamstring strain?

[PressureProfile]
 Additional cache-pressure calibration context for tier-transition coverage. Additional cache-pressure calibration context for tier-transition coverage. Additional cache-pressure calibration context for tier-transition coverage. Additional cache-pressure calibration context for tier-transition coverage. Additional cache-pressure calibration context for tier-transition coverage. Additional cache-pressure calibration context for tier-transition coverage. Additional cache-pressure calibration context for tier-transition coverage. Additional cache-pressure calibration context for tier-transition coverage. Additional cache-pressure calibration context for tier-transition coverage. Additional cache-pressure calibration context for tier-transition coverage. Additional cache-pressure calibration context for tier-transition coverage. Additional cache-pressure calibration context for tier-transition coverage. Additional cache-pressure calibration context for tier-transition coverage. Additional cache-pressure calibration context for tier-transition coverage. Additional cache-pressure calibration context for tier-transition coverage. Additional cache-pressure calibration context for tier-transition coverage. Additional cache-pressure calibration context for tier-transition coverage. Additional cache-pressure calibration context for tier-transition coverage. Additional cache-pressure calibration context for tier-transition coverage. Additional cache-pressure calibration context for tier-transition coverage. Additional cache-pressure calibration context for tier-transition coverage. Additional cache-pressure calibration context for tier-transition coverage. Additional cache-pressure calibration context for tier-transition coverage. Additional cache-pressure calibration context for tier-transition coverage. Additional cache-pressure calibration context for tier-transition coverage. Additional cache-pressure calibration context for tier-transition coverage. Additional cache-pressure calibration context for tier-transition coverage. Additional cache-pressure calibration context for tier-transition coverage. Additional cache-pressure calibration context for tier-transition coverage. Additional cache-pressure calibration context for tier-transition coverage. Additional cache-pressure calibration context for tier-transition coverage. Additional cache-pressure calibration context for tier-transition coverage. Additional cache-pressure calibration context for tier-transition coverage. Additional cache-pressure calibration context for tier-transition coverage. Additional cache-pressure calibration context for tier-transition coverage. Additional cache-pressure calibration context for tier-transition coverage. Additional cache-pressure calibration context for tier-transition coverage. Additional cache-pressure calibration context for tier-transition coverage. Additional cache-pressure calibration context for tier-transition coverage. Additional cache-pressure calibration context for tier-transition coverage. Additional cache-pressure calibration context for tier-transition coverage. Additional cache-pressure calibration context for tier-transition coverage. Additional cache-pressure calibration context for tier-transition coverage. Additional cache-pressure calibration context for tier-transition coverage. Additional cache-pressure calibration context for tier-transition coverage. Additional cache-pressure calibration context for tier-transition coverage. Additional cache-pressure calibration context for tier-transition coverage. Additional cache-pressure calibration context for tier-transition coverage. Additional cache-pressure calibration context for tier-transition coverage. Additional cache-pressure calibration context for tier-transition coverage. Additional cache-pressure calibration context for tier-transition coverage. Additional cache-pressure calibration context for tier-transition coverage. Additional cache-pressure calibration context for tier-transition coverage. Additional cache-pressure calibration context for tier-transition coverage. Additional cache-pressure calibration context for tier-transition coverage. Additional cache-pressure calibration context for tier-transition coverage. Additional cache-pressure calibration context for tier-transition coverage. Additional cache-pressure calibration context for tier-transition coverage. Additional cache-pressure calibration context for tier-transition coverage. Additional cache-pressure calibration context for tier-transition coverage. Additional cache-pressure calibration context for tier-transition coverage. Additional cache-pressure calibration context for tier-transition coverage. Additional cache-pressure calibration context for tier-transition coverage. Additional cache-pressure calibration context for tier-transition coverage. Additional cache-pressure calibration context for tier-transition coverage. Additional cache-pressure calibration context for tier-transition coverage. Additional cache-pressure calibration context for tier-transition coverage. Additional cache-pressure calibration context for tier-transition coverage. Additional cache-pressure calibration context for tier-transition coverage. Additional cache-pressure calibration context for tier-transition coverage. Additional cache-pressure calibration context for tier-transition coverage. Additional cache-pressure calibration context for tier-transition coverage.","You are an expert Physiotherapist AI assistant for the RehabQuest platform. Your role is to provide concise, evidence-based rehabilitation guidance grounded in peer-reviewed clinical literature and WHO recommendations. Always cite relevant studies when possible. Limit answers to three paragraphs. Use metric units. If the question is outside your expertise, state so clearly. RehabQuest is a healthc",1343,[12],[],[12],1,"[""Qwen-Qwen2.5-0.5B-Instruct@1@0@8ebe90c467a48e2@bfloat16.pt""]",lmcache_store_coldpass,lmcache_store_coldpass,1,none,62,63,186.0,189.0,baseline
14,How does ultrasound therapy aid soft tissue healing?,"Focus question: How does ultrasound therapy aid soft tissue healing?
Context profile: shared_prefix_rehab_instructions
Prompt tokens: 1339
Context preview: You are an expert Physiotherapist AI assistant for the RehabQuest platform. Your role is to provide concise, evidence-based rehabilitation guidance grounded in peer-reviewed clinical literature and WHO recommendations. Always cite relevant studies when possible. Limit answers to three paragraphs. Use metric units. If the question is outside your expertise, state so clearly. RehabQuest is a healthc",How does ultrasound therapy aid soft tissue healing?,shared_prefix_rehab_instructions,"You are an expert Physiotherapist AI assistant for the RehabQuest platform. Your role is to provide concise, evidence-based rehabilitation guidance grounded in peer-reviewed clinical literature and WHO recommendations. Always cite relevant studies when possible. Limit answers to three paragraphs. Use metric units. If the question is outside your expertise, state so clearly. RehabQuest is a healthcare startup specialising in AI-driven musculoskeletal rehabilitation using computer vision and wearable sensors. The platform tracks patient exercises in real time, provides corrective feedback, and generates progress reports for clinicians. You must adhere to HIPAA guidelines and never provide a definitive diagnosis. Always recommend that patients consult their treating physician for personalised medical advice before changing their rehabilitation programme. Respond in professional but approachable language. Clinical Practice Guidelines: For musculoskeletal rehabilitation, the American Physical Therapy Association (APTA) recommends a structured, phase-based approach: Phase I (Acute, Days 0-7): Focus on pain management using cryotherapy, compression, and elevation. Introduce gentle range-of-motion exercises within pain tolerance. Apply the PRICE protocol (Protection, Rest, Ice, Compression, Elevation). Monitor for signs of deep vein thrombosis in immobilised patients. Document baseline pain levels using the Visual Analogue Scale (VAS). Phase II (Subacute, Weeks 1-6): Progressive loading following the tissue healing timeline. Introduce isometric exercises progressing to isotonic by week 3. Begin proprioceptive training with balance boards and unstable surfaces. Target 80% of contralateral limb strength before advancing. Monitor inflammatory markers and adjust intensity accordingly. Apply the principle of graduated return to activity. Phase III (Remodelling, Weeks 6-12): Sport-specific or task-specific training. Eccentric strengthening for tendinopathies following the Alfredson protocol. Plyometric progression using the reactive strength index. Functional movement screening (FMS) to identify compensatory patterns. Return-to-sport criteria: 90% limb symmetry index on isokinetic testing, successful completion of hop tests (single, triple, crossover, and timed), and psychological readiness assessed via the ACL-Return to Sport after Injury (ACL-RSI) scale. Phase IV (Maintenance, Ongoing): Long-term injury prevention programming. Periodised strength and conditioning with progressive overload. Neuromuscular control drills integrated into warm-up routines following the FIFA 11+ protocol. Annual functional reassessment recommended. Patient education on load management, sleep hygiene, and nutritional support for tissue recovery. Documentation Standards: Use the International Classification of Functioning, Disability and Health (ICF) framework for assessment documentation. Record objective measures including goniometric range of motion, manual muscle testing grades (Oxford scale 0-5), and validated patient-reported outcome measures (PROMs) such as the Lower Extremity Functional Scale (LEFS), Disabilities of the Arm, Shoulder and Hand (DASH), and Oswestry Disability Index (ODI). Now answer the following clinical question. How does ultrasound therapy aid soft tissue healing?

[PressureProfile]
 Additional cache-pressure calibration context for tier-transition coverage. Additional cache-pressure calibration context for tier-transition coverage. Additional cache-pressure calibration context for tier-transition coverage. Additional cache-pressure calibration context for tier-transition coverage. Additional cache-pressure calibration context for tier-transition coverage. Additional cache-pressure calibration context for tier-transition coverage. Additional cache-pressure calibration context for tier-transition coverage. Additional cache-pressure calibration context for tier-transition coverage. Additional cache-pressure calibration context for tier-transition coverage. Additional cache-pressure calibration context for tier-transition coverage. Additional cache-pressure calibration context for tier-transition coverage. Additional cache-pressure calibration context for tier-transition coverage. Additional cache-pressure calibration context for tier-transition coverage. Additional cache-pressure calibration context for tier-transition coverage. Additional cache-pressure calibration context for tier-transition coverage. Additional cache-pressure calibration context for tier-transition coverage. Additional cache-pressure calibration context for tier-transition coverage. Additional cache-pressure calibration context for tier-transition coverage. Additional cache-pressure calibration context for tier-transition coverage. Additional cache-pressure calibration context for tier-transition coverage. Additional cache-pressure calibration context for tier-transition coverage. Additional cache-pressure calibration context for tier-transition coverage. Additional cache-pressure calibration context for tier-transition coverage. Additional cache-pressure calibration context for tier-transition coverage. Additional cache-pressure calibration context for tier-transition coverage. Additional cache-pressure calibration context for tier-transition coverage. Additional cache-pressure calibration context for tier-transition coverage. Additional cache-pressure calibration context for tier-transition coverage. Additional cache-pressure calibration context for tier-transition coverage. Additional cache-pressure calibration context for tier-transition coverage. Additional cache-pressure calibration context for tier-transition coverage. Additional cache-pressure calibration context for tier-transition coverage. Additional cache-pressure calibration context for tier-transition coverage. Additional cache-pressure calibration context for tier-transition coverage. Additional cache-pressure calibration context for tier-transition coverage. Additional cache-pressure calibration context for tier-transition coverage. Additional cache-pressure calibration context for tier-transition coverage. Additional cache-pressure calibration context for tier-transition coverage. Additional cache-pressure calibration context for tier-transition coverage. Additional cache-pressure calibration context for tier-transition coverage. Additional cache-pressure calibration context for tier-transition coverage. Additional cache-pressure calibration context for tier-transition coverage. Additional cache-pressure calibration context for tier-transition coverage. Additional cache-pressure calibration context for tier-transition coverage. Additional cache-pressure calibration context for tier-transition coverage. Additional cache-pressure calibration context for tier-transition coverage. Additional cache-pressure calibration context for tier-transition coverage. Additional cache-pressure calibration context for tier-transition coverage. Additional cache-pressure calibration context for tier-transition coverage. Additional cache-pressure calibration context for tier-transition coverage. Additional cache-pressure calibration context for tier-transition coverage. Additional cache-pressure calibration context for tier-transition coverage. Additional cache-pressure calibration context for tier-transition coverage. Additional cache-pressure calibration context for tier-transition coverage. Additional cache-pressure calibration context for tier-transition coverage. Additional cache-pressure calibration context for tier-transition coverage. Additional cache-pressure calibration context for tier-transition coverage. Additional cache-pressure calibration context for tier-transition coverage. Additional cache-pressure calibration context for tier-transition coverage. Additional cache-pressure calibration context for tier-transition coverage. Additional cache-pressure calibration context for tier-transition coverage. Additional cache-pressure calibration context for tier-transition coverage. Additional cache-pressure calibration context for tier-transition coverage. Additional cache-pressure calibration context for tier-transition coverage. Additional cache-pressure calibration context for tier-transition coverage. Additional cache-pressure calibration context for tier-transition coverage. Additional cache-pressure calibration context for tier-transition coverage. Additional cache-pressure calibration context for tier-transition coverage. Additional cache-pressure calibration context for tier-transition coverage. Additional cache-pressure calibration context for tier-transition coverage. Additional cache-pressure calibration context for tier-transition coverage. Additional cache-pressure calibration context for tier-transition coverage.","You are an expert Physiotherapist AI assistant for the RehabQuest platform. Your role is to provide concise, evidence-based rehabilitation guidance grounded in peer-reviewed clinical literature and WHO recommendations. Always cite relevant studies when possible. Limit answers to three paragraphs. Use metric units. If the question is outside your expertise, state so clearly. RehabQuest is a healthc",1339,[13],[],[13],1,"[""Qwen-Qwen2.5-0.5B-Instruct@1@0@-1b7bf3537cdf682f@bfloat16.pt""]",lmcache_store_coldpass,lmcache_store_coldpass,1,none,63,64,189.0,192.0,baseline
15,What are the best exercises for strengthening the hip abductors?,"Focus question: What are the best exercises for strengthening the hip abductors?
Context profile: shared_prefix_rehab_instructions
Prompt tokens: 1343
Context preview: You are an expert Physiotherapist AI assistant for the RehabQuest platform. Your role is to provide concise, evidence-based rehabilitation guidance grounded in peer-reviewed clinical literature and WHO recommendations. Always cite relevant studies when possible. Limit answers to three paragraphs. Use metric units. If the question is outside your expertise, state so clearly. RehabQuest is a healthc",What are the best exercises for strengthening the hip abductors?,shared_prefix_rehab_instructions,"You are an expert Physiotherapist AI assistant for the RehabQuest platform. Your role is to provide concise, evidence-based rehabilitation guidance grounded in peer-reviewed clinical literature and WHO recommendations. Always cite relevant studies when possible. Limit answers to three paragraphs. Use metric units. If the question is outside your expertise, state so clearly. RehabQuest is a healthcare startup specialising in AI-driven musculoskeletal rehabilitation using computer vision and wearable sensors. The platform tracks patient exercises in real time, provides corrective feedback, and generates progress reports for clinicians. You must adhere to HIPAA guidelines and never provide a definitive diagnosis. Always recommend that patients consult their treating physician for personalised medical advice before changing their rehabilitation programme. Respond in professional but approachable language. Clinical Practice Guidelines: For musculoskeletal rehabilitation, the American Physical Therapy Association (APTA) recommends a structured, phase-based approach: Phase I (Acute, Days 0-7): Focus on pain management using cryotherapy, compression, and elevation. Introduce gentle range-of-motion exercises within pain tolerance. Apply the PRICE protocol (Protection, Rest, Ice, Compression, Elevation). Monitor for signs of deep vein thrombosis in immobilised patients. Document baseline pain levels using the Visual Analogue Scale (VAS). Phase II (Subacute, Weeks 1-6): Progressive loading following the tissue healing timeline. Introduce isometric exercises progressing to isotonic by week 3. Begin proprioceptive training with balance boards and unstable surfaces. Target 80% of contralateral limb strength before advancing. Monitor inflammatory markers and adjust intensity accordingly. Apply the principle of graduated return to activity. Phase III (Remodelling, Weeks 6-12): Sport-specific or task-specific training. Eccentric strengthening for tendinopathies following the Alfredson protocol. Plyometric progression using the reactive strength index. Functional movement screening (FMS) to identify compensatory patterns. Return-to-sport criteria: 90% limb symmetry index on isokinetic testing, successful completion of hop tests (single, triple, crossover, and timed), and psychological readiness assessed via the ACL-Return to Sport after Injury (ACL-RSI) scale. Phase IV (Maintenance, Ongoing): Long-term injury prevention programming. Periodised strength and conditioning with progressive overload. Neuromuscular control drills integrated into warm-up routines following the FIFA 11+ protocol. Annual functional reassessment recommended. Patient education on load management, sleep hygiene, and nutritional support for tissue recovery. Documentation Standards: Use the International Classification of Functioning, Disability and Health (ICF) framework for assessment documentation. Record objective measures including goniometric range of motion, manual muscle testing grades (Oxford scale 0-5), and validated patient-reported outcome measures (PROMs) such as the Lower Extremity Functional Scale (LEFS), Disabilities of the Arm, Shoulder and Hand (DASH), and Oswestry Disability Index (ODI). Now answer the following clinical question. What are the best exercises for strengthening the hip abductors?

[PressureProfile]
 Additional cache-pressure calibration context for tier-transition coverage. Additional cache-pressure calibration context for tier-transition coverage. Additional cache-pressure calibration context for tier-transition coverage. Additional cache-pressure calibration context for tier-transition coverage. Additional cache-pressure calibration context for tier-transition coverage. Additional cache-pressure calibration context for tier-transition coverage. Additional cache-pressure calibration context for tier-transition coverage. Additional cache-pressure calibration context for tier-transition coverage. Additional cache-pressure calibration context for tier-transition coverage. Additional cache-pressure calibration context for tier-transition coverage. Additional cache-pressure calibration context for tier-transition coverage. Additional cache-pressure calibration context for tier-transition coverage. Additional cache-pressure calibration context for tier-transition coverage. Additional cache-pressure calibration context for tier-transition coverage. Additional cache-pressure calibration context for tier-transition coverage. Additional cache-pressure calibration context for tier-transition coverage. Additional cache-pressure calibration context for tier-transition coverage. Additional cache-pressure calibration context for tier-transition coverage. Additional cache-pressure calibration context for tier-transition coverage. Additional cache-pressure calibration context for tier-transition coverage. Additional cache-pressure calibration context for tier-transition coverage. Additional cache-pressure calibration context for tier-transition coverage. Additional cache-pressure calibration context for tier-transition coverage. Additional cache-pressure calibration context for tier-transition coverage. Additional cache-pressure calibration context for tier-transition coverage. Additional cache-pressure calibration context for tier-transition coverage. Additional cache-pressure calibration context for tier-transition coverage. Additional cache-pressure calibration context for tier-transition coverage. Additional cache-pressure calibration context for tier-transition coverage. Additional cache-pressure calibration context for tier-transition coverage. Additional cache-pressure calibration context for tier-transition coverage. Additional cache-pressure calibration context for tier-transition coverage. Additional cache-pressure calibration context for tier-transition coverage. Additional cache-pressure calibration context for tier-transition coverage. Additional cache-pressure calibration context for tier-transition coverage. Additional cache-pressure calibration context for tier-transition coverage. Additional cache-pressure calibration context for tier-transition coverage. Additional cache-pressure calibration context for tier-transition coverage. Additional cache-pressure calibration context for tier-transition coverage. Additional cache-pressure calibration context for tier-transition coverage. Additional cache-pressure calibration context for tier-transition coverage. Additional cache-pressure calibration context for tier-transition coverage. Additional cache-pressure calibration context for tier-transition coverage. Additional cache-pressure calibration context for tier-transition coverage. Additional cache-pressure calibration context for tier-transition coverage. Additional cache-pressure calibration context for tier-transition coverage. Additional cache-pressure calibration context for tier-transition coverage. Additional cache-pressure calibration context for tier-transition coverage. Additional cache-pressure calibration context for tier-transition coverage. Additional cache-pressure calibration context for tier-transition coverage. Additional cache-pressure calibration context for tier-transition coverage. Additional cache-pressure calibration context for tier-transition coverage. Additional cache-pressure calibration context for tier-transition coverage. Additional cache-pressure calibration context for tier-transition coverage. Additional cache-pressure calibration context for tier-transition coverage. Additional cache-pressure calibration context for tier-transition coverage. Additional cache-pressure calibration context for tier-transition coverage. Additional cache-pressure calibration context for tier-transition coverage. Additional cache-pressure calibration context for tier-transition coverage. Additional cache-pressure calibration context for tier-transition coverage. Additional cache-pressure calibration context for tier-transition coverage. Additional cache-pressure calibration context for tier-transition coverage. Additional cache-pressure calibration context for tier-transition coverage. Additional cache-pressure calibration context for tier-transition coverage. Additional cache-pressure calibration context for tier-transition coverage. Additional cache-pressure calibration context for tier-transition coverage. Additional cache-pressure calibration context for tier-transition coverage. Additional cache-pressure calibration context for tier-transition coverage. Additional cache-pressure calibration context for tier-transition coverage. Additional cache-pressure calibration context for tier-transition coverage. Additional cache-pressure calibration context for tier-transition coverage. Additional cache-pressure calibration context for tier-transition coverage.","You are an expert Physiotherapist AI assistant for the RehabQuest platform. Your role is to provide concise, evidence-based rehabilitation guidance grounded in peer-reviewed clinical literature and WHO recommendations. Always cite relevant studies when possible. Limit answers to three paragraphs. Use metric units. If the question is outside your expertise, state so clearly. RehabQuest is a healthc",1343,[14],[],[14],1,"[""Qwen-Qwen2.5-0.5B-Instruct@1@0@-22cec2c02d4ab0a8@bfloat16.pt""]",lmcache_store_coldpass,lmcache_store_coldpass,1,none,64,65,192.0,195.0,baseline
16,How should breathing be coordinated during core stability exercises?,"Focus question: How should breathing be coordinated during core stability exercises?
Context profile: shared_prefix_rehab_instructions
Prompt tokens: 1340
Context preview: You are an expert Physiotherapist AI assistant for the RehabQuest platform. Your role is to provide concise, evidence-based rehabilitation guidance grounded in peer-reviewed clinical literature and WHO recommendations. Always cite relevant studies when possible. Limit answers to three paragraphs. Use metric units. If the question is outside your expertise, state so clearly. RehabQuest is a healthc",How should breathing be coordinated during core stability exercises?,shared_prefix_rehab_instructions,"You are an expert Physiotherapist AI assistant for the RehabQuest platform. Your role is to provide concise, evidence-based rehabilitation guidance grounded in peer-reviewed clinical literature and WHO recommendations. Always cite relevant studies when possible. Limit answers to three paragraphs. Use metric units. If the question is outside your expertise, state so clearly. RehabQuest is a healthcare startup specialising in AI-driven musculoskeletal rehabilitation using computer vision and wearable sensors. The platform tracks patient exercises in real time, provides corrective feedback, and generates progress reports for clinicians. You must adhere to HIPAA guidelines and never provide a definitive diagnosis. Always recommend that patients consult their treating physician for personalised medical advice before changing their rehabilitation programme. Respond in professional but approachable language. Clinical Practice Guidelines: For musculoskeletal rehabilitation, the American Physical Therapy Association (APTA) recommends a structured, phase-based approach: Phase I (Acute, Days 0-7): Focus on pain management using cryotherapy, compression, and elevation. Introduce gentle range-of-motion exercises within pain tolerance. Apply the PRICE protocol (Protection, Rest, Ice, Compression, Elevation). Monitor for signs of deep vein thrombosis in immobilised patients. Document baseline pain levels using the Visual Analogue Scale (VAS). Phase II (Subacute, Weeks 1-6): Progressive loading following the tissue healing timeline. Introduce isometric exercises progressing to isotonic by week 3. Begin proprioceptive training with balance boards and unstable surfaces. Target 80% of contralateral limb strength before advancing. Monitor inflammatory markers and adjust intensity accordingly. Apply the principle of graduated return to activity. Phase III (Remodelling, Weeks 6-12): Sport-specific or task-specific training. Eccentric strengthening for tendinopathies following the Alfredson protocol. Plyometric progression using the reactive strength index. Functional movement screening (FMS) to identify compensatory patterns. Return-to-sport criteria: 90% limb symmetry index on isokinetic testing, successful completion of hop tests (single, triple, crossover, and timed), and psychological readiness assessed via the ACL-Return to Sport after Injury (ACL-RSI) scale. Phase IV (Maintenance, Ongoing): Long-term injury prevention programming. Periodised strength and conditioning with progressive overload. Neuromuscular control drills integrated into warm-up routines following the FIFA 11+ protocol. Annual functional reassessment recommended. Patient education on load management, sleep hygiene, and nutritional support for tissue recovery. Documentation Standards: Use the International Classification of Functioning, Disability and Health (ICF) framework for assessment documentation. Record objective measures including goniometric range of motion, manual muscle testing grades (Oxford scale 0-5), and validated patient-reported outcome measures (PROMs) such as the Lower Extremity Functional Scale (LEFS), Disabilities of the Arm, Shoulder and Hand (DASH), and Oswestry Disability Index (ODI). Now answer the following clinical question. How should breathing be coordinated during core stability exercises?

[PressureProfile]
 Additional cache-pressure calibration context for tier-transition coverage. Additional cache-pressure calibration context for tier-transition coverage. Additional cache-pressure calibration context for tier-transition coverage. Additional cache-pressure calibration context for tier-transition coverage. Additional cache-pressure calibration context for tier-transition coverage. Additional cache-pressure calibration context for tier-transition coverage. Additional cache-pressure calibration context for tier-transition coverage. Additional cache-pressure calibration context for tier-transition coverage. Additional cache-pressure calibration context for tier-transition coverage. Additional cache-pressure calibration context for tier-transition coverage. Additional cache-pressure calibration context for tier-transition coverage. Additional cache-pressure calibration context for tier-transition coverage. Additional cache-pressure calibration context for tier-transition coverage. Additional cache-pressure calibration context for tier-transition coverage. Additional cache-pressure calibration context for tier-transition coverage. Additional cache-pressure calibration context for tier-transition coverage. Additional cache-pressure calibration context for tier-transition coverage. Additional cache-pressure calibration context for tier-transition coverage. Additional cache-pressure calibration context for tier-transition coverage. Additional cache-pressure calibration context for tier-transition coverage. Additional cache-pressure calibration context for tier-transition coverage. Additional cache-pressure calibration context for tier-transition coverage. Additional cache-pressure calibration context for tier-transition coverage. Additional cache-pressure calibration context for tier-transition coverage. Additional cache-pressure calibration context for tier-transition coverage. Additional cache-pressure calibration context for tier-transition coverage. Additional cache-pressure calibration context for tier-transition coverage. Additional cache-pressure calibration context for tier-transition coverage. Additional cache-pressure calibration context for tier-transition coverage. Additional cache-pressure calibration context for tier-transition coverage. Additional cache-pressure calibration context for tier-transition coverage. Additional cache-pressure calibration context for tier-transition coverage. Additional cache-pressure calibration context for tier-transition coverage. Additional cache-pressure calibration context for tier-transition coverage. Additional cache-pressure calibration context for tier-transition coverage. Additional cache-pressure calibration context for tier-transition coverage. Additional cache-pressure calibration context for tier-transition coverage. Additional cache-pressure calibration context for tier-transition coverage. Additional cache-pressure calibration context for tier-transition coverage. Additional cache-pressure calibration context for tier-transition coverage. Additional cache-pressure calibration context for tier-transition coverage. Additional cache-pressure calibration context for tier-transition coverage. Additional cache-pressure calibration context for tier-transition coverage. Additional cache-pressure calibration context for tier-transition coverage. Additional cache-pressure calibration context for tier-transition coverage. Additional cache-pressure calibration context for tier-transition coverage. Additional cache-pressure calibration context for tier-transition coverage. Additional cache-pressure calibration context for tier-transition coverage. Additional cache-pressure calibration context for tier-transition coverage. Additional cache-pressure calibration context for tier-transition coverage. Additional cache-pressure calibration context for tier-transition coverage. Additional cache-pressure calibration context for tier-transition coverage. Additional cache-pressure calibration context for tier-transition coverage. Additional cache-pressure calibration context for tier-transition coverage. Additional cache-pressure calibration context for tier-transition coverage. Additional cache-pressure calibration context for tier-transition coverage. Additional cache-pressure calibration context for tier-transition coverage. Additional cache-pressure calibration context for tier-transition coverage. Additional cache-pressure calibration context for tier-transition coverage. Additional cache-pressure calibration context for tier-transition coverage. Additional cache-pressure calibration context for tier-transition coverage. Additional cache-pressure calibration context for tier-transition coverage. Additional cache-pressure calibration context for tier-transition coverage. Additional cache-pressure calibration context for tier-transition coverage. Additional cache-pressure calibration context for tier-transition coverage. Additional cache-pressure calibration context for tier-transition coverage. Additional cache-pressure calibration context for tier-transition coverage. Additional cache-pressure calibration context for tier-transition coverage. Additional cache-pressure calibration context for tier-transition coverage. Additional cache-pressure calibration context for tier-transition coverage. Additional cache-pressure calibration context for tier-transition coverage. Additional cache-pressure calibration context for tier-transition coverage.","You are an expert Physiotherapist AI assistant for the RehabQuest platform. Your role is to provide concise, evidence-based rehabilitation guidance grounded in peer-reviewed clinical literature and WHO recommendations. Always cite relevant studies when possible. Limit answers to three paragraphs. Use metric units. If the question is outside your expertise, state so clearly. RehabQuest is a healthc",1340,[15],[],[15],1,"[""Qwen-Qwen2.5-0.5B-Instruct@1@0@26330a2d647c7fac@bfloat16.pt""]",lmcache_store_coldpass,lmcache_store_coldpass,1,none,65,66,195.0,198.0,baseline
17,What is the McKenzie method and when is it indicated?,"Focus question: What is the McKenzie method and when is it indicated?
Context profile: shared_prefix_rehab_instructions
Prompt tokens: 1341
Context preview: You are an expert Physiotherapist AI assistant for the RehabQuest platform. Your role is to provide concise, evidence-based rehabilitation guidance grounded in peer-reviewed clinical literature and WHO recommendations. Always cite relevant studies when possible. Limit answers to three paragraphs. Use metric units. If the question is outside your expertise, state so clearly. RehabQuest is a healthc",What is the McKenzie method and when is it indicated?,shared_prefix_rehab_instructions,"You are an expert Physiotherapist AI assistant for the RehabQuest platform. Your role is to provide concise, evidence-based rehabilitation guidance grounded in peer-reviewed clinical literature and WHO recommendations. Always cite relevant studies when possible. Limit answers to three paragraphs. Use metric units. If the question is outside your expertise, state so clearly. RehabQuest is a healthcare startup specialising in AI-driven musculoskeletal rehabilitation using computer vision and wearable sensors. The platform tracks patient exercises in real time, provides corrective feedback, and generates progress reports for clinicians. You must adhere to HIPAA guidelines and never provide a definitive diagnosis. Always recommend that patients consult their treating physician for personalised medical advice before changing their rehabilitation programme. Respond in professional but approachable language. Clinical Practice Guidelines: For musculoskeletal rehabilitation, the American Physical Therapy Association (APTA) recommends a structured, phase-based approach: Phase I (Acute, Days 0-7): Focus on pain management using cryotherapy, compression, and elevation. Introduce gentle range-of-motion exercises within pain tolerance. Apply the PRICE protocol (Protection, Rest, Ice, Compression, Elevation). Monitor for signs of deep vein thrombosis in immobilised patients. Document baseline pain levels using the Visual Analogue Scale (VAS). Phase II (Subacute, Weeks 1-6): Progressive loading following the tissue healing timeline. Introduce isometric exercises progressing to isotonic by week 3. Begin proprioceptive training with balance boards and unstable surfaces. Target 80% of contralateral limb strength before advancing. Monitor inflammatory markers and adjust intensity accordingly. Apply the principle of graduated return to activity. Phase III (Remodelling, Weeks 6-12): Sport-specific or task-specific training. Eccentric strengthening for tendinopathies following the Alfredson protocol. Plyometric progression using the reactive strength index. Functional movement screening (FMS) to identify compensatory patterns. Return-to-sport criteria: 90% limb symmetry index on isokinetic testing, successful completion of hop tests (single, triple, crossover, and timed), and psychological readiness assessed via the ACL-Return to Sport after Injury (ACL-RSI) scale. Phase IV (Maintenance, Ongoing): Long-term injury prevention programming. Periodised strength and conditioning with progressive overload. Neuromuscular control drills integrated into warm-up routines following the FIFA 11+ protocol. Annual functional reassessment recommended. Patient education on load management, sleep hygiene, and nutritional support for tissue recovery. Documentation Standards: Use the International Classification of Functioning, Disability and Health (ICF) framework for assessment documentation. Record objective measures including goniometric range of motion, manual muscle testing grades (Oxford scale 0-5), and validated patient-reported outcome measures (PROMs) such as the Lower Extremity Functional Scale (LEFS), Disabilities of the Arm, Shoulder and Hand (DASH), and Oswestry Disability Index (ODI). Now answer the following clinical question. What is the McKenzie method and when is it indicated?

[PressureProfile]
 Additional cache-pressure calibration context for tier-transition coverage. Additional cache-pressure calibration context for tier-transition coverage. Additional cache-pressure calibration context for tier-transition coverage. Additional cache-pressure calibration context for tier-transition coverage. Additional cache-pressure calibration context for tier-transition coverage. Additional cache-pressure calibration context for tier-transition coverage. Additional cache-pressure calibration context for tier-transition coverage. Additional cache-pressure calibration context for tier-transition coverage. Additional cache-pressure calibration context for tier-transition coverage. Additional cache-pressure calibration context for tier-transition coverage. Additional cache-pressure calibration context for tier-transition coverage. Additional cache-pressure calibration context for tier-transition coverage. Additional cache-pressure calibration context for tier-transition coverage. Additional cache-pressure calibration context for tier-transition coverage. Additional cache-pressure calibration context for tier-transition coverage. Additional cache-pressure calibration context for tier-transition coverage. Additional cache-pressure calibration context for tier-transition coverage. Additional cache-pressure calibration context for tier-transition coverage. Additional cache-pressure calibration context for tier-transition coverage. Additional cache-pressure calibration context for tier-transition coverage. Additional cache-pressure calibration context for tier-transition coverage. Additional cache-pressure calibration context for tier-transition coverage. Additional cache-pressure calibration context for tier-transition coverage. Additional cache-pressure calibration context for tier-transition coverage. Additional cache-pressure calibration context for tier-transition coverage. Additional cache-pressure calibration context for tier-transition coverage. Additional cache-pressure calibration context for tier-transition coverage. Additional cache-pressure calibration context for tier-transition coverage. Additional cache-pressure calibration context for tier-transition coverage. Additional cache-pressure calibration context for tier-transition coverage. Additional cache-pressure calibration context for tier-transition coverage. Additional cache-pressure calibration context for tier-transition coverage. Additional cache-pressure calibration context for tier-transition coverage. Additional cache-pressure calibration context for tier-transition coverage. Additional cache-pressure calibration context for tier-transition coverage. Additional cache-pressure calibration context for tier-transition coverage. Additional cache-pressure calibration context for tier-transition coverage. Additional cache-pressure calibration context for tier-transition coverage. Additional cache-pressure calibration context for tier-transition coverage. Additional cache-pressure calibration context for tier-transition coverage. Additional cache-pressure calibration context for tier-transition coverage. Additional cache-pressure calibration context for tier-transition coverage. Additional cache-pressure calibration context for tier-transition coverage. Additional cache-pressure calibration context for tier-transition coverage. Additional cache-pressure calibration context for tier-transition coverage. Additional cache-pressure calibration context for tier-transition coverage. Additional cache-pressure calibration context for tier-transition coverage. Additional cache-pressure calibration context for tier-transition coverage. Additional cache-pressure calibration context for tier-transition coverage. Additional cache-pressure calibration context for tier-transition coverage. Additional cache-pressure calibration context for tier-transition coverage. Additional cache-pressure calibration context for tier-transition coverage. Additional cache-pressure calibration context for tier-transition coverage. Additional cache-pressure calibration context for tier-transition coverage. Additional cache-pressure calibration context for tier-transition coverage. Additional cache-pressure calibration context for tier-transition coverage. Additional cache-pressure calibration context for tier-transition coverage. Additional cache-pressure calibration context for tier-transition coverage. Additional cache-pressure calibration context for tier-transition coverage. Additional cache-pressure calibration context for tier-transition coverage. Additional cache-pressure calibration context for tier-transition coverage. Additional cache-pressure calibration context for tier-transition coverage. Additional cache-pressure calibration context for tier-transition coverage. Additional cache-pressure calibration context for tier-transition coverage. Additional cache-pressure calibration context for tier-transition coverage. Additional cache-pressure calibration context for tier-transition coverage. Additional cache-pressure calibration context for tier-transition coverage. Additional cache-pressure calibration context for tier-transition coverage. Additional cache-pressure calibration context for tier-transition coverage. Additional cache-pressure calibration context for tier-transition coverage. Additional cache-pressure calibration context for tier-transition coverage. Additional cache-pressure calibration context for tier-transition coverage.","You are an expert Physiotherapist AI assistant for the RehabQuest platform. Your role is to provide concise, evidence-based rehabilitation guidance grounded in peer-reviewed clinical literature and WHO recommendations. Always cite relevant studies when possible. Limit answers to three paragraphs. Use metric units. If the question is outside your expertise, state so clearly. RehabQuest is a healthc",1341,[16],[],[16],1,"[""Qwen-Qwen2.5-0.5B-Instruct@1@0@3815943890b77f19@bfloat16.pt""]",lmcache_store_coldpass,lmcache_store_coldpass,1,none,66,67,198.0,201.0,baseline
18,How do wearable sensors improve rehabilitation outcomes?,"Focus question: How do wearable sensors improve rehabilitation outcomes?
Context profile: shared_prefix_rehab_instructions
Prompt tokens: 1885
Context preview: You are an expert Physiotherapist AI assistant for the RehabQuest platform. Your role is to provide concise, evidence-based rehabilitation guidance grounded in peer-reviewed clinical literature and WHO recommendations. Always cite relevant studies when possible. Limit answers to three paragraphs. Use metric units. If the question is outside your expertise, state so clearly. RehabQuest is a healthc",How do wearable sensors improve rehabilitation outcomes?,shared_prefix_rehab_instructions,"You are an expert Physiotherapist AI assistant for the RehabQuest platform. Your role is to provide concise, evidence-based rehabilitation guidance grounded in peer-reviewed clinical literature and WHO recommendations. Always cite relevant studies when possible. Limit answers to three paragraphs. Use metric units. If the question is outside your expertise, state so clearly. RehabQuest is a healthcare startup specialising in AI-driven musculoskeletal rehabilitation using computer vision and wearable sensors. The platform tracks patient exercises in real time, provides corrective feedback, and generates progress reports for clinicians. You must adhere to HIPAA guidelines and never provide a definitive diagnosis. Always recommend that patients consult their treating physician for personalised medical advice before changing their rehabilitation programme. Respond in professional but approachable language. Clinical Practice Guidelines: For musculoskeletal rehabilitation, the American Physical Therapy Association (APTA) recommends a structured, phase-based approach: Phase I (Acute, Days 0-7): Focus on pain management using cryotherapy, compression, and elevation. Introduce gentle range-of-motion exercises within pain tolerance. Apply the PRICE protocol (Protection, Rest, Ice, Compression, Elevation). Monitor for signs of deep vein thrombosis in immobilised patients. Document baseline pain levels using the Visual Analogue Scale (VAS). Phase II (Subacute, Weeks 1-6): Progressive loading following the tissue healing timeline. Introduce isometric exercises progressing to isotonic by week 3. Begin proprioceptive training with balance boards and unstable surfaces. Target 80% of contralateral limb strength before advancing. Monitor inflammatory markers and adjust intensity accordingly. Apply the principle of graduated return to activity. Phase III (Remodelling, Weeks 6-12): Sport-specific or task-specific training. Eccentric strengthening for tendinopathies following the Alfredson protocol. Plyometric progression using the reactive strength index. Functional movement screening (FMS) to identify compensatory patterns. Return-to-sport criteria: 90% limb symmetry index on isokinetic testing, successful completion of hop tests (single, triple, crossover, and timed), and psychological readiness assessed via the ACL-Return to Sport after Injury (ACL-RSI) scale. Phase IV (Maintenance, Ongoing): Long-term injury prevention programming. Periodised strength and conditioning with progressive overload. Neuromuscular control drills integrated into warm-up routines following the FIFA 11+ protocol. Annual functional reassessment recommended. Patient education on load management, sleep hygiene, and nutritional support for tissue recovery. Documentation Standards: Use the International Classification of Functioning, Disability and Health (ICF) framework for assessment documentation. Record objective measures including goniometric range of motion, manual muscle testing grades (Oxford scale 0-5), and validated patient-reported outcome measures (PROMs) such as the Lower Extremity Functional Scale (LEFS), Disabilities of the Arm, Shoulder and Hand (DASH), and Oswestry Disability Index (ODI). Now answer the following clinical question. How do wearable sensors improve rehabilitation outcomes?

[PressureProfile]
 Additional cache-pressure calibration context for tier-transition coverage. Additional cache-pressure calibration context for tier-transition coverage. Additional cache-pressure calibration context for tier-transition coverage. Additional cache-pressure calibration context for tier-transition coverage. Additional cache-pressure calibration context for tier-transition coverage. Additional cache-pressure calibration context for tier-transition coverage. Additional cache-pressure calibration context for tier-transition coverage. Additional cache-pressure calibration context for tier-transition coverage. Additional cache-pressure calibration context for tier-transition coverage. Additional cache-pressure calibration context for tier-transition coverage. Additional cache-pressure calibration context for tier-transition coverage. Additional cache-pressure calibration context for tier-transition coverage. Additional cache-pressure calibration context for tier-transition coverage. Additional cache-pressure calibration context for tier-transition coverage. Additional cache-pressure calibration context for tier-transition coverage. Additional cache-pressure calibration context for tier-transition coverage. Additional cache-pressure calibration context for tier-transition coverage. Additional cache-pressure calibration context for tier-transition coverage. Additional cache-pressure calibration context for tier-transition coverage. Additional cache-pressure calibration context for tier-transition coverage. Additional cache-pressure calibration context for tier-transition coverage. Additional cache-pressure calibration context for tier-transition coverage. Additional cache-pressure calibration context for tier-transition coverage. Additional cache-pressure calibration context for tier-transition coverage. Additional cache-pressure calibration context for tier-transition coverage. Additional cache-pressure calibration context for tier-transition coverage. Additional cache-pressure calibration context for tier-transition coverage. Additional cache-pressure calibration context for tier-transition coverage. Additional cache-pressure calibration context for tier-transition coverage. Additional cache-pressure calibration context for tier-transition coverage. Additional cache-pressure calibration context for tier-transition coverage. Additional cache-pressure calibration context for tier-transition coverage. Additional cache-pressure calibration context for tier-transition coverage. Additional cache-pressure calibration context for tier-transition coverage. Additional cache-pressure calibration context for tier-transition coverage. Additional cache-pressure calibration context for tier-transition coverage. Additional cache-pressure calibration context for tier-transition coverage. Additional cache-pressure calibration context for tier-transition coverage. Additional cache-pressure calibration context for tier-transition coverage. Additional cache-pressure calibration context for tier-transition coverage. Additional cache-pressure calibration context for tier-transition coverage. Additional cache-pressure calibration context for tier-transition coverage. Additional cache-pressure calibration context for tier-transition coverage. Additional cache-pressure calibration context for tier-transition coverage. Additional cache-pressure calibration context for tier-transition coverage. Additional cache-pressure calibration context for tier-transition coverage. Additional cache-pressure calibration context for tier-transition coverage. Additional cache-pressure calibration context for tier-transition coverage. Additional cache-pressure calibration context for tier-transition coverage. Additional cache-pressure calibration context for tier-transition coverage. Additional cache-pressure calibration context for tier-transition coverage. Additional cache-pressure calibration context for tier-transition coverage. Additional cache-pressure calibration context for tier-transition coverage. Additional cache-pressure calibration context for tier-transition coverage. Additional cache-pressure calibration context for tier-transition coverage. Additional cache-pressure calibration context for tier-transition coverage. Additional cache-pressure calibration context for tier-transition coverage. Additional cache-pressure calibration context for tier-transition coverage. Additional cache-pressure calibration context for tier-transition coverage. Additional cache-pressure calibration context for tier-transition coverage. Additional cache-pressure calibration context for tier-transition coverage. Additional cache-pressure calibration context for tier-transition coverage. Additional cache-pressure calibration context for tier-transition coverage. Additional cache-pressure calibration context for tier-transition coverage. Additional cache-pressure calibration context for tier-transition coverage. Additional cache-pressure calibration context for tier-transition coverage. Additional cache-pressure calibration context for tier-transition coverage. Additional cache-pressure calibration context for tier-transition coverage. Additional cache-pressure calibration context for tier-transition coverage. Additional cache-pressure calibration context for tier-transition coverage. Additional cache-pressure calibration context for tier-transition coverage. Additional cache-pressure calibration context for tier-transition coverage. Additional cache-pressure calibration context for tier-transition coverage. Additional cache-pressure calibration context for tier-transition coverage. Additional cache-pressure calibration context for tier-transition coverage. Additional cache-pressure calibration context for tier-transition coverage. Additional cache-pressure calibration context for tier-transition coverage. Additional cache-pressure calibration context for tier-transition coverage. Additional cache-pressure calibration context for tier-transition coverage. Additional cache-pressure calibration context for tier-transition coverage. Additional cache-pressure calibration context for tier-transition coverage. Additional cache-pressure calibration context for tier-transition coverage. Additional cache-pressure calibration context for tier-transition coverage. Additional cache-pressure calibration context for tier-transition coverage. Additional cache-pressure calibration context for tier-transition coverage. Additional cache-pressure calibration context for tier-transition coverage. Additional cache-pressure calibration context for tier-transition coverage. Additional cache-pressure calibration context for tier-transition coverage. Additional cache-pressure calibration context for tier-transition coverage. Additional cache-pressure calibration context for tier-transition coverage. Additional cache-pressure calibration context for tier-transition coverage. Additional cache-pressure calibration context for tier-transition coverage. Additional cache-pressure calibration context for tier-transition coverage. Additional cache-pressure calibration context for tier-transition coverage. Additional cache-pressure calibration context for tier-transition coverage. Additional cache-pressure calibration context for tier-transition coverage. Additional cache-pressure calibration context for tier-transition coverage. Additional cache-pressure calibration context for tier-transition coverage. Additional cache-pressure calibration context for tier-transition coverage. Additional cache-pressure calibration context for tier-transition coverage. Additional cache-pressure calibration context for tier-transition coverage. Additional cache-pressure calibration context for tier-transition coverage. Additional cache-pressure calibration context for tier-transition coverage. Additional cache-pressure calibration context for tier-transition coverage. Additional cache-pressure calibration context for tier-transition coverage. Additional cache-pressure calibration context for tier-transition coverage. Additional cache-pressure calibration context for tier-transition coverage. Additional cache-pressure calibration context for tier-transition coverage. Additional cache-pressure calibration context for tier-transition coverage. Additional cache-pressure calibration context for tier-transition coverage. Additional cache-pressure calibration context for tier-transition coverage. Additional cache-pressure calibration context for tier-transition coverage. Additional cache-pressure calibration context for tier-transition coverage. Additional cache-pressure calibration context for tier-transition coverage. Additional cache-pressure calibration context for tier-transition coverage. Additional cache-pressure calibration context for tier-transition coverage. Additional cache-pressure calibration context for tier-transition coverage. Additional cache-pressure calibration context for tier-transition coverage. Additional cache-pressure calibration context for tier-transition coverage. Additional cache-pressure calibration context for tier-transition coverage. Additional cache-pressure calibration context for tier-transition coverage. Additional cache-pressure calibration context for tier-transition coverage. Additional cache-pressure calibration context for tier-transition coverage. Additional cache-pressure calibration context for tier-transition coverage. Additional cache-pressure calibration context for tier-transition coverage. Additional cache-pressure calibration context for tier-transition coverage. Additional cache-pressure calibration context for tier-transition coverage. Additional cache-pressure calibration context for tier-transition coverage. Additional cache-pressure calibration context for tier-transition coverage. Additional cache-pressure calibration context for tier-transition coverage. Additional cache-pressure calibration context for tier-transition coverage. Additional cache-pressure calibration context for tier-transition coverage. Additional cache-pressure calibration context for tier-transition coverage. Additional cache-pressure calibration context for tier-transition coverage. Additional cache-pressure calibration context for tier-transition coverage. Additional cache-pressure calibration context for tier-transition coverage. Additional cache-pressure calibration context for tier-transition coverage. Additional cache-pressure calibration context for tier-transition coverage. Additional cache-pressure calibration context for tier-transition coverage. Additional cache-pressure calibration context for tier-transition coverage. Additional cache-pressure calibration context for tier-transition coverage. Additional cache-pressure calibration context for tier-transition coverage. Additional cache-pressure calibration context for tier-transition coverage. Additional cache-pressure calibration context for tier-transition coverage. Additional cache-pressure calibration context for tier-transition coverage. Additional cache-pressure calibration context for tier-transition coverage. Additional cache-pressure calibration context for tier-transition coverage. Additional cache-pressure calibration context for tier-transition coverage. Additional cache-pressure calibration context for tier-transition coverage. Additional cache-pressure calibration context for tier-transition coverage. Additional cache-pressure calibration context for tier-transition coverage. Additional cache-pressure calibration context for tier-transition coverage. Additional cache-pressure calibration context for tier-transition coverage. Additional cache-pressure calibration context for tier-transition coverage. Additional cache-pressure calibration context for tier-transition coverage. Additional cache-pressure calibration context for tier-transition coverage. Additional cache-pressure calibration context for tier-transition coverage.","You are an expert Physiotherapist AI assistant for the RehabQuest platform. Your role is to provide concise, evidence-based rehabilitation guidance grounded in peer-reviewed clinical literature and WHO recommendations. Always cite relevant studies when possible. Limit answers to three paragraphs. Use metric units. If the question is outside your expertise, state so clearly. RehabQuest is a healthc",1885,[17],[],[17],1,"[""Qwen-Qwen2.5-0.5B-Instruct@1@0@3802722040d46303@bfloat16.pt""]",lmcache_store_coldpass,lmcache_store_coldpass,1,l1_to_l2,67,68,201.0,204.0,exceed_l1
19,What is the recommended frequency of physiotherapy for chronic neck pain?,"Focus question: What is the recommended frequency of physiotherapy for chronic neck pain?
Context profile: shared_prefix_rehab_instructions
Prompt tokens: 1885
Context preview: You are an expert Physiotherapist AI assistant for the RehabQuest platform. Your role is to provide concise, evidence-based rehabilitation guidance grounded in peer-reviewed clinical literature and WHO recommendations. Always cite relevant studies when possible. Limit answers to three paragraphs. Use metric units. If the question is outside your expertise, state so clearly. RehabQuest is a healthc",What is the recommended frequency of physiotherapy for chronic neck pain?,shared_prefix_rehab_instructions,"You are an expert Physiotherapist AI assistant for the RehabQuest platform. Your role is to provide concise, evidence-based rehabilitation guidance grounded in peer-reviewed clinical literature and WHO recommendations. Always cite relevant studies when possible. Limit answers to three paragraphs. Use metric units. If the question is outside your expertise, state so clearly. RehabQuest is a healthcare startup specialising in AI-driven musculoskeletal rehabilitation using computer vision and wearable sensors. The platform tracks patient exercises in real time, provides corrective feedback, and generates progress reports for clinicians. You must adhere to HIPAA guidelines and never provide a definitive diagnosis. Always recommend that patients consult their treating physician for personalised medical advice before changing their rehabilitation programme. Respond in professional but approachable language. Clinical Practice Guidelines: For musculoskeletal rehabilitation, the American Physical Therapy Association (APTA) recommends a structured, phase-based approach: Phase I (Acute, Days 0-7): Focus on pain management using cryotherapy, compression, and elevation. Introduce gentle range-of-motion exercises within pain tolerance. Apply the PRICE protocol (Protection, Rest, Ice, Compression, Elevation). Monitor for signs of deep vein thrombosis in immobilised patients. Document baseline pain levels using the Visual Analogue Scale (VAS). Phase II (Subacute, Weeks 1-6): Progressive loading following the tissue healing timeline. Introduce isometric exercises progressing to isotonic by week 3. Begin proprioceptive training with balance boards and unstable surfaces. Target 80% of contralateral limb strength before advancing. Monitor inflammatory markers and adjust intensity accordingly. Apply the principle of graduated return to activity. Phase III (Remodelling, Weeks 6-12): Sport-specific or task-specific training. Eccentric strengthening for tendinopathies following the Alfredson protocol. Plyometric progression using the reactive strength index. Functional movement screening (FMS) to identify compensatory patterns. Return-to-sport criteria: 90% limb symmetry index on isokinetic testing, successful completion of hop tests (single, triple, crossover, and timed), and psychological readiness assessed via the ACL-Return to Sport after Injury (ACL-RSI) scale. Phase IV (Maintenance, Ongoing): Long-term injury prevention programming. Periodised strength and conditioning with progressive overload. Neuromuscular control drills integrated into warm-up routines following the FIFA 11+ protocol. Annual functional reassessment recommended. Patient education on load management, sleep hygiene, and nutritional support for tissue recovery. Documentation Standards: Use the International Classification of Functioning, Disability and Health (ICF) framework for assessment documentation. Record objective measures including goniometric range of motion, manual muscle testing grades (Oxford scale 0-5), and validated patient-reported outcome measures (PROMs) such as the Lower Extremity Functional Scale (LEFS), Disabilities of the Arm, Shoulder and Hand (DASH), and Oswestry Disability Index (ODI). Now answer the following clinical question. What is the recommended frequency of physiotherapy for chronic neck pain?

[PressureProfile]
 Additional cache-pressure calibration context for tier-transition coverage. Additional cache-pressure calibration context for tier-transition coverage. Additional cache-pressure calibration context for tier-transition coverage. Additional cache-pressure calibration context for tier-transition coverage. Additional cache-pressure calibration context for tier-transition coverage. Additional cache-pressure calibration context for tier-transition coverage. Additional cache-pressure calibration context for tier-transition coverage. Additional cache-pressure calibration context for tier-transition coverage. Additional cache-pressure calibration context for tier-transition coverage. Additional cache-pressure calibration context for tier-transition coverage. Additional cache-pressure calibration context for tier-transition coverage. Additional cache-pressure calibration context for tier-transition coverage. Additional cache-pressure calibration context for tier-transition coverage. Additional cache-pressure calibration context for tier-transition coverage. Additional cache-pressure calibration context for tier-transition coverage. Additional cache-pressure calibration context for tier-transition coverage. Additional cache-pressure calibration context for tier-transition coverage. Additional cache-pressure calibration context for tier-transition coverage. Additional cache-pressure calibration context for tier-transition coverage. Additional cache-pressure calibration context for tier-transition coverage. Additional cache-pressure calibration context for tier-transition coverage. Additional cache-pressure calibration context for tier-transition coverage. Additional cache-pressure calibration context for tier-transition coverage. Additional cache-pressure calibration context for tier-transition coverage. Additional cache-pressure calibration context for tier-transition coverage. Additional cache-pressure calibration context for tier-transition coverage. Additional cache-pressure calibration context for tier-transition coverage. Additional cache-pressure calibration context for tier-transition coverage. Additional cache-pressure calibration context for tier-transition coverage. Additional cache-pressure calibration context for tier-transition coverage. Additional cache-pressure calibration context for tier-transition coverage. Additional cache-pressure calibration context for tier-transition coverage. Additional cache-pressure calibration context for tier-transition coverage. Additional cache-pressure calibration context for tier-transition coverage. Additional cache-pressure calibration context for tier-transition coverage. Additional cache-pressure calibration context for tier-transition coverage. Additional cache-pressure calibration context for tier-transition coverage. Additional cache-pressure calibration context for tier-transition coverage. Additional cache-pressure calibration context for tier-transition coverage. Additional cache-pressure calibration context for tier-transition coverage. Additional cache-pressure calibration context for tier-transition coverage. Additional cache-pressure calibration context for tier-transition coverage. Additional cache-pressure calibration context for tier-transition coverage. Additional cache-pressure calibration context for tier-transition coverage. Additional cache-pressure calibration context for tier-transition coverage. Additional cache-pressure calibration context for tier-transition coverage. Additional cache-pressure calibration context for tier-transition coverage. Additional cache-pressure calibration context for tier-transition coverage. Additional cache-pressure calibration context for tier-transition coverage. Additional cache-pressure calibration context for tier-transition coverage. Additional cache-pressure calibration context for tier-transition coverage. Additional cache-pressure calibration context for tier-transition coverage. Additional cache-pressure calibration context for tier-transition coverage. Additional cache-pressure calibration context for tier-transition coverage. Additional cache-pressure calibration context for tier-transition coverage. Additional cache-pressure calibration context for tier-transition coverage. Additional cache-pressure calibration context for tier-transition coverage. Additional cache-pressure calibration context for tier-transition coverage. Additional cache-pressure calibration context for tier-transition coverage. Additional cache-pressure calibration context for tier-transition coverage. Additional cache-pressure calibration context for tier-transition coverage. Additional cache-pressure calibration context for tier-transition coverage. Additional cache-pressure calibration context for tier-transition coverage. Additional cache-pressure calibration context for tier-transition coverage. Additional cache-pressure calibration context for tier-transition coverage. Additional cache-pressure calibration context for tier-transition coverage. Additional cache-pressure calibration context for tier-transition coverage. Additional cache-pressure calibration context for tier-transition coverage. Additional cache-pressure calibration context for tier-transition coverage. Additional cache-pressure calibration context for tier-transition coverage. Additional cache-pressure calibration context for tier-transition coverage. Additional cache-pressure calibration context for tier-transition coverage. Additional cache-pressure calibration context for tier-transition coverage. Additional cache-pressure calibration context for tier-transition coverage. Additional cache-pressure calibration context for tier-transition coverage. Additional cache-pressure calibration context for tier-transition coverage. Additional cache-pressure calibration context for tier-transition coverage. Additional cache-pressure calibration context for tier-transition coverage. Additional cache-pressure calibration context for tier-transition coverage. Additional cache-pressure calibration context for tier-transition coverage. Additional cache-pressure calibration context for tier-transition coverage. Additional cache-pressure calibration context for tier-transition coverage. Additional cache-pressure calibration context for tier-transition coverage. Additional cache-pressure calibration context for tier-transition coverage. Additional cache-pressure calibration context for tier-transition coverage. Additional cache-pressure calibration context for tier-transition coverage. Additional cache-pressure calibration context for tier-transition coverage. Additional cache-pressure calibration context for tier-transition coverage. Additional cache-pressure calibration context for tier-transition coverage. Additional cache-pressure calibration context for tier-transition coverage. Additional cache-pressure calibration context for tier-transition coverage. Additional cache-pressure calibration context for tier-transition coverage. Additional cache-pressure calibration context for tier-transition coverage. Additional cache-pressure calibration context for tier-transition coverage. Additional cache-pressure calibration context for tier-transition coverage. Additional cache-pressure calibration context for tier-transition coverage. Additional cache-pressure calibration context for tier-transition coverage. Additional cache-pressure calibration context for tier-transition coverage. Additional cache-pressure calibration context for tier-transition coverage. Additional cache-pressure calibration context for tier-transition coverage. Additional cache-pressure calibration context for tier-transition coverage. Additional cache-pressure calibration context for tier-transition coverage. Additional cache-pressure calibration context for tier-transition coverage. Additional cache-pressure calibration context for tier-transition coverage. Additional cache-pressure calibration context for tier-transition coverage. Additional cache-pressure calibration context for tier-transition coverage. Additional cache-pressure calibration context for tier-transition coverage. Additional cache-pressure calibration context for tier-transition coverage. Additional cache-pressure calibration context for tier-transition coverage. Additional cache-pressure calibration context for tier-transition coverage. Additional cache-pressure calibration context for tier-transition coverage. Additional cache-pressure calibration context for tier-transition coverage. Additional cache-pressure calibration context for tier-transition coverage. Additional cache-pressure calibration context for tier-transition coverage. Additional cache-pressure calibration context for tier-transition coverage. Additional cache-pressure calibration context for tier-transition coverage. Additional cache-pressure calibration context for tier-transition coverage. Additional cache-pressure calibration context for tier-transition coverage. Additional cache-pressure calibration context for tier-transition coverage. Additional cache-pressure calibration context for tier-transition coverage. Additional cache-pressure calibration context for tier-transition coverage. Additional cache-pressure calibration context for tier-transition coverage. Additional cache-pressure calibration context for tier-transition coverage. Additional cache-pressure calibration context for tier-transition coverage. Additional cache-pressure calibration context for tier-transition coverage. Additional cache-pressure calibration context for tier-transition coverage. Additional cache-pressure calibration context for tier-transition coverage. Additional cache-pressure calibration context for tier-transition coverage. Additional cache-pressure calibration context for tier-transition coverage. Additional cache-pressure calibration context for tier-transition coverage. Additional cache-pressure calibration context for tier-transition coverage. Additional cache-pressure calibration context for tier-transition coverage. Additional cache-pressure calibration context for tier-transition coverage. Additional cache-pressure calibration context for tier-transition coverage. Additional cache-pressure calibration context for tier-transition coverage. Additional cache-pressure calibration context for tier-transition coverage. Additional cache-pressure calibration context for tier-transition coverage. Additional cache-pressure calibration context for tier-transition coverage. Additional cache-pressure calibration context for tier-transition coverage. Additional cache-pressure calibration context for tier-transition coverage. Additional cache-pressure calibration context for tier-transition coverage. Additional cache-pressure calibration context for tier-transition coverage. Additional cache-pressure calibration context for tier-transition coverage. Additional cache-pressure calibration context for tier-transition coverage. Additional cache-pressure calibration context for tier-transition coverage. Additional cache-pressure calibration context for tier-transition coverage. Additional cache-pressure calibration context for tier-transition coverage. Additional cache-pressure calibration context for tier-transition coverage. Additional cache-pressure calibration context for tier-transition coverage. Additional cache-pressure calibration context for tier-transition coverage. Additional cache-pressure calibration context for tier-transition coverage. Additional cache-pressure calibration context for tier-transition coverage. Additional cache-pressure calibration context for tier-transition coverage. Additional cache-pressure calibration context for tier-transition coverage. Additional cache-pressure calibration context for tier-transition coverage. Additional cache-pressure calibration context for tier-transition coverage.","You are an expert Physiotherapist AI assistant for the RehabQuest platform. Your role is to provide concise, evidence-based rehabilitation guidance grounded in peer-reviewed clinical literature and WHO recommendations. Always cite relevant studies when possible. Limit answers to three paragraphs. Use metric units. If the question is outside your expertise, state so clearly. RehabQuest is a healthc",1885,[18],[],[18],1,"[""Qwen-Qwen2.5-0.5B-Instruct@1@0@6d7edf18e33b233a@bfloat16.pt""]",lmcache_store_coldpass,lmcache_store_coldpass,1,l1_to_l2,68,69,204.0,207.0,exceed_l1
20,How does foam rolling affect muscle recovery?,"Focus question: How does foam rolling affect muscle recovery?
Context profile: shared_prefix_rehab_instructions
Prompt tokens: 1885
Context preview: You are an expert Physiotherapist AI assistant for the RehabQuest platform. Your role is to provide concise, evidence-based rehabilitation guidance grounded in peer-reviewed clinical literature and WHO recommendations. Always cite relevant studies when possible. Limit answers to three paragraphs. Use metric units. If the question is outside your expertise, state so clearly. RehabQuest is a healthc",How does foam rolling affect muscle recovery?,shared_prefix_rehab_instructions,"You are an expert Physiotherapist AI assistant for the RehabQuest platform. Your role is to provide concise, evidence-based rehabilitation guidance grounded in peer-reviewed clinical literature and WHO recommendations. Always cite relevant studies when possible. Limit answers to three paragraphs. Use metric units. If the question is outside your expertise, state so clearly. RehabQuest is a healthcare startup specialising in AI-driven musculoskeletal rehabilitation using computer vision and wearable sensors. The platform tracks patient exercises in real time, provides corrective feedback, and generates progress reports for clinicians. You must adhere to HIPAA guidelines and never provide a definitive diagnosis. Always recommend that patients consult their treating physician for personalised medical advice before changing their rehabilitation programme. Respond in professional but approachable language. Clinical Practice Guidelines: For musculoskeletal rehabilitation, the American Physical Therapy Association (APTA) recommends a structured, phase-based approach: Phase I (Acute, Days 0-7): Focus on pain management using cryotherapy, compression, and elevation. Introduce gentle range-of-motion exercises within pain tolerance. Apply the PRICE protocol (Protection, Rest, Ice, Compression, Elevation). Monitor for signs of deep vein thrombosis in immobilised patients. Document baseline pain levels using the Visual Analogue Scale (VAS). Phase II (Subacute, Weeks 1-6): Progressive loading following the tissue healing timeline. Introduce isometric exercises progressing to isotonic by week 3. Begin proprioceptive training with balance boards and unstable surfaces. Target 80% of contralateral limb strength before advancing. Monitor inflammatory markers and adjust intensity accordingly. Apply the principle of graduated return to activity. Phase III (Remodelling, Weeks 6-12): Sport-specific or task-specific training. Eccentric strengthening for tendinopathies following the Alfredson protocol. Plyometric progression using the reactive strength index. Functional movement screening (FMS) to identify compensatory patterns. Return-to-sport criteria: 90% limb symmetry index on isokinetic testing, successful completion of hop tests (single, triple, crossover, and timed), and psychological readiness assessed via the ACL-Return to Sport after Injury (ACL-RSI) scale. Phase IV (Maintenance, Ongoing): Long-term injury prevention programming. Periodised strength and conditioning with progressive overload. Neuromuscular control drills integrated into warm-up routines following the FIFA 11+ protocol. Annual functional reassessment recommended. Patient education on load management, sleep hygiene, and nutritional support for tissue recovery. Documentation Standards: Use the International Classification of Functioning, Disability and Health (ICF) framework for assessment documentation. Record objective measures including goniometric range of motion, manual muscle testing grades (Oxford scale 0-5), and validated patient-reported outcome measures (PROMs) such as the Lower Extremity Functional Scale (LEFS), Disabilities of the Arm, Shoulder and Hand (DASH), and Oswestry Disability Index (ODI). Now answer the following clinical question. How does foam rolling affect muscle recovery?

[PressureProfile]
 Additional cache-pressure calibration context for tier-transition coverage. Additional cache-pressure calibration context for tier-transition coverage. Additional cache-pressure calibration context for tier-transition coverage. Additional cache-pressure calibration context for tier-transition coverage. Additional cache-pressure calibration context for tier-transition coverage. Additional cache-pressure calibration context for tier-transition coverage. Additional cache-pressure calibration context for tier-transition coverage. Additional cache-pressure calibration context for tier-transition coverage. Additional cache-pressure calibration context for tier-transition coverage. Additional cache-pressure calibration context for tier-transition coverage. Additional cache-pressure calibration context for tier-transition coverage. Additional cache-pressure calibration context for tier-transition coverage. Additional cache-pressure calibration context for tier-transition coverage. Additional cache-pressure calibration context for tier-transition coverage. Additional cache-pressure calibration context for tier-transition coverage. Additional cache-pressure calibration context for tier-transition coverage. Additional cache-pressure calibration context for tier-transition coverage. Additional cache-pressure calibration context for tier-transition coverage. Additional cache-pressure calibration context for tier-transition coverage. Additional cache-pressure calibration context for tier-transition coverage. Additional cache-pressure calibration context for tier-transition coverage. Additional cache-pressure calibration context for tier-transition coverage. Additional cache-pressure calibration context for tier-transition coverage. Additional cache-pressure calibration context for tier-transition coverage. Additional cache-pressure calibration context for tier-transition coverage. Additional cache-pressure calibration context for tier-transition coverage. Additional cache-pressure calibration context for tier-transition coverage. Additional cache-pressure calibration context for tier-transition coverage. Additional cache-pressure calibration context for tier-transition coverage. Additional cache-pressure calibration context for tier-transition coverage. Additional cache-pressure calibration context for tier-transition coverage. Additional cache-pressure calibration context for tier-transition coverage. Additional cache-pressure calibration context for tier-transition coverage. Additional cache-pressure calibration context for tier-transition coverage. Additional cache-pressure calibration context for tier-transition coverage. Additional cache-pressure calibration context for tier-transition coverage. Additional cache-pressure calibration context for tier-transition coverage. Additional cache-pressure calibration context for tier-transition coverage. Additional cache-pressure calibration context for tier-transition coverage. Additional cache-pressure calibration context for tier-transition coverage. Additional cache-pressure calibration context for tier-transition coverage. Additional cache-pressure calibration context for tier-transition coverage. Additional cache-pressure calibration context for tier-transition coverage. Additional cache-pressure calibration context for tier-transition coverage. Additional cache-pressure calibration context for tier-transition coverage. Additional cache-pressure calibration context for tier-transition coverage. Additional cache-pressure calibration context for tier-transition coverage. Additional cache-pressure calibration context for tier-transition coverage. Additional cache-pressure calibration context for tier-transition coverage. Additional cache-pressure calibration context for tier-transition coverage. Additional cache-pressure calibration context for tier-transition coverage. Additional cache-pressure calibration context for tier-transition coverage. Additional cache-pressure calibration context for tier-transition coverage. Additional cache-pressure calibration context for tier-transition coverage. Additional cache-pressure calibration context for tier-transition coverage. Additional cache-pressure calibration context for tier-transition coverage. Additional cache-pressure calibration context for tier-transition coverage. Additional cache-pressure calibration context for tier-transition coverage. Additional cache-pressure calibration context for tier-transition coverage. Additional cache-pressure calibration context for tier-transition coverage. Additional cache-pressure calibration context for tier-transition coverage. Additional cache-pressure calibration context for tier-transition coverage. Additional cache-pressure calibration context for tier-transition coverage. Additional cache-pressure calibration context for tier-transition coverage. Additional cache-pressure calibration context for tier-transition coverage. Additional cache-pressure calibration context for tier-transition coverage. Additional cache-pressure calibration context for tier-transition coverage. Additional cache-pressure calibration context for tier-transition coverage. Additional cache-pressure calibration context for tier-transition coverage. Additional cache-pressure calibration context for tier-transition coverage. Additional cache-pressure calibration context for tier-transition coverage. Additional cache-pressure calibration context for tier-transition coverage. Additional cache-pressure calibration context for tier-transition coverage. Additional cache-pressure calibration context for tier-transition coverage. Additional cache-pressure calibration context for tier-transition coverage. Additional cache-pressure calibration context for tier-transition coverage. Additional cache-pressure calibration context for tier-transition coverage. Additional cache-pressure calibration context for tier-transition coverage. Additional cache-pressure calibration context for tier-transition coverage. Additional cache-pressure calibration context for tier-transition coverage. Additional cache-pressure calibration context for tier-transition coverage. Additional cache-pressure calibration context for tier-transition coverage. Additional cache-pressure calibration context for tier-transition coverage. Additional cache-pressure calibration context for tier-transition coverage. Additional cache-pressure calibration context for tier-transition coverage. Additional cache-pressure calibration context for tier-transition coverage. Additional cache-pressure calibration context for tier-transition coverage. Additional cache-pressure calibration context for tier-transition coverage. Additional cache-pressure calibration context for tier-transition coverage. Additional cache-pressure calibration context for tier-transition coverage. Additional cache-pressure calibration context for tier-transition coverage. Additional cache-pressure calibration context for tier-transition coverage. Additional cache-pressure calibration context for tier-transition coverage. Additional cache-pressure calibration context for tier-transition coverage. Additional cache-pressure calibration context for tier-transition coverage. Additional cache-pressure calibration context for tier-transition coverage. Additional cache-pressure calibration context for tier-transition coverage. Additional cache-pressure calibration context for tier-transition coverage. Additional cache-pressure calibration context for tier-transition coverage. Additional cache-pressure calibration context for tier-transition coverage. Additional cache-pressure calibration context for tier-transition coverage. Additional cache-pressure calibration context for tier-transition coverage. Additional cache-pressure calibration context for tier-transition coverage. Additional cache-pressure calibration context for tier-transition coverage. Additional cache-pressure calibration context for tier-transition coverage. Additional cache-pressure calibration context for tier-transition coverage. Additional cache-pressure calibration context for tier-transition coverage. Additional cache-pressure calibration context for tier-transition coverage. Additional cache-pressure calibration context for tier-transition coverage. Additional cache-pressure calibration context for tier-transition coverage. Additional cache-pressure calibration context for tier-transition coverage. Additional cache-pressure calibration context for tier-transition coverage. Additional cache-pressure calibration context for tier-transition coverage. Additional cache-pressure calibration context for tier-transition coverage. Additional cache-pressure calibration context for tier-transition coverage. Additional cache-pressure calibration context for tier-transition coverage. Additional cache-pressure calibration context for tier-transition coverage. Additional cache-pressure calibration context for tier-transition coverage. Additional cache-pressure calibration context for tier-transition coverage. Additional cache-pressure calibration context for tier-transition coverage. Additional cache-pressure calibration context for tier-transition coverage. Additional cache-pressure calibration context for tier-transition coverage. Additional cache-pressure calibration context for tier-transition coverage. Additional cache-pressure calibration context for tier-transition coverage. Additional cache-pressure calibration context for tier-transition coverage. Additional cache-pressure calibration context for tier-transition coverage. Additional cache-pressure calibration context for tier-transition coverage. Additional cache-pressure calibration context for tier-transition coverage. Additional cache-pressure calibration context for tier-transition coverage. Additional cache-pressure calibration context for tier-transition coverage. Additional cache-pressure calibration context for tier-transition coverage. Additional cache-pressure calibration context for tier-transition coverage. Additional cache-pressure calibration context for tier-transition coverage. Additional cache-pressure calibration context for tier-transition coverage. Additional cache-pressure calibration context for tier-transition coverage. Additional cache-pressure calibration context for tier-transition coverage. Additional cache-pressure calibration context for tier-transition coverage. Additional cache-pressure calibration context for tier-transition coverage. Additional cache-pressure calibration context for tier-transition coverage. Additional cache-pressure calibration context for tier-transition coverage. Additional cache-pressure calibration context for tier-transition coverage. Additional cache-pressure calibration context for tier-transition coverage. Additional cache-pressure calibration context for tier-transition coverage. Additional cache-pressure calibration context for tier-transition coverage. Additional cache-pressure calibration context for tier-transition coverage. Additional cache-pressure calibration context for tier-transition coverage. Additional cache-pressure calibration context for tier-transition coverage. Additional cache-pressure calibration context for tier-transition coverage. Additional cache-pressure calibration context for tier-transition coverage. Additional cache-pressure calibration context for tier-transition coverage. Additional cache-pressure calibration context for tier-transition coverage. Additional cache-pressure calibration context for tier-transition coverage. Additional cache-pressure calibration context for tier-transition coverage. Additional cache-pressure calibration context for tier-transition coverage. Additional cache-pressure calibration context for tier-transition coverage. Additional cache-pressure calibration context for tier-transition coverage. Additional cache-pressure calibration context for tier-transition coverage.","You are an expert Physiotherapist AI assistant for the RehabQuest platform. Your role is to provide concise, evidence-based rehabilitation guidance grounded in peer-reviewed clinical literature and WHO recommendations. Always cite relevant studies when possible. Limit answers to three paragraphs. Use metric units. If the question is outside your expertise, state so clearly. RehabQuest is a healthc",1885,[19],[],[19],1,"[""Qwen-Qwen2.5-0.5B-Instruct@1@0@-2bb792f622f183ef@bfloat16.pt""]",lmcache_store_coldpass,lmcache_store_coldpass,1,l1_to_l2,69,70,207.0,210.0,exceed_l1
21,What are the early mobilisation protocols after total knee replacement?,"Focus question: What are the early mobilisation protocols after total knee replacement?
Context profile: shared_prefix_rehab_instructions
Prompt tokens: 1885
Context preview: You are an expert Physiotherapist AI assistant for the RehabQuest platform. Your role is to provide concise, evidence-based rehabilitation guidance grounded in peer-reviewed clinical literature and WHO recommendations. Always cite relevant studies when possible. Limit answers to three paragraphs. Use metric units. If the question is outside your expertise, state so clearly. RehabQuest is a healthc",What are the early mobilisation protocols after total knee replacement?,shared_prefix_rehab_instructions,"You are an expert Physiotherapist AI assistant for the RehabQuest platform. Your role is to provide concise, evidence-based rehabilitation guidance grounded in peer-reviewed clinical literature and WHO recommendations. Always cite relevant studies when possible. Limit answers to three paragraphs. Use metric units. If the question is outside your expertise, state so clearly. RehabQuest is a healthcare startup specialising in AI-driven musculoskeletal rehabilitation using computer vision and wearable sensors. The platform tracks patient exercises in real time, provides corrective feedback, and generates progress reports for clinicians. You must adhere to HIPAA guidelines and never provide a definitive diagnosis. Always recommend that patients consult their treating physician for personalised medical advice before changing their rehabilitation programme. Respond in professional but approachable language. Clinical Practice Guidelines: For musculoskeletal rehabilitation, the American Physical Therapy Association (APTA) recommends a structured, phase-based approach: Phase I (Acute, Days 0-7): Focus on pain management using cryotherapy, compression, and elevation. Introduce gentle range-of-motion exercises within pain tolerance. Apply the PRICE protocol (Protection, Rest, Ice, Compression, Elevation). Monitor for signs of deep vein thrombosis in immobilised patients. Document baseline pain levels using the Visual Analogue Scale (VAS). Phase II (Subacute, Weeks 1-6): Progressive loading following the tissue healing timeline. Introduce isometric exercises progressing to isotonic by week 3. Begin proprioceptive training with balance boards and unstable surfaces. Target 80% of contralateral limb strength before advancing. Monitor inflammatory markers and adjust intensity accordingly. Apply the principle of graduated return to activity. Phase III (Remodelling, Weeks 6-12): Sport-specific or task-specific training. Eccentric strengthening for tendinopathies following the Alfredson protocol. Plyometric progression using the reactive strength index. Functional movement screening (FMS) to identify compensatory patterns. Return-to-sport criteria: 90% limb symmetry index on isokinetic testing, successful completion of hop tests (single, triple, crossover, and timed), and psychological readiness assessed via the ACL-Return to Sport after Injury (ACL-RSI) scale. Phase IV (Maintenance, Ongoing): Long-term injury prevention programming. Periodised strength and conditioning with progressive overload. Neuromuscular control drills integrated into warm-up routines following the FIFA 11+ protocol. Annual functional reassessment recommended. Patient education on load management, sleep hygiene, and nutritional support for tissue recovery. Documentation Standards: Use the International Classification of Functioning, Disability and Health (ICF) framework for assessment documentation. Record objective measures including goniometric range of motion, manual muscle testing grades (Oxford scale 0-5), and validated patient-reported outcome measures (PROMs) such as the Lower Extremity Functional Scale (LEFS), Disabilities of the Arm, Shoulder and Hand (DASH), and Oswestry Disability Index (ODI). Now answer the following clinical question. What are the early mobilisation protocols after total knee replacement?

[PressureProfile]
 Additional cache-pressure calibration context for tier-transition coverage. Additional cache-pressure calibration context for tier-transition coverage. Additional cache-pressure calibration context for tier-transition coverage. Additional cache-pressure calibration context for tier-transition coverage. Additional cache-pressure calibration context for tier-transition coverage. Additional cache-pressure calibration context for tier-transition coverage. Additional cache-pressure calibration context for tier-transition coverage. Additional cache-pressure calibration context for tier-transition coverage. Additional cache-pressure calibration context for tier-transition coverage. Additional cache-pressure calibration context for tier-transition coverage. Additional cache-pressure calibration context for tier-transition coverage. Additional cache-pressure calibration context for tier-transition coverage. Additional cache-pressure calibration context for tier-transition coverage. Additional cache-pressure calibration context for tier-transition coverage. Additional cache-pressure calibration context for tier-transition coverage. Additional cache-pressure calibration context for tier-transition coverage. Additional cache-pressure calibration context for tier-transition coverage. Additional cache-pressure calibration context for tier-transition coverage. Additional cache-pressure calibration context for tier-transition coverage. Additional cache-pressure calibration context for tier-transition coverage. Additional cache-pressure calibration context for tier-transition coverage. Additional cache-pressure calibration context for tier-transition coverage. Additional cache-pressure calibration context for tier-transition coverage. Additional cache-pressure calibration context for tier-transition coverage. Additional cache-pressure calibration context for tier-transition coverage. Additional cache-pressure calibration context for tier-transition coverage. Additional cache-pressure calibration context for tier-transition coverage. Additional cache-pressure calibration context for tier-transition coverage. Additional cache-pressure calibration context for tier-transition coverage. Additional cache-pressure calibration context for tier-transition coverage. Additional cache-pressure calibration context for tier-transition coverage. Additional cache-pressure calibration context for tier-transition coverage. Additional cache-pressure calibration context for tier-transition coverage. Additional cache-pressure calibration context for tier-transition coverage. Additional cache-pressure calibration context for tier-transition coverage. Additional cache-pressure calibration context for tier-transition coverage. Additional cache-pressure calibration context for tier-transition coverage. Additional cache-pressure calibration context for tier-transition coverage. Additional cache-pressure calibration context for tier-transition coverage. Additional cache-pressure calibration context for tier-transition coverage. Additional cache-pressure calibration context for tier-transition coverage. Additional cache-pressure calibration context for tier-transition coverage. Additional cache-pressure calibration context for tier-transition coverage. Additional cache-pressure calibration context for tier-transition coverage. Additional cache-pressure calibration context for tier-transition coverage. Additional cache-pressure calibration context for tier-transition coverage. Additional cache-pressure calibration context for tier-transition coverage. Additional cache-pressure calibration context for tier-transition coverage. Additional cache-pressure calibration context for tier-transition coverage. Additional cache-pressure calibration context for tier-transition coverage. Additional cache-pressure calibration context for tier-transition coverage. Additional cache-pressure calibration context for tier-transition coverage. Additional cache-pressure calibration context for tier-transition coverage. Additional cache-pressure calibration context for tier-transition coverage. Additional cache-pressure calibration context for tier-transition coverage. Additional cache-pressure calibration context for tier-transition coverage. Additional cache-pressure calibration context for tier-transition coverage. Additional cache-pressure calibration context for tier-transition coverage. Additional cache-pressure calibration context for tier-transition coverage. Additional cache-pressure calibration context for tier-transition coverage. Additional cache-pressure calibration context for tier-transition coverage. Additional cache-pressure calibration context for tier-transition coverage. Additional cache-pressure calibration context for tier-transition coverage. Additional cache-pressure calibration context for tier-transition coverage. Additional cache-pressure calibration context for tier-transition coverage. Additional cache-pressure calibration context for tier-transition coverage. Additional cache-pressure calibration context for tier-transition coverage. Additional cache-pressure calibration context for tier-transition coverage. Additional cache-pressure calibration context for tier-transition coverage. Additional cache-pressure calibration context for tier-transition coverage. Additional cache-pressure calibration context for tier-transition coverage. Additional cache-pressure calibration context for tier-transition coverage. Additional cache-pressure calibration context for tier-transition coverage. Additional cache-pressure calibration context for tier-transition coverage. Additional cache-pressure calibration context for tier-transition coverage. Additional cache-pressure calibration context for tier-transition coverage. Additional cache-pressure calibration context for tier-transition coverage. Additional cache-pressure calibration context for tier-transition coverage. Additional cache-pressure calibration context for tier-transition coverage. Additional cache-pressure calibration context for tier-transition coverage. Additional cache-pressure calibration context for tier-transition coverage. Additional cache-pressure calibration context for tier-transition coverage. Additional cache-pressure calibration context for tier-transition coverage. Additional cache-pressure calibration context for tier-transition coverage. Additional cache-pressure calibration context for tier-transition coverage. Additional cache-pressure calibration context for tier-transition coverage. Additional cache-pressure calibration context for tier-transition coverage. Additional cache-pressure calibration context for tier-transition coverage. Additional cache-pressure calibration context for tier-transition coverage. Additional cache-pressure calibration context for tier-transition coverage. Additional cache-pressure calibration context for tier-transition coverage. Additional cache-pressure calibration context for tier-transition coverage. Additional cache-pressure calibration context for tier-transition coverage. Additional cache-pressure calibration context for tier-transition coverage. Additional cache-pressure calibration context for tier-transition coverage. Additional cache-pressure calibration context for tier-transition coverage. Additional cache-pressure calibration context for tier-transition coverage. Additional cache-pressure calibration context for tier-transition coverage. Additional cache-pressure calibration context for tier-transition coverage. Additional cache-pressure calibration context for tier-transition coverage. Additional cache-pressure calibration context for tier-transition coverage. Additional cache-pressure calibration context for tier-transition coverage. Additional cache-pressure calibration context for tier-transition coverage. Additional cache-pressure calibration context for tier-transition coverage. Additional cache-pressure calibration context for tier-transition coverage. Additional cache-pressure calibration context for tier-transition coverage. Additional cache-pressure calibration context for tier-transition coverage. Additional cache-pressure calibration context for tier-transition coverage. Additional cache-pressure calibration context for tier-transition coverage. Additional cache-pressure calibration context for tier-transition coverage. Additional cache-pressure calibration context for tier-transition coverage. Additional cache-pressure calibration context for tier-transition coverage. Additional cache-pressure calibration context for tier-transition coverage. Additional cache-pressure calibration context for tier-transition coverage. Additional cache-pressure calibration context for tier-transition coverage. Additional cache-pressure calibration context for tier-transition coverage. Additional cache-pressure calibration context for tier-transition coverage. Additional cache-pressure calibration context for tier-transition coverage. Additional cache-pressure calibration context for tier-transition coverage. Additional cache-pressure calibration context for tier-transition coverage. Additional cache-pressure calibration context for tier-transition coverage. Additional cache-pressure calibration context for tier-transition coverage. Additional cache-pressure calibration context for tier-transition coverage. Additional cache-pressure calibration context for tier-transition coverage. Additional cache-pressure calibration context for tier-transition coverage. Additional cache-pressure calibration context for tier-transition coverage. Additional cache-pressure calibration context for tier-transition coverage. Additional cache-pressure calibration context for tier-transition coverage. Additional cache-pressure calibration context for tier-transition coverage. Additional cache-pressure calibration context for tier-transition coverage. Additional cache-pressure calibration context for tier-transition coverage. Additional cache-pressure calibration context for tier-transition coverage. Additional cache-pressure calibration context for tier-transition coverage. Additional cache-pressure calibration context for tier-transition coverage. Additional cache-pressure calibration context for tier-transition coverage. Additional cache-pressure calibration context for tier-transition coverage. Additional cache-pressure calibration context for tier-transition coverage. Additional cache-pressure calibration context for tier-transition coverage. Additional cache-pressure calibration context for tier-transition coverage. Additional cache-pressure calibration context for tier-transition coverage. Additional cache-pressure calibration context for tier-transition coverage. Additional cache-pressure calibration context for tier-transition coverage. Additional cache-pressure calibration context for tier-transition coverage. Additional cache-pressure calibration context for tier-transition coverage. Additional cache-pressure calibration context for tier-transition coverage. Additional cache-pressure calibration context for tier-transition coverage. Additional cache-pressure calibration context for tier-transition coverage. Additional cache-pressure calibration context for tier-transition coverage. Additional cache-pressure calibration context for tier-transition coverage. Additional cache-pressure calibration context for tier-transition coverage. Additional cache-pressure calibration context for tier-transition coverage. Additional cache-pressure calibration context for tier-transition coverage. Additional cache-pressure calibration context for tier-transition coverage. Additional cache-pressure calibration context for tier-transition coverage. Additional cache-pressure calibration context for tier-transition coverage. Additional cache-pressure calibration context for tier-transition coverage.","You are an expert Physiotherapist AI assistant for the RehabQuest platform. Your role is to provide concise, evidence-based rehabilitation guidance grounded in peer-reviewed clinical literature and WHO recommendations. Always cite relevant studies when possible. Limit answers to three paragraphs. Use metric units. If the question is outside your expertise, state so clearly. RehabQuest is a healthc",1885,[20],[],[20],1,"[""Qwen-Qwen2.5-0.5B-Instruct@1@0@-4ec2be3d4574876@bfloat16.pt""]",lmcache_store_coldpass,lmcache_store_coldpass,1,l1_to_l2,70,71,210.0,213.0,exceed_l1
22,How should a patient warm up before starting rehabilitation exercises?,"Focus question: How should a patient warm up before starting rehabilitation exercises?
Context profile: shared_prefix_rehab_instructions
Prompt tokens: 1885
Context preview: You are an expert Physiotherapist AI assistant for the RehabQuest platform. Your role is to provide concise, evidence-based rehabilitation guidance grounded in peer-reviewed clinical literature and WHO recommendations. Always cite relevant studies when possible. Limit answers to three paragraphs. Use metric units. If the question is outside your expertise, state so clearly. RehabQuest is a healthc",How should a patient warm up before starting rehabilitation exercises?,shared_prefix_rehab_instructions,"You are an expert Physiotherapist AI assistant for the RehabQuest platform. Your role is to provide concise, evidence-based rehabilitation guidance grounded in peer-reviewed clinical literature and WHO recommendations. Always cite relevant studies when possible. Limit answers to three paragraphs. Use metric units. If the question is outside your expertise, state so clearly. RehabQuest is a healthcare startup specialising in AI-driven musculoskeletal rehabilitation using computer vision and wearable sensors. The platform tracks patient exercises in real time, provides corrective feedback, and generates progress reports for clinicians. You must adhere to HIPAA guidelines and never provide a definitive diagnosis. Always recommend that patients consult their treating physician for personalised medical advice before changing their rehabilitation programme. Respond in professional but approachable language. Clinical Practice Guidelines: For musculoskeletal rehabilitation, the American Physical Therapy Association (APTA) recommends a structured, phase-based approach: Phase I (Acute, Days 0-7): Focus on pain management using cryotherapy, compression, and elevation. Introduce gentle range-of-motion exercises within pain tolerance. Apply the PRICE protocol (Protection, Rest, Ice, Compression, Elevation). Monitor for signs of deep vein thrombosis in immobilised patients. Document baseline pain levels using the Visual Analogue Scale (VAS). Phase II (Subacute, Weeks 1-6): Progressive loading following the tissue healing timeline. Introduce isometric exercises progressing to isotonic by week 3. Begin proprioceptive training with balance boards and unstable surfaces. Target 80% of contralateral limb strength before advancing. Monitor inflammatory markers and adjust intensity accordingly. Apply the principle of graduated return to activity. Phase III (Remodelling, Weeks 6-12): Sport-specific or task-specific training. Eccentric strengthening for tendinopathies following the Alfredson protocol. Plyometric progression using the reactive strength index. Functional movement screening (FMS) to identify compensatory patterns. Return-to-sport criteria: 90% limb symmetry index on isokinetic testing, successful completion of hop tests (single, triple, crossover, and timed), and psychological readiness assessed via the ACL-Return to Sport after Injury (ACL-RSI) scale. Phase IV (Maintenance, Ongoing): Long-term injury prevention programming. Periodised strength and conditioning with progressive overload. Neuromuscular control drills integrated into warm-up routines following the FIFA 11+ protocol. Annual functional reassessment recommended. Patient education on load management, sleep hygiene, and nutritional support for tissue recovery. Documentation Standards: Use the International Classification of Functioning, Disability and Health (ICF) framework for assessment documentation. Record objective measures including goniometric range of motion, manual muscle testing grades (Oxford scale 0-5), and validated patient-reported outcome measures (PROMs) such as the Lower Extremity Functional Scale (LEFS), Disabilities of the Arm, Shoulder and Hand (DASH), and Oswestry Disability Index (ODI). Now answer the following clinical question. How should a patient warm up before starting rehabilitation exercises?

[PressureProfile]
 Additional cache-pressure calibration context for tier-transition coverage. Additional cache-pressure calibration context for tier-transition coverage. Additional cache-pressure calibration context for tier-transition coverage. Additional cache-pressure calibration context for tier-transition coverage. Additional cache-pressure calibration context for tier-transition coverage. Additional cache-pressure calibration context for tier-transition coverage. Additional cache-pressure calibration context for tier-transition coverage. Additional cache-pressure calibration context for tier-transition coverage. Additional cache-pressure calibration context for tier-transition coverage. Additional cache-pressure calibration context for tier-transition coverage. Additional cache-pressure calibration context for tier-transition coverage. Additional cache-pressure calibration context for tier-transition coverage. Additional cache-pressure calibration context for tier-transition coverage. Additional cache-pressure calibration context for tier-transition coverage. Additional cache-pressure calibration context for tier-transition coverage. Additional cache-pressure calibration context for tier-transition coverage. Additional cache-pressure calibration context for tier-transition coverage. Additional cache-pressure calibration context for tier-transition coverage. Additional cache-pressure calibration context for tier-transition coverage. Additional cache-pressure calibration context for tier-transition coverage. Additional cache-pressure calibration context for tier-transition coverage. Additional cache-pressure calibration context for tier-transition coverage. Additional cache-pressure calibration context for tier-transition coverage. Additional cache-pressure calibration context for tier-transition coverage. Additional cache-pressure calibration context for tier-transition coverage. Additional cache-pressure calibration context for tier-transition coverage. Additional cache-pressure calibration context for tier-transition coverage. Additional cache-pressure calibration context for tier-transition coverage. Additional cache-pressure calibration context for tier-transition coverage. Additional cache-pressure calibration context for tier-transition coverage. Additional cache-pressure calibration context for tier-transition coverage. Additional cache-pressure calibration context for tier-transition coverage. Additional cache-pressure calibration context for tier-transition coverage. Additional cache-pressure calibration context for tier-transition coverage. Additional cache-pressure calibration context for tier-transition coverage. Additional cache-pressure calibration context for tier-transition coverage. Additional cache-pressure calibration context for tier-transition coverage. Additional cache-pressure calibration context for tier-transition coverage. Additional cache-pressure calibration context for tier-transition coverage. Additional cache-pressure calibration context for tier-transition coverage. Additional cache-pressure calibration context for tier-transition coverage. Additional cache-pressure calibration context for tier-transition coverage. Additional cache-pressure calibration context for tier-transition coverage. Additional cache-pressure calibration context for tier-transition coverage. Additional cache-pressure calibration context for tier-transition coverage. Additional cache-pressure calibration context for tier-transition coverage. Additional cache-pressure calibration context for tier-transition coverage. Additional cache-pressure calibration context for tier-transition coverage. Additional cache-pressure calibration context for tier-transition coverage. Additional cache-pressure calibration context for tier-transition coverage. Additional cache-pressure calibration context for tier-transition coverage. Additional cache-pressure calibration context for tier-transition coverage. Additional cache-pressure calibration context for tier-transition coverage. Additional cache-pressure calibration context for tier-transition coverage. Additional cache-pressure calibration context for tier-transition coverage. Additional cache-pressure calibration context for tier-transition coverage. Additional cache-pressure calibration context for tier-transition coverage. Additional cache-pressure calibration context for tier-transition coverage. Additional cache-pressure calibration context for tier-transition coverage. Additional cache-pressure calibration context for tier-transition coverage. Additional cache-pressure calibration context for tier-transition coverage. Additional cache-pressure calibration context for tier-transition coverage. Additional cache-pressure calibration context for tier-transition coverage. Additional cache-pressure calibration context for tier-transition coverage. Additional cache-pressure calibration context for tier-transition coverage. Additional cache-pressure calibration context for tier-transition coverage. Additional cache-pressure calibration context for tier-transition coverage. Additional cache-pressure calibration context for tier-transition coverage. Additional cache-pressure calibration context for tier-transition coverage. Additional cache-pressure calibration context for tier-transition coverage. Additional cache-pressure calibration context for tier-transition coverage. Additional cache-pressure calibration context for tier-transition coverage. Additional cache-pressure calibration context for tier-transition coverage. Additional cache-pressure calibration context for tier-transition coverage. Additional cache-pressure calibration context for tier-transition coverage. Additional cache-pressure calibration context for tier-transition coverage. Additional cache-pressure calibration context for tier-transition coverage. Additional cache-pressure calibration context for tier-transition coverage. Additional cache-pressure calibration context for tier-transition coverage. Additional cache-pressure calibration context for tier-transition coverage. Additional cache-pressure calibration context for tier-transition coverage. Additional cache-pressure calibration context for tier-transition coverage. Additional cache-pressure calibration context for tier-transition coverage. Additional cache-pressure calibration context for tier-transition coverage. Additional cache-pressure calibration context for tier-transition coverage. Additional cache-pressure calibration context for tier-transition coverage. Additional cache-pressure calibration context for tier-transition coverage. Additional cache-pressure calibration context for tier-transition coverage. Additional cache-pressure calibration context for tier-transition coverage. Additional cache-pressure calibration context for tier-transition coverage. Additional cache-pressure calibration context for tier-transition coverage. Additional cache-pressure calibration context for tier-transition coverage. Additional cache-pressure calibration context for tier-transition coverage. Additional cache-pressure calibration context for tier-transition coverage. Additional cache-pressure calibration context for tier-transition coverage. Additional cache-pressure calibration context for tier-transition coverage. Additional cache-pressure calibration context for tier-transition coverage. Additional cache-pressure calibration context for tier-transition coverage. Additional cache-pressure calibration context for tier-transition coverage. Additional cache-pressure calibration context for tier-transition coverage. Additional cache-pressure calibration context for tier-transition coverage. Additional cache-pressure calibration context for tier-transition coverage. Additional cache-pressure calibration context for tier-transition coverage. Additional cache-pressure calibration context for tier-transition coverage. Additional cache-pressure calibration context for tier-transition coverage. Additional cache-pressure calibration context for tier-transition coverage. Additional cache-pressure calibration context for tier-transition coverage. Additional cache-pressure calibration context for tier-transition coverage. Additional cache-pressure calibration context for tier-transition coverage. Additional cache-pressure calibration context for tier-transition coverage. Additional cache-pressure calibration context for tier-transition coverage. Additional cache-pressure calibration context for tier-transition coverage. Additional cache-pressure calibration context for tier-transition coverage. Additional cache-pressure calibration context for tier-transition coverage. Additional cache-pressure calibration context for tier-transition coverage. Additional cache-pressure calibration context for tier-transition coverage. Additional cache-pressure calibration context for tier-transition coverage. Additional cache-pressure calibration context for tier-transition coverage. Additional cache-pressure calibration context for tier-transition coverage. Additional cache-pressure calibration context for tier-transition coverage. Additional cache-pressure calibration context for tier-transition coverage. Additional cache-pressure calibration context for tier-transition coverage. Additional cache-pressure calibration context for tier-transition coverage. Additional cache-pressure calibration context for tier-transition coverage. Additional cache-pressure calibration context for tier-transition coverage. Additional cache-pressure calibration context for tier-transition coverage. Additional cache-pressure calibration context for tier-transition coverage. Additional cache-pressure calibration context for tier-transition coverage. Additional cache-pressure calibration context for tier-transition coverage. Additional cache-pressure calibration context for tier-transition coverage. Additional cache-pressure calibration context for tier-transition coverage. Additional cache-pressure calibration context for tier-transition coverage. Additional cache-pressure calibration context for tier-transition coverage. Additional cache-pressure calibration context for tier-transition coverage. Additional cache-pressure calibration context for tier-transition coverage. Additional cache-pressure calibration context for tier-transition coverage. Additional cache-pressure calibration context for tier-transition coverage. Additional cache-pressure calibration context for tier-transition coverage. Additional cache-pressure calibration context for tier-transition coverage. Additional cache-pressure calibration context for tier-transition coverage. Additional cache-pressure calibration context for tier-transition coverage. Additional cache-pressure calibration context for tier-transition coverage. Additional cache-pressure calibration context for tier-transition coverage. Additional cache-pressure calibration context for tier-transition coverage. Additional cache-pressure calibration context for tier-transition coverage. Additional cache-pressure calibration context for tier-transition coverage. Additional cache-pressure calibration context for tier-transition coverage. Additional cache-pressure calibration context for tier-transition coverage. Additional cache-pressure calibration context for tier-transition coverage. Additional cache-pressure calibration context for tier-transition coverage. Additional cache-pressure calibration context for tier-transition coverage. Additional cache-pressure calibration context for tier-transition coverage. Additional cache-pressure calibration context for tier-transition coverage. Additional cache-pressure calibration context for tier-transition coverage. Additional cache-pressure calibration context for tier-transition coverage. Additional cache-pressure calibration context for tier-transition coverage.","You are an expert Physiotherapist AI assistant for the RehabQuest platform. Your role is to provide concise, evidence-based rehabilitation guidance grounded in peer-reviewed clinical literature and WHO recommendations. Always cite relevant studies when possible. Limit answers to three paragraphs. Use metric units. If the question is outside your expertise, state so clearly. RehabQuest is a healthc",1885,[21],[],[21],1,"[""Qwen-Qwen2.5-0.5B-Instruct@1@0@667aa0291ac9ced7@bfloat16.pt""]",lmcache_store_coldpass,lmcache_store_coldpass,1,l1_to_l2,71,72,213.0,216.0,exceed_l1
23,What is the evidence for kinesiology taping in shoulder impingement?,"Focus question: What is the evidence for kinesiology taping in shoulder impingement?
Context profile: shared_prefix_rehab_instructions
Prompt tokens: 1885
Context preview: You are an expert Physiotherapist AI assistant for the RehabQuest platform. Your role is to provide concise, evidence-based rehabilitation guidance grounded in peer-reviewed clinical literature and WHO recommendations. Always cite relevant studies when possible. Limit answers to three paragraphs. Use metric units. If the question is outside your expertise, state so clearly. RehabQuest is a healthc",What is the evidence for kinesiology taping in shoulder impingement?,shared_prefix_rehab_instructions,"You are an expert Physiotherapist AI assistant for the RehabQuest platform. Your role is to provide concise, evidence-based rehabilitation guidance grounded in peer-reviewed clinical literature and WHO recommendations. Always cite relevant studies when possible. Limit answers to three paragraphs. Use metric units. If the question is outside your expertise, state so clearly. RehabQuest is a healthcare startup specialising in AI-driven musculoskeletal rehabilitation using computer vision and wearable sensors. The platform tracks patient exercises in real time, provides corrective feedback, and generates progress reports for clinicians. You must adhere to HIPAA guidelines and never provide a definitive diagnosis. Always recommend that patients consult their treating physician for personalised medical advice before changing their rehabilitation programme. Respond in professional but approachable language. Clinical Practice Guidelines: For musculoskeletal rehabilitation, the American Physical Therapy Association (APTA) recommends a structured, phase-based approach: Phase I (Acute, Days 0-7): Focus on pain management using cryotherapy, compression, and elevation. Introduce gentle range-of-motion exercises within pain tolerance. Apply the PRICE protocol (Protection, Rest, Ice, Compression, Elevation). Monitor for signs of deep vein thrombosis in immobilised patients. Document baseline pain levels using the Visual Analogue Scale (VAS). Phase II (Subacute, Weeks 1-6): Progressive loading following the tissue healing timeline. Introduce isometric exercises progressing to isotonic by week 3. Begin proprioceptive training with balance boards and unstable surfaces. Target 80% of contralateral limb strength before advancing. Monitor inflammatory markers and adjust intensity accordingly. Apply the principle of graduated return to activity. Phase III (Remodelling, Weeks 6-12): Sport-specific or task-specific training. Eccentric strengthening for tendinopathies following the Alfredson protocol. Plyometric progression using the reactive strength index. Functional movement screening (FMS) to identify compensatory patterns. Return-to-sport criteria: 90% limb symmetry index on isokinetic testing, successful completion of hop tests (single, triple, crossover, and timed), and psychological readiness assessed via the ACL-Return to Sport after Injury (ACL-RSI) scale. Phase IV (Maintenance, Ongoing): Long-term injury prevention programming. Periodised strength and conditioning with progressive overload. Neuromuscular control drills integrated into warm-up routines following the FIFA 11+ protocol. Annual functional reassessment recommended. Patient education on load management, sleep hygiene, and nutritional support for tissue recovery. Documentation Standards: Use the International Classification of Functioning, Disability and Health (ICF) framework for assessment documentation. Record objective measures including goniometric range of motion, manual muscle testing grades (Oxford scale 0-5), and validated patient-reported outcome measures (PROMs) such as the Lower Extremity Functional Scale (LEFS), Disabilities of the Arm, Shoulder and Hand (DASH), and Oswestry Disability Index (ODI). Now answer the following clinical question. What is the evidence for kinesiology taping in shoulder impingement?

[PressureProfile]
 Additional cache-pressure calibration context for tier-transition coverage. Additional cache-pressure calibration context for tier-transition coverage. Additional cache-pressure calibration context for tier-transition coverage. Additional cache-pressure calibration context for tier-transition coverage. Additional cache-pressure calibration context for tier-transition coverage. Additional cache-pressure calibration context for tier-transition coverage. Additional cache-pressure calibration context for tier-transition coverage. Additional cache-pressure calibration context for tier-transition coverage. Additional cache-pressure calibration context for tier-transition coverage. Additional cache-pressure calibration context for tier-transition coverage. Additional cache-pressure calibration context for tier-transition coverage. Additional cache-pressure calibration context for tier-transition coverage. Additional cache-pressure calibration context for tier-transition coverage. Additional cache-pressure calibration context for tier-transition coverage. Additional cache-pressure calibration context for tier-transition coverage. Additional cache-pressure calibration context for tier-transition coverage. Additional cache-pressure calibration context for tier-transition coverage. Additional cache-pressure calibration context for tier-transition coverage. Additional cache-pressure calibration context for tier-transition coverage. Additional cache-pressure calibration context for tier-transition coverage. Additional cache-pressure calibration context for tier-transition coverage. Additional cache-pressure calibration context for tier-transition coverage. Additional cache-pressure calibration context for tier-transition coverage. Additional cache-pressure calibration context for tier-transition coverage. Additional cache-pressure calibration context for tier-transition coverage. Additional cache-pressure calibration context for tier-transition coverage. Additional cache-pressure calibration context for tier-transition coverage. Additional cache-pressure calibration context for tier-transition coverage. Additional cache-pressure calibration context for tier-transition coverage. Additional cache-pressure calibration context for tier-transition coverage. Additional cache-pressure calibration context for tier-transition coverage. Additional cache-pressure calibration context for tier-transition coverage. Additional cache-pressure calibration context for tier-transition coverage. Additional cache-pressure calibration context for tier-transition coverage. Additional cache-pressure calibration context for tier-transition coverage. Additional cache-pressure calibration context for tier-transition coverage. Additional cache-pressure calibration context for tier-transition coverage. Additional cache-pressure calibration context for tier-transition coverage. Additional cache-pressure calibration context for tier-transition coverage. Additional cache-pressure calibration context for tier-transition coverage. Additional cache-pressure calibration context for tier-transition coverage. Additional cache-pressure calibration context for tier-transition coverage. Additional cache-pressure calibration context for tier-transition coverage. Additional cache-pressure calibration context for tier-transition coverage. Additional cache-pressure calibration context for tier-transition coverage. Additional cache-pressure calibration context for tier-transition coverage. Additional cache-pressure calibration context for tier-transition coverage. Additional cache-pressure calibration context for tier-transition coverage. Additional cache-pressure calibration context for tier-transition coverage. Additional cache-pressure calibration context for tier-transition coverage. Additional cache-pressure calibration context for tier-transition coverage. Additional cache-pressure calibration context for tier-transition coverage. Additional cache-pressure calibration context for tier-transition coverage. Additional cache-pressure calibration context for tier-transition coverage. Additional cache-pressure calibration context for tier-transition coverage. Additional cache-pressure calibration context for tier-transition coverage. Additional cache-pressure calibration context for tier-transition coverage. Additional cache-pressure calibration context for tier-transition coverage. Additional cache-pressure calibration context for tier-transition coverage. Additional cache-pressure calibration context for tier-transition coverage. Additional cache-pressure calibration context for tier-transition coverage. Additional cache-pressure calibration context for tier-transition coverage. Additional cache-pressure calibration context for tier-transition coverage. Additional cache-pressure calibration context for tier-transition coverage. Additional cache-pressure calibration context for tier-transition coverage. Additional cache-pressure calibration context for tier-transition coverage. Additional cache-pressure calibration context for tier-transition coverage. Additional cache-pressure calibration context for tier-transition coverage. Additional cache-pressure calibration context for tier-transition coverage. Additional cache-pressure calibration context for tier-transition coverage. Additional cache-pressure calibration context for tier-transition coverage. Additional cache-pressure calibration context for tier-transition coverage. Additional cache-pressure calibration context for tier-transition coverage. Additional cache-pressure calibration context for tier-transition coverage. Additional cache-pressure calibration context for tier-transition coverage. Additional cache-pressure calibration context for tier-transition coverage. Additional cache-pressure calibration context for tier-transition coverage. Additional cache-pressure calibration context for tier-transition coverage. Additional cache-pressure calibration context for tier-transition coverage. Additional cache-pressure calibration context for tier-transition coverage. Additional cache-pressure calibration context for tier-transition coverage. Additional cache-pressure calibration context for tier-transition coverage. Additional cache-pressure calibration context for tier-transition coverage. Additional cache-pressure calibration context for tier-transition coverage. Additional cache-pressure calibration context for tier-transition coverage. Additional cache-pressure calibration context for tier-transition coverage. Additional cache-pressure calibration context for tier-transition coverage. Additional cache-pressure calibration context for tier-transition coverage. Additional cache-pressure calibration context for tier-transition coverage. Additional cache-pressure calibration context for tier-transition coverage. Additional cache-pressure calibration context for tier-transition coverage. Additional cache-pressure calibration context for tier-transition coverage. Additional cache-pressure calibration context for tier-transition coverage. Additional cache-pressure calibration context for tier-transition coverage. Additional cache-pressure calibration context for tier-transition coverage. Additional cache-pressure calibration context for tier-transition coverage. Additional cache-pressure calibration context for tier-transition coverage. Additional cache-pressure calibration context for tier-transition coverage. Additional cache-pressure calibration context for tier-transition coverage. Additional cache-pressure calibration context for tier-transition coverage. Additional cache-pressure calibration context for tier-transition coverage. Additional cache-pressure calibration context for tier-transition coverage. Additional cache-pressure calibration context for tier-transition coverage. Additional cache-pressure calibration context for tier-transition coverage. Additional cache-pressure calibration context for tier-transition coverage. Additional cache-pressure calibration context for tier-transition coverage. Additional cache-pressure calibration context for tier-transition coverage. Additional cache-pressure calibration context for tier-transition coverage. Additional cache-pressure calibration context for tier-transition coverage. Additional cache-pressure calibration context for tier-transition coverage. Additional cache-pressure calibration context for tier-transition coverage. Additional cache-pressure calibration context for tier-transition coverage. Additional cache-pressure calibration context for tier-transition coverage. Additional cache-pressure calibration context for tier-transition coverage. Additional cache-pressure calibration context for tier-transition coverage. Additional cache-pressure calibration context for tier-transition coverage. Additional cache-pressure calibration context for tier-transition coverage. Additional cache-pressure calibration context for tier-transition coverage. Additional cache-pressure calibration context for tier-transition coverage. Additional cache-pressure calibration context for tier-transition coverage. Additional cache-pressure calibration context for tier-transition coverage. Additional cache-pressure calibration context for tier-transition coverage. Additional cache-pressure calibration context for tier-transition coverage. Additional cache-pressure calibration context for tier-transition coverage. Additional cache-pressure calibration context for tier-transition coverage. Additional cache-pressure calibration context for tier-transition coverage. Additional cache-pressure calibration context for tier-transition coverage. Additional cache-pressure calibration context for tier-transition coverage. Additional cache-pressure calibration context for tier-transition coverage. Additional cache-pressure calibration context for tier-transition coverage. Additional cache-pressure calibration context for tier-transition coverage. Additional cache-pressure calibration context for tier-transition coverage. Additional cache-pressure calibration context for tier-transition coverage. Additional cache-pressure calibration context for tier-transition coverage. Additional cache-pressure calibration context for tier-transition coverage. Additional cache-pressure calibration context for tier-transition coverage. Additional cache-pressure calibration context for tier-transition coverage. Additional cache-pressure calibration context for tier-transition coverage. Additional cache-pressure calibration context for tier-transition coverage. Additional cache-pressure calibration context for tier-transition coverage. Additional cache-pressure calibration context for tier-transition coverage. Additional cache-pressure calibration context for tier-transition coverage. Additional cache-pressure calibration context for tier-transition coverage. Additional cache-pressure calibration context for tier-transition coverage. Additional cache-pressure calibration context for tier-transition coverage. Additional cache-pressure calibration context for tier-transition coverage. Additional cache-pressure calibration context for tier-transition coverage. Additional cache-pressure calibration context for tier-transition coverage. Additional cache-pressure calibration context for tier-transition coverage. Additional cache-pressure calibration context for tier-transition coverage. Additional cache-pressure calibration context for tier-transition coverage. Additional cache-pressure calibration context for tier-transition coverage. Additional cache-pressure calibration context for tier-transition coverage. Additional cache-pressure calibration context for tier-transition coverage. Additional cache-pressure calibration context for tier-transition coverage. Additional cache-pressure calibration context for tier-transition coverage.","You are an expert Physiotherapist AI assistant for the RehabQuest platform. Your role is to provide concise, evidence-based rehabilitation guidance grounded in peer-reviewed clinical literature and WHO recommendations. Always cite relevant studies when possible. Limit answers to three paragraphs. Use metric units. If the question is outside your expertise, state so clearly. RehabQuest is a healthc",1885,[22],[],[22],1,"[""Qwen-Qwen2.5-0.5B-Instruct@1@0@-7d1a51b898f717c8@bfloat16.pt""]",lmcache_store_coldpass,lmcache_store_coldpass,1,l1_to_l2,72,73,216.0,219.0,exceed_l1
24,How does sleep quality affect musculoskeletal recovery?,"Focus question: How does sleep quality affect musculoskeletal recovery?
Context profile: shared_prefix_rehab_instructions
Prompt tokens: 1885
Context preview: You are an expert Physiotherapist AI assistant for the RehabQuest platform. Your role is to provide concise, evidence-based rehabilitation guidance grounded in peer-reviewed clinical literature and WHO recommendations. Always cite relevant studies when possible. Limit answers to three paragraphs. Use metric units. If the question is outside your expertise, state so clearly. RehabQuest is a healthc",How does sleep quality affect musculoskeletal recovery?,shared_prefix_rehab_instructions,"You are an expert Physiotherapist AI assistant for the RehabQuest platform. Your role is to provide concise, evidence-based rehabilitation guidance grounded in peer-reviewed clinical literature and WHO recommendations. Always cite relevant studies when possible. Limit answers to three paragraphs. Use metric units. If the question is outside your expertise, state so clearly. RehabQuest is a healthcare startup specialising in AI-driven musculoskeletal rehabilitation using computer vision and wearable sensors. The platform tracks patient exercises in real time, provides corrective feedback, and generates progress reports for clinicians. You must adhere to HIPAA guidelines and never provide a definitive diagnosis. Always recommend that patients consult their treating physician for personalised medical advice before changing their rehabilitation programme. Respond in professional but approachable language. Clinical Practice Guidelines: For musculoskeletal rehabilitation, the American Physical Therapy Association (APTA) recommends a structured, phase-based approach: Phase I (Acute, Days 0-7): Focus on pain management using cryotherapy, compression, and elevation. Introduce gentle range-of-motion exercises within pain tolerance. Apply the PRICE protocol (Protection, Rest, Ice, Compression, Elevation). Monitor for signs of deep vein thrombosis in immobilised patients. Document baseline pain levels using the Visual Analogue Scale (VAS). Phase II (Subacute, Weeks 1-6): Progressive loading following the tissue healing timeline. Introduce isometric exercises progressing to isotonic by week 3. Begin proprioceptive training with balance boards and unstable surfaces. Target 80% of contralateral limb strength before advancing. Monitor inflammatory markers and adjust intensity accordingly. Apply the principle of graduated return to activity. Phase III (Remodelling, Weeks 6-12): Sport-specific or task-specific training. Eccentric strengthening for tendinopathies following the Alfredson protocol. Plyometric progression using the reactive strength index. Functional movement screening (FMS) to identify compensatory patterns. Return-to-sport criteria: 90% limb symmetry index on isokinetic testing, successful completion of hop tests (single, triple, crossover, and timed), and psychological readiness assessed via the ACL-Return to Sport after Injury (ACL-RSI) scale. Phase IV (Maintenance, Ongoing): Long-term injury prevention programming. Periodised strength and conditioning with progressive overload. Neuromuscular control drills integrated into warm-up routines following the FIFA 11+ protocol. Annual functional reassessment recommended. Patient education on load management, sleep hygiene, and nutritional support for tissue recovery. Documentation Standards: Use the International Classification of Functioning, Disability and Health (ICF) framework for assessment documentation. Record objective measures including goniometric range of motion, manual muscle testing grades (Oxford scale 0-5), and validated patient-reported outcome measures (PROMs) such as the Lower Extremity Functional Scale (LEFS), Disabilities of the Arm, Shoulder and Hand (DASH), and Oswestry Disability Index (ODI). Now answer the following clinical question. How does sleep quality affect musculoskeletal recovery?

[PressureProfile]
 Additional cache-pressure calibration context for tier-transition coverage. Additional cache-pressure calibration context for tier-transition coverage. Additional cache-pressure calibration context for tier-transition coverage. Additional cache-pressure calibration context for tier-transition coverage. Additional cache-pressure calibration context for tier-transition coverage. Additional cache-pressure calibration context for tier-transition coverage. Additional cache-pressure calibration context for tier-transition coverage. Additional cache-pressure calibration context for tier-transition coverage. Additional cache-pressure calibration context for tier-transition coverage. Additional cache-pressure calibration context for tier-transition coverage. Additional cache-pressure calibration context for tier-transition coverage. Additional cache-pressure calibration context for tier-transition coverage. Additional cache-pressure calibration context for tier-transition coverage. Additional cache-pressure calibration context for tier-transition coverage. Additional cache-pressure calibration context for tier-transition coverage. Additional cache-pressure calibration context for tier-transition coverage. Additional cache-pressure calibration context for tier-transition coverage. Additional cache-pressure calibration context for tier-transition coverage. Additional cache-pressure calibration context for tier-transition coverage. Additional cache-pressure calibration context for tier-transition coverage. Additional cache-pressure calibration context for tier-transition coverage. Additional cache-pressure calibration context for tier-transition coverage. Additional cache-pressure calibration context for tier-transition coverage. Additional cache-pressure calibration context for tier-transition coverage. Additional cache-pressure calibration context for tier-transition coverage. Additional cache-pressure calibration context for tier-transition coverage. Additional cache-pressure calibration context for tier-transition coverage. Additional cache-pressure calibration context for tier-transition coverage. Additional cache-pressure calibration context for tier-transition coverage. Additional cache-pressure calibration context for tier-transition coverage. Additional cache-pressure calibration context for tier-transition coverage. Additional cache-pressure calibration context for tier-transition coverage. Additional cache-pressure calibration context for tier-transition coverage. Additional cache-pressure calibration context for tier-transition coverage. Additional cache-pressure calibration context for tier-transition coverage. Additional cache-pressure calibration context for tier-transition coverage. Additional cache-pressure calibration context for tier-transition coverage. Additional cache-pressure calibration context for tier-transition coverage. Additional cache-pressure calibration context for tier-transition coverage. Additional cache-pressure calibration context for tier-transition coverage. Additional cache-pressure calibration context for tier-transition coverage. Additional cache-pressure calibration context for tier-transition coverage. Additional cache-pressure calibration context for tier-transition coverage. Additional cache-pressure calibration context for tier-transition coverage. Additional cache-pressure calibration context for tier-transition coverage. Additional cache-pressure calibration context for tier-transition coverage. Additional cache-pressure calibration context for tier-transition coverage. Additional cache-pressure calibration context for tier-transition coverage. Additional cache-pressure calibration context for tier-transition coverage. Additional cache-pressure calibration context for tier-transition coverage. Additional cache-pressure calibration context for tier-transition coverage. Additional cache-pressure calibration context for tier-transition coverage. Additional cache-pressure calibration context for tier-transition coverage. Additional cache-pressure calibration context for tier-transition coverage. Additional cache-pressure calibration context for tier-transition coverage. Additional cache-pressure calibration context for tier-transition coverage. Additional cache-pressure calibration context for tier-transition coverage. Additional cache-pressure calibration context for tier-transition coverage. Additional cache-pressure calibration context for tier-transition coverage. Additional cache-pressure calibration context for tier-transition coverage. Additional cache-pressure calibration context for tier-transition coverage. Additional cache-pressure calibration context for tier-transition coverage. Additional cache-pressure calibration context for tier-transition coverage. Additional cache-pressure calibration context for tier-transition coverage. Additional cache-pressure calibration context for tier-transition coverage. Additional cache-pressure calibration context for tier-transition coverage. Additional cache-pressure calibration context for tier-transition coverage. Additional cache-pressure calibration context for tier-transition coverage. Additional cache-pressure calibration context for tier-transition coverage. Additional cache-pressure calibration context for tier-transition coverage. Additional cache-pressure calibration context for tier-transition coverage. Additional cache-pressure calibration context for tier-transition coverage. Additional cache-pressure calibration context for tier-transition coverage. Additional cache-pressure calibration context for tier-transition coverage. Additional cache-pressure calibration context for tier-transition coverage. Additional cache-pressure calibration context for tier-transition coverage. Additional cache-pressure calibration context for tier-transition coverage. Additional cache-pressure calibration context for tier-transition coverage. Additional cache-pressure calibration context for tier-transition coverage. Additional cache-pressure calibration context for tier-transition coverage. Additional cache-pressure calibration context for tier-transition coverage. Additional cache-pressure calibration context for tier-transition coverage. Additional cache-pressure calibration context for tier-transition coverage. Additional cache-pressure calibration context for tier-transition coverage. Additional cache-pressure calibration context for tier-transition coverage. Additional cache-pressure calibration context for tier-transition coverage. Additional cache-pressure calibration context for tier-transition coverage. Additional cache-pressure calibration context for tier-transition coverage. Additional cache-pressure calibration context for tier-transition coverage. Additional cache-pressure calibration context for tier-transition coverage. Additional cache-pressure calibration context for tier-transition coverage. Additional cache-pressure calibration context for tier-transition coverage. Additional cache-pressure calibration context for tier-transition coverage. Additional cache-pressure calibration context for tier-transition coverage. Additional cache-pressure calibration context for tier-transition coverage. Additional cache-pressure calibration context for tier-transition coverage. Additional cache-pressure calibration context for tier-transition coverage. Additional cache-pressure calibration context for tier-transition coverage. Additional cache-pressure calibration context for tier-transition coverage. Additional cache-pressure calibration context for tier-transition coverage. Additional cache-pressure calibration context for tier-transition coverage. Additional cache-pressure calibration context for tier-transition coverage. Additional cache-pressure calibration context for tier-transition coverage. Additional cache-pressure calibration context for tier-transition coverage. Additional cache-pressure calibration context for tier-transition coverage. Additional cache-pressure calibration context for tier-transition coverage. Additional cache-pressure calibration context for tier-transition coverage. Additional cache-pressure calibration context for tier-transition coverage. Additional cache-pressure calibration context for tier-transition coverage. Additional cache-pressure calibration context for tier-transition coverage. Additional cache-pressure calibration context for tier-transition coverage. Additional cache-pressure calibration context for tier-transition coverage. Additional cache-pressure calibration context for tier-transition coverage. Additional cache-pressure calibration context for tier-transition coverage. Additional cache-pressure calibration context for tier-transition coverage. Additional cache-pressure calibration context for tier-transition coverage. Additional cache-pressure calibration context for tier-transition coverage. Additional cache-pressure calibration context for tier-transition coverage. Additional cache-pressure calibration context for tier-transition coverage. Additional cache-pressure calibration context for tier-transition coverage. Additional cache-pressure calibration context for tier-transition coverage. Additional cache-pressure calibration context for tier-transition coverage. Additional cache-pressure calibration context for tier-transition coverage. Additional cache-pressure calibration context for tier-transition coverage. Additional cache-pressure calibration context for tier-transition coverage. Additional cache-pressure calibration context for tier-transition coverage. Additional cache-pressure calibration context for tier-transition coverage. Additional cache-pressure calibration context for tier-transition coverage. Additional cache-pressure calibration context for tier-transition coverage. Additional cache-pressure calibration context for tier-transition coverage. Additional cache-pressure calibration context for tier-transition coverage. Additional cache-pressure calibration context for tier-transition coverage. Additional cache-pressure calibration context for tier-transition coverage. Additional cache-pressure calibration context for tier-transition coverage. Additional cache-pressure calibration context for tier-transition coverage. Additional cache-pressure calibration context for tier-transition coverage. Additional cache-pressure calibration context for tier-transition coverage. Additional cache-pressure calibration context for tier-transition coverage. Additional cache-pressure calibration context for tier-transition coverage. Additional cache-pressure calibration context for tier-transition coverage. Additional cache-pressure calibration context for tier-transition coverage. Additional cache-pressure calibration context for tier-transition coverage. Additional cache-pressure calibration context for tier-transition coverage. Additional cache-pressure calibration context for tier-transition coverage. Additional cache-pressure calibration context for tier-transition coverage. Additional cache-pressure calibration context for tier-transition coverage. Additional cache-pressure calibration context for tier-transition coverage. Additional cache-pressure calibration context for tier-transition coverage. Additional cache-pressure calibration context for tier-transition coverage. Additional cache-pressure calibration context for tier-transition coverage. Additional cache-pressure calibration context for tier-transition coverage. Additional cache-pressure calibration context for tier-transition coverage. Additional cache-pressure calibration context for tier-transition coverage. Additional cache-pressure calibration context for tier-transition coverage. Additional cache-pressure calibration context for tier-transition coverage. Additional cache-pressure calibration context for tier-transition coverage.","You are an expert Physiotherapist AI assistant for the RehabQuest platform. Your role is to provide concise, evidence-based rehabilitation guidance grounded in peer-reviewed clinical literature and WHO recommendations. Always cite relevant studies when possible. Limit answers to three paragraphs. Use metric units. If the question is outside your expertise, state so clearly. RehabQuest is a healthc",1885,[23],[],[23],1,"[""Qwen-Qwen2.5-0.5B-Instruct@1@0@-20e300a65941e690@bfloat16.pt""]",lmcache_store_coldpass,lmcache_store_coldpass,1,l1_to_l2,73,74,219.0,222.0,exceed_l1
25,What exercises are contraindicated after lumbar discectomy?,"Focus question: What exercises are contraindicated after lumbar discectomy?
Context profile: shared_prefix_rehab_instructions
Prompt tokens: 1885
Context preview: You are an expert Physiotherapist AI assistant for the RehabQuest platform. Your role is to provide concise, evidence-based rehabilitation guidance grounded in peer-reviewed clinical literature and WHO recommendations. Always cite relevant studies when possible. Limit answers to three paragraphs. Use metric units. If the question is outside your expertise, state so clearly. RehabQuest is a healthc",What exercises are contraindicated after lumbar discectomy?,shared_prefix_rehab_instructions,"You are an expert Physiotherapist AI assistant for the RehabQuest platform. Your role is to provide concise, evidence-based rehabilitation guidance grounded in peer-reviewed clinical literature and WHO recommendations. Always cite relevant studies when possible. Limit answers to three paragraphs. Use metric units. If the question is outside your expertise, state so clearly. RehabQuest is a healthcare startup specialising in AI-driven musculoskeletal rehabilitation using computer vision and wearable sensors. The platform tracks patient exercises in real time, provides corrective feedback, and generates progress reports for clinicians. You must adhere to HIPAA guidelines and never provide a definitive diagnosis. Always recommend that patients consult their treating physician for personalised medical advice before changing their rehabilitation programme. Respond in professional but approachable language. Clinical Practice Guidelines: For musculoskeletal rehabilitation, the American Physical Therapy Association (APTA) recommends a structured, phase-based approach: Phase I (Acute, Days 0-7): Focus on pain management using cryotherapy, compression, and elevation. Introduce gentle range-of-motion exercises within pain tolerance. Apply the PRICE protocol (Protection, Rest, Ice, Compression, Elevation). Monitor for signs of deep vein thrombosis in immobilised patients. Document baseline pain levels using the Visual Analogue Scale (VAS). Phase II (Subacute, Weeks 1-6): Progressive loading following the tissue healing timeline. Introduce isometric exercises progressing to isotonic by week 3. Begin proprioceptive training with balance boards and unstable surfaces. Target 80% of contralateral limb strength before advancing. Monitor inflammatory markers and adjust intensity accordingly. Apply the principle of graduated return to activity. Phase III (Remodelling, Weeks 6-12): Sport-specific or task-specific training. Eccentric strengthening for tendinopathies following the Alfredson protocol. Plyometric progression using the reactive strength index. Functional movement screening (FMS) to identify compensatory patterns. Return-to-sport criteria: 90% limb symmetry index on isokinetic testing, successful completion of hop tests (single, triple, crossover, and timed), and psychological readiness assessed via the ACL-Return to Sport after Injury (ACL-RSI) scale. Phase IV (Maintenance, Ongoing): Long-term injury prevention programming. Periodised strength and conditioning with progressive overload. Neuromuscular control drills integrated into warm-up routines following the FIFA 11+ protocol. Annual functional reassessment recommended. Patient education on load management, sleep hygiene, and nutritional support for tissue recovery. Documentation Standards: Use the International Classification of Functioning, Disability and Health (ICF) framework for assessment documentation. Record objective measures including goniometric range of motion, manual muscle testing grades (Oxford scale 0-5), and validated patient-reported outcome measures (PROMs) such as the Lower Extremity Functional Scale (LEFS), Disabilities of the Arm, Shoulder and Hand (DASH), and Oswestry Disability Index (ODI). Now answer the following clinical question. What exercises are contraindicated after lumbar discectomy?

[PressureProfile]
 Additional cache-pressure calibration context for tier-transition coverage. Additional cache-pressure calibration context for tier-transition coverage. Additional cache-pressure calibration context for tier-transition coverage. Additional cache-pressure calibration context for tier-transition coverage. Additional cache-pressure calibration context for tier-transition coverage. Additional cache-pressure calibration context for tier-transition coverage. Additional cache-pressure calibration context for tier-transition coverage. Additional cache-pressure calibration context for tier-transition coverage. Additional cache-pressure calibration context for tier-transition coverage. Additional cache-pressure calibration context for tier-transition coverage. Additional cache-pressure calibration context for tier-transition coverage. Additional cache-pressure calibration context for tier-transition coverage. Additional cache-pressure calibration context for tier-transition coverage. Additional cache-pressure calibration context for tier-transition coverage. Additional cache-pressure calibration context for tier-transition coverage. Additional cache-pressure calibration context for tier-transition coverage. Additional cache-pressure calibration context for tier-transition coverage. Additional cache-pressure calibration context for tier-transition coverage. Additional cache-pressure calibration context for tier-transition coverage. Additional cache-pressure calibration context for tier-transition coverage. Additional cache-pressure calibration context for tier-transition coverage. Additional cache-pressure calibration context for tier-transition coverage. Additional cache-pressure calibration context for tier-transition coverage. Additional cache-pressure calibration context for tier-transition coverage. Additional cache-pressure calibration context for tier-transition coverage. Additional cache-pressure calibration context for tier-transition coverage. Additional cache-pressure calibration context for tier-transition coverage. Additional cache-pressure calibration context for tier-transition coverage. Additional cache-pressure calibration context for tier-transition coverage. Additional cache-pressure calibration context for tier-transition coverage. Additional cache-pressure calibration context for tier-transition coverage. Additional cache-pressure calibration context for tier-transition coverage. Additional cache-pressure calibration context for tier-transition coverage. Additional cache-pressure calibration context for tier-transition coverage. Additional cache-pressure calibration context for tier-transition coverage. Additional cache-pressure calibration context for tier-transition coverage. Additional cache-pressure calibration context for tier-transition coverage. Additional cache-pressure calibration context for tier-transition coverage. Additional cache-pressure calibration context for tier-transition coverage. Additional cache-pressure calibration context for tier-transition coverage. Additional cache-pressure calibration context for tier-transition coverage. Additional cache-pressure calibration context for tier-transition coverage. Additional cache-pressure calibration context for tier-transition coverage. Additional cache-pressure calibration context for tier-transition coverage. Additional cache-pressure calibration context for tier-transition coverage. Additional cache-pressure calibration context for tier-transition coverage. Additional cache-pressure calibration context for tier-transition coverage. Additional cache-pressure calibration context for tier-transition coverage. Additional cache-pressure calibration context for tier-transition coverage. Additional cache-pressure calibration context for tier-transition coverage. Additional cache-pressure calibration context for tier-transition coverage. Additional cache-pressure calibration context for tier-transition coverage. Additional cache-pressure calibration context for tier-transition coverage. Additional cache-pressure calibration context for tier-transition coverage. Additional cache-pressure calibration context for tier-transition coverage. Additional cache-pressure calibration context for tier-transition coverage. Additional cache-pressure calibration context for tier-transition coverage. Additional cache-pressure calibration context for tier-transition coverage. Additional cache-pressure calibration context for tier-transition coverage. Additional cache-pressure calibration context for tier-transition coverage. Additional cache-pressure calibration context for tier-transition coverage. Additional cache-pressure calibration context for tier-transition coverage. Additional cache-pressure calibration context for tier-transition coverage. Additional cache-pressure calibration context for tier-transition coverage. Additional cache-pressure calibration context for tier-transition coverage. Additional cache-pressure calibration context for tier-transition coverage. Additional cache-pressure calibration context for tier-transition coverage. Additional cache-pressure calibration context for tier-transition coverage. Additional cache-pressure calibration context for tier-transition coverage. Additional cache-pressure calibration context for tier-transition coverage. Additional cache-pressure calibration context for tier-transition coverage. Additional cache-pressure calibration context for tier-transition coverage. Additional cache-pressure calibration context for tier-transition coverage. Additional cache-pressure calibration context for tier-transition coverage. Additional cache-pressure calibration context for tier-transition coverage. Additional cache-pressure calibration context for tier-transition coverage. Additional cache-pressure calibration context for tier-transition coverage. Additional cache-pressure calibration context for tier-transition coverage. Additional cache-pressure calibration context for tier-transition coverage. Additional cache-pressure calibration context for tier-transition coverage. Additional cache-pressure calibration context for tier-transition coverage. Additional cache-pressure calibration context for tier-transition coverage. Additional cache-pressure calibration context for tier-transition coverage. Additional cache-pressure calibration context for tier-transition coverage. Additional cache-pressure calibration context for tier-transition coverage. Additional cache-pressure calibration context for tier-transition coverage. Additional cache-pressure calibration context for tier-transition coverage. Additional cache-pressure calibration context for tier-transition coverage. Additional cache-pressure calibration context for tier-transition coverage. Additional cache-pressure calibration context for tier-transition coverage. Additional cache-pressure calibration context for tier-transition coverage. Additional cache-pressure calibration context for tier-transition coverage. Additional cache-pressure calibration context for tier-transition coverage. Additional cache-pressure calibration context for tier-transition coverage. Additional cache-pressure calibration context for tier-transition coverage. Additional cache-pressure calibration context for tier-transition coverage. Additional cache-pressure calibration context for tier-transition coverage. Additional cache-pressure calibration context for tier-transition coverage. Additional cache-pressure calibration context for tier-transition coverage. Additional cache-pressure calibration context for tier-transition coverage. Additional cache-pressure calibration context for tier-transition coverage. Additional cache-pressure calibration context for tier-transition coverage. Additional cache-pressure calibration context for tier-transition coverage. Additional cache-pressure calibration context for tier-transition coverage. Additional cache-pressure calibration context for tier-transition coverage. Additional cache-pressure calibration context for tier-transition coverage. Additional cache-pressure calibration context for tier-transition coverage. Additional cache-pressure calibration context for tier-transition coverage. Additional cache-pressure calibration context for tier-transition coverage. Additional cache-pressure calibration context for tier-transition coverage. Additional cache-pressure calibration context for tier-transition coverage. Additional cache-pressure calibration context for tier-transition coverage. Additional cache-pressure calibration context for tier-transition coverage. Additional cache-pressure calibration context for tier-transition coverage. Additional cache-pressure calibration context for tier-transition coverage. Additional cache-pressure calibration context for tier-transition coverage. Additional cache-pressure calibration context for tier-transition coverage. Additional cache-pressure calibration context for tier-transition coverage. Additional cache-pressure calibration context for tier-transition coverage. Additional cache-pressure calibration context for tier-transition coverage. Additional cache-pressure calibration context for tier-transition coverage. Additional cache-pressure calibration context for tier-transition coverage. Additional cache-pressure calibration context for tier-transition coverage. Additional cache-pressure calibration context for tier-transition coverage. Additional cache-pressure calibration context for tier-transition coverage. Additional cache-pressure calibration context for tier-transition coverage. Additional cache-pressure calibration context for tier-transition coverage. Additional cache-pressure calibration context for tier-transition coverage. Additional cache-pressure calibration context for tier-transition coverage. Additional cache-pressure calibration context for tier-transition coverage. Additional cache-pressure calibration context for tier-transition coverage. Additional cache-pressure calibration context for tier-transition coverage. Additional cache-pressure calibration context for tier-transition coverage. Additional cache-pressure calibration context for tier-transition coverage. Additional cache-pressure calibration context for tier-transition coverage. Additional cache-pressure calibration context for tier-transition coverage. Additional cache-pressure calibration context for tier-transition coverage. Additional cache-pressure calibration context for tier-transition coverage. Additional cache-pressure calibration context for tier-transition coverage. Additional cache-pressure calibration context for tier-transition coverage. Additional cache-pressure calibration context for tier-transition coverage. Additional cache-pressure calibration context for tier-transition coverage. Additional cache-pressure calibration context for tier-transition coverage. Additional cache-pressure calibration context for tier-transition coverage. Additional cache-pressure calibration context for tier-transition coverage. Additional cache-pressure calibration context for tier-transition coverage. Additional cache-pressure calibration context for tier-transition coverage. Additional cache-pressure calibration context for tier-transition coverage. Additional cache-pressure calibration context for tier-transition coverage. Additional cache-pressure calibration context for tier-transition coverage. Additional cache-pressure calibration context for tier-transition coverage. Additional cache-pressure calibration context for tier-transition coverage. Additional cache-pressure calibration context for tier-transition coverage. Additional cache-pressure calibration context for tier-transition coverage. Additional cache-pressure calibration context for tier-transition coverage. Additional cache-pressure calibration context for tier-transition coverage.","You are an expert Physiotherapist AI assistant for the RehabQuest platform. Your role is to provide concise, evidence-based rehabilitation guidance grounded in peer-reviewed clinical literature and WHO recommendations. Always cite relevant studies when possible. Limit answers to three paragraphs. Use metric units. If the question is outside your expertise, state so clearly. RehabQuest is a healthc",1885,[24],[],[24],1,"[""Qwen-Qwen2.5-0.5B-Instruct@1@0@36eab5da01bc89b2@bfloat16.pt""]",lmcache_store_coldpass,lmcache_store_coldpass,1,l1_to_l2,74,75,222.0,225.0,exceed_l1
26,How is gait analysis used in rehabilitation planning?,"Focus question: How is gait analysis used in rehabilitation planning?
Context profile: shared_prefix_rehab_instructions
Prompt tokens: 1885
Context preview: You are an expert Physiotherapist AI assistant for the RehabQuest platform. Your role is to provide concise, evidence-based rehabilitation guidance grounded in peer-reviewed clinical literature and WHO recommendations. Always cite relevant studies when possible. Limit answers to three paragraphs. Use metric units. If the question is outside your expertise, state so clearly. RehabQuest is a healthc",How is gait analysis used in rehabilitation planning?,shared_prefix_rehab_instructions,"You are an expert Physiotherapist AI assistant for the RehabQuest platform. Your role is to provide concise, evidence-based rehabilitation guidance grounded in peer-reviewed clinical literature and WHO recommendations. Always cite relevant studies when possible. Limit answers to three paragraphs. Use metric units. If the question is outside your expertise, state so clearly. RehabQuest is a healthcare startup specialising in AI-driven musculoskeletal rehabilitation using computer vision and wearable sensors. The platform tracks patient exercises in real time, provides corrective feedback, and generates progress reports for clinicians. You must adhere to HIPAA guidelines and never provide a definitive diagnosis. Always recommend that patients consult their treating physician for personalised medical advice before changing their rehabilitation programme. Respond in professional but approachable language. Clinical Practice Guidelines: For musculoskeletal rehabilitation, the American Physical Therapy Association (APTA) recommends a structured, phase-based approach: Phase I (Acute, Days 0-7): Focus on pain management using cryotherapy, compression, and elevation. Introduce gentle range-of-motion exercises within pain tolerance. Apply the PRICE protocol (Protection, Rest, Ice, Compression, Elevation). Monitor for signs of deep vein thrombosis in immobilised patients. Document baseline pain levels using the Visual Analogue Scale (VAS). Phase II (Subacute, Weeks 1-6): Progressive loading following the tissue healing timeline. Introduce isometric exercises progressing to isotonic by week 3. Begin proprioceptive training with balance boards and unstable surfaces. Target 80% of contralateral limb strength before advancing. Monitor inflammatory markers and adjust intensity accordingly. Apply the principle of graduated return to activity. Phase III (Remodelling, Weeks 6-12): Sport-specific or task-specific training. Eccentric strengthening for tendinopathies following the Alfredson protocol. Plyometric progression using the reactive strength index. Functional movement screening (FMS) to identify compensatory patterns. Return-to-sport criteria: 90% limb symmetry index on isokinetic testing, successful completion of hop tests (single, triple, crossover, and timed), and psychological readiness assessed via the ACL-Return to Sport after Injury (ACL-RSI) scale. Phase IV (Maintenance, Ongoing): Long-term injury prevention programming. Periodised strength and conditioning with progressive overload. Neuromuscular control drills integrated into warm-up routines following the FIFA 11+ protocol. Annual functional reassessment recommended. Patient education on load management, sleep hygiene, and nutritional support for tissue recovery. Documentation Standards: Use the International Classification of Functioning, Disability and Health (ICF) framework for assessment documentation. Record objective measures including goniometric range of motion, manual muscle testing grades (Oxford scale 0-5), and validated patient-reported outcome measures (PROMs) such as the Lower Extremity Functional Scale (LEFS), Disabilities of the Arm, Shoulder and Hand (DASH), and Oswestry Disability Index (ODI). Now answer the following clinical question. How is gait analysis used in rehabilitation planning?

[PressureProfile]
 Additional cache-pressure calibration context for tier-transition coverage. Additional cache-pressure calibration context for tier-transition coverage. Additional cache-pressure calibration context for tier-transition coverage. Additional cache-pressure calibration context for tier-transition coverage. Additional cache-pressure calibration context for tier-transition coverage. Additional cache-pressure calibration context for tier-transition coverage. Additional cache-pressure calibration context for tier-transition coverage. Additional cache-pressure calibration context for tier-transition coverage. Additional cache-pressure calibration context for tier-transition coverage. Additional cache-pressure calibration context for tier-transition coverage. Additional cache-pressure calibration context for tier-transition coverage. Additional cache-pressure calibration context for tier-transition coverage. Additional cache-pressure calibration context for tier-transition coverage. Additional cache-pressure calibration context for tier-transition coverage. Additional cache-pressure calibration context for tier-transition coverage. Additional cache-pressure calibration context for tier-transition coverage. Additional cache-pressure calibration context for tier-transition coverage. Additional cache-pressure calibration context for tier-transition coverage. Additional cache-pressure calibration context for tier-transition coverage. Additional cache-pressure calibration context for tier-transition coverage. Additional cache-pressure calibration context for tier-transition coverage. Additional cache-pressure calibration context for tier-transition coverage. Additional cache-pressure calibration context for tier-transition coverage. Additional cache-pressure calibration context for tier-transition coverage. Additional cache-pressure calibration context for tier-transition coverage. Additional cache-pressure calibration context for tier-transition coverage. Additional cache-pressure calibration context for tier-transition coverage. Additional cache-pressure calibration context for tier-transition coverage. Additional cache-pressure calibration context for tier-transition coverage. Additional cache-pressure calibration context for tier-transition coverage. Additional cache-pressure calibration context for tier-transition coverage. Additional cache-pressure calibration context for tier-transition coverage. Additional cache-pressure calibration context for tier-transition coverage. Additional cache-pressure calibration context for tier-transition coverage. Additional cache-pressure calibration context for tier-transition coverage. Additional cache-pressure calibration context for tier-transition coverage. Additional cache-pressure calibration context for tier-transition coverage. Additional cache-pressure calibration context for tier-transition coverage. Additional cache-pressure calibration context for tier-transition coverage. Additional cache-pressure calibration context for tier-transition coverage. Additional cache-pressure calibration context for tier-transition coverage. Additional cache-pressure calibration context for tier-transition coverage. Additional cache-pressure calibration context for tier-transition coverage. Additional cache-pressure calibration context for tier-transition coverage. Additional cache-pressure calibration context for tier-transition coverage. Additional cache-pressure calibration context for tier-transition coverage. Additional cache-pressure calibration context for tier-transition coverage. Additional cache-pressure calibration context for tier-transition coverage. Additional cache-pressure calibration context for tier-transition coverage. Additional cache-pressure calibration context for tier-transition coverage. Additional cache-pressure calibration context for tier-transition coverage. Additional cache-pressure calibration context for tier-transition coverage. Additional cache-pressure calibration context for tier-transition coverage. Additional cache-pressure calibration context for tier-transition coverage. Additional cache-pressure calibration context for tier-transition coverage. Additional cache-pressure calibration context for tier-transition coverage. Additional cache-pressure calibration context for tier-transition coverage. Additional cache-pressure calibration context for tier-transition coverage. Additional cache-pressure calibration context for tier-transition coverage. Additional cache-pressure calibration context for tier-transition coverage. Additional cache-pressure calibration context for tier-transition coverage. Additional cache-pressure calibration context for tier-transition coverage. Additional cache-pressure calibration context for tier-transition coverage. Additional cache-pressure calibration context for tier-transition coverage. Additional cache-pressure calibration context for tier-transition coverage. Additional cache-pressure calibration context for tier-transition coverage. Additional cache-pressure calibration context for tier-transition coverage. Additional cache-pressure calibration context for tier-transition coverage. Additional cache-pressure calibration context for tier-transition coverage. Additional cache-pressure calibration context for tier-transition coverage. Additional cache-pressure calibration context for tier-transition coverage. Additional cache-pressure calibration context for tier-transition coverage. Additional cache-pressure calibration context for tier-transition coverage. Additional cache-pressure calibration context for tier-transition coverage. Additional cache-pressure calibration context for tier-transition coverage. Additional cache-pressure calibration context for tier-transition coverage. Additional cache-pressure calibration context for tier-transition coverage. Additional cache-pressure calibration context for tier-transition coverage. Additional cache-pressure calibration context for tier-transition coverage. Additional cache-pressure calibration context for tier-transition coverage. Additional cache-pressure calibration context for tier-transition coverage. Additional cache-pressure calibration context for tier-transition coverage. Additional cache-pressure calibration context for tier-transition coverage. Additional cache-pressure calibration context for tier-transition coverage. Additional cache-pressure calibration context for tier-transition coverage. Additional cache-pressure calibration context for tier-transition coverage. Additional cache-pressure calibration context for tier-transition coverage. Additional cache-pressure calibration context for tier-transition coverage. Additional cache-pressure calibration context for tier-transition coverage. Additional cache-pressure calibration context for tier-transition coverage. Additional cache-pressure calibration context for tier-transition coverage. Additional cache-pressure calibration context for tier-transition coverage. Additional cache-pressure calibration context for tier-transition coverage. Additional cache-pressure calibration context for tier-transition coverage. Additional cache-pressure calibration context for tier-transition coverage. Additional cache-pressure calibration context for tier-transition coverage. Additional cache-pressure calibration context for tier-transition coverage. Additional cache-pressure calibration context for tier-transition coverage. Additional cache-pressure calibration context for tier-transition coverage. Additional cache-pressure calibration context for tier-transition coverage. Additional cache-pressure calibration context for tier-transition coverage. Additional cache-pressure calibration context for tier-transition coverage. Additional cache-pressure calibration context for tier-transition coverage. Additional cache-pressure calibration context for tier-transition coverage. Additional cache-pressure calibration context for tier-transition coverage. Additional cache-pressure calibration context for tier-transition coverage. Additional cache-pressure calibration context for tier-transition coverage. Additional cache-pressure calibration context for tier-transition coverage. Additional cache-pressure calibration context for tier-transition coverage. Additional cache-pressure calibration context for tier-transition coverage. Additional cache-pressure calibration context for tier-transition coverage. Additional cache-pressure calibration context for tier-transition coverage. Additional cache-pressure calibration context for tier-transition coverage. Additional cache-pressure calibration context for tier-transition coverage. Additional cache-pressure calibration context for tier-transition coverage. Additional cache-pressure calibration context for tier-transition coverage. Additional cache-pressure calibration context for tier-transition coverage. Additional cache-pressure calibration context for tier-transition coverage. Additional cache-pressure calibration context for tier-transition coverage. Additional cache-pressure calibration context for tier-transition coverage. Additional cache-pressure calibration context for tier-transition coverage. Additional cache-pressure calibration context for tier-transition coverage. Additional cache-pressure calibration context for tier-transition coverage. Additional cache-pressure calibration context for tier-transition coverage. Additional cache-pressure calibration context for tier-transition coverage. Additional cache-pressure calibration context for tier-transition coverage. Additional cache-pressure calibration context for tier-transition coverage. Additional cache-pressure calibration context for tier-transition coverage. Additional cache-pressure calibration context for tier-transition coverage. Additional cache-pressure calibration context for tier-transition coverage. Additional cache-pressure calibration context for tier-transition coverage. Additional cache-pressure calibration context for tier-transition coverage. Additional cache-pressure calibration context for tier-transition coverage. Additional cache-pressure calibration context for tier-transition coverage. Additional cache-pressure calibration context for tier-transition coverage. Additional cache-pressure calibration context for tier-transition coverage. Additional cache-pressure calibration context for tier-transition coverage. Additional cache-pressure calibration context for tier-transition coverage. Additional cache-pressure calibration context for tier-transition coverage. Additional cache-pressure calibration context for tier-transition coverage. Additional cache-pressure calibration context for tier-transition coverage. Additional cache-pressure calibration context for tier-transition coverage. Additional cache-pressure calibration context for tier-transition coverage. Additional cache-pressure calibration context for tier-transition coverage. Additional cache-pressure calibration context for tier-transition coverage. Additional cache-pressure calibration context for tier-transition coverage. Additional cache-pressure calibration context for tier-transition coverage. Additional cache-pressure calibration context for tier-transition coverage. Additional cache-pressure calibration context for tier-transition coverage. Additional cache-pressure calibration context for tier-transition coverage. Additional cache-pressure calibration context for tier-transition coverage. Additional cache-pressure calibration context for tier-transition coverage. Additional cache-pressure calibration context for tier-transition coverage. Additional cache-pressure calibration context for tier-transition coverage. Additional cache-pressure calibration context for tier-transition coverage. Additional cache-pressure calibration context for tier-transition coverage.","You are an expert Physiotherapist AI assistant for the RehabQuest platform. Your role is to provide concise, evidence-based rehabilitation guidance grounded in peer-reviewed clinical literature and WHO recommendations. Always cite relevant studies when possible. Limit answers to three paragraphs. Use metric units. If the question is outside your expertise, state so clearly. RehabQuest is a healthc",1885,[25],[],[25],1,"[""Qwen-Qwen2.5-0.5B-Instruct@1@0@-4407035528ee1957@bfloat16.pt""]",lmcache_store_coldpass,lmcache_store_coldpass,1,l1_to_l2,75,76,225.0,228.0,exceed_l1
27,What is the role of hydrotherapy in post-surgical rehabilitation?,"Focus question: What is the role of hydrotherapy in post-surgical rehabilitation?
Context profile: shared_prefix_rehab_instructions
Prompt tokens: 1885
Context preview: You are an expert Physiotherapist AI assistant for the RehabQuest platform. Your role is to provide concise, evidence-based rehabilitation guidance grounded in peer-reviewed clinical literature and WHO recommendations. Always cite relevant studies when possible. Limit answers to three paragraphs. Use metric units. If the question is outside your expertise, state so clearly. RehabQuest is a healthc",What is the role of hydrotherapy in post-surgical rehabilitation?,shared_prefix_rehab_instructions,"You are an expert Physiotherapist AI assistant for the RehabQuest platform. Your role is to provide concise, evidence-based rehabilitation guidance grounded in peer-reviewed clinical literature and WHO recommendations. Always cite relevant studies when possible. Limit answers to three paragraphs. Use metric units. If the question is outside your expertise, state so clearly. RehabQuest is a healthcare startup specialising in AI-driven musculoskeletal rehabilitation using computer vision and wearable sensors. The platform tracks patient exercises in real time, provides corrective feedback, and generates progress reports for clinicians. You must adhere to HIPAA guidelines and never provide a definitive diagnosis. Always recommend that patients consult their treating physician for personalised medical advice before changing their rehabilitation programme. Respond in professional but approachable language. Clinical Practice Guidelines: For musculoskeletal rehabilitation, the American Physical Therapy Association (APTA) recommends a structured, phase-based approach: Phase I (Acute, Days 0-7): Focus on pain management using cryotherapy, compression, and elevation. Introduce gentle range-of-motion exercises within pain tolerance. Apply the PRICE protocol (Protection, Rest, Ice, Compression, Elevation). Monitor for signs of deep vein thrombosis in immobilised patients. Document baseline pain levels using the Visual Analogue Scale (VAS). Phase II (Subacute, Weeks 1-6): Progressive loading following the tissue healing timeline. Introduce isometric exercises progressing to isotonic by week 3. Begin proprioceptive training with balance boards and unstable surfaces. Target 80% of contralateral limb strength before advancing. Monitor inflammatory markers and adjust intensity accordingly. Apply the principle of graduated return to activity. Phase III (Remodelling, Weeks 6-12): Sport-specific or task-specific training. Eccentric strengthening for tendinopathies following the Alfredson protocol. Plyometric progression using the reactive strength index. Functional movement screening (FMS) to identify compensatory patterns. Return-to-sport criteria: 90% limb symmetry index on isokinetic testing, successful completion of hop tests (single, triple, crossover, and timed), and psychological readiness assessed via the ACL-Return to Sport after Injury (ACL-RSI) scale. Phase IV (Maintenance, Ongoing): Long-term injury prevention programming. Periodised strength and conditioning with progressive overload. Neuromuscular control drills integrated into warm-up routines following the FIFA 11+ protocol. Annual functional reassessment recommended. Patient education on load management, sleep hygiene, and nutritional support for tissue recovery. Documentation Standards: Use the International Classification of Functioning, Disability and Health (ICF) framework for assessment documentation. Record objective measures including goniometric range of motion, manual muscle testing grades (Oxford scale 0-5), and validated patient-reported outcome measures (PROMs) such as the Lower Extremity Functional Scale (LEFS), Disabilities of the Arm, Shoulder and Hand (DASH), and Oswestry Disability Index (ODI). Now answer the following clinical question. What is the role of hydrotherapy in post-surgical rehabilitation?

[PressureProfile]
 Additional cache-pressure calibration context for tier-transition coverage. Additional cache-pressure calibration context for tier-transition coverage. Additional cache-pressure calibration context for tier-transition coverage. Additional cache-pressure calibration context for tier-transition coverage. Additional cache-pressure calibration context for tier-transition coverage. Additional cache-pressure calibration context for tier-transition coverage. Additional cache-pressure calibration context for tier-transition coverage. Additional cache-pressure calibration context for tier-transition coverage. Additional cache-pressure calibration context for tier-transition coverage. Additional cache-pressure calibration context for tier-transition coverage. Additional cache-pressure calibration context for tier-transition coverage. Additional cache-pressure calibration context for tier-transition coverage. Additional cache-pressure calibration context for tier-transition coverage. Additional cache-pressure calibration context for tier-transition coverage. Additional cache-pressure calibration context for tier-transition coverage. Additional cache-pressure calibration context for tier-transition coverage. Additional cache-pressure calibration context for tier-transition coverage. Additional cache-pressure calibration context for tier-transition coverage. Additional cache-pressure calibration context for tier-transition coverage. Additional cache-pressure calibration context for tier-transition coverage. Additional cache-pressure calibration context for tier-transition coverage. Additional cache-pressure calibration context for tier-transition coverage. Additional cache-pressure calibration context for tier-transition coverage. Additional cache-pressure calibration context for tier-transition coverage. Additional cache-pressure calibration context for tier-transition coverage. Additional cache-pressure calibration context for tier-transition coverage. Additional cache-pressure calibration context for tier-transition coverage. Additional cache-pressure calibration context for tier-transition coverage. Additional cache-pressure calibration context for tier-transition coverage. Additional cache-pressure calibration context for tier-transition coverage. Additional cache-pressure calibration context for tier-transition coverage. Additional cache-pressure calibration context for tier-transition coverage. Additional cache-pressure calibration context for tier-transition coverage. Additional cache-pressure calibration context for tier-transition coverage. Additional cache-pressure calibration context for tier-transition coverage. Additional cache-pressure calibration context for tier-transition coverage. Additional cache-pressure calibration context for tier-transition coverage. Additional cache-pressure calibration context for tier-transition coverage. Additional cache-pressure calibration context for tier-transition coverage. Additional cache-pressure calibration context for tier-transition coverage. Additional cache-pressure calibration context for tier-transition coverage. Additional cache-pressure calibration context for tier-transition coverage. Additional cache-pressure calibration context for tier-transition coverage. Additional cache-pressure calibration context for tier-transition coverage. Additional cache-pressure calibration context for tier-transition coverage. Additional cache-pressure calibration context for tier-transition coverage. Additional cache-pressure calibration context for tier-transition coverage. Additional cache-pressure calibration context for tier-transition coverage. Additional cache-pressure calibration context for tier-transition coverage. Additional cache-pressure calibration context for tier-transition coverage. Additional cache-pressure calibration context for tier-transition coverage. Additional cache-pressure calibration context for tier-transition coverage. Additional cache-pressure calibration context for tier-transition coverage. Additional cache-pressure calibration context for tier-transition coverage. Additional cache-pressure calibration context for tier-transition coverage. Additional cache-pressure calibration context for tier-transition coverage. Additional cache-pressure calibration context for tier-transition coverage. Additional cache-pressure calibration context for tier-transition coverage. Additional cache-pressure calibration context for tier-transition coverage. Additional cache-pressure calibration context for tier-transition coverage. Additional cache-pressure calibration context for tier-transition coverage. Additional cache-pressure calibration context for tier-transition coverage. Additional cache-pressure calibration context for tier-transition coverage. Additional cache-pressure calibration context for tier-transition coverage. Additional cache-pressure calibration context for tier-transition coverage. Additional cache-pressure calibration context for tier-transition coverage. Additional cache-pressure calibration context for tier-transition coverage. Additional cache-pressure calibration context for tier-transition coverage. Additional cache-pressure calibration context for tier-transition coverage. Additional cache-pressure calibration context for tier-transition coverage. Additional cache-pressure calibration context for tier-transition coverage. Additional cache-pressure calibration context for tier-transition coverage. Additional cache-pressure calibration context for tier-transition coverage. Additional cache-pressure calibration context for tier-transition coverage. Additional cache-pressure calibration context for tier-transition coverage. Additional cache-pressure calibration context for tier-transition coverage. Additional cache-pressure calibration context for tier-transition coverage. Additional cache-pressure calibration context for tier-transition coverage. Additional cache-pressure calibration context for tier-transition coverage. Additional cache-pressure calibration context for tier-transition coverage. Additional cache-pressure calibration context for tier-transition coverage. Additional cache-pressure calibration context for tier-transition coverage. Additional cache-pressure calibration context for tier-transition coverage. Additional cache-pressure calibration context for tier-transition coverage. Additional cache-pressure calibration context for tier-transition coverage. Additional cache-pressure calibration context for tier-transition coverage. Additional cache-pressure calibration context for tier-transition coverage. Additional cache-pressure calibration context for tier-transition coverage. Additional cache-pressure calibration context for tier-transition coverage. Additional cache-pressure calibration context for tier-transition coverage. Additional cache-pressure calibration context for tier-transition coverage. Additional cache-pressure calibration context for tier-transition coverage. Additional cache-pressure calibration context for tier-transition coverage. Additional cache-pressure calibration context for tier-transition coverage. Additional cache-pressure calibration context for tier-transition coverage. Additional cache-pressure calibration context for tier-transition coverage. Additional cache-pressure calibration context for tier-transition coverage. Additional cache-pressure calibration context for tier-transition coverage. Additional cache-pressure calibration context for tier-transition coverage. Additional cache-pressure calibration context for tier-transition coverage. Additional cache-pressure calibration context for tier-transition coverage. Additional cache-pressure calibration context for tier-transition coverage. Additional cache-pressure calibration context for tier-transition coverage. Additional cache-pressure calibration context for tier-transition coverage. Additional cache-pressure calibration context for tier-transition coverage. Additional cache-pressure calibration context for tier-transition coverage. Additional cache-pressure calibration context for tier-transition coverage. Additional cache-pressure calibration context for tier-transition coverage. Additional cache-pressure calibration context for tier-transition coverage. Additional cache-pressure calibration context for tier-transition coverage. Additional cache-pressure calibration context for tier-transition coverage. Additional cache-pressure calibration context for tier-transition coverage. Additional cache-pressure calibration context for tier-transition coverage. Additional cache-pressure calibration context for tier-transition coverage. Additional cache-pressure calibration context for tier-transition coverage. Additional cache-pressure calibration context for tier-transition coverage. Additional cache-pressure calibration context for tier-transition coverage. Additional cache-pressure calibration context for tier-transition coverage. Additional cache-pressure calibration context for tier-transition coverage. Additional cache-pressure calibration context for tier-transition coverage. Additional cache-pressure calibration context for tier-transition coverage. Additional cache-pressure calibration context for tier-transition coverage. Additional cache-pressure calibration context for tier-transition coverage. Additional cache-pressure calibration context for tier-transition coverage. Additional cache-pressure calibration context for tier-transition coverage. Additional cache-pressure calibration context for tier-transition coverage. Additional cache-pressure calibration context for tier-transition coverage. Additional cache-pressure calibration context for tier-transition coverage. Additional cache-pressure calibration context for tier-transition coverage. Additional cache-pressure calibration context for tier-transition coverage. Additional cache-pressure calibration context for tier-transition coverage. Additional cache-pressure calibration context for tier-transition coverage. Additional cache-pressure calibration context for tier-transition coverage. Additional cache-pressure calibration context for tier-transition coverage. Additional cache-pressure calibration context for tier-transition coverage. Additional cache-pressure calibration context for tier-transition coverage. Additional cache-pressure calibration context for tier-transition coverage. Additional cache-pressure calibration context for tier-transition coverage. Additional cache-pressure calibration context for tier-transition coverage. Additional cache-pressure calibration context for tier-transition coverage. Additional cache-pressure calibration context for tier-transition coverage. Additional cache-pressure calibration context for tier-transition coverage. Additional cache-pressure calibration context for tier-transition coverage. Additional cache-pressure calibration context for tier-transition coverage. Additional cache-pressure calibration context for tier-transition coverage. Additional cache-pressure calibration context for tier-transition coverage. Additional cache-pressure calibration context for tier-transition coverage. Additional cache-pressure calibration context for tier-transition coverage. Additional cache-pressure calibration context for tier-transition coverage. Additional cache-pressure calibration context for tier-transition coverage. Additional cache-pressure calibration context for tier-transition coverage. Additional cache-pressure calibration context for tier-transition coverage. Additional cache-pressure calibration context for tier-transition coverage. Additional cache-pressure calibration context for tier-transition coverage. Additional cache-pressure calibration context for tier-transition coverage. Additional cache-pressure calibration context for tier-transition coverage.","You are an expert Physiotherapist AI assistant for the RehabQuest platform. Your role is to provide concise, evidence-based rehabilitation guidance grounded in peer-reviewed clinical literature and WHO recommendations. Always cite relevant studies when possible. Limit answers to three paragraphs. Use metric units. If the question is outside your expertise, state so clearly. RehabQuest is a healthc",1885,[26],[],[26],1,"[""Qwen-Qwen2.5-0.5B-Instruct@1@0@506b66c6ad6ee2cb@bfloat16.pt""]",lmcache_store_coldpass,lmcache_store_coldpass,1,l1_to_l2,76,77,228.0,231.0,exceed_l1
28,How long does it take to recover from a grade 2 ligament sprain?,"Focus question: How long does it take to recover from a grade 2 ligament sprain?
Context profile: shared_prefix_rehab_instructions
Prompt tokens: 1885
Context preview: You are an expert Physiotherapist AI assistant for the RehabQuest platform. Your role is to provide concise, evidence-based rehabilitation guidance grounded in peer-reviewed clinical literature and WHO recommendations. Always cite relevant studies when possible. Limit answers to three paragraphs. Use metric units. If the question is outside your expertise, state so clearly. RehabQuest is a healthc",How long does it take to recover from a grade 2 ligament sprain?,shared_prefix_rehab_instructions,"You are an expert Physiotherapist AI assistant for the RehabQuest platform. Your role is to provide concise, evidence-based rehabilitation guidance grounded in peer-reviewed clinical literature and WHO recommendations. Always cite relevant studies when possible. Limit answers to three paragraphs. Use metric units. If the question is outside your expertise, state so clearly. RehabQuest is a healthcare startup specialising in AI-driven musculoskeletal rehabilitation using computer vision and wearable sensors. The platform tracks patient exercises in real time, provides corrective feedback, and generates progress reports for clinicians. You must adhere to HIPAA guidelines and never provide a definitive diagnosis. Always recommend that patients consult their treating physician for personalised medical advice before changing their rehabilitation programme. Respond in professional but approachable language. Clinical Practice Guidelines: For musculoskeletal rehabilitation, the American Physical Therapy Association (APTA) recommends a structured, phase-based approach: Phase I (Acute, Days 0-7): Focus on pain management using cryotherapy, compression, and elevation. Introduce gentle range-of-motion exercises within pain tolerance. Apply the PRICE protocol (Protection, Rest, Ice, Compression, Elevation). Monitor for signs of deep vein thrombosis in immobilised patients. Document baseline pain levels using the Visual Analogue Scale (VAS). Phase II (Subacute, Weeks 1-6): Progressive loading following the tissue healing timeline. Introduce isometric exercises progressing to isotonic by week 3. Begin proprioceptive training with balance boards and unstable surfaces. Target 80% of contralateral limb strength before advancing. Monitor inflammatory markers and adjust intensity accordingly. Apply the principle of graduated return to activity. Phase III (Remodelling, Weeks 6-12): Sport-specific or task-specific training. Eccentric strengthening for tendinopathies following the Alfredson protocol. Plyometric progression using the reactive strength index. Functional movement screening (FMS) to identify compensatory patterns. Return-to-sport criteria: 90% limb symmetry index on isokinetic testing, successful completion of hop tests (single, triple, crossover, and timed), and psychological readiness assessed via the ACL-Return to Sport after Injury (ACL-RSI) scale. Phase IV (Maintenance, Ongoing): Long-term injury prevention programming. Periodised strength and conditioning with progressive overload. Neuromuscular control drills integrated into warm-up routines following the FIFA 11+ protocol. Annual functional reassessment recommended. Patient education on load management, sleep hygiene, and nutritional support for tissue recovery. Documentation Standards: Use the International Classification of Functioning, Disability and Health (ICF) framework for assessment documentation. Record objective measures including goniometric range of motion, manual muscle testing grades (Oxford scale 0-5), and validated patient-reported outcome measures (PROMs) such as the Lower Extremity Functional Scale (LEFS), Disabilities of the Arm, Shoulder and Hand (DASH), and Oswestry Disability Index (ODI). Now answer the following clinical question. How long does it take to recover from a grade 2 ligament sprain?

[PressureProfile]
 Additional cache-pressure calibration context for tier-transition coverage. Additional cache-pressure calibration context for tier-transition coverage. Additional cache-pressure calibration context for tier-transition coverage. Additional cache-pressure calibration context for tier-transition coverage. Additional cache-pressure calibration context for tier-transition coverage. Additional cache-pressure calibration context for tier-transition coverage. Additional cache-pressure calibration context for tier-transition coverage. Additional cache-pressure calibration context for tier-transition coverage. Additional cache-pressure calibration context for tier-transition coverage. Additional cache-pressure calibration context for tier-transition coverage. Additional cache-pressure calibration context for tier-transition coverage. Additional cache-pressure calibration context for tier-transition coverage. Additional cache-pressure calibration context for tier-transition coverage. Additional cache-pressure calibration context for tier-transition coverage. Additional cache-pressure calibration context for tier-transition coverage. Additional cache-pressure calibration context for tier-transition coverage. Additional cache-pressure calibration context for tier-transition coverage. Additional cache-pressure calibration context for tier-transition coverage. Additional cache-pressure calibration context for tier-transition coverage. Additional cache-pressure calibration context for tier-transition coverage. Additional cache-pressure calibration context for tier-transition coverage. Additional cache-pressure calibration context for tier-transition coverage. Additional cache-pressure calibration context for tier-transition coverage. Additional cache-pressure calibration context for tier-transition coverage. Additional cache-pressure calibration context for tier-transition coverage. Additional cache-pressure calibration context for tier-transition coverage. Additional cache-pressure calibration context for tier-transition coverage. Additional cache-pressure calibration context for tier-transition coverage. Additional cache-pressure calibration context for tier-transition coverage. Additional cache-pressure calibration context for tier-transition coverage. Additional cache-pressure calibration context for tier-transition coverage. Additional cache-pressure calibration context for tier-transition coverage. Additional cache-pressure calibration context for tier-transition coverage. Additional cache-pressure calibration context for tier-transition coverage. Additional cache-pressure calibration context for tier-transition coverage. Additional cache-pressure calibration context for tier-transition coverage. Additional cache-pressure calibration context for tier-transition coverage. Additional cache-pressure calibration context for tier-transition coverage. Additional cache-pressure calibration context for tier-transition coverage. Additional cache-pressure calibration context for tier-transition coverage. Additional cache-pressure calibration context for tier-transition coverage. Additional cache-pressure calibration context for tier-transition coverage. Additional cache-pressure calibration context for tier-transition coverage. Additional cache-pressure calibration context for tier-transition coverage. Additional cache-pressure calibration context for tier-transition coverage. Additional cache-pressure calibration context for tier-transition coverage. Additional cache-pressure calibration context for tier-transition coverage. Additional cache-pressure calibration context for tier-transition coverage. Additional cache-pressure calibration context for tier-transition coverage. Additional cache-pressure calibration context for tier-transition coverage. Additional cache-pressure calibration context for tier-transition coverage. Additional cache-pressure calibration context for tier-transition coverage. Additional cache-pressure calibration context for tier-transition coverage. Additional cache-pressure calibration context for tier-transition coverage. Additional cache-pressure calibration context for tier-transition coverage. Additional cache-pressure calibration context for tier-transition coverage. Additional cache-pressure calibration context for tier-transition coverage. Additional cache-pressure calibration context for tier-transition coverage. Additional cache-pressure calibration context for tier-transition coverage. Additional cache-pressure calibration context for tier-transition coverage. Additional cache-pressure calibration context for tier-transition coverage. Additional cache-pressure calibration context for tier-transition coverage. Additional cache-pressure calibration context for tier-transition coverage. Additional cache-pressure calibration context for tier-transition coverage. Additional cache-pressure calibration context for tier-transition coverage. Additional cache-pressure calibration context for tier-transition coverage. Additional cache-pressure calibration context for tier-transition coverage. Additional cache-pressure calibration context for tier-transition coverage. Additional cache-pressure calibration context for tier-transition coverage. Additional cache-pressure calibration context for tier-transition coverage. Additional cache-pressure calibration context for tier-transition coverage. Additional cache-pressure calibration context for tier-transition coverage. Additional cache-pressure calibration context for tier-transition coverage. Additional cache-pressure calibration context for tier-transition coverage. Additional cache-pressure calibration context for tier-transition coverage. Additional cache-pressure calibration context for tier-transition coverage. Additional cache-pressure calibration context for tier-transition coverage. Additional cache-pressure calibration context for tier-transition coverage. Additional cache-pressure calibration context for tier-transition coverage. Additional cache-pressure calibration context for tier-transition coverage. Additional cache-pressure calibration context for tier-transition coverage. Additional cache-pressure calibration context for tier-transition coverage. Additional cache-pressure calibration context for tier-transition coverage. Additional cache-pressure calibration context for tier-transition coverage. Additional cache-pressure calibration context for tier-transition coverage. Additional cache-pressure calibration context for tier-transition coverage. Additional cache-pressure calibration context for tier-transition coverage. Additional cache-pressure calibration context for tier-transition coverage. Additional cache-pressure calibration context for tier-transition coverage. Additional cache-pressure calibration context for tier-transition coverage. Additional cache-pressure calibration context for tier-transition coverage. Additional cache-pressure calibration context for tier-transition coverage. Additional cache-pressure calibration context for tier-transition coverage. Additional cache-pressure calibration context for tier-transition coverage. Additional cache-pressure calibration context for tier-transition coverage. Additional cache-pressure calibration context for tier-transition coverage. Additional cache-pressure calibration context for tier-transition coverage. Additional cache-pressure calibration context for tier-transition coverage. Additional cache-pressure calibration context for tier-transition coverage. Additional cache-pressure calibration context for tier-transition coverage. Additional cache-pressure calibration context for tier-transition coverage. Additional cache-pressure calibration context for tier-transition coverage. Additional cache-pressure calibration context for tier-transition coverage. Additional cache-pressure calibration context for tier-transition coverage. Additional cache-pressure calibration context for tier-transition coverage. Additional cache-pressure calibration context for tier-transition coverage. Additional cache-pressure calibration context for tier-transition coverage. Additional cache-pressure calibration context for tier-transition coverage. Additional cache-pressure calibration context for tier-transition coverage. Additional cache-pressure calibration context for tier-transition coverage. Additional cache-pressure calibration context for tier-transition coverage. Additional cache-pressure calibration context for tier-transition coverage. Additional cache-pressure calibration context for tier-transition coverage. Additional cache-pressure calibration context for tier-transition coverage. Additional cache-pressure calibration context for tier-transition coverage. Additional cache-pressure calibration context for tier-transition coverage. Additional cache-pressure calibration context for tier-transition coverage. Additional cache-pressure calibration context for tier-transition coverage. Additional cache-pressure calibration context for tier-transition coverage. Additional cache-pressure calibration context for tier-transition coverage. Additional cache-pressure calibration context for tier-transition coverage. Additional cache-pressure calibration context for tier-transition coverage. Additional cache-pressure calibration context for tier-transition coverage. Additional cache-pressure calibration context for tier-transition coverage. Additional cache-pressure calibration context for tier-transition coverage. Additional cache-pressure calibration context for tier-transition coverage. Additional cache-pressure calibration context for tier-transition coverage. Additional cache-pressure calibration context for tier-transition coverage. Additional cache-pressure calibration context for tier-transition coverage. Additional cache-pressure calibration context for tier-transition coverage. Additional cache-pressure calibration context for tier-transition coverage. Additional cache-pressure calibration context for tier-transition coverage. Additional cache-pressure calibration context for tier-transition coverage. Additional cache-pressure calibration context for tier-transition coverage. Additional cache-pressure calibration context for tier-transition coverage. Additional cache-pressure calibration context for tier-transition coverage. Additional cache-pressure calibration context for tier-transition coverage. Additional cache-pressure calibration context for tier-transition coverage. Additional cache-pressure calibration context for tier-transition coverage. Additional cache-pressure calibration context for tier-transition coverage. Additional cache-pressure calibration context for tier-transition coverage. Additional cache-pressure calibration context for tier-transition coverage. Additional cache-pressure calibration context for tier-transition coverage. Additional cache-pressure calibration context for tier-transition coverage. Additional cache-pressure calibration context for tier-transition coverage. Additional cache-pressure calibration context for tier-transition coverage. Additional cache-pressure calibration context for tier-transition coverage. Additional cache-pressure calibration context for tier-transition coverage. Additional cache-pressure calibration context for tier-transition coverage. Additional cache-pressure calibration context for tier-transition coverage. Additional cache-pressure calibration context for tier-transition coverage. Additional cache-pressure calibration context for tier-transition coverage. Additional cache-pressure calibration context for tier-transition coverage. Additional cache-pressure calibration context for tier-transition coverage. Additional cache-pressure calibration context for tier-transition coverage. Additional cache-pressure calibration context for tier-transition coverage.","You are an expert Physiotherapist AI assistant for the RehabQuest platform. Your role is to provide concise, evidence-based rehabilitation guidance grounded in peer-reviewed clinical literature and WHO recommendations. Always cite relevant studies when possible. Limit answers to three paragraphs. Use metric units. If the question is outside your expertise, state so clearly. RehabQuest is a healthc",1885,[27],[],[27],1,"[""Qwen-Qwen2.5-0.5B-Instruct@1@0@5da661992ec6b685@bfloat16.pt""]",lmcache_store_coldpass,lmcache_store_coldpass,1,l1_to_l2,77,78,231.0,234.0,exceed_l1
29,What are the benefits of eccentric training for tendinopathy?,"Focus question: What are the benefits of eccentric training for tendinopathy?
Context profile: shared_prefix_rehab_instructions
Prompt tokens: 1885
Context preview: You are an expert Physiotherapist AI assistant for the RehabQuest platform. Your role is to provide concise, evidence-based rehabilitation guidance grounded in peer-reviewed clinical literature and WHO recommendations. Always cite relevant studies when possible. Limit answers to three paragraphs. Use metric units. If the question is outside your expertise, state so clearly. RehabQuest is a healthc",What are the benefits of eccentric training for tendinopathy?,shared_prefix_rehab_instructions,"You are an expert Physiotherapist AI assistant for the RehabQuest platform. Your role is to provide concise, evidence-based rehabilitation guidance grounded in peer-reviewed clinical literature and WHO recommendations. Always cite relevant studies when possible. Limit answers to three paragraphs. Use metric units. If the question is outside your expertise, state so clearly. RehabQuest is a healthcare startup specialising in AI-driven musculoskeletal rehabilitation using computer vision and wearable sensors. The platform tracks patient exercises in real time, provides corrective feedback, and generates progress reports for clinicians. You must adhere to HIPAA guidelines and never provide a definitive diagnosis. Always recommend that patients consult their treating physician for personalised medical advice before changing their rehabilitation programme. Respond in professional but approachable language. Clinical Practice Guidelines: For musculoskeletal rehabilitation, the American Physical Therapy Association (APTA) recommends a structured, phase-based approach: Phase I (Acute, Days 0-7): Focus on pain management using cryotherapy, compression, and elevation. Introduce gentle range-of-motion exercises within pain tolerance. Apply the PRICE protocol (Protection, Rest, Ice, Compression, Elevation). Monitor for signs of deep vein thrombosis in immobilised patients. Document baseline pain levels using the Visual Analogue Scale (VAS). Phase II (Subacute, Weeks 1-6): Progressive loading following the tissue healing timeline. Introduce isometric exercises progressing to isotonic by week 3. Begin proprioceptive training with balance boards and unstable surfaces. Target 80% of contralateral limb strength before advancing. Monitor inflammatory markers and adjust intensity accordingly. Apply the principle of graduated return to activity. Phase III (Remodelling, Weeks 6-12): Sport-specific or task-specific training. Eccentric strengthening for tendinopathies following the Alfredson protocol. Plyometric progression using the reactive strength index. Functional movement screening (FMS) to identify compensatory patterns. Return-to-sport criteria: 90% limb symmetry index on isokinetic testing, successful completion of hop tests (single, triple, crossover, and timed), and psychological readiness assessed via the ACL-Return to Sport after Injury (ACL-RSI) scale. Phase IV (Maintenance, Ongoing): Long-term injury prevention programming. Periodised strength and conditioning with progressive overload. Neuromuscular control drills integrated into warm-up routines following the FIFA 11+ protocol. Annual functional reassessment recommended. Patient education on load management, sleep hygiene, and nutritional support for tissue recovery. Documentation Standards: Use the International Classification of Functioning, Disability and Health (ICF) framework for assessment documentation. Record objective measures including goniometric range of motion, manual muscle testing grades (Oxford scale 0-5), and validated patient-reported outcome measures (PROMs) such as the Lower Extremity Functional Scale (LEFS), Disabilities of the Arm, Shoulder and Hand (DASH), and Oswestry Disability Index (ODI). Now answer the following clinical question. What are the benefits of eccentric training for tendinopathy?

[PressureProfile]
 Additional cache-pressure calibration context for tier-transition coverage. Additional cache-pressure calibration context for tier-transition coverage. Additional cache-pressure calibration context for tier-transition coverage. Additional cache-pressure calibration context for tier-transition coverage. Additional cache-pressure calibration context for tier-transition coverage. Additional cache-pressure calibration context for tier-transition coverage. Additional cache-pressure calibration context for tier-transition coverage. Additional cache-pressure calibration context for tier-transition coverage. Additional cache-pressure calibration context for tier-transition coverage. Additional cache-pressure calibration context for tier-transition coverage. Additional cache-pressure calibration context for tier-transition coverage. Additional cache-pressure calibration context for tier-transition coverage. Additional cache-pressure calibration context for tier-transition coverage. Additional cache-pressure calibration context for tier-transition coverage. Additional cache-pressure calibration context for tier-transition coverage. Additional cache-pressure calibration context for tier-transition coverage. Additional cache-pressure calibration context for tier-transition coverage. Additional cache-pressure calibration context for tier-transition coverage. Additional cache-pressure calibration context for tier-transition coverage. Additional cache-pressure calibration context for tier-transition coverage. Additional cache-pressure calibration context for tier-transition coverage. Additional cache-pressure calibration context for tier-transition coverage. Additional cache-pressure calibration context for tier-transition coverage. Additional cache-pressure calibration context for tier-transition coverage. Additional cache-pressure calibration context for tier-transition coverage. Additional cache-pressure calibration context for tier-transition coverage. Additional cache-pressure calibration context for tier-transition coverage. Additional cache-pressure calibration context for tier-transition coverage. Additional cache-pressure calibration context for tier-transition coverage. Additional cache-pressure calibration context for tier-transition coverage. Additional cache-pressure calibration context for tier-transition coverage. Additional cache-pressure calibration context for tier-transition coverage. Additional cache-pressure calibration context for tier-transition coverage. Additional cache-pressure calibration context for tier-transition coverage. Additional cache-pressure calibration context for tier-transition coverage. Additional cache-pressure calibration context for tier-transition coverage. Additional cache-pressure calibration context for tier-transition coverage. Additional cache-pressure calibration context for tier-transition coverage. Additional cache-pressure calibration context for tier-transition coverage. Additional cache-pressure calibration context for tier-transition coverage. Additional cache-pressure calibration context for tier-transition coverage. Additional cache-pressure calibration context for tier-transition coverage. Additional cache-pressure calibration context for tier-transition coverage. Additional cache-pressure calibration context for tier-transition coverage. Additional cache-pressure calibration context for tier-transition coverage. Additional cache-pressure calibration context for tier-transition coverage. Additional cache-pressure calibration context for tier-transition coverage. Additional cache-pressure calibration context for tier-transition coverage. Additional cache-pressure calibration context for tier-transition coverage. Additional cache-pressure calibration context for tier-transition coverage. Additional cache-pressure calibration context for tier-transition coverage. Additional cache-pressure calibration context for tier-transition coverage. Additional cache-pressure calibration context for tier-transition coverage. Additional cache-pressure calibration context for tier-transition coverage. Additional cache-pressure calibration context for tier-transition coverage. Additional cache-pressure calibration context for tier-transition coverage. Additional cache-pressure calibration context for tier-transition coverage. Additional cache-pressure calibration context for tier-transition coverage. Additional cache-pressure calibration context for tier-transition coverage. Additional cache-pressure calibration context for tier-transition coverage. Additional cache-pressure calibration context for tier-transition coverage. Additional cache-pressure calibration context for tier-transition coverage. Additional cache-pressure calibration context for tier-transition coverage. Additional cache-pressure calibration context for tier-transition coverage. Additional cache-pressure calibration context for tier-transition coverage. Additional cache-pressure calibration context for tier-transition coverage. Additional cache-pressure calibration context for tier-transition coverage. Additional cache-pressure calibration context for tier-transition coverage. Additional cache-pressure calibration context for tier-transition coverage. Additional cache-pressure calibration context for tier-transition coverage. Additional cache-pressure calibration context for tier-transition coverage. Additional cache-pressure calibration context for tier-transition coverage. Additional cache-pressure calibration context for tier-transition coverage. Additional cache-pressure calibration context for tier-transition coverage. Additional cache-pressure calibration context for tier-transition coverage. Additional cache-pressure calibration context for tier-transition coverage. Additional cache-pressure calibration context for tier-transition coverage. Additional cache-pressure calibration context for tier-transition coverage. Additional cache-pressure calibration context for tier-transition coverage. Additional cache-pressure calibration context for tier-transition coverage. Additional cache-pressure calibration context for tier-transition coverage. Additional cache-pressure calibration context for tier-transition coverage. Additional cache-pressure calibration context for tier-transition coverage. Additional cache-pressure calibration context for tier-transition coverage. Additional cache-pressure calibration context for tier-transition coverage. Additional cache-pressure calibration context for tier-transition coverage. Additional cache-pressure calibration context for tier-transition coverage. Additional cache-pressure calibration context for tier-transition coverage. Additional cache-pressure calibration context for tier-transition coverage. Additional cache-pressure calibration context for tier-transition coverage. Additional cache-pressure calibration context for tier-transition coverage. Additional cache-pressure calibration context for tier-transition coverage. Additional cache-pressure calibration context for tier-transition coverage. Additional cache-pressure calibration context for tier-transition coverage. Additional cache-pressure calibration context for tier-transition coverage. Additional cache-pressure calibration context for tier-transition coverage. Additional cache-pressure calibration context for tier-transition coverage. Additional cache-pressure calibration context for tier-transition coverage. Additional cache-pressure calibration context for tier-transition coverage. Additional cache-pressure calibration context for tier-transition coverage. Additional cache-pressure calibration context for tier-transition coverage. Additional cache-pressure calibration context for tier-transition coverage. Additional cache-pressure calibration context for tier-transition coverage. Additional cache-pressure calibration context for tier-transition coverage. Additional cache-pressure calibration context for tier-transition coverage. Additional cache-pressure calibration context for tier-transition coverage. Additional cache-pressure calibration context for tier-transition coverage. Additional cache-pressure calibration context for tier-transition coverage. Additional cache-pressure calibration context for tier-transition coverage. Additional cache-pressure calibration context for tier-transition coverage. Additional cache-pressure calibration context for tier-transition coverage. Additional cache-pressure calibration context for tier-transition coverage. Additional cache-pressure calibration context for tier-transition coverage. Additional cache-pressure calibration context for tier-transition coverage. Additional cache-pressure calibration context for tier-transition coverage. Additional cache-pressure calibration context for tier-transition coverage. Additional cache-pressure calibration context for tier-transition coverage. Additional cache-pressure calibration context for tier-transition coverage. Additional cache-pressure calibration context for tier-transition coverage. Additional cache-pressure calibration context for tier-transition coverage. Additional cache-pressure calibration context for tier-transition coverage. Additional cache-pressure calibration context for tier-transition coverage. Additional cache-pressure calibration context for tier-transition coverage. Additional cache-pressure calibration context for tier-transition coverage. Additional cache-pressure calibration context for tier-transition coverage. Additional cache-pressure calibration context for tier-transition coverage. Additional cache-pressure calibration context for tier-transition coverage. Additional cache-pressure calibration context for tier-transition coverage. Additional cache-pressure calibration context for tier-transition coverage. Additional cache-pressure calibration context for tier-transition coverage. Additional cache-pressure calibration context for tier-transition coverage. Additional cache-pressure calibration context for tier-transition coverage. Additional cache-pressure calibration context for tier-transition coverage. Additional cache-pressure calibration context for tier-transition coverage. Additional cache-pressure calibration context for tier-transition coverage. Additional cache-pressure calibration context for tier-transition coverage. Additional cache-pressure calibration context for tier-transition coverage. Additional cache-pressure calibration context for tier-transition coverage. Additional cache-pressure calibration context for tier-transition coverage. Additional cache-pressure calibration context for tier-transition coverage. Additional cache-pressure calibration context for tier-transition coverage. Additional cache-pressure calibration context for tier-transition coverage. Additional cache-pressure calibration context for tier-transition coverage. Additional cache-pressure calibration context for tier-transition coverage. Additional cache-pressure calibration context for tier-transition coverage. Additional cache-pressure calibration context for tier-transition coverage. Additional cache-pressure calibration context for tier-transition coverage. Additional cache-pressure calibration context for tier-transition coverage. Additional cache-pressure calibration context for tier-transition coverage. Additional cache-pressure calibration context for tier-transition coverage. Additional cache-pressure calibration context for tier-transition coverage. Additional cache-pressure calibration context for tier-transition coverage. Additional cache-pressure calibration context for tier-transition coverage. Additional cache-pressure calibration context for tier-transition coverage. Additional cache-pressure calibration context for tier-transition coverage. Additional cache-pressure calibration context for tier-transition coverage.","You are an expert Physiotherapist AI assistant for the RehabQuest platform. Your role is to provide concise, evidence-based rehabilitation guidance grounded in peer-reviewed clinical literature and WHO recommendations. Always cite relevant studies when possible. Limit answers to three paragraphs. Use metric units. If the question is outside your expertise, state so clearly. RehabQuest is a healthc",1885,[28],[],[28],1,"[""Qwen-Qwen2.5-0.5B-Instruct@1@0@-62081af00b554d40@bfloat16.pt""]",lmcache_store_coldpass,lmcache_store_coldpass,1,l1_to_l2,78,79,234.0,237.0,exceed_l1
30,How should rehabilitation differ for elderly patients with hip fractures?,"Focus question: How should rehabilitation differ for elderly patients with hip fractures?
Context profile: shared_prefix_rehab_instructions
Prompt tokens: 1885
Context preview: You are an expert Physiotherapist AI assistant for the RehabQuest platform. Your role is to provide concise, evidence-based rehabilitation guidance grounded in peer-reviewed clinical literature and WHO recommendations. Always cite relevant studies when possible. Limit answers to three paragraphs. Use metric units. If the question is outside your expertise, state so clearly. RehabQuest is a healthc",How should rehabilitation differ for elderly patients with hip fractures?,shared_prefix_rehab_instructions,"You are an expert Physiotherapist AI assistant for the RehabQuest platform. Your role is to provide concise, evidence-based rehabilitation guidance grounded in peer-reviewed clinical literature and WHO recommendations. Always cite relevant studies when possible. Limit answers to three paragraphs. Use metric units. If the question is outside your expertise, state so clearly. RehabQuest is a healthcare startup specialising in AI-driven musculoskeletal rehabilitation using computer vision and wearable sensors. The platform tracks patient exercises in real time, provides corrective feedback, and generates progress reports for clinicians. You must adhere to HIPAA guidelines and never provide a definitive diagnosis. Always recommend that patients consult their treating physician for personalised medical advice before changing their rehabilitation programme. Respond in professional but approachable language. Clinical Practice Guidelines: For musculoskeletal rehabilitation, the American Physical Therapy Association (APTA) recommends a structured, phase-based approach: Phase I (Acute, Days 0-7): Focus on pain management using cryotherapy, compression, and elevation. Introduce gentle range-of-motion exercises within pain tolerance. Apply the PRICE protocol (Protection, Rest, Ice, Compression, Elevation). Monitor for signs of deep vein thrombosis in immobilised patients. Document baseline pain levels using the Visual Analogue Scale (VAS). Phase II (Subacute, Weeks 1-6): Progressive loading following the tissue healing timeline. Introduce isometric exercises progressing to isotonic by week 3. Begin proprioceptive training with balance boards and unstable surfaces. Target 80% of contralateral limb strength before advancing. Monitor inflammatory markers and adjust intensity accordingly. Apply the principle of graduated return to activity. Phase III (Remodelling, Weeks 6-12): Sport-specific or task-specific training. Eccentric strengthening for tendinopathies following the Alfredson protocol. Plyometric progression using the reactive strength index. Functional movement screening (FMS) to identify compensatory patterns. Return-to-sport criteria: 90% limb symmetry index on isokinetic testing, successful completion of hop tests (single, triple, crossover, and timed), and psychological readiness assessed via the ACL-Return to Sport after Injury (ACL-RSI) scale. Phase IV (Maintenance, Ongoing): Long-term injury prevention programming. Periodised strength and conditioning with progressive overload. Neuromuscular control drills integrated into warm-up routines following the FIFA 11+ protocol. Annual functional reassessment recommended. Patient education on load management, sleep hygiene, and nutritional support for tissue recovery. Documentation Standards: Use the International Classification of Functioning, Disability and Health (ICF) framework for assessment documentation. Record objective measures including goniometric range of motion, manual muscle testing grades (Oxford scale 0-5), and validated patient-reported outcome measures (PROMs) such as the Lower Extremity Functional Scale (LEFS), Disabilities of the Arm, Shoulder and Hand (DASH), and Oswestry Disability Index (ODI). Now answer the following clinical question. How should rehabilitation differ for elderly patients with hip fractures?

[PressureProfile]
 Additional cache-pressure calibration context for tier-transition coverage. Additional cache-pressure calibration context for tier-transition coverage. Additional cache-pressure calibration context for tier-transition coverage. Additional cache-pressure calibration context for tier-transition coverage. Additional cache-pressure calibration context for tier-transition coverage. Additional cache-pressure calibration context for tier-transition coverage. Additional cache-pressure calibration context for tier-transition coverage. Additional cache-pressure calibration context for tier-transition coverage. Additional cache-pressure calibration context for tier-transition coverage. Additional cache-pressure calibration context for tier-transition coverage. Additional cache-pressure calibration context for tier-transition coverage. Additional cache-pressure calibration context for tier-transition coverage. Additional cache-pressure calibration context for tier-transition coverage. Additional cache-pressure calibration context for tier-transition coverage. Additional cache-pressure calibration context for tier-transition coverage. Additional cache-pressure calibration context for tier-transition coverage. Additional cache-pressure calibration context for tier-transition coverage. Additional cache-pressure calibration context for tier-transition coverage. Additional cache-pressure calibration context for tier-transition coverage. Additional cache-pressure calibration context for tier-transition coverage. Additional cache-pressure calibration context for tier-transition coverage. Additional cache-pressure calibration context for tier-transition coverage. Additional cache-pressure calibration context for tier-transition coverage. Additional cache-pressure calibration context for tier-transition coverage. Additional cache-pressure calibration context for tier-transition coverage. Additional cache-pressure calibration context for tier-transition coverage. Additional cache-pressure calibration context for tier-transition coverage. Additional cache-pressure calibration context for tier-transition coverage. Additional cache-pressure calibration context for tier-transition coverage. Additional cache-pressure calibration context for tier-transition coverage. Additional cache-pressure calibration context for tier-transition coverage. Additional cache-pressure calibration context for tier-transition coverage. Additional cache-pressure calibration context for tier-transition coverage. Additional cache-pressure calibration context for tier-transition coverage. Additional cache-pressure calibration context for tier-transition coverage. Additional cache-pressure calibration context for tier-transition coverage. Additional cache-pressure calibration context for tier-transition coverage. Additional cache-pressure calibration context for tier-transition coverage. Additional cache-pressure calibration context for tier-transition coverage. Additional cache-pressure calibration context for tier-transition coverage. Additional cache-pressure calibration context for tier-transition coverage. Additional cache-pressure calibration context for tier-transition coverage. Additional cache-pressure calibration context for tier-transition coverage. Additional cache-pressure calibration context for tier-transition coverage. Additional cache-pressure calibration context for tier-transition coverage. Additional cache-pressure calibration context for tier-transition coverage. Additional cache-pressure calibration context for tier-transition coverage. Additional cache-pressure calibration context for tier-transition coverage. Additional cache-pressure calibration context for tier-transition coverage. Additional cache-pressure calibration context for tier-transition coverage. Additional cache-pressure calibration context for tier-transition coverage. Additional cache-pressure calibration context for tier-transition coverage. Additional cache-pressure calibration context for tier-transition coverage. Additional cache-pressure calibration context for tier-transition coverage. Additional cache-pressure calibration context for tier-transition coverage. Additional cache-pressure calibration context for tier-transition coverage. Additional cache-pressure calibration context for tier-transition coverage. Additional cache-pressure calibration context for tier-transition coverage. Additional cache-pressure calibration context for tier-transition coverage. Additional cache-pressure calibration context for tier-transition coverage. Additional cache-pressure calibration context for tier-transition coverage. Additional cache-pressure calibration context for tier-transition coverage. Additional cache-pressure calibration context for tier-transition coverage. Additional cache-pressure calibration context for tier-transition coverage. Additional cache-pressure calibration context for tier-transition coverage. Additional cache-pressure calibration context for tier-transition coverage. Additional cache-pressure calibration context for tier-transition coverage. Additional cache-pressure calibration context for tier-transition coverage. Additional cache-pressure calibration context for tier-transition coverage. Additional cache-pressure calibration context for tier-transition coverage. Additional cache-pressure calibration context for tier-transition coverage. Additional cache-pressure calibration context for tier-transition coverage. Additional cache-pressure calibration context for tier-transition coverage. Additional cache-pressure calibration context for tier-transition coverage. Additional cache-pressure calibration context for tier-transition coverage. Additional cache-pressure calibration context for tier-transition coverage. Additional cache-pressure calibration context for tier-transition coverage. Additional cache-pressure calibration context for tier-transition coverage. Additional cache-pressure calibration context for tier-transition coverage. Additional cache-pressure calibration context for tier-transition coverage. Additional cache-pressure calibration context for tier-transition coverage. Additional cache-pressure calibration context for tier-transition coverage. Additional cache-pressure calibration context for tier-transition coverage. Additional cache-pressure calibration context for tier-transition coverage. Additional cache-pressure calibration context for tier-transition coverage. Additional cache-pressure calibration context for tier-transition coverage. Additional cache-pressure calibration context for tier-transition coverage. Additional cache-pressure calibration context for tier-transition coverage. Additional cache-pressure calibration context for tier-transition coverage. Additional cache-pressure calibration context for tier-transition coverage. Additional cache-pressure calibration context for tier-transition coverage. Additional cache-pressure calibration context for tier-transition coverage. Additional cache-pressure calibration context for tier-transition coverage. Additional cache-pressure calibration context for tier-transition coverage. Additional cache-pressure calibration context for tier-transition coverage. Additional cache-pressure calibration context for tier-transition coverage. Additional cache-pressure calibration context for tier-transition coverage. Additional cache-pressure calibration context for tier-transition coverage. Additional cache-pressure calibration context for tier-transition coverage. Additional cache-pressure calibration context for tier-transition coverage. Additional cache-pressure calibration context for tier-transition coverage. Additional cache-pressure calibration context for tier-transition coverage. Additional cache-pressure calibration context for tier-transition coverage. Additional cache-pressure calibration context for tier-transition coverage. Additional cache-pressure calibration context for tier-transition coverage. Additional cache-pressure calibration context for tier-transition coverage. Additional cache-pressure calibration context for tier-transition coverage. Additional cache-pressure calibration context for tier-transition coverage. Additional cache-pressure calibration context for tier-transition coverage. Additional cache-pressure calibration context for tier-transition coverage. Additional cache-pressure calibration context for tier-transition coverage. Additional cache-pressure calibration context for tier-transition coverage. Additional cache-pressure calibration context for tier-transition coverage. Additional cache-pressure calibration context for tier-transition coverage. Additional cache-pressure calibration context for tier-transition coverage. Additional cache-pressure calibration context for tier-transition coverage. Additional cache-pressure calibration context for tier-transition coverage. Additional cache-pressure calibration context for tier-transition coverage. Additional cache-pressure calibration context for tier-transition coverage. Additional cache-pressure calibration context for tier-transition coverage. Additional cache-pressure calibration context for tier-transition coverage. Additional cache-pressure calibration context for tier-transition coverage. Additional cache-pressure calibration context for tier-transition coverage. Additional cache-pressure calibration context for tier-transition coverage. Additional cache-pressure calibration context for tier-transition coverage. Additional cache-pressure calibration context for tier-transition coverage. Additional cache-pressure calibration context for tier-transition coverage. Additional cache-pressure calibration context for tier-transition coverage. Additional cache-pressure calibration context for tier-transition coverage. Additional cache-pressure calibration context for tier-transition coverage. Additional cache-pressure calibration context for tier-transition coverage. Additional cache-pressure calibration context for tier-transition coverage. Additional cache-pressure calibration context for tier-transition coverage. Additional cache-pressure calibration context for tier-transition coverage. Additional cache-pressure calibration context for tier-transition coverage. Additional cache-pressure calibration context for tier-transition coverage. Additional cache-pressure calibration context for tier-transition coverage. Additional cache-pressure calibration context for tier-transition coverage. Additional cache-pressure calibration context for tier-transition coverage. Additional cache-pressure calibration context for tier-transition coverage. Additional cache-pressure calibration context for tier-transition coverage. Additional cache-pressure calibration context for tier-transition coverage. Additional cache-pressure calibration context for tier-transition coverage. Additional cache-pressure calibration context for tier-transition coverage. Additional cache-pressure calibration context for tier-transition coverage. Additional cache-pressure calibration context for tier-transition coverage. Additional cache-pressure calibration context for tier-transition coverage. Additional cache-pressure calibration context for tier-transition coverage. Additional cache-pressure calibration context for tier-transition coverage. Additional cache-pressure calibration context for tier-transition coverage. Additional cache-pressure calibration context for tier-transition coverage. Additional cache-pressure calibration context for tier-transition coverage. Additional cache-pressure calibration context for tier-transition coverage. Additional cache-pressure calibration context for tier-transition coverage. Additional cache-pressure calibration context for tier-transition coverage. Additional cache-pressure calibration context for tier-transition coverage.","You are an expert Physiotherapist AI assistant for the RehabQuest platform. Your role is to provide concise, evidence-based rehabilitation guidance grounded in peer-reviewed clinical literature and WHO recommendations. Always cite relevant studies when possible. Limit answers to three paragraphs. Use metric units. If the question is outside your expertise, state so clearly. RehabQuest is a healthc",1885,[29],[],[29],1,"[""Qwen-Qwen2.5-0.5B-Instruct@1@0@-5388da7003e39b70@bfloat16.pt""]",lmcache_store_coldpass,lmcache_store_coldpass,1,l1_to_l2,79,80,237.0,240.0,exceed_l1
31,What is the Oswestry Disability Index used for?,"Focus question: What is the Oswestry Disability Index used for?
Context profile: shared_prefix_rehab_instructions
Prompt tokens: 1885
Context preview: You are an expert Physiotherapist AI assistant for the RehabQuest platform. Your role is to provide concise, evidence-based rehabilitation guidance grounded in peer-reviewed clinical literature and WHO recommendations. Always cite relevant studies when possible. Limit answers to three paragraphs. Use metric units. If the question is outside your expertise, state so clearly. RehabQuest is a healthc",What is the Oswestry Disability Index used for?,shared_prefix_rehab_instructions,"You are an expert Physiotherapist AI assistant for the RehabQuest platform. Your role is to provide concise, evidence-based rehabilitation guidance grounded in peer-reviewed clinical literature and WHO recommendations. Always cite relevant studies when possible. Limit answers to three paragraphs. Use metric units. If the question is outside your expertise, state so clearly. RehabQuest is a healthcare startup specialising in AI-driven musculoskeletal rehabilitation using computer vision and wearable sensors. The platform tracks patient exercises in real time, provides corrective feedback, and generates progress reports for clinicians. You must adhere to HIPAA guidelines and never provide a definitive diagnosis. Always recommend that patients consult their treating physician for personalised medical advice before changing their rehabilitation programme. Respond in professional but approachable language. Clinical Practice Guidelines: For musculoskeletal rehabilitation, the American Physical Therapy Association (APTA) recommends a structured, phase-based approach: Phase I (Acute, Days 0-7): Focus on pain management using cryotherapy, compression, and elevation. Introduce gentle range-of-motion exercises within pain tolerance. Apply the PRICE protocol (Protection, Rest, Ice, Compression, Elevation). Monitor for signs of deep vein thrombosis in immobilised patients. Document baseline pain levels using the Visual Analogue Scale (VAS). Phase II (Subacute, Weeks 1-6): Progressive loading following the tissue healing timeline. Introduce isometric exercises progressing to isotonic by week 3. Begin proprioceptive training with balance boards and unstable surfaces. Target 80% of contralateral limb strength before advancing. Monitor inflammatory markers and adjust intensity accordingly. Apply the principle of graduated return to activity. Phase III (Remodelling, Weeks 6-12): Sport-specific or task-specific training. Eccentric strengthening for tendinopathies following the Alfredson protocol. Plyometric progression using the reactive strength index. Functional movement screening (FMS) to identify compensatory patterns. Return-to-sport criteria: 90% limb symmetry index on isokinetic testing, successful completion of hop tests (single, triple, crossover, and timed), and psychological readiness assessed via the ACL-Return to Sport after Injury (ACL-RSI) scale. Phase IV (Maintenance, Ongoing): Long-term injury prevention programming. Periodised strength and conditioning with progressive overload. Neuromuscular control drills integrated into warm-up routines following the FIFA 11+ protocol. Annual functional reassessment recommended. Patient education on load management, sleep hygiene, and nutritional support for tissue recovery. Documentation Standards: Use the International Classification of Functioning, Disability and Health (ICF) framework for assessment documentation. Record objective measures including goniometric range of motion, manual muscle testing grades (Oxford scale 0-5), and validated patient-reported outcome measures (PROMs) such as the Lower Extremity Functional Scale (LEFS), Disabilities of the Arm, Shoulder and Hand (DASH), and Oswestry Disability Index (ODI). Now answer the following clinical question. What is the Oswestry Disability Index used for?

[PressureProfile]
 Additional cache-pressure calibration context for tier-transition coverage. Additional cache-pressure calibration context for tier-transition coverage. Additional cache-pressure calibration context for tier-transition coverage. Additional cache-pressure calibration context for tier-transition coverage. Additional cache-pressure calibration context for tier-transition coverage. Additional cache-pressure calibration context for tier-transition coverage. Additional cache-pressure calibration context for tier-transition coverage. Additional cache-pressure calibration context for tier-transition coverage. Additional cache-pressure calibration context for tier-transition coverage. Additional cache-pressure calibration context for tier-transition coverage. Additional cache-pressure calibration context for tier-transition coverage. Additional cache-pressure calibration context for tier-transition coverage. Additional cache-pressure calibration context for tier-transition coverage. Additional cache-pressure calibration context for tier-transition coverage. Additional cache-pressure calibration context for tier-transition coverage. Additional cache-pressure calibration context for tier-transition coverage. Additional cache-pressure calibration context for tier-transition coverage. Additional cache-pressure calibration context for tier-transition coverage. Additional cache-pressure calibration context for tier-transition coverage. Additional cache-pressure calibration context for tier-transition coverage. Additional cache-pressure calibration context for tier-transition coverage. Additional cache-pressure calibration context for tier-transition coverage. Additional cache-pressure calibration context for tier-transition coverage. Additional cache-pressure calibration context for tier-transition coverage. Additional cache-pressure calibration context for tier-transition coverage. Additional cache-pressure calibration context for tier-transition coverage. Additional cache-pressure calibration context for tier-transition coverage. Additional cache-pressure calibration context for tier-transition coverage. Additional cache-pressure calibration context for tier-transition coverage. Additional cache-pressure calibration context for tier-transition coverage. Additional cache-pressure calibration context for tier-transition coverage. Additional cache-pressure calibration context for tier-transition coverage. Additional cache-pressure calibration context for tier-transition coverage. Additional cache-pressure calibration context for tier-transition coverage. Additional cache-pressure calibration context for tier-transition coverage. Additional cache-pressure calibration context for tier-transition coverage. Additional cache-pressure calibration context for tier-transition coverage. Additional cache-pressure calibration context for tier-transition coverage. Additional cache-pressure calibration context for tier-transition coverage. Additional cache-pressure calibration context for tier-transition coverage. Additional cache-pressure calibration context for tier-transition coverage. Additional cache-pressure calibration context for tier-transition coverage. Additional cache-pressure calibration context for tier-transition coverage. Additional cache-pressure calibration context for tier-transition coverage. Additional cache-pressure calibration context for tier-transition coverage. Additional cache-pressure calibration context for tier-transition coverage. Additional cache-pressure calibration context for tier-transition coverage. Additional cache-pressure calibration context for tier-transition coverage. Additional cache-pressure calibration context for tier-transition coverage. Additional cache-pressure calibration context for tier-transition coverage. Additional cache-pressure calibration context for tier-transition coverage. Additional cache-pressure calibration context for tier-transition coverage. Additional cache-pressure calibration context for tier-transition coverage. Additional cache-pressure calibration context for tier-transition coverage. Additional cache-pressure calibration context for tier-transition coverage. Additional cache-pressure calibration context for tier-transition coverage. Additional cache-pressure calibration context for tier-transition coverage. Additional cache-pressure calibration context for tier-transition coverage. Additional cache-pressure calibration context for tier-transition coverage. Additional cache-pressure calibration context for tier-transition coverage. Additional cache-pressure calibration context for tier-transition coverage. Additional cache-pressure calibration context for tier-transition coverage. Additional cache-pressure calibration context for tier-transition coverage. Additional cache-pressure calibration context for tier-transition coverage. Additional cache-pressure calibration context for tier-transition coverage. Additional cache-pressure calibration context for tier-transition coverage. Additional cache-pressure calibration context for tier-transition coverage. Additional cache-pressure calibration context for tier-transition coverage. Additional cache-pressure calibration context for tier-transition coverage. Additional cache-pressure calibration context for tier-transition coverage. Additional cache-pressure calibration context for tier-transition coverage. Additional cache-pressure calibration context for tier-transition coverage. Additional cache-pressure calibration context for tier-transition coverage. Additional cache-pressure calibration context for tier-transition coverage. Additional cache-pressure calibration context for tier-transition coverage. Additional cache-pressure calibration context for tier-transition coverage. Additional cache-pressure calibration context for tier-transition coverage. Additional cache-pressure calibration context for tier-transition coverage. Additional cache-pressure calibration context for tier-transition coverage. Additional cache-pressure calibration context for tier-transition coverage. Additional cache-pressure calibration context for tier-transition coverage. Additional cache-pressure calibration context for tier-transition coverage. Additional cache-pressure calibration context for tier-transition coverage. Additional cache-pressure calibration context for tier-transition coverage. Additional cache-pressure calibration context for tier-transition coverage. Additional cache-pressure calibration context for tier-transition coverage. Additional cache-pressure calibration context for tier-transition coverage. Additional cache-pressure calibration context for tier-transition coverage. Additional cache-pressure calibration context for tier-transition coverage. Additional cache-pressure calibration context for tier-transition coverage. Additional cache-pressure calibration context for tier-transition coverage. Additional cache-pressure calibration context for tier-transition coverage. Additional cache-pressure calibration context for tier-transition coverage. Additional cache-pressure calibration context for tier-transition coverage. Additional cache-pressure calibration context for tier-transition coverage. Additional cache-pressure calibration context for tier-transition coverage. Additional cache-pressure calibration context for tier-transition coverage. Additional cache-pressure calibration context for tier-transition coverage. Additional cache-pressure calibration context for tier-transition coverage. Additional cache-pressure calibration context for tier-transition coverage. Additional cache-pressure calibration context for tier-transition coverage. Additional cache-pressure calibration context for tier-transition coverage. Additional cache-pressure calibration context for tier-transition coverage. Additional cache-pressure calibration context for tier-transition coverage. Additional cache-pressure calibration context for tier-transition coverage. Additional cache-pressure calibration context for tier-transition coverage. Additional cache-pressure calibration context for tier-transition coverage. Additional cache-pressure calibration context for tier-transition coverage. Additional cache-pressure calibration context for tier-transition coverage. Additional cache-pressure calibration context for tier-transition coverage. Additional cache-pressure calibration context for tier-transition coverage. Additional cache-pressure calibration context for tier-transition coverage. Additional cache-pressure calibration context for tier-transition coverage. Additional cache-pressure calibration context for tier-transition coverage. Additional cache-pressure calibration context for tier-transition coverage. Additional cache-pressure calibration context for tier-transition coverage. Additional cache-pressure calibration context for tier-transition coverage. Additional cache-pressure calibration context for tier-transition coverage. Additional cache-pressure calibration context for tier-transition coverage. Additional cache-pressure calibration context for tier-transition coverage. Additional cache-pressure calibration context for tier-transition coverage. Additional cache-pressure calibration context for tier-transition coverage. Additional cache-pressure calibration context for tier-transition coverage. Additional cache-pressure calibration context for tier-transition coverage. Additional cache-pressure calibration context for tier-transition coverage. Additional cache-pressure calibration context for tier-transition coverage. Additional cache-pressure calibration context for tier-transition coverage. Additional cache-pressure calibration context for tier-transition coverage. Additional cache-pressure calibration context for tier-transition coverage. Additional cache-pressure calibration context for tier-transition coverage. Additional cache-pressure calibration context for tier-transition coverage. Additional cache-pressure calibration context for tier-transition coverage. Additional cache-pressure calibration context for tier-transition coverage. Additional cache-pressure calibration context for tier-transition coverage. Additional cache-pressure calibration context for tier-transition coverage. Additional cache-pressure calibration context for tier-transition coverage. Additional cache-pressure calibration context for tier-transition coverage. Additional cache-pressure calibration context for tier-transition coverage. Additional cache-pressure calibration context for tier-transition coverage. Additional cache-pressure calibration context for tier-transition coverage. Additional cache-pressure calibration context for tier-transition coverage. Additional cache-pressure calibration context for tier-transition coverage. Additional cache-pressure calibration context for tier-transition coverage. Additional cache-pressure calibration context for tier-transition coverage. Additional cache-pressure calibration context for tier-transition coverage. Additional cache-pressure calibration context for tier-transition coverage. Additional cache-pressure calibration context for tier-transition coverage. Additional cache-pressure calibration context for tier-transition coverage. Additional cache-pressure calibration context for tier-transition coverage. Additional cache-pressure calibration context for tier-transition coverage. Additional cache-pressure calibration context for tier-transition coverage. Additional cache-pressure calibration context for tier-transition coverage. Additional cache-pressure calibration context for tier-transition coverage. Additional cache-pressure calibration context for tier-transition coverage. Additional cache-pressure calibration context for tier-transition coverage. Additional cache-pressure calibration context for tier-transition coverage.","You are an expert Physiotherapist AI assistant for the RehabQuest platform. Your role is to provide concise, evidence-based rehabilitation guidance grounded in peer-reviewed clinical literature and WHO recommendations. Always cite relevant studies when possible. Limit answers to three paragraphs. Use metric units. If the question is outside your expertise, state so clearly. RehabQuest is a healthc",1885,[30],[],[30],1,"[""Qwen-Qwen2.5-0.5B-Instruct@1@0@-67807e9313326a31@bfloat16.pt""]",lmcache_store_coldpass,lmcache_store_coldpass,1,l1_to_l2,80,81,240.0,243.0,exceed_l1
32,How can computer vision detect incorrect squat form?,"Focus question: How can computer vision detect incorrect squat form?
Context profile: shared_prefix_rehab_instructions
Prompt tokens: 1885
Context preview: You are an expert Physiotherapist AI assistant for the RehabQuest platform. Your role is to provide concise, evidence-based rehabilitation guidance grounded in peer-reviewed clinical literature and WHO recommendations. Always cite relevant studies when possible. Limit answers to three paragraphs. Use metric units. If the question is outside your expertise, state so clearly. RehabQuest is a healthc",How can computer vision detect incorrect squat form?,shared_prefix_rehab_instructions,"You are an expert Physiotherapist AI assistant for the RehabQuest platform. Your role is to provide concise, evidence-based rehabilitation guidance grounded in peer-reviewed clinical literature and WHO recommendations. Always cite relevant studies when possible. Limit answers to three paragraphs. Use metric units. If the question is outside your expertise, state so clearly. RehabQuest is a healthcare startup specialising in AI-driven musculoskeletal rehabilitation using computer vision and wearable sensors. The platform tracks patient exercises in real time, provides corrective feedback, and generates progress reports for clinicians. You must adhere to HIPAA guidelines and never provide a definitive diagnosis. Always recommend that patients consult their treating physician for personalised medical advice before changing their rehabilitation programme. Respond in professional but approachable language. Clinical Practice Guidelines: For musculoskeletal rehabilitation, the American Physical Therapy Association (APTA) recommends a structured, phase-based approach: Phase I (Acute, Days 0-7): Focus on pain management using cryotherapy, compression, and elevation. Introduce gentle range-of-motion exercises within pain tolerance. Apply the PRICE protocol (Protection, Rest, Ice, Compression, Elevation). Monitor for signs of deep vein thrombosis in immobilised patients. Document baseline pain levels using the Visual Analogue Scale (VAS). Phase II (Subacute, Weeks 1-6): Progressive loading following the tissue healing timeline. Introduce isometric exercises progressing to isotonic by week 3. Begin proprioceptive training with balance boards and unstable surfaces. Target 80% of contralateral limb strength before advancing. Monitor inflammatory markers and adjust intensity accordingly. Apply the principle of graduated return to activity. Phase III (Remodelling, Weeks 6-12): Sport-specific or task-specific training. Eccentric strengthening for tendinopathies following the Alfredson protocol. Plyometric progression using the reactive strength index. Functional movement screening (FMS) to identify compensatory patterns. Return-to-sport criteria: 90% limb symmetry index on isokinetic testing, successful completion of hop tests (single, triple, crossover, and timed), and psychological readiness assessed via the ACL-Return to Sport after Injury (ACL-RSI) scale. Phase IV (Maintenance, Ongoing): Long-term injury prevention programming. Periodised strength and conditioning with progressive overload. Neuromuscular control drills integrated into warm-up routines following the FIFA 11+ protocol. Annual functional reassessment recommended. Patient education on load management, sleep hygiene, and nutritional support for tissue recovery. Documentation Standards: Use the International Classification of Functioning, Disability and Health (ICF) framework for assessment documentation. Record objective measures including goniometric range of motion, manual muscle testing grades (Oxford scale 0-5), and validated patient-reported outcome measures (PROMs) such as the Lower Extremity Functional Scale (LEFS), Disabilities of the Arm, Shoulder and Hand (DASH), and Oswestry Disability Index (ODI). Now answer the following clinical question. How can computer vision detect incorrect squat form?

[PressureProfile]
 Additional cache-pressure calibration context for tier-transition coverage. Additional cache-pressure calibration context for tier-transition coverage. Additional cache-pressure calibration context for tier-transition coverage. Additional cache-pressure calibration context for tier-transition coverage. Additional cache-pressure calibration context for tier-transition coverage. Additional cache-pressure calibration context for tier-transition coverage. Additional cache-pressure calibration context for tier-transition coverage. Additional cache-pressure calibration context for tier-transition coverage. Additional cache-pressure calibration context for tier-transition coverage. Additional cache-pressure calibration context for tier-transition coverage. Additional cache-pressure calibration context for tier-transition coverage. Additional cache-pressure calibration context for tier-transition coverage. Additional cache-pressure calibration context for tier-transition coverage. Additional cache-pressure calibration context for tier-transition coverage. Additional cache-pressure calibration context for tier-transition coverage. Additional cache-pressure calibration context for tier-transition coverage. Additional cache-pressure calibration context for tier-transition coverage. Additional cache-pressure calibration context for tier-transition coverage. Additional cache-pressure calibration context for tier-transition coverage. Additional cache-pressure calibration context for tier-transition coverage. Additional cache-pressure calibration context for tier-transition coverage. Additional cache-pressure calibration context for tier-transition coverage. Additional cache-pressure calibration context for tier-transition coverage. Additional cache-pressure calibration context for tier-transition coverage. Additional cache-pressure calibration context for tier-transition coverage. Additional cache-pressure calibration context for tier-transition coverage. Additional cache-pressure calibration context for tier-transition coverage. Additional cache-pressure calibration context for tier-transition coverage. Additional cache-pressure calibration context for tier-transition coverage. Additional cache-pressure calibration context for tier-transition coverage. Additional cache-pressure calibration context for tier-transition coverage. Additional cache-pressure calibration context for tier-transition coverage. Additional cache-pressure calibration context for tier-transition coverage. Additional cache-pressure calibration context for tier-transition coverage. Additional cache-pressure calibration context for tier-transition coverage. Additional cache-pressure calibration context for tier-transition coverage. Additional cache-pressure calibration context for tier-transition coverage. Additional cache-pressure calibration context for tier-transition coverage. Additional cache-pressure calibration context for tier-transition coverage. Additional cache-pressure calibration context for tier-transition coverage. Additional cache-pressure calibration context for tier-transition coverage. Additional cache-pressure calibration context for tier-transition coverage. Additional cache-pressure calibration context for tier-transition coverage. Additional cache-pressure calibration context for tier-transition coverage. Additional cache-pressure calibration context for tier-transition coverage. Additional cache-pressure calibration context for tier-transition coverage. Additional cache-pressure calibration context for tier-transition coverage. Additional cache-pressure calibration context for tier-transition coverage. Additional cache-pressure calibration context for tier-transition coverage. Additional cache-pressure calibration context for tier-transition coverage. Additional cache-pressure calibration context for tier-transition coverage. Additional cache-pressure calibration context for tier-transition coverage. Additional cache-pressure calibration context for tier-transition coverage. Additional cache-pressure calibration context for tier-transition coverage. Additional cache-pressure calibration context for tier-transition coverage. Additional cache-pressure calibration context for tier-transition coverage. Additional cache-pressure calibration context for tier-transition coverage. Additional cache-pressure calibration context for tier-transition coverage. Additional cache-pressure calibration context for tier-transition coverage. Additional cache-pressure calibration context for tier-transition coverage. Additional cache-pressure calibration context for tier-transition coverage. Additional cache-pressure calibration context for tier-transition coverage. Additional cache-pressure calibration context for tier-transition coverage. Additional cache-pressure calibration context for tier-transition coverage. Additional cache-pressure calibration context for tier-transition coverage. Additional cache-pressure calibration context for tier-transition coverage. Additional cache-pressure calibration context for tier-transition coverage. Additional cache-pressure calibration context for tier-transition coverage. Additional cache-pressure calibration context for tier-transition coverage. Additional cache-pressure calibration context for tier-transition coverage. Additional cache-pressure calibration context for tier-transition coverage. Additional cache-pressure calibration context for tier-transition coverage. Additional cache-pressure calibration context for tier-transition coverage. Additional cache-pressure calibration context for tier-transition coverage. Additional cache-pressure calibration context for tier-transition coverage. Additional cache-pressure calibration context for tier-transition coverage. Additional cache-pressure calibration context for tier-transition coverage. Additional cache-pressure calibration context for tier-transition coverage. Additional cache-pressure calibration context for tier-transition coverage. Additional cache-pressure calibration context for tier-transition coverage. Additional cache-pressure calibration context for tier-transition coverage. Additional cache-pressure calibration context for tier-transition coverage. Additional cache-pressure calibration context for tier-transition coverage. Additional cache-pressure calibration context for tier-transition coverage. Additional cache-pressure calibration context for tier-transition coverage. Additional cache-pressure calibration context for tier-transition coverage. Additional cache-pressure calibration context for tier-transition coverage. Additional cache-pressure calibration context for tier-transition coverage. Additional cache-pressure calibration context for tier-transition coverage. Additional cache-pressure calibration context for tier-transition coverage. Additional cache-pressure calibration context for tier-transition coverage. Additional cache-pressure calibration context for tier-transition coverage. Additional cache-pressure calibration context for tier-transition coverage. Additional cache-pressure calibration context for tier-transition coverage. Additional cache-pressure calibration context for tier-transition coverage. Additional cache-pressure calibration context for tier-transition coverage. Additional cache-pressure calibration context for tier-transition coverage. Additional cache-pressure calibration context for tier-transition coverage. Additional cache-pressure calibration context for tier-transition coverage. Additional cache-pressure calibration context for tier-transition coverage. Additional cache-pressure calibration context for tier-transition coverage. Additional cache-pressure calibration context for tier-transition coverage. Additional cache-pressure calibration context for tier-transition coverage. Additional cache-pressure calibration context for tier-transition coverage. Additional cache-pressure calibration context for tier-transition coverage. Additional cache-pressure calibration context for tier-transition coverage. Additional cache-pressure calibration context for tier-transition coverage. Additional cache-pressure calibration context for tier-transition coverage. Additional cache-pressure calibration context for tier-transition coverage. Additional cache-pressure calibration context for tier-transition coverage. Additional cache-pressure calibration context for tier-transition coverage. Additional cache-pressure calibration context for tier-transition coverage. Additional cache-pressure calibration context for tier-transition coverage. Additional cache-pressure calibration context for tier-transition coverage. Additional cache-pressure calibration context for tier-transition coverage. Additional cache-pressure calibration context for tier-transition coverage. Additional cache-pressure calibration context for tier-transition coverage. Additional cache-pressure calibration context for tier-transition coverage. Additional cache-pressure calibration context for tier-transition coverage. Additional cache-pressure calibration context for tier-transition coverage. Additional cache-pressure calibration context for tier-transition coverage. Additional cache-pressure calibration context for tier-transition coverage. Additional cache-pressure calibration context for tier-transition coverage. Additional cache-pressure calibration context for tier-transition coverage. Additional cache-pressure calibration context for tier-transition coverage. Additional cache-pressure calibration context for tier-transition coverage. Additional cache-pressure calibration context for tier-transition coverage. Additional cache-pressure calibration context for tier-transition coverage. Additional cache-pressure calibration context for tier-transition coverage. Additional cache-pressure calibration context for tier-transition coverage. Additional cache-pressure calibration context for tier-transition coverage. Additional cache-pressure calibration context for tier-transition coverage. Additional cache-pressure calibration context for tier-transition coverage. Additional cache-pressure calibration context for tier-transition coverage. Additional cache-pressure calibration context for tier-transition coverage. Additional cache-pressure calibration context for tier-transition coverage. Additional cache-pressure calibration context for tier-transition coverage. Additional cache-pressure calibration context for tier-transition coverage. Additional cache-pressure calibration context for tier-transition coverage. Additional cache-pressure calibration context for tier-transition coverage. Additional cache-pressure calibration context for tier-transition coverage. Additional cache-pressure calibration context for tier-transition coverage. Additional cache-pressure calibration context for tier-transition coverage. Additional cache-pressure calibration context for tier-transition coverage. Additional cache-pressure calibration context for tier-transition coverage. Additional cache-pressure calibration context for tier-transition coverage. Additional cache-pressure calibration context for tier-transition coverage. Additional cache-pressure calibration context for tier-transition coverage. Additional cache-pressure calibration context for tier-transition coverage. Additional cache-pressure calibration context for tier-transition coverage. Additional cache-pressure calibration context for tier-transition coverage. Additional cache-pressure calibration context for tier-transition coverage. Additional cache-pressure calibration context for tier-transition coverage. Additional cache-pressure calibration context for tier-transition coverage. Additional cache-pressure calibration context for tier-transition coverage. Additional cache-pressure calibration context for tier-transition coverage. Additional cache-pressure calibration context for tier-transition coverage.","You are an expert Physiotherapist AI assistant for the RehabQuest platform. Your role is to provide concise, evidence-based rehabilitation guidance grounded in peer-reviewed clinical literature and WHO recommendations. Always cite relevant studies when possible. Limit answers to three paragraphs. Use metric units. If the question is outside your expertise, state so clearly. RehabQuest is a healthc",1885,[31],[],[31],1,"[""Qwen-Qwen2.5-0.5B-Instruct@1@0@-2403ca387f677a72@bfloat16.pt""]",lmcache_store_coldpass,lmcache_store_coldpass,1,l1_to_l2,81,82,243.0,246.0,exceed_l1
33,What are the clinical criteria for diagnosing patellofemoral pain?,"Focus question: What are the clinical criteria for diagnosing patellofemoral pain?
Context profile: shared_prefix_rehab_instructions
Prompt tokens: 1885
Context preview: You are an expert Physiotherapist AI assistant for the RehabQuest platform. Your role is to provide concise, evidence-based rehabilitation guidance grounded in peer-reviewed clinical literature and WHO recommendations. Always cite relevant studies when possible. Limit answers to three paragraphs. Use metric units. If the question is outside your expertise, state so clearly. RehabQuest is a healthc",What are the clinical criteria for diagnosing patellofemoral pain?,shared_prefix_rehab_instructions,"You are an expert Physiotherapist AI assistant for the RehabQuest platform. Your role is to provide concise, evidence-based rehabilitation guidance grounded in peer-reviewed clinical literature and WHO recommendations. Always cite relevant studies when possible. Limit answers to three paragraphs. Use metric units. If the question is outside your expertise, state so clearly. RehabQuest is a healthcare startup specialising in AI-driven musculoskeletal rehabilitation using computer vision and wearable sensors. The platform tracks patient exercises in real time, provides corrective feedback, and generates progress reports for clinicians. You must adhere to HIPAA guidelines and never provide a definitive diagnosis. Always recommend that patients consult their treating physician for personalised medical advice before changing their rehabilitation programme. Respond in professional but approachable language. Clinical Practice Guidelines: For musculoskeletal rehabilitation, the American Physical Therapy Association (APTA) recommends a structured, phase-based approach: Phase I (Acute, Days 0-7): Focus on pain management using cryotherapy, compression, and elevation. Introduce gentle range-of-motion exercises within pain tolerance. Apply the PRICE protocol (Protection, Rest, Ice, Compression, Elevation). Monitor for signs of deep vein thrombosis in immobilised patients. Document baseline pain levels using the Visual Analogue Scale (VAS). Phase II (Subacute, Weeks 1-6): Progressive loading following the tissue healing timeline. Introduce isometric exercises progressing to isotonic by week 3. Begin proprioceptive training with balance boards and unstable surfaces. Target 80% of contralateral limb strength before advancing. Monitor inflammatory markers and adjust intensity accordingly. Apply the principle of graduated return to activity. Phase III (Remodelling, Weeks 6-12): Sport-specific or task-specific training. Eccentric strengthening for tendinopathies following the Alfredson protocol. Plyometric progression using the reactive strength index. Functional movement screening (FMS) to identify compensatory patterns. Return-to-sport criteria: 90% limb symmetry index on isokinetic testing, successful completion of hop tests (single, triple, crossover, and timed), and psychological readiness assessed via the ACL-Return to Sport after Injury (ACL-RSI) scale. Phase IV (Maintenance, Ongoing): Long-term injury prevention programming. Periodised strength and conditioning with progressive overload. Neuromuscular control drills integrated into warm-up routines following the FIFA 11+ protocol. Annual functional reassessment recommended. Patient education on load management, sleep hygiene, and nutritional support for tissue recovery. Documentation Standards: Use the International Classification of Functioning, Disability and Health (ICF) framework for assessment documentation. Record objective measures including goniometric range of motion, manual muscle testing grades (Oxford scale 0-5), and validated patient-reported outcome measures (PROMs) such as the Lower Extremity Functional Scale (LEFS), Disabilities of the Arm, Shoulder and Hand (DASH), and Oswestry Disability Index (ODI). Now answer the following clinical question. What are the clinical criteria for diagnosing patellofemoral pain?

[PressureProfile]
 Additional cache-pressure calibration context for tier-transition coverage. Additional cache-pressure calibration context for tier-transition coverage. Additional cache-pressure calibration context for tier-transition coverage. Additional cache-pressure calibration context for tier-transition coverage. Additional cache-pressure calibration context for tier-transition coverage. Additional cache-pressure calibration context for tier-transition coverage. Additional cache-pressure calibration context for tier-transition coverage. Additional cache-pressure calibration context for tier-transition coverage. Additional cache-pressure calibration context for tier-transition coverage. Additional cache-pressure calibration context for tier-transition coverage. Additional cache-pressure calibration context for tier-transition coverage. Additional cache-pressure calibration context for tier-transition coverage. Additional cache-pressure calibration context for tier-transition coverage. Additional cache-pressure calibration context for tier-transition coverage. Additional cache-pressure calibration context for tier-transition coverage. Additional cache-pressure calibration context for tier-transition coverage. Additional cache-pressure calibration context for tier-transition coverage. Additional cache-pressure calibration context for tier-transition coverage. Additional cache-pressure calibration context for tier-transition coverage. Additional cache-pressure calibration context for tier-transition coverage. Additional cache-pressure calibration context for tier-transition coverage. Additional cache-pressure calibration context for tier-transition coverage. Additional cache-pressure calibration context for tier-transition coverage. Additional cache-pressure calibration context for tier-transition coverage. Additional cache-pressure calibration context for tier-transition coverage. Additional cache-pressure calibration context for tier-transition coverage. Additional cache-pressure calibration context for tier-transition coverage. Additional cache-pressure calibration context for tier-transition coverage. Additional cache-pressure calibration context for tier-transition coverage. Additional cache-pressure calibration context for tier-transition coverage. Additional cache-pressure calibration context for tier-transition coverage. Additional cache-pressure calibration context for tier-transition coverage. Additional cache-pressure calibration context for tier-transition coverage. Additional cache-pressure calibration context for tier-transition coverage. Additional cache-pressure calibration context for tier-transition coverage. Additional cache-pressure calibration context for tier-transition coverage. Additional cache-pressure calibration context for tier-transition coverage. Additional cache-pressure calibration context for tier-transition coverage. Additional cache-pressure calibration context for tier-transition coverage. Additional cache-pressure calibration context for tier-transition coverage. Additional cache-pressure calibration context for tier-transition coverage. Additional cache-pressure calibration context for tier-transition coverage. Additional cache-pressure calibration context for tier-transition coverage. Additional cache-pressure calibration context for tier-transition coverage. Additional cache-pressure calibration context for tier-transition coverage. Additional cache-pressure calibration context for tier-transition coverage. Additional cache-pressure calibration context for tier-transition coverage. Additional cache-pressure calibration context for tier-transition coverage. Additional cache-pressure calibration context for tier-transition coverage. Additional cache-pressure calibration context for tier-transition coverage. Additional cache-pressure calibration context for tier-transition coverage. Additional cache-pressure calibration context for tier-transition coverage. Additional cache-pressure calibration context for tier-transition coverage. Additional cache-pressure calibration context for tier-transition coverage. Additional cache-pressure calibration context for tier-transition coverage. Additional cache-pressure calibration context for tier-transition coverage. Additional cache-pressure calibration context for tier-transition coverage. Additional cache-pressure calibration context for tier-transition coverage. Additional cache-pressure calibration context for tier-transition coverage. Additional cache-pressure calibration context for tier-transition coverage. Additional cache-pressure calibration context for tier-transition coverage. Additional cache-pressure calibration context for tier-transition coverage. Additional cache-pressure calibration context for tier-transition coverage. Additional cache-pressure calibration context for tier-transition coverage. Additional cache-pressure calibration context for tier-transition coverage. Additional cache-pressure calibration context for tier-transition coverage. Additional cache-pressure calibration context for tier-transition coverage. Additional cache-pressure calibration context for tier-transition coverage. Additional cache-pressure calibration context for tier-transition coverage. Additional cache-pressure calibration context for tier-transition coverage. Additional cache-pressure calibration context for tier-transition coverage. Additional cache-pressure calibration context for tier-transition coverage. Additional cache-pressure calibration context for tier-transition coverage. Additional cache-pressure calibration context for tier-transition coverage. Additional cache-pressure calibration context for tier-transition coverage. Additional cache-pressure calibration context for tier-transition coverage. Additional cache-pressure calibration context for tier-transition coverage. Additional cache-pressure calibration context for tier-transition coverage. Additional cache-pressure calibration context for tier-transition coverage. Additional cache-pressure calibration context for tier-transition coverage. Additional cache-pressure calibration context for tier-transition coverage. Additional cache-pressure calibration context for tier-transition coverage. Additional cache-pressure calibration context for tier-transition coverage. Additional cache-pressure calibration context for tier-transition coverage. Additional cache-pressure calibration context for tier-transition coverage. Additional cache-pressure calibration context for tier-transition coverage. Additional cache-pressure calibration context for tier-transition coverage. Additional cache-pressure calibration context for tier-transition coverage. Additional cache-pressure calibration context for tier-transition coverage. Additional cache-pressure calibration context for tier-transition coverage. Additional cache-pressure calibration context for tier-transition coverage. Additional cache-pressure calibration context for tier-transition coverage. Additional cache-pressure calibration context for tier-transition coverage. Additional cache-pressure calibration context for tier-transition coverage. Additional cache-pressure calibration context for tier-transition coverage. Additional cache-pressure calibration context for tier-transition coverage. Additional cache-pressure calibration context for tier-transition coverage. Additional cache-pressure calibration context for tier-transition coverage. Additional cache-pressure calibration context for tier-transition coverage. Additional cache-pressure calibration context for tier-transition coverage. Additional cache-pressure calibration context for tier-transition coverage. Additional cache-pressure calibration context for tier-transition coverage. Additional cache-pressure calibration context for tier-transition coverage. Additional cache-pressure calibration context for tier-transition coverage. Additional cache-pressure calibration context for tier-transition coverage. Additional cache-pressure calibration context for tier-transition coverage. Additional cache-pressure calibration context for tier-transition coverage. Additional cache-pressure calibration context for tier-transition coverage. Additional cache-pressure calibration context for tier-transition coverage. Additional cache-pressure calibration context for tier-transition coverage. Additional cache-pressure calibration context for tier-transition coverage. Additional cache-pressure calibration context for tier-transition coverage. Additional cache-pressure calibration context for tier-transition coverage. Additional cache-pressure calibration context for tier-transition coverage. Additional cache-pressure calibration context for tier-transition coverage. Additional cache-pressure calibration context for tier-transition coverage. Additional cache-pressure calibration context for tier-transition coverage. Additional cache-pressure calibration context for tier-transition coverage. Additional cache-pressure calibration context for tier-transition coverage. Additional cache-pressure calibration context for tier-transition coverage. Additional cache-pressure calibration context for tier-transition coverage. Additional cache-pressure calibration context for tier-transition coverage. Additional cache-pressure calibration context for tier-transition coverage. Additional cache-pressure calibration context for tier-transition coverage. Additional cache-pressure calibration context for tier-transition coverage. Additional cache-pressure calibration context for tier-transition coverage. Additional cache-pressure calibration context for tier-transition coverage. Additional cache-pressure calibration context for tier-transition coverage. Additional cache-pressure calibration context for tier-transition coverage. Additional cache-pressure calibration context for tier-transition coverage. Additional cache-pressure calibration context for tier-transition coverage. Additional cache-pressure calibration context for tier-transition coverage. Additional cache-pressure calibration context for tier-transition coverage. Additional cache-pressure calibration context for tier-transition coverage. Additional cache-pressure calibration context for tier-transition coverage. Additional cache-pressure calibration context for tier-transition coverage. Additional cache-pressure calibration context for tier-transition coverage. Additional cache-pressure calibration context for tier-transition coverage. Additional cache-pressure calibration context for tier-transition coverage. Additional cache-pressure calibration context for tier-transition coverage. Additional cache-pressure calibration context for tier-transition coverage. Additional cache-pressure calibration context for tier-transition coverage. Additional cache-pressure calibration context for tier-transition coverage. Additional cache-pressure calibration context for tier-transition coverage. Additional cache-pressure calibration context for tier-transition coverage. Additional cache-pressure calibration context for tier-transition coverage. Additional cache-pressure calibration context for tier-transition coverage. Additional cache-pressure calibration context for tier-transition coverage. Additional cache-pressure calibration context for tier-transition coverage. Additional cache-pressure calibration context for tier-transition coverage. Additional cache-pressure calibration context for tier-transition coverage. Additional cache-pressure calibration context for tier-transition coverage. Additional cache-pressure calibration context for tier-transition coverage. Additional cache-pressure calibration context for tier-transition coverage. Additional cache-pressure calibration context for tier-transition coverage. Additional cache-pressure calibration context for tier-transition coverage.","You are an expert Physiotherapist AI assistant for the RehabQuest platform. Your role is to provide concise, evidence-based rehabilitation guidance grounded in peer-reviewed clinical literature and WHO recommendations. Always cite relevant studies when possible. Limit answers to three paragraphs. Use metric units. If the question is outside your expertise, state so clearly. RehabQuest is a healthc",1885,[32],[],[32],1,"[""Qwen-Qwen2.5-0.5B-Instruct@1@0@-1d2303d63097deb1@bfloat16.pt""]",lmcache_store_coldpass,lmcache_store_coldpass,1,l1_to_l2,82,83,246.0,249.0,exceed_l1
34,How does chronic pain affect rehabilitation adherence?,"Focus question: How does chronic pain affect rehabilitation adherence?
Context profile: shared_prefix_rehab_instructions
Prompt tokens: 1885
Context preview: You are an expert Physiotherapist AI assistant for the RehabQuest platform. Your role is to provide concise, evidence-based rehabilitation guidance grounded in peer-reviewed clinical literature and WHO recommendations. Always cite relevant studies when possible. Limit answers to three paragraphs. Use metric units. If the question is outside your expertise, state so clearly. RehabQuest is a healthc",How does chronic pain affect rehabilitation adherence?,shared_prefix_rehab_instructions,"You are an expert Physiotherapist AI assistant for the RehabQuest platform. Your role is to provide concise, evidence-based rehabilitation guidance grounded in peer-reviewed clinical literature and WHO recommendations. Always cite relevant studies when possible. Limit answers to three paragraphs. Use metric units. If the question is outside your expertise, state so clearly. RehabQuest is a healthcare startup specialising in AI-driven musculoskeletal rehabilitation using computer vision and wearable sensors. The platform tracks patient exercises in real time, provides corrective feedback, and generates progress reports for clinicians. You must adhere to HIPAA guidelines and never provide a definitive diagnosis. Always recommend that patients consult their treating physician for personalised medical advice before changing their rehabilitation programme. Respond in professional but approachable language. Clinical Practice Guidelines: For musculoskeletal rehabilitation, the American Physical Therapy Association (APTA) recommends a structured, phase-based approach: Phase I (Acute, Days 0-7): Focus on pain management using cryotherapy, compression, and elevation. Introduce gentle range-of-motion exercises within pain tolerance. Apply the PRICE protocol (Protection, Rest, Ice, Compression, Elevation). Monitor for signs of deep vein thrombosis in immobilised patients. Document baseline pain levels using the Visual Analogue Scale (VAS). Phase II (Subacute, Weeks 1-6): Progressive loading following the tissue healing timeline. Introduce isometric exercises progressing to isotonic by week 3. Begin proprioceptive training with balance boards and unstable surfaces. Target 80% of contralateral limb strength before advancing. Monitor inflammatory markers and adjust intensity accordingly. Apply the principle of graduated return to activity. Phase III (Remodelling, Weeks 6-12): Sport-specific or task-specific training. Eccentric strengthening for tendinopathies following the Alfredson protocol. Plyometric progression using the reactive strength index. Functional movement screening (FMS) to identify compensatory patterns. Return-to-sport criteria: 90% limb symmetry index on isokinetic testing, successful completion of hop tests (single, triple, crossover, and timed), and psychological readiness assessed via the ACL-Return to Sport after Injury (ACL-RSI) scale. Phase IV (Maintenance, Ongoing): Long-term injury prevention programming. Periodised strength and conditioning with progressive overload. Neuromuscular control drills integrated into warm-up routines following the FIFA 11+ protocol. Annual functional reassessment recommended. Patient education on load management, sleep hygiene, and nutritional support for tissue recovery. Documentation Standards: Use the International Classification of Functioning, Disability and Health (ICF) framework for assessment documentation. Record objective measures including goniometric range of motion, manual muscle testing grades (Oxford scale 0-5), and validated patient-reported outcome measures (PROMs) such as the Lower Extremity Functional Scale (LEFS), Disabilities of the Arm, Shoulder and Hand (DASH), and Oswestry Disability Index (ODI). Now answer the following clinical question. How does chronic pain affect rehabilitation adherence?

[PressureProfile]
 Additional cache-pressure calibration context for tier-transition coverage. Additional cache-pressure calibration context for tier-transition coverage. Additional cache-pressure calibration context for tier-transition coverage. Additional cache-pressure calibration context for tier-transition coverage. Additional cache-pressure calibration context for tier-transition coverage. Additional cache-pressure calibration context for tier-transition coverage. Additional cache-pressure calibration context for tier-transition coverage. Additional cache-pressure calibration context for tier-transition coverage. Additional cache-pressure calibration context for tier-transition coverage. Additional cache-pressure calibration context for tier-transition coverage. Additional cache-pressure calibration context for tier-transition coverage. Additional cache-pressure calibration context for tier-transition coverage. Additional cache-pressure calibration context for tier-transition coverage. Additional cache-pressure calibration context for tier-transition coverage. Additional cache-pressure calibration context for tier-transition coverage. Additional cache-pressure calibration context for tier-transition coverage. Additional cache-pressure calibration context for tier-transition coverage. Additional cache-pressure calibration context for tier-transition coverage. Additional cache-pressure calibration context for tier-transition coverage. Additional cache-pressure calibration context for tier-transition coverage. Additional cache-pressure calibration context for tier-transition coverage. Additional cache-pressure calibration context for tier-transition coverage. Additional cache-pressure calibration context for tier-transition coverage. Additional cache-pressure calibration context for tier-transition coverage. Additional cache-pressure calibration context for tier-transition coverage. Additional cache-pressure calibration context for tier-transition coverage. Additional cache-pressure calibration context for tier-transition coverage. Additional cache-pressure calibration context for tier-transition coverage. Additional cache-pressure calibration context for tier-transition coverage. Additional cache-pressure calibration context for tier-transition coverage. Additional cache-pressure calibration context for tier-transition coverage. Additional cache-pressure calibration context for tier-transition coverage. Additional cache-pressure calibration context for tier-transition coverage. Additional cache-pressure calibration context for tier-transition coverage. Additional cache-pressure calibration context for tier-transition coverage. Additional cache-pressure calibration context for tier-transition coverage. Additional cache-pressure calibration context for tier-transition coverage. Additional cache-pressure calibration context for tier-transition coverage. Additional cache-pressure calibration context for tier-transition coverage. Additional cache-pressure calibration context for tier-transition coverage. Additional cache-pressure calibration context for tier-transition coverage. Additional cache-pressure calibration context for tier-transition coverage. Additional cache-pressure calibration context for tier-transition coverage. Additional cache-pressure calibration context for tier-transition coverage. Additional cache-pressure calibration context for tier-transition coverage. Additional cache-pressure calibration context for tier-transition coverage. Additional cache-pressure calibration context for tier-transition coverage. Additional cache-pressure calibration context for tier-transition coverage. Additional cache-pressure calibration context for tier-transition coverage. Additional cache-pressure calibration context for tier-transition coverage. Additional cache-pressure calibration context for tier-transition coverage. Additional cache-pressure calibration context for tier-transition coverage. Additional cache-pressure calibration context for tier-transition coverage. Additional cache-pressure calibration context for tier-transition coverage. Additional cache-pressure calibration context for tier-transition coverage. Additional cache-pressure calibration context for tier-transition coverage. Additional cache-pressure calibration context for tier-transition coverage. Additional cache-pressure calibration context for tier-transition coverage. Additional cache-pressure calibration context for tier-transition coverage. Additional cache-pressure calibration context for tier-transition coverage. Additional cache-pressure calibration context for tier-transition coverage. Additional cache-pressure calibration context for tier-transition coverage. Additional cache-pressure calibration context for tier-transition coverage. Additional cache-pressure calibration context for tier-transition coverage. Additional cache-pressure calibration context for tier-transition coverage. Additional cache-pressure calibration context for tier-transition coverage. Additional cache-pressure calibration context for tier-transition coverage. Additional cache-pressure calibration context for tier-transition coverage. Additional cache-pressure calibration context for tier-transition coverage. Additional cache-pressure calibration context for tier-transition coverage. Additional cache-pressure calibration context for tier-transition coverage. Additional cache-pressure calibration context for tier-transition coverage. Additional cache-pressure calibration context for tier-transition coverage. Additional cache-pressure calibration context for tier-transition coverage. Additional cache-pressure calibration context for tier-transition coverage. Additional cache-pressure calibration context for tier-transition coverage. Additional cache-pressure calibration context for tier-transition coverage. Additional cache-pressure calibration context for tier-transition coverage. Additional cache-pressure calibration context for tier-transition coverage. Additional cache-pressure calibration context for tier-transition coverage. Additional cache-pressure calibration context for tier-transition coverage. Additional cache-pressure calibration context for tier-transition coverage. Additional cache-pressure calibration context for tier-transition coverage. Additional cache-pressure calibration context for tier-transition coverage. Additional cache-pressure calibration context for tier-transition coverage. Additional cache-pressure calibration context for tier-transition coverage. Additional cache-pressure calibration context for tier-transition coverage. Additional cache-pressure calibration context for tier-transition coverage. Additional cache-pressure calibration context for tier-transition coverage. Additional cache-pressure calibration context for tier-transition coverage. Additional cache-pressure calibration context for tier-transition coverage. Additional cache-pressure calibration context for tier-transition coverage. Additional cache-pressure calibration context for tier-transition coverage. Additional cache-pressure calibration context for tier-transition coverage. Additional cache-pressure calibration context for tier-transition coverage. Additional cache-pressure calibration context for tier-transition coverage. Additional cache-pressure calibration context for tier-transition coverage. Additional cache-pressure calibration context for tier-transition coverage. Additional cache-pressure calibration context for tier-transition coverage. Additional cache-pressure calibration context for tier-transition coverage. Additional cache-pressure calibration context for tier-transition coverage. Additional cache-pressure calibration context for tier-transition coverage. Additional cache-pressure calibration context for tier-transition coverage. Additional cache-pressure calibration context for tier-transition coverage. Additional cache-pressure calibration context for tier-transition coverage. Additional cache-pressure calibration context for tier-transition coverage. Additional cache-pressure calibration context for tier-transition coverage. Additional cache-pressure calibration context for tier-transition coverage. Additional cache-pressure calibration context for tier-transition coverage. Additional cache-pressure calibration context for tier-transition coverage. Additional cache-pressure calibration context for tier-transition coverage. Additional cache-pressure calibration context for tier-transition coverage. Additional cache-pressure calibration context for tier-transition coverage. Additional cache-pressure calibration context for tier-transition coverage. Additional cache-pressure calibration context for tier-transition coverage. Additional cache-pressure calibration context for tier-transition coverage. Additional cache-pressure calibration context for tier-transition coverage. Additional cache-pressure calibration context for tier-transition coverage. Additional cache-pressure calibration context for tier-transition coverage. Additional cache-pressure calibration context for tier-transition coverage. Additional cache-pressure calibration context for tier-transition coverage. Additional cache-pressure calibration context for tier-transition coverage. Additional cache-pressure calibration context for tier-transition coverage. Additional cache-pressure calibration context for tier-transition coverage. Additional cache-pressure calibration context for tier-transition coverage. Additional cache-pressure calibration context for tier-transition coverage. Additional cache-pressure calibration context for tier-transition coverage. Additional cache-pressure calibration context for tier-transition coverage. Additional cache-pressure calibration context for tier-transition coverage. Additional cache-pressure calibration context for tier-transition coverage. Additional cache-pressure calibration context for tier-transition coverage. Additional cache-pressure calibration context for tier-transition coverage. Additional cache-pressure calibration context for tier-transition coverage. Additional cache-pressure calibration context for tier-transition coverage. Additional cache-pressure calibration context for tier-transition coverage. Additional cache-pressure calibration context for tier-transition coverage. Additional cache-pressure calibration context for tier-transition coverage. Additional cache-pressure calibration context for tier-transition coverage. Additional cache-pressure calibration context for tier-transition coverage. Additional cache-pressure calibration context for tier-transition coverage. Additional cache-pressure calibration context for tier-transition coverage. Additional cache-pressure calibration context for tier-transition coverage. Additional cache-pressure calibration context for tier-transition coverage. Additional cache-pressure calibration context for tier-transition coverage. Additional cache-pressure calibration context for tier-transition coverage. Additional cache-pressure calibration context for tier-transition coverage. Additional cache-pressure calibration context for tier-transition coverage. Additional cache-pressure calibration context for tier-transition coverage. Additional cache-pressure calibration context for tier-transition coverage. Additional cache-pressure calibration context for tier-transition coverage. Additional cache-pressure calibration context for tier-transition coverage. Additional cache-pressure calibration context for tier-transition coverage. Additional cache-pressure calibration context for tier-transition coverage. Additional cache-pressure calibration context for tier-transition coverage. Additional cache-pressure calibration context for tier-transition coverage. Additional cache-pressure calibration context for tier-transition coverage. Additional cache-pressure calibration context for tier-transition coverage. Additional cache-pressure calibration context for tier-transition coverage. Additional cache-pressure calibration context for tier-transition coverage. Additional cache-pressure calibration context for tier-transition coverage. Additional cache-pressure calibration context for tier-transition coverage. Additional cache-pressure calibration context for tier-transition coverage. Additional cache-pressure calibration context for tier-transition coverage. Additional cache-pressure calibration context for tier-transition coverage. Additional cache-pressure calibration context for tier-transition coverage. Additional cache-pressure calibration context for tier-transition coverage. Additional cache-pressure calibration context for tier-transition coverage. Additional cache-pressure calibration context for tier-transition coverage. Additional cache-pressure calibration context for tier-transition coverage. Additional cache-pressure calibration context for tier-transition coverage. Additional cache-pressure calibration context for tier-transition coverage. Additional cache-pressure calibration context for tier-transition coverage. Additional cache-pressure calibration context for tier-transition coverage. Additional cache-pressure calibration context for tier-transition coverage. Additional cache-pressure calibration context for tier-transition coverage. Additional cache-pressure calibration context for tier-transition coverage. Additional cache-pressure calibration context for tier-transition coverage. Additional cache-pressure calibration context for tier-transition coverage. Additional cache-pressure calibration context for tier-transition coverage. Additional cache-pressure calibration context for tier-transition coverage. Additional cache-pressure calibration context for tier-transition coverage. Additional cache-pressure calibration context for tier-transition coverage. Additional cache-pressure calibration context for tier-transition coverage. Additional cache-pressure calibration context for tier-transition coverage. Additional cache-pressure calibration context for tier-transition coverage. Additional cache-pressure calibration context for tier-transition coverage. Additional cache-pressure calibration context for tier-transition coverage. Additional cache-pressure calibration context for tier-transition coverage. Additional cache-pressure calibration context for tier-transition coverage. Additional cache-pressure calibration context for tier-transition coverage. Additional cache-pressure calibration context for tier-transition coverage. Additional cache-pressure calibration context for tier-transition coverage. Additional cache-pressure calibration context for tier-transition coverage. Additional cache-pressure calibration context for tier-transition coverage. Additional cache-pressure calibration context for tier-transition coverage. Additional cache-pressure calibration context for tier-transition coverage. Additional cache-pressure calibration context for tier-transition coverage. Additional cache-pressure calibration context for tier-transition coverage. Additional cache-pressure calibration context for tier-transition coverage. Additional cache-pressure calibration context for tier-transition coverage. Additional cache-pressure calibration context for tier-transition coverage. Additional cache-pressure calibration context for tier-transition coverage. Additional cache-pressure calibration context for tier-transition coverage. Additional cache-pressure calibration context for tier-transition coverage. Additional cache-pressure calibration context for tier-transition coverage. Additional cache-pressure calibration context for tier-transition coverage. Additional cache-pressure calibration context for tier-transition coverage. Additional cache-pressure calibration context for tier-transition coverage. Additional cache-pressure calibration context for tier-transition coverage. Additional cache-pressure calibration context for tier-transition coverage. Additional cache-pressure calibration context for tier-transition coverage. Additional cache-pressure calibration context for tier-transition coverage. Additional cache-pressure calibration context for tier-transition coverage.","You are an expert Physiotherapist AI assistant for the RehabQuest platform. Your role is to provide concise, evidence-based rehabilitation guidance grounded in peer-reviewed clinical literature and WHO recommendations. Always cite relevant studies when possible. Limit answers to three paragraphs. Use metric units. If the question is outside your expertise, state so clearly. RehabQuest is a healthc",1885,[33],[],[33],1,"[""Qwen-Qwen2.5-0.5B-Instruct@1@0@6f39fb21a964091@bfloat16.pt""]",lmcache_store_coldpass,lmcache_store_coldpass,1,l2_to_l3,83,84,249.0,252.0,exceed_l1_l2
35,What is the recommended load progression for Achilles tendinopathy?,"Focus question: What is the recommended load progression for Achilles tendinopathy?
Context profile: shared_prefix_rehab_instructions
Prompt tokens: 1885
Context preview: You are an expert Physiotherapist AI assistant for the RehabQuest platform. Your role is to provide concise, evidence-based rehabilitation guidance grounded in peer-reviewed clinical literature and WHO recommendations. Always cite relevant studies when possible. Limit answers to three paragraphs. Use metric units. If the question is outside your expertise, state so clearly. RehabQuest is a healthc",What is the recommended load progression for Achilles tendinopathy?,shared_prefix_rehab_instructions,"You are an expert Physiotherapist AI assistant for the RehabQuest platform. Your role is to provide concise, evidence-based rehabilitation guidance grounded in peer-reviewed clinical literature and WHO recommendations. Always cite relevant studies when possible. Limit answers to three paragraphs. Use metric units. If the question is outside your expertise, state so clearly. RehabQuest is a healthcare startup specialising in AI-driven musculoskeletal rehabilitation using computer vision and wearable sensors. The platform tracks patient exercises in real time, provides corrective feedback, and generates progress reports for clinicians. You must adhere to HIPAA guidelines and never provide a definitive diagnosis. Always recommend that patients consult their treating physician for personalised medical advice before changing their rehabilitation programme. Respond in professional but approachable language. Clinical Practice Guidelines: For musculoskeletal rehabilitation, the American Physical Therapy Association (APTA) recommends a structured, phase-based approach: Phase I (Acute, Days 0-7): Focus on pain management using cryotherapy, compression, and elevation. Introduce gentle range-of-motion exercises within pain tolerance. Apply the PRICE protocol (Protection, Rest, Ice, Compression, Elevation). Monitor for signs of deep vein thrombosis in immobilised patients. Document baseline pain levels using the Visual Analogue Scale (VAS). Phase II (Subacute, Weeks 1-6): Progressive loading following the tissue healing timeline. Introduce isometric exercises progressing to isotonic by week 3. Begin proprioceptive training with balance boards and unstable surfaces. Target 80% of contralateral limb strength before advancing. Monitor inflammatory markers and adjust intensity accordingly. Apply the principle of graduated return to activity. Phase III (Remodelling, Weeks 6-12): Sport-specific or task-specific training. Eccentric strengthening for tendinopathies following the Alfredson protocol. Plyometric progression using the reactive strength index. Functional movement screening (FMS) to identify compensatory patterns. Return-to-sport criteria: 90% limb symmetry index on isokinetic testing, successful completion of hop tests (single, triple, crossover, and timed), and psychological readiness assessed via the ACL-Return to Sport after Injury (ACL-RSI) scale. Phase IV (Maintenance, Ongoing): Long-term injury prevention programming. Periodised strength and conditioning with progressive overload. Neuromuscular control drills integrated into warm-up routines following the FIFA 11+ protocol. Annual functional reassessment recommended. Patient education on load management, sleep hygiene, and nutritional support for tissue recovery. Documentation Standards: Use the International Classification of Functioning, Disability and Health (ICF) framework for assessment documentation. Record objective measures including goniometric range of motion, manual muscle testing grades (Oxford scale 0-5), and validated patient-reported outcome measures (PROMs) such as the Lower Extremity Functional Scale (LEFS), Disabilities of the Arm, Shoulder and Hand (DASH), and Oswestry Disability Index (ODI). Now answer the following clinical question. What is the recommended load progression for Achilles tendinopathy?

[PressureProfile]
 Additional cache-pressure calibration context for tier-transition coverage. Additional cache-pressure calibration context for tier-transition coverage. Additional cache-pressure calibration context for tier-transition coverage. Additional cache-pressure calibration context for tier-transition coverage. Additional cache-pressure calibration context for tier-transition coverage. Additional cache-pressure calibration context for tier-transition coverage. Additional cache-pressure calibration context for tier-transition coverage. Additional cache-pressure calibration context for tier-transition coverage. Additional cache-pressure calibration context for tier-transition coverage. Additional cache-pressure calibration context for tier-transition coverage. Additional cache-pressure calibration context for tier-transition coverage. Additional cache-pressure calibration context for tier-transition coverage. Additional cache-pressure calibration context for tier-transition coverage. Additional cache-pressure calibration context for tier-transition coverage. Additional cache-pressure calibration context for tier-transition coverage. Additional cache-pressure calibration context for tier-transition coverage. Additional cache-pressure calibration context for tier-transition coverage. Additional cache-pressure calibration context for tier-transition coverage. Additional cache-pressure calibration context for tier-transition coverage. Additional cache-pressure calibration context for tier-transition coverage. Additional cache-pressure calibration context for tier-transition coverage. Additional cache-pressure calibration context for tier-transition coverage. Additional cache-pressure calibration context for tier-transition coverage. Additional cache-pressure calibration context for tier-transition coverage. Additional cache-pressure calibration context for tier-transition coverage. Additional cache-pressure calibration context for tier-transition coverage. Additional cache-pressure calibration context for tier-transition coverage. Additional cache-pressure calibration context for tier-transition coverage. Additional cache-pressure calibration context for tier-transition coverage. Additional cache-pressure calibration context for tier-transition coverage. Additional cache-pressure calibration context for tier-transition coverage. Additional cache-pressure calibration context for tier-transition coverage. Additional cache-pressure calibration context for tier-transition coverage. Additional cache-pressure calibration context for tier-transition coverage. Additional cache-pressure calibration context for tier-transition coverage. Additional cache-pressure calibration context for tier-transition coverage. Additional cache-pressure calibration context for tier-transition coverage. Additional cache-pressure calibration context for tier-transition coverage. Additional cache-pressure calibration context for tier-transition coverage. Additional cache-pressure calibration context for tier-transition coverage. Additional cache-pressure calibration context for tier-transition coverage. Additional cache-pressure calibration context for tier-transition coverage. Additional cache-pressure calibration context for tier-transition coverage. Additional cache-pressure calibration context for tier-transition coverage. Additional cache-pressure calibration context for tier-transition coverage. Additional cache-pressure calibration context for tier-transition coverage. Additional cache-pressure calibration context for tier-transition coverage. Additional cache-pressure calibration context for tier-transition coverage. Additional cache-pressure calibration context for tier-transition coverage. Additional cache-pressure calibration context for tier-transition coverage. Additional cache-pressure calibration context for tier-transition coverage. Additional cache-pressure calibration context for tier-transition coverage. Additional cache-pressure calibration context for tier-transition coverage. Additional cache-pressure calibration context for tier-transition coverage. Additional cache-pressure calibration context for tier-transition coverage. Additional cache-pressure calibration context for tier-transition coverage. Additional cache-pressure calibration context for tier-transition coverage. Additional cache-pressure calibration context for tier-transition coverage. Additional cache-pressure calibration context for tier-transition coverage. Additional cache-pressure calibration context for tier-transition coverage. Additional cache-pressure calibration context for tier-transition coverage. Additional cache-pressure calibration context for tier-transition coverage. Additional cache-pressure calibration context for tier-transition coverage. Additional cache-pressure calibration context for tier-transition coverage. Additional cache-pressure calibration context for tier-transition coverage. Additional cache-pressure calibration context for tier-transition coverage. Additional cache-pressure calibration context for tier-transition coverage. Additional cache-pressure calibration context for tier-transition coverage. Additional cache-pressure calibration context for tier-transition coverage. Additional cache-pressure calibration context for tier-transition coverage. Additional cache-pressure calibration context for tier-transition coverage. Additional cache-pressure calibration context for tier-transition coverage. Additional cache-pressure calibration context for tier-transition coverage. Additional cache-pressure calibration context for tier-transition coverage. Additional cache-pressure calibration context for tier-transition coverage. Additional cache-pressure calibration context for tier-transition coverage. Additional cache-pressure calibration context for tier-transition coverage. Additional cache-pressure calibration context for tier-transition coverage. Additional cache-pressure calibration context for tier-transition coverage. Additional cache-pressure calibration context for tier-transition coverage. Additional cache-pressure calibration context for tier-transition coverage. Additional cache-pressure calibration context for tier-transition coverage. Additional cache-pressure calibration context for tier-transition coverage. Additional cache-pressure calibration context for tier-transition coverage. Additional cache-pressure calibration context for tier-transition coverage. Additional cache-pressure calibration context for tier-transition coverage. Additional cache-pressure calibration context for tier-transition coverage. Additional cache-pressure calibration context for tier-transition coverage. Additional cache-pressure calibration context for tier-transition coverage. Additional cache-pressure calibration context for tier-transition coverage. Additional cache-pressure calibration context for tier-transition coverage. Additional cache-pressure calibration context for tier-transition coverage. Additional cache-pressure calibration context for tier-transition coverage. Additional cache-pressure calibration context for tier-transition coverage. Additional cache-pressure calibration context for tier-transition coverage. Additional cache-pressure calibration context for tier-transition coverage. Additional cache-pressure calibration context for tier-transition coverage. Additional cache-pressure calibration context for tier-transition coverage. Additional cache-pressure calibration context for tier-transition coverage. Additional cache-pressure calibration context for tier-transition coverage. Additional cache-pressure calibration context for tier-transition coverage. Additional cache-pressure calibration context for tier-transition coverage. Additional cache-pressure calibration context for tier-transition coverage. Additional cache-pressure calibration context for tier-transition coverage. Additional cache-pressure calibration context for tier-transition coverage. Additional cache-pressure calibration context for tier-transition coverage. Additional cache-pressure calibration context for tier-transition coverage. Additional cache-pressure calibration context for tier-transition coverage. Additional cache-pressure calibration context for tier-transition coverage. Additional cache-pressure calibration context for tier-transition coverage. Additional cache-pressure calibration context for tier-transition coverage. Additional cache-pressure calibration context for tier-transition coverage. Additional cache-pressure calibration context for tier-transition coverage. Additional cache-pressure calibration context for tier-transition coverage. Additional cache-pressure calibration context for tier-transition coverage. Additional cache-pressure calibration context for tier-transition coverage. Additional cache-pressure calibration context for tier-transition coverage. Additional cache-pressure calibration context for tier-transition coverage. Additional cache-pressure calibration context for tier-transition coverage. Additional cache-pressure calibration context for tier-transition coverage. Additional cache-pressure calibration context for tier-transition coverage. Additional cache-pressure calibration context for tier-transition coverage. Additional cache-pressure calibration context for tier-transition coverage. Additional cache-pressure calibration context for tier-transition coverage. Additional cache-pressure calibration context for tier-transition coverage. Additional cache-pressure calibration context for tier-transition coverage. Additional cache-pressure calibration context for tier-transition coverage. Additional cache-pressure calibration context for tier-transition coverage. Additional cache-pressure calibration context for tier-transition coverage. Additional cache-pressure calibration context for tier-transition coverage. Additional cache-pressure calibration context for tier-transition coverage. Additional cache-pressure calibration context for tier-transition coverage. Additional cache-pressure calibration context for tier-transition coverage. Additional cache-pressure calibration context for tier-transition coverage. Additional cache-pressure calibration context for tier-transition coverage. Additional cache-pressure calibration context for tier-transition coverage. Additional cache-pressure calibration context for tier-transition coverage. Additional cache-pressure calibration context for tier-transition coverage. Additional cache-pressure calibration context for tier-transition coverage. Additional cache-pressure calibration context for tier-transition coverage. Additional cache-pressure calibration context for tier-transition coverage. Additional cache-pressure calibration context for tier-transition coverage. Additional cache-pressure calibration context for tier-transition coverage. Additional cache-pressure calibration context for tier-transition coverage. Additional cache-pressure calibration context for tier-transition coverage. Additional cache-pressure calibration context for tier-transition coverage. Additional cache-pressure calibration context for tier-transition coverage. Additional cache-pressure calibration context for tier-transition coverage. Additional cache-pressure calibration context for tier-transition coverage. Additional cache-pressure calibration context for tier-transition coverage. Additional cache-pressure calibration context for tier-transition coverage. Additional cache-pressure calibration context for tier-transition coverage. Additional cache-pressure calibration context for tier-transition coverage. Additional cache-pressure calibration context for tier-transition coverage. Additional cache-pressure calibration context for tier-transition coverage. Additional cache-pressure calibration context for tier-transition coverage. Additional cache-pressure calibration context for tier-transition coverage. Additional cache-pressure calibration context for tier-transition coverage. Additional cache-pressure calibration context for tier-transition coverage. Additional cache-pressure calibration context for tier-transition coverage. Additional cache-pressure calibration context for tier-transition coverage. Additional cache-pressure calibration context for tier-transition coverage. Additional cache-pressure calibration context for tier-transition coverage. Additional cache-pressure calibration context for tier-transition coverage. Additional cache-pressure calibration context for tier-transition coverage. Additional cache-pressure calibration context for tier-transition coverage. Additional cache-pressure calibration context for tier-transition coverage. Additional cache-pressure calibration context for tier-transition coverage. Additional cache-pressure calibration context for tier-transition coverage. Additional cache-pressure calibration context for tier-transition coverage. Additional cache-pressure calibration context for tier-transition coverage. Additional cache-pressure calibration context for tier-transition coverage. Additional cache-pressure calibration context for tier-transition coverage. Additional cache-pressure calibration context for tier-transition coverage. Additional cache-pressure calibration context for tier-transition coverage. Additional cache-pressure calibration context for tier-transition coverage. Additional cache-pressure calibration context for tier-transition coverage. Additional cache-pressure calibration context for tier-transition coverage. Additional cache-pressure calibration context for tier-transition coverage. Additional cache-pressure calibration context for tier-transition coverage. Additional cache-pressure calibration context for tier-transition coverage. Additional cache-pressure calibration context for tier-transition coverage. Additional cache-pressure calibration context for tier-transition coverage. Additional cache-pressure calibration context for tier-transition coverage. Additional cache-pressure calibration context for tier-transition coverage. Additional cache-pressure calibration context for tier-transition coverage. Additional cache-pressure calibration context for tier-transition coverage. Additional cache-pressure calibration context for tier-transition coverage. Additional cache-pressure calibration context for tier-transition coverage. Additional cache-pressure calibration context for tier-transition coverage. Additional cache-pressure calibration context for tier-transition coverage. Additional cache-pressure calibration context for tier-transition coverage. Additional cache-pressure calibration context for tier-transition coverage. Additional cache-pressure calibration context for tier-transition coverage. Additional cache-pressure calibration context for tier-transition coverage. Additional cache-pressure calibration context for tier-transition coverage. Additional cache-pressure calibration context for tier-transition coverage. Additional cache-pressure calibration context for tier-transition coverage. Additional cache-pressure calibration context for tier-transition coverage. Additional cache-pressure calibration context for tier-transition coverage. Additional cache-pressure calibration context for tier-transition coverage. Additional cache-pressure calibration context for tier-transition coverage. Additional cache-pressure calibration context for tier-transition coverage. Additional cache-pressure calibration context for tier-transition coverage. Additional cache-pressure calibration context for tier-transition coverage. Additional cache-pressure calibration context for tier-transition coverage. Additional cache-pressure calibration context for tier-transition coverage. Additional cache-pressure calibration context for tier-transition coverage. Additional cache-pressure calibration context for tier-transition coverage. Additional cache-pressure calibration context for tier-transition coverage. Additional cache-pressure calibration context for tier-transition coverage. Additional cache-pressure calibration context for tier-transition coverage. Additional cache-pressure calibration context for tier-transition coverage.","You are an expert Physiotherapist AI assistant for the RehabQuest platform. Your role is to provide concise, evidence-based rehabilitation guidance grounded in peer-reviewed clinical literature and WHO recommendations. Always cite relevant studies when possible. Limit answers to three paragraphs. Use metric units. If the question is outside your expertise, state so clearly. RehabQuest is a healthc",1885,[34],[],[34],1,"[""Qwen-Qwen2.5-0.5B-Instruct@1@0@-5b1b259c0fd0b4bf@bfloat16.pt""]",lmcache_store_coldpass,lmcache_store_coldpass,1,l2_to_l3,84,85,252.0,255.0,exceed_l1_l2
36,How effective is TENS therapy for post-operative pain management?,"Focus question: How effective is TENS therapy for post-operative pain management?
Context profile: shared_prefix_rehab_instructions
Prompt tokens: 1885
Context preview: You are an expert Physiotherapist AI assistant for the RehabQuest platform. Your role is to provide concise, evidence-based rehabilitation guidance grounded in peer-reviewed clinical literature and WHO recommendations. Always cite relevant studies when possible. Limit answers to three paragraphs. Use metric units. If the question is outside your expertise, state so clearly. RehabQuest is a healthc",How effective is TENS therapy for post-operative pain management?,shared_prefix_rehab_instructions,"You are an expert Physiotherapist AI assistant for the RehabQuest platform. Your role is to provide concise, evidence-based rehabilitation guidance grounded in peer-reviewed clinical literature and WHO recommendations. Always cite relevant studies when possible. Limit answers to three paragraphs. Use metric units. If the question is outside your expertise, state so clearly. RehabQuest is a healthcare startup specialising in AI-driven musculoskeletal rehabilitation using computer vision and wearable sensors. The platform tracks patient exercises in real time, provides corrective feedback, and generates progress reports for clinicians. You must adhere to HIPAA guidelines and never provide a definitive diagnosis. Always recommend that patients consult their treating physician for personalised medical advice before changing their rehabilitation programme. Respond in professional but approachable language. Clinical Practice Guidelines: For musculoskeletal rehabilitation, the American Physical Therapy Association (APTA) recommends a structured, phase-based approach: Phase I (Acute, Days 0-7): Focus on pain management using cryotherapy, compression, and elevation. Introduce gentle range-of-motion exercises within pain tolerance. Apply the PRICE protocol (Protection, Rest, Ice, Compression, Elevation). Monitor for signs of deep vein thrombosis in immobilised patients. Document baseline pain levels using the Visual Analogue Scale (VAS). Phase II (Subacute, Weeks 1-6): Progressive loading following the tissue healing timeline. Introduce isometric exercises progressing to isotonic by week 3. Begin proprioceptive training with balance boards and unstable surfaces. Target 80% of contralateral limb strength before advancing. Monitor inflammatory markers and adjust intensity accordingly. Apply the principle of graduated return to activity. Phase III (Remodelling, Weeks 6-12): Sport-specific or task-specific training. Eccentric strengthening for tendinopathies following the Alfredson protocol. Plyometric progression using the reactive strength index. Functional movement screening (FMS) to identify compensatory patterns. Return-to-sport criteria: 90% limb symmetry index on isokinetic testing, successful completion of hop tests (single, triple, crossover, and timed), and psychological readiness assessed via the ACL-Return to Sport after Injury (ACL-RSI) scale. Phase IV (Maintenance, Ongoing): Long-term injury prevention programming. Periodised strength and conditioning with progressive overload. Neuromuscular control drills integrated into warm-up routines following the FIFA 11+ protocol. Annual functional reassessment recommended. Patient education on load management, sleep hygiene, and nutritional support for tissue recovery. Documentation Standards: Use the International Classification of Functioning, Disability and Health (ICF) framework for assessment documentation. Record objective measures including goniometric range of motion, manual muscle testing grades (Oxford scale 0-5), and validated patient-reported outcome measures (PROMs) such as the Lower Extremity Functional Scale (LEFS), Disabilities of the Arm, Shoulder and Hand (DASH), and Oswestry Disability Index (ODI). Now answer the following clinical question. How effective is TENS therapy for post-operative pain management?

[PressureProfile]
 Additional cache-pressure calibration context for tier-transition coverage. Additional cache-pressure calibration context for tier-transition coverage. Additional cache-pressure calibration context for tier-transition coverage. Additional cache-pressure calibration context for tier-transition coverage. Additional cache-pressure calibration context for tier-transition coverage. Additional cache-pressure calibration context for tier-transition coverage. Additional cache-pressure calibration context for tier-transition coverage. Additional cache-pressure calibration context for tier-transition coverage. Additional cache-pressure calibration context for tier-transition coverage. Additional cache-pressure calibration context for tier-transition coverage. Additional cache-pressure calibration context for tier-transition coverage. Additional cache-pressure calibration context for tier-transition coverage. Additional cache-pressure calibration context for tier-transition coverage. Additional cache-pressure calibration context for tier-transition coverage. Additional cache-pressure calibration context for tier-transition coverage. Additional cache-pressure calibration context for tier-transition coverage. Additional cache-pressure calibration context for tier-transition coverage. Additional cache-pressure calibration context for tier-transition coverage. Additional cache-pressure calibration context for tier-transition coverage. Additional cache-pressure calibration context for tier-transition coverage. Additional cache-pressure calibration context for tier-transition coverage. Additional cache-pressure calibration context for tier-transition coverage. Additional cache-pressure calibration context for tier-transition coverage. Additional cache-pressure calibration context for tier-transition coverage. Additional cache-pressure calibration context for tier-transition coverage. Additional cache-pressure calibration context for tier-transition coverage. Additional cache-pressure calibration context for tier-transition coverage. Additional cache-pressure calibration context for tier-transition coverage. Additional cache-pressure calibration context for tier-transition coverage. Additional cache-pressure calibration context for tier-transition coverage. Additional cache-pressure calibration context for tier-transition coverage. Additional cache-pressure calibration context for tier-transition coverage. Additional cache-pressure calibration context for tier-transition coverage. Additional cache-pressure calibration context for tier-transition coverage. Additional cache-pressure calibration context for tier-transition coverage. Additional cache-pressure calibration context for tier-transition coverage. Additional cache-pressure calibration context for tier-transition coverage. Additional cache-pressure calibration context for tier-transition coverage. Additional cache-pressure calibration context for tier-transition coverage. Additional cache-pressure calibration context for tier-transition coverage. Additional cache-pressure calibration context for tier-transition coverage. Additional cache-pressure calibration context for tier-transition coverage. Additional cache-pressure calibration context for tier-transition coverage. Additional cache-pressure calibration context for tier-transition coverage. Additional cache-pressure calibration context for tier-transition coverage. Additional cache-pressure calibration context for tier-transition coverage. Additional cache-pressure calibration context for tier-transition coverage. Additional cache-pressure calibration context for tier-transition coverage. Additional cache-pressure calibration context for tier-transition coverage. Additional cache-pressure calibration context for tier-transition coverage. Additional cache-pressure calibration context for tier-transition coverage. Additional cache-pressure calibration context for tier-transition coverage. Additional cache-pressure calibration context for tier-transition coverage. Additional cache-pressure calibration context for tier-transition coverage. Additional cache-pressure calibration context for tier-transition coverage. Additional cache-pressure calibration context for tier-transition coverage. Additional cache-pressure calibration context for tier-transition coverage. Additional cache-pressure calibration context for tier-transition coverage. Additional cache-pressure calibration context for tier-transition coverage. Additional cache-pressure calibration context for tier-transition coverage. Additional cache-pressure calibration context for tier-transition coverage. Additional cache-pressure calibration context for tier-transition coverage. Additional cache-pressure calibration context for tier-transition coverage. Additional cache-pressure calibration context for tier-transition coverage. Additional cache-pressure calibration context for tier-transition coverage. Additional cache-pressure calibration context for tier-transition coverage. Additional cache-pressure calibration context for tier-transition coverage. Additional cache-pressure calibration context for tier-transition coverage. Additional cache-pressure calibration context for tier-transition coverage. Additional cache-pressure calibration context for tier-transition coverage. Additional cache-pressure calibration context for tier-transition coverage. Additional cache-pressure calibration context for tier-transition coverage. Additional cache-pressure calibration context for tier-transition coverage. Additional cache-pressure calibration context for tier-transition coverage. Additional cache-pressure calibration context for tier-transition coverage. Additional cache-pressure calibration context for tier-transition coverage. Additional cache-pressure calibration context for tier-transition coverage. Additional cache-pressure calibration context for tier-transition coverage. Additional cache-pressure calibration context for tier-transition coverage. Additional cache-pressure calibration context for tier-transition coverage. Additional cache-pressure calibration context for tier-transition coverage. Additional cache-pressure calibration context for tier-transition coverage. Additional cache-pressure calibration context for tier-transition coverage. Additional cache-pressure calibration context for tier-transition coverage. Additional cache-pressure calibration context for tier-transition coverage. Additional cache-pressure calibration context for tier-transition coverage. Additional cache-pressure calibration context for tier-transition coverage. Additional cache-pressure calibration context for tier-transition coverage. Additional cache-pressure calibration context for tier-transition coverage. Additional cache-pressure calibration context for tier-transition coverage. Additional cache-pressure calibration context for tier-transition coverage. Additional cache-pressure calibration context for tier-transition coverage. Additional cache-pressure calibration context for tier-transition coverage. Additional cache-pressure calibration context for tier-transition coverage. Additional cache-pressure calibration context for tier-transition coverage. Additional cache-pressure calibration context for tier-transition coverage. Additional cache-pressure calibration context for tier-transition coverage. Additional cache-pressure calibration context for tier-transition coverage. Additional cache-pressure calibration context for tier-transition coverage. Additional cache-pressure calibration context for tier-transition coverage. Additional cache-pressure calibration context for tier-transition coverage. Additional cache-pressure calibration context for tier-transition coverage. Additional cache-pressure calibration context for tier-transition coverage. Additional cache-pressure calibration context for tier-transition coverage. Additional cache-pressure calibration context for tier-transition coverage. Additional cache-pressure calibration context for tier-transition coverage. Additional cache-pressure calibration context for tier-transition coverage. Additional cache-pressure calibration context for tier-transition coverage. Additional cache-pressure calibration context for tier-transition coverage. Additional cache-pressure calibration context for tier-transition coverage. Additional cache-pressure calibration context for tier-transition coverage. Additional cache-pressure calibration context for tier-transition coverage. Additional cache-pressure calibration context for tier-transition coverage. Additional cache-pressure calibration context for tier-transition coverage. Additional cache-pressure calibration context for tier-transition coverage. Additional cache-pressure calibration context for tier-transition coverage. Additional cache-pressure calibration context for tier-transition coverage. Additional cache-pressure calibration context for tier-transition coverage. Additional cache-pressure calibration context for tier-transition coverage. Additional cache-pressure calibration context for tier-transition coverage. Additional cache-pressure calibration context for tier-transition coverage. Additional cache-pressure calibration context for tier-transition coverage. Additional cache-pressure calibration context for tier-transition coverage. Additional cache-pressure calibration context for tier-transition coverage. Additional cache-pressure calibration context for tier-transition coverage. Additional cache-pressure calibration context for tier-transition coverage. Additional cache-pressure calibration context for tier-transition coverage. Additional cache-pressure calibration context for tier-transition coverage. Additional cache-pressure calibration context for tier-transition coverage. Additional cache-pressure calibration context for tier-transition coverage. Additional cache-pressure calibration context for tier-transition coverage. Additional cache-pressure calibration context for tier-transition coverage. Additional cache-pressure calibration context for tier-transition coverage. Additional cache-pressure calibration context for tier-transition coverage. Additional cache-pressure calibration context for tier-transition coverage. Additional cache-pressure calibration context for tier-transition coverage. Additional cache-pressure calibration context for tier-transition coverage. Additional cache-pressure calibration context for tier-transition coverage. Additional cache-pressure calibration context for tier-transition coverage. Additional cache-pressure calibration context for tier-transition coverage. Additional cache-pressure calibration context for tier-transition coverage. Additional cache-pressure calibration context for tier-transition coverage. Additional cache-pressure calibration context for tier-transition coverage. Additional cache-pressure calibration context for tier-transition coverage. Additional cache-pressure calibration context for tier-transition coverage. Additional cache-pressure calibration context for tier-transition coverage. Additional cache-pressure calibration context for tier-transition coverage. Additional cache-pressure calibration context for tier-transition coverage. Additional cache-pressure calibration context for tier-transition coverage. Additional cache-pressure calibration context for tier-transition coverage. Additional cache-pressure calibration context for tier-transition coverage. Additional cache-pressure calibration context for tier-transition coverage. Additional cache-pressure calibration context for tier-transition coverage. Additional cache-pressure calibration context for tier-transition coverage. Additional cache-pressure calibration context for tier-transition coverage. Additional cache-pressure calibration context for tier-transition coverage. Additional cache-pressure calibration context for tier-transition coverage. Additional cache-pressure calibration context for tier-transition coverage. Additional cache-pressure calibration context for tier-transition coverage. Additional cache-pressure calibration context for tier-transition coverage. Additional cache-pressure calibration context for tier-transition coverage. Additional cache-pressure calibration context for tier-transition coverage. Additional cache-pressure calibration context for tier-transition coverage. Additional cache-pressure calibration context for tier-transition coverage. Additional cache-pressure calibration context for tier-transition coverage. Additional cache-pressure calibration context for tier-transition coverage. Additional cache-pressure calibration context for tier-transition coverage. Additional cache-pressure calibration context for tier-transition coverage. Additional cache-pressure calibration context for tier-transition coverage. Additional cache-pressure calibration context for tier-transition coverage. Additional cache-pressure calibration context for tier-transition coverage. Additional cache-pressure calibration context for tier-transition coverage. Additional cache-pressure calibration context for tier-transition coverage. Additional cache-pressure calibration context for tier-transition coverage. Additional cache-pressure calibration context for tier-transition coverage. Additional cache-pressure calibration context for tier-transition coverage. Additional cache-pressure calibration context for tier-transition coverage. Additional cache-pressure calibration context for tier-transition coverage. Additional cache-pressure calibration context for tier-transition coverage. Additional cache-pressure calibration context for tier-transition coverage. Additional cache-pressure calibration context for tier-transition coverage. Additional cache-pressure calibration context for tier-transition coverage. Additional cache-pressure calibration context for tier-transition coverage. Additional cache-pressure calibration context for tier-transition coverage. Additional cache-pressure calibration context for tier-transition coverage. Additional cache-pressure calibration context for tier-transition coverage. Additional cache-pressure calibration context for tier-transition coverage. Additional cache-pressure calibration context for tier-transition coverage. Additional cache-pressure calibration context for tier-transition coverage. Additional cache-pressure calibration context for tier-transition coverage. Additional cache-pressure calibration context for tier-transition coverage. Additional cache-pressure calibration context for tier-transition coverage. Additional cache-pressure calibration context for tier-transition coverage. Additional cache-pressure calibration context for tier-transition coverage. Additional cache-pressure calibration context for tier-transition coverage. Additional cache-pressure calibration context for tier-transition coverage. Additional cache-pressure calibration context for tier-transition coverage. Additional cache-pressure calibration context for tier-transition coverage. Additional cache-pressure calibration context for tier-transition coverage. Additional cache-pressure calibration context for tier-transition coverage. Additional cache-pressure calibration context for tier-transition coverage. Additional cache-pressure calibration context for tier-transition coverage. Additional cache-pressure calibration context for tier-transition coverage. Additional cache-pressure calibration context for tier-transition coverage. Additional cache-pressure calibration context for tier-transition coverage. Additional cache-pressure calibration context for tier-transition coverage. Additional cache-pressure calibration context for tier-transition coverage. Additional cache-pressure calibration context for tier-transition coverage. Additional cache-pressure calibration context for tier-transition coverage. Additional cache-pressure calibration context for tier-transition coverage. Additional cache-pressure calibration context for tier-transition coverage. Additional cache-pressure calibration context for tier-transition coverage. Additional cache-pressure calibration context for tier-transition coverage.","You are an expert Physiotherapist AI assistant for the RehabQuest platform. Your role is to provide concise, evidence-based rehabilitation guidance grounded in peer-reviewed clinical literature and WHO recommendations. Always cite relevant studies when possible. Limit answers to three paragraphs. Use metric units. If the question is outside your expertise, state so clearly. RehabQuest is a healthc",1885,[35],[],[35],1,"[""Qwen-Qwen2.5-0.5B-Instruct@1@0@7df25a82581c8ca0@bfloat16.pt""]",lmcache_store_coldpass,lmcache_store_coldpass,1,l2_to_l3,85,86,255.0,258.0,exceed_l1_l2
37,What is the difference between isometric and isotonic exercises?,"Focus question: What is the difference between isometric and isotonic exercises?
Context profile: shared_prefix_rehab_instructions
Prompt tokens: 1885
Context preview: You are an expert Physiotherapist AI assistant for the RehabQuest platform. Your role is to provide concise, evidence-based rehabilitation guidance grounded in peer-reviewed clinical literature and WHO recommendations. Always cite relevant studies when possible. Limit answers to three paragraphs. Use metric units. If the question is outside your expertise, state so clearly. RehabQuest is a healthc",What is the difference between isometric and isotonic exercises?,shared_prefix_rehab_instructions,"You are an expert Physiotherapist AI assistant for the RehabQuest platform. Your role is to provide concise, evidence-based rehabilitation guidance grounded in peer-reviewed clinical literature and WHO recommendations. Always cite relevant studies when possible. Limit answers to three paragraphs. Use metric units. If the question is outside your expertise, state so clearly. RehabQuest is a healthcare startup specialising in AI-driven musculoskeletal rehabilitation using computer vision and wearable sensors. The platform tracks patient exercises in real time, provides corrective feedback, and generates progress reports for clinicians. You must adhere to HIPAA guidelines and never provide a definitive diagnosis. Always recommend that patients consult their treating physician for personalised medical advice before changing their rehabilitation programme. Respond in professional but approachable language. Clinical Practice Guidelines: For musculoskeletal rehabilitation, the American Physical Therapy Association (APTA) recommends a structured, phase-based approach: Phase I (Acute, Days 0-7): Focus on pain management using cryotherapy, compression, and elevation. Introduce gentle range-of-motion exercises within pain tolerance. Apply the PRICE protocol (Protection, Rest, Ice, Compression, Elevation). Monitor for signs of deep vein thrombosis in immobilised patients. Document baseline pain levels using the Visual Analogue Scale (VAS). Phase II (Subacute, Weeks 1-6): Progressive loading following the tissue healing timeline. Introduce isometric exercises progressing to isotonic by week 3. Begin proprioceptive training with balance boards and unstable surfaces. Target 80% of contralateral limb strength before advancing. Monitor inflammatory markers and adjust intensity accordingly. Apply the principle of graduated return to activity. Phase III (Remodelling, Weeks 6-12): Sport-specific or task-specific training. Eccentric strengthening for tendinopathies following the Alfredson protocol. Plyometric progression using the reactive strength index. Functional movement screening (FMS) to identify compensatory patterns. Return-to-sport criteria: 90% limb symmetry index on isokinetic testing, successful completion of hop tests (single, triple, crossover, and timed), and psychological readiness assessed via the ACL-Return to Sport after Injury (ACL-RSI) scale. Phase IV (Maintenance, Ongoing): Long-term injury prevention programming. Periodised strength and conditioning with progressive overload. Neuromuscular control drills integrated into warm-up routines following the FIFA 11+ protocol. Annual functional reassessment recommended. Patient education on load management, sleep hygiene, and nutritional support for tissue recovery. Documentation Standards: Use the International Classification of Functioning, Disability and Health (ICF) framework for assessment documentation. Record objective measures including goniometric range of motion, manual muscle testing grades (Oxford scale 0-5), and validated patient-reported outcome measures (PROMs) such as the Lower Extremity Functional Scale (LEFS), Disabilities of the Arm, Shoulder and Hand (DASH), and Oswestry Disability Index (ODI). Now answer the following clinical question. What is the difference between isometric and isotonic exercises?

[PressureProfile]
 Additional cache-pressure calibration context for tier-transition coverage. Additional cache-pressure calibration context for tier-transition coverage. Additional cache-pressure calibration context for tier-transition coverage. Additional cache-pressure calibration context for tier-transition coverage. Additional cache-pressure calibration context for tier-transition coverage. Additional cache-pressure calibration context for tier-transition coverage. Additional cache-pressure calibration context for tier-transition coverage. Additional cache-pressure calibration context for tier-transition coverage. Additional cache-pressure calibration context for tier-transition coverage. Additional cache-pressure calibration context for tier-transition coverage. Additional cache-pressure calibration context for tier-transition coverage. Additional cache-pressure calibration context for tier-transition coverage. Additional cache-pressure calibration context for tier-transition coverage. Additional cache-pressure calibration context for tier-transition coverage. Additional cache-pressure calibration context for tier-transition coverage. Additional cache-pressure calibration context for tier-transition coverage. Additional cache-pressure calibration context for tier-transition coverage. Additional cache-pressure calibration context for tier-transition coverage. Additional cache-pressure calibration context for tier-transition coverage. Additional cache-pressure calibration context for tier-transition coverage. Additional cache-pressure calibration context for tier-transition coverage. Additional cache-pressure calibration context for tier-transition coverage. Additional cache-pressure calibration context for tier-transition coverage. Additional cache-pressure calibration context for tier-transition coverage. Additional cache-pressure calibration context for tier-transition coverage. Additional cache-pressure calibration context for tier-transition coverage. Additional cache-pressure calibration context for tier-transition coverage. Additional cache-pressure calibration context for tier-transition coverage. Additional cache-pressure calibration context for tier-transition coverage. Additional cache-pressure calibration context for tier-transition coverage. Additional cache-pressure calibration context for tier-transition coverage. Additional cache-pressure calibration context for tier-transition coverage. Additional cache-pressure calibration context for tier-transition coverage. Additional cache-pressure calibration context for tier-transition coverage. Additional cache-pressure calibration context for tier-transition coverage. Additional cache-pressure calibration context for tier-transition coverage. Additional cache-pressure calibration context for tier-transition coverage. Additional cache-pressure calibration context for tier-transition coverage. Additional cache-pressure calibration context for tier-transition coverage. Additional cache-pressure calibration context for tier-transition coverage. Additional cache-pressure calibration context for tier-transition coverage. Additional cache-pressure calibration context for tier-transition coverage. Additional cache-pressure calibration context for tier-transition coverage. Additional cache-pressure calibration context for tier-transition coverage. Additional cache-pressure calibration context for tier-transition coverage. Additional cache-pressure calibration context for tier-transition coverage. Additional cache-pressure calibration context for tier-transition coverage. Additional cache-pressure calibration context for tier-transition coverage. Additional cache-pressure calibration context for tier-transition coverage. Additional cache-pressure calibration context for tier-transition coverage. Additional cache-pressure calibration context for tier-transition coverage. Additional cache-pressure calibration context for tier-transition coverage. Additional cache-pressure calibration context for tier-transition coverage. Additional cache-pressure calibration context for tier-transition coverage. Additional cache-pressure calibration context for tier-transition coverage. Additional cache-pressure calibration context for tier-transition coverage. Additional cache-pressure calibration context for tier-transition coverage. Additional cache-pressure calibration context for tier-transition coverage. Additional cache-pressure calibration context for tier-transition coverage. Additional cache-pressure calibration context for tier-transition coverage. Additional cache-pressure calibration context for tier-transition coverage. Additional cache-pressure calibration context for tier-transition coverage. Additional cache-pressure calibration context for tier-transition coverage. Additional cache-pressure calibration context for tier-transition coverage. Additional cache-pressure calibration context for tier-transition coverage. Additional cache-pressure calibration context for tier-transition coverage. Additional cache-pressure calibration context for tier-transition coverage. Additional cache-pressure calibration context for tier-transition coverage. Additional cache-pressure calibration context for tier-transition coverage. Additional cache-pressure calibration context for tier-transition coverage. Additional cache-pressure calibration context for tier-transition coverage. Additional cache-pressure calibration context for tier-transition coverage. Additional cache-pressure calibration context for tier-transition coverage. Additional cache-pressure calibration context for tier-transition coverage. Additional cache-pressure calibration context for tier-transition coverage. Additional cache-pressure calibration context for tier-transition coverage. Additional cache-pressure calibration context for tier-transition coverage. Additional cache-pressure calibration context for tier-transition coverage. Additional cache-pressure calibration context for tier-transition coverage. Additional cache-pressure calibration context for tier-transition coverage. Additional cache-pressure calibration context for tier-transition coverage. Additional cache-pressure calibration context for tier-transition coverage. Additional cache-pressure calibration context for tier-transition coverage. Additional cache-pressure calibration context for tier-transition coverage. Additional cache-pressure calibration context for tier-transition coverage. Additional cache-pressure calibration context for tier-transition coverage. Additional cache-pressure calibration context for tier-transition coverage. Additional cache-pressure calibration context for tier-transition coverage. Additional cache-pressure calibration context for tier-transition coverage. Additional cache-pressure calibration context for tier-transition coverage. Additional cache-pressure calibration context for tier-transition coverage. Additional cache-pressure calibration context for tier-transition coverage. Additional cache-pressure calibration context for tier-transition coverage. Additional cache-pressure calibration context for tier-transition coverage. Additional cache-pressure calibration context for tier-transition coverage. Additional cache-pressure calibration context for tier-transition coverage. Additional cache-pressure calibration context for tier-transition coverage. Additional cache-pressure calibration context for tier-transition coverage. Additional cache-pressure calibration context for tier-transition coverage. Additional cache-pressure calibration context for tier-transition coverage. Additional cache-pressure calibration context for tier-transition coverage. Additional cache-pressure calibration context for tier-transition coverage. Additional cache-pressure calibration context for tier-transition coverage. Additional cache-pressure calibration context for tier-transition coverage. Additional cache-pressure calibration context for tier-transition coverage. Additional cache-pressure calibration context for tier-transition coverage. Additional cache-pressure calibration context for tier-transition coverage. Additional cache-pressure calibration context for tier-transition coverage. Additional cache-pressure calibration context for tier-transition coverage. Additional cache-pressure calibration context for tier-transition coverage. Additional cache-pressure calibration context for tier-transition coverage. Additional cache-pressure calibration context for tier-transition coverage. Additional cache-pressure calibration context for tier-transition coverage. Additional cache-pressure calibration context for tier-transition coverage. Additional cache-pressure calibration context for tier-transition coverage. Additional cache-pressure calibration context for tier-transition coverage. Additional cache-pressure calibration context for tier-transition coverage. Additional cache-pressure calibration context for tier-transition coverage. Additional cache-pressure calibration context for tier-transition coverage. Additional cache-pressure calibration context for tier-transition coverage. Additional cache-pressure calibration context for tier-transition coverage. Additional cache-pressure calibration context for tier-transition coverage. Additional cache-pressure calibration context for tier-transition coverage. Additional cache-pressure calibration context for tier-transition coverage. Additional cache-pressure calibration context for tier-transition coverage. Additional cache-pressure calibration context for tier-transition coverage. Additional cache-pressure calibration context for tier-transition coverage. Additional cache-pressure calibration context for tier-transition coverage. Additional cache-pressure calibration context for tier-transition coverage. Additional cache-pressure calibration context for tier-transition coverage. Additional cache-pressure calibration context for tier-transition coverage. Additional cache-pressure calibration context for tier-transition coverage. Additional cache-pressure calibration context for tier-transition coverage. Additional cache-pressure calibration context for tier-transition coverage. Additional cache-pressure calibration context for tier-transition coverage. Additional cache-pressure calibration context for tier-transition coverage. Additional cache-pressure calibration context for tier-transition coverage. Additional cache-pressure calibration context for tier-transition coverage. Additional cache-pressure calibration context for tier-transition coverage. Additional cache-pressure calibration context for tier-transition coverage. Additional cache-pressure calibration context for tier-transition coverage. Additional cache-pressure calibration context for tier-transition coverage. Additional cache-pressure calibration context for tier-transition coverage. Additional cache-pressure calibration context for tier-transition coverage. Additional cache-pressure calibration context for tier-transition coverage. Additional cache-pressure calibration context for tier-transition coverage. Additional cache-pressure calibration context for tier-transition coverage. Additional cache-pressure calibration context for tier-transition coverage. Additional cache-pressure calibration context for tier-transition coverage. Additional cache-pressure calibration context for tier-transition coverage. Additional cache-pressure calibration context for tier-transition coverage. Additional cache-pressure calibration context for tier-transition coverage. Additional cache-pressure calibration context for tier-transition coverage. Additional cache-pressure calibration context for tier-transition coverage. Additional cache-pressure calibration context for tier-transition coverage. Additional cache-pressure calibration context for tier-transition coverage. Additional cache-pressure calibration context for tier-transition coverage. Additional cache-pressure calibration context for tier-transition coverage. Additional cache-pressure calibration context for tier-transition coverage. Additional cache-pressure calibration context for tier-transition coverage. Additional cache-pressure calibration context for tier-transition coverage. Additional cache-pressure calibration context for tier-transition coverage. Additional cache-pressure calibration context for tier-transition coverage. Additional cache-pressure calibration context for tier-transition coverage. Additional cache-pressure calibration context for tier-transition coverage. Additional cache-pressure calibration context for tier-transition coverage. Additional cache-pressure calibration context for tier-transition coverage. Additional cache-pressure calibration context for tier-transition coverage. Additional cache-pressure calibration context for tier-transition coverage. Additional cache-pressure calibration context for tier-transition coverage. Additional cache-pressure calibration context for tier-transition coverage. Additional cache-pressure calibration context for tier-transition coverage. Additional cache-pressure calibration context for tier-transition coverage. Additional cache-pressure calibration context for tier-transition coverage. Additional cache-pressure calibration context for tier-transition coverage. Additional cache-pressure calibration context for tier-transition coverage. Additional cache-pressure calibration context for tier-transition coverage. Additional cache-pressure calibration context for tier-transition coverage. Additional cache-pressure calibration context for tier-transition coverage. Additional cache-pressure calibration context for tier-transition coverage. Additional cache-pressure calibration context for tier-transition coverage. Additional cache-pressure calibration context for tier-transition coverage. Additional cache-pressure calibration context for tier-transition coverage. Additional cache-pressure calibration context for tier-transition coverage. Additional cache-pressure calibration context for tier-transition coverage. Additional cache-pressure calibration context for tier-transition coverage. Additional cache-pressure calibration context for tier-transition coverage. Additional cache-pressure calibration context for tier-transition coverage. Additional cache-pressure calibration context for tier-transition coverage. Additional cache-pressure calibration context for tier-transition coverage. Additional cache-pressure calibration context for tier-transition coverage. Additional cache-pressure calibration context for tier-transition coverage. Additional cache-pressure calibration context for tier-transition coverage. Additional cache-pressure calibration context for tier-transition coverage. Additional cache-pressure calibration context for tier-transition coverage. Additional cache-pressure calibration context for tier-transition coverage. Additional cache-pressure calibration context for tier-transition coverage. Additional cache-pressure calibration context for tier-transition coverage. Additional cache-pressure calibration context for tier-transition coverage. Additional cache-pressure calibration context for tier-transition coverage. Additional cache-pressure calibration context for tier-transition coverage. Additional cache-pressure calibration context for tier-transition coverage. Additional cache-pressure calibration context for tier-transition coverage. Additional cache-pressure calibration context for tier-transition coverage. Additional cache-pressure calibration context for tier-transition coverage. Additional cache-pressure calibration context for tier-transition coverage. Additional cache-pressure calibration context for tier-transition coverage. Additional cache-pressure calibration context for tier-transition coverage. Additional cache-pressure calibration context for tier-transition coverage. Additional cache-pressure calibration context for tier-transition coverage. Additional cache-pressure calibration context for tier-transition coverage. Additional cache-pressure calibration context for tier-transition coverage. Additional cache-pressure calibration context for tier-transition coverage.","You are an expert Physiotherapist AI assistant for the RehabQuest platform. Your role is to provide concise, evidence-based rehabilitation guidance grounded in peer-reviewed clinical literature and WHO recommendations. Always cite relevant studies when possible. Limit answers to three paragraphs. Use metric units. If the question is outside your expertise, state so clearly. RehabQuest is a healthc",1885,[36],[],[36],1,"[""Qwen-Qwen2.5-0.5B-Instruct@1@0@111b964d76d0a43a@bfloat16.pt""]",lmcache_store_coldpass,lmcache_store_coldpass,1,l2_to_l3,86,87,258.0,261.0,exceed_l1_l2
38,How should rehabilitation be modified for diabetic neuropathy patients?,"Focus question: How should rehabilitation be modified for diabetic neuropathy patients?
Context profile: shared_prefix_rehab_instructions
Prompt tokens: 1885
Context preview: You are an expert Physiotherapist AI assistant for the RehabQuest platform. Your role is to provide concise, evidence-based rehabilitation guidance grounded in peer-reviewed clinical literature and WHO recommendations. Always cite relevant studies when possible. Limit answers to three paragraphs. Use metric units. If the question is outside your expertise, state so clearly. RehabQuest is a healthc",How should rehabilitation be modified for diabetic neuropathy patients?,shared_prefix_rehab_instructions,"You are an expert Physiotherapist AI assistant for the RehabQuest platform. Your role is to provide concise, evidence-based rehabilitation guidance grounded in peer-reviewed clinical literature and WHO recommendations. Always cite relevant studies when possible. Limit answers to three paragraphs. Use metric units. If the question is outside your expertise, state so clearly. RehabQuest is a healthcare startup specialising in AI-driven musculoskeletal rehabilitation using computer vision and wearable sensors. The platform tracks patient exercises in real time, provides corrective feedback, and generates progress reports for clinicians. You must adhere to HIPAA guidelines and never provide a definitive diagnosis. Always recommend that patients consult their treating physician for personalised medical advice before changing their rehabilitation programme. Respond in professional but approachable language. Clinical Practice Guidelines: For musculoskeletal rehabilitation, the American Physical Therapy Association (APTA) recommends a structured, phase-based approach: Phase I (Acute, Days 0-7): Focus on pain management using cryotherapy, compression, and elevation. Introduce gentle range-of-motion exercises within pain tolerance. Apply the PRICE protocol (Protection, Rest, Ice, Compression, Elevation). Monitor for signs of deep vein thrombosis in immobilised patients. Document baseline pain levels using the Visual Analogue Scale (VAS). Phase II (Subacute, Weeks 1-6): Progressive loading following the tissue healing timeline. Introduce isometric exercises progressing to isotonic by week 3. Begin proprioceptive training with balance boards and unstable surfaces. Target 80% of contralateral limb strength before advancing. Monitor inflammatory markers and adjust intensity accordingly. Apply the principle of graduated return to activity. Phase III (Remodelling, Weeks 6-12): Sport-specific or task-specific training. Eccentric strengthening for tendinopathies following the Alfredson protocol. Plyometric progression using the reactive strength index. Functional movement screening (FMS) to identify compensatory patterns. Return-to-sport criteria: 90% limb symmetry index on isokinetic testing, successful completion of hop tests (single, triple, crossover, and timed), and psychological readiness assessed via the ACL-Return to Sport after Injury (ACL-RSI) scale. Phase IV (Maintenance, Ongoing): Long-term injury prevention programming. Periodised strength and conditioning with progressive overload. Neuromuscular control drills integrated into warm-up routines following the FIFA 11+ protocol. Annual functional reassessment recommended. Patient education on load management, sleep hygiene, and nutritional support for tissue recovery. Documentation Standards: Use the International Classification of Functioning, Disability and Health (ICF) framework for assessment documentation. Record objective measures including goniometric range of motion, manual muscle testing grades (Oxford scale 0-5), and validated patient-reported outcome measures (PROMs) such as the Lower Extremity Functional Scale (LEFS), Disabilities of the Arm, Shoulder and Hand (DASH), and Oswestry Disability Index (ODI). Now answer the following clinical question. How should rehabilitation be modified for diabetic neuropathy patients?

[PressureProfile]
 Additional cache-pressure calibration context for tier-transition coverage. Additional cache-pressure calibration context for tier-transition coverage. Additional cache-pressure calibration context for tier-transition coverage. Additional cache-pressure calibration context for tier-transition coverage. Additional cache-pressure calibration context for tier-transition coverage. Additional cache-pressure calibration context for tier-transition coverage. Additional cache-pressure calibration context for tier-transition coverage. Additional cache-pressure calibration context for tier-transition coverage. Additional cache-pressure calibration context for tier-transition coverage. Additional cache-pressure calibration context for tier-transition coverage. Additional cache-pressure calibration context for tier-transition coverage. Additional cache-pressure calibration context for tier-transition coverage. Additional cache-pressure calibration context for tier-transition coverage. Additional cache-pressure calibration context for tier-transition coverage. Additional cache-pressure calibration context for tier-transition coverage. Additional cache-pressure calibration context for tier-transition coverage. Additional cache-pressure calibration context for tier-transition coverage. Additional cache-pressure calibration context for tier-transition coverage. Additional cache-pressure calibration context for tier-transition coverage. Additional cache-pressure calibration context for tier-transition coverage. Additional cache-pressure calibration context for tier-transition coverage. Additional cache-pressure calibration context for tier-transition coverage. Additional cache-pressure calibration context for tier-transition coverage. Additional cache-pressure calibration context for tier-transition coverage. Additional cache-pressure calibration context for tier-transition coverage. Additional cache-pressure calibration context for tier-transition coverage. Additional cache-pressure calibration context for tier-transition coverage. Additional cache-pressure calibration context for tier-transition coverage. Additional cache-pressure calibration context for tier-transition coverage. Additional cache-pressure calibration context for tier-transition coverage. Additional cache-pressure calibration context for tier-transition coverage. Additional cache-pressure calibration context for tier-transition coverage. Additional cache-pressure calibration context for tier-transition coverage. Additional cache-pressure calibration context for tier-transition coverage. Additional cache-pressure calibration context for tier-transition coverage. Additional cache-pressure calibration context for tier-transition coverage. Additional cache-pressure calibration context for tier-transition coverage. Additional cache-pressure calibration context for tier-transition coverage. Additional cache-pressure calibration context for tier-transition coverage. Additional cache-pressure calibration context for tier-transition coverage. Additional cache-pressure calibration context for tier-transition coverage. Additional cache-pressure calibration context for tier-transition coverage. Additional cache-pressure calibration context for tier-transition coverage. Additional cache-pressure calibration context for tier-transition coverage. Additional cache-pressure calibration context for tier-transition coverage. Additional cache-pressure calibration context for tier-transition coverage. Additional cache-pressure calibration context for tier-transition coverage. Additional cache-pressure calibration context for tier-transition coverage. Additional cache-pressure calibration context for tier-transition coverage. Additional cache-pressure calibration context for tier-transition coverage. Additional cache-pressure calibration context for tier-transition coverage. Additional cache-pressure calibration context for tier-transition coverage. Additional cache-pressure calibration context for tier-transition coverage. Additional cache-pressure calibration context for tier-transition coverage. Additional cache-pressure calibration context for tier-transition coverage. Additional cache-pressure calibration context for tier-transition coverage. Additional cache-pressure calibration context for tier-transition coverage. Additional cache-pressure calibration context for tier-transition coverage. Additional cache-pressure calibration context for tier-transition coverage. Additional cache-pressure calibration context for tier-transition coverage. Additional cache-pressure calibration context for tier-transition coverage. Additional cache-pressure calibration context for tier-transition coverage. Additional cache-pressure calibration context for tier-transition coverage. Additional cache-pressure calibration context for tier-transition coverage. Additional cache-pressure calibration context for tier-transition coverage. Additional cache-pressure calibration context for tier-transition coverage. Additional cache-pressure calibration context for tier-transition coverage. Additional cache-pressure calibration context for tier-transition coverage. Additional cache-pressure calibration context for tier-transition coverage. Additional cache-pressure calibration context for tier-transition coverage. Additional cache-pressure calibration context for tier-transition coverage. Additional cache-pressure calibration context for tier-transition coverage. Additional cache-pressure calibration context for tier-transition coverage. Additional cache-pressure calibration context for tier-transition coverage. Additional cache-pressure calibration context for tier-transition coverage. Additional cache-pressure calibration context for tier-transition coverage. Additional cache-pressure calibration context for tier-transition coverage. Additional cache-pressure calibration context for tier-transition coverage. Additional cache-pressure calibration context for tier-transition coverage. Additional cache-pressure calibration context for tier-transition coverage. Additional cache-pressure calibration context for tier-transition coverage. Additional cache-pressure calibration context for tier-transition coverage. Additional cache-pressure calibration context for tier-transition coverage. Additional cache-pressure calibration context for tier-transition coverage. Additional cache-pressure calibration context for tier-transition coverage. Additional cache-pressure calibration context for tier-transition coverage. Additional cache-pressure calibration context for tier-transition coverage. Additional cache-pressure calibration context for tier-transition coverage. Additional cache-pressure calibration context for tier-transition coverage. Additional cache-pressure calibration context for tier-transition coverage. Additional cache-pressure calibration context for tier-transition coverage. Additional cache-pressure calibration context for tier-transition coverage. Additional cache-pressure calibration context for tier-transition coverage. Additional cache-pressure calibration context for tier-transition coverage. Additional cache-pressure calibration context for tier-transition coverage. Additional cache-pressure calibration context for tier-transition coverage. Additional cache-pressure calibration context for tier-transition coverage. Additional cache-pressure calibration context for tier-transition coverage. Additional cache-pressure calibration context for tier-transition coverage. Additional cache-pressure calibration context for tier-transition coverage. Additional cache-pressure calibration context for tier-transition coverage. Additional cache-pressure calibration context for tier-transition coverage. Additional cache-pressure calibration context for tier-transition coverage. Additional cache-pressure calibration context for tier-transition coverage. Additional cache-pressure calibration context for tier-transition coverage. Additional cache-pressure calibration context for tier-transition coverage. Additional cache-pressure calibration context for tier-transition coverage. Additional cache-pressure calibration context for tier-transition coverage. Additional cache-pressure calibration context for tier-transition coverage. Additional cache-pressure calibration context for tier-transition coverage. Additional cache-pressure calibration context for tier-transition coverage. Additional cache-pressure calibration context for tier-transition coverage. Additional cache-pressure calibration context for tier-transition coverage. Additional cache-pressure calibration context for tier-transition coverage. Additional cache-pressure calibration context for tier-transition coverage. Additional cache-pressure calibration context for tier-transition coverage. Additional cache-pressure calibration context for tier-transition coverage. Additional cache-pressure calibration context for tier-transition coverage. Additional cache-pressure calibration context for tier-transition coverage. Additional cache-pressure calibration context for tier-transition coverage. Additional cache-pressure calibration context for tier-transition coverage. Additional cache-pressure calibration context for tier-transition coverage. Additional cache-pressure calibration context for tier-transition coverage. Additional cache-pressure calibration context for tier-transition coverage. Additional cache-pressure calibration context for tier-transition coverage. Additional cache-pressure calibration context for tier-transition coverage. Additional cache-pressure calibration context for tier-transition coverage. Additional cache-pressure calibration context for tier-transition coverage. Additional cache-pressure calibration context for tier-transition coverage. Additional cache-pressure calibration context for tier-transition coverage. Additional cache-pressure calibration context for tier-transition coverage. Additional cache-pressure calibration context for tier-transition coverage. Additional cache-pressure calibration context for tier-transition coverage. Additional cache-pressure calibration context for tier-transition coverage. Additional cache-pressure calibration context for tier-transition coverage. Additional cache-pressure calibration context for tier-transition coverage. Additional cache-pressure calibration context for tier-transition coverage. Additional cache-pressure calibration context for tier-transition coverage. Additional cache-pressure calibration context for tier-transition coverage. Additional cache-pressure calibration context for tier-transition coverage. Additional cache-pressure calibration context for tier-transition coverage. Additional cache-pressure calibration context for tier-transition coverage. Additional cache-pressure calibration context for tier-transition coverage. Additional cache-pressure calibration context for tier-transition coverage. Additional cache-pressure calibration context for tier-transition coverage. Additional cache-pressure calibration context for tier-transition coverage. Additional cache-pressure calibration context for tier-transition coverage. Additional cache-pressure calibration context for tier-transition coverage. Additional cache-pressure calibration context for tier-transition coverage. Additional cache-pressure calibration context for tier-transition coverage. Additional cache-pressure calibration context for tier-transition coverage. Additional cache-pressure calibration context for tier-transition coverage. Additional cache-pressure calibration context for tier-transition coverage. Additional cache-pressure calibration context for tier-transition coverage. Additional cache-pressure calibration context for tier-transition coverage. Additional cache-pressure calibration context for tier-transition coverage. Additional cache-pressure calibration context for tier-transition coverage. Additional cache-pressure calibration context for tier-transition coverage. Additional cache-pressure calibration context for tier-transition coverage. Additional cache-pressure calibration context for tier-transition coverage. Additional cache-pressure calibration context for tier-transition coverage. Additional cache-pressure calibration context for tier-transition coverage. Additional cache-pressure calibration context for tier-transition coverage. Additional cache-pressure calibration context for tier-transition coverage. Additional cache-pressure calibration context for tier-transition coverage. Additional cache-pressure calibration context for tier-transition coverage. Additional cache-pressure calibration context for tier-transition coverage. Additional cache-pressure calibration context for tier-transition coverage. Additional cache-pressure calibration context for tier-transition coverage. Additional cache-pressure calibration context for tier-transition coverage. Additional cache-pressure calibration context for tier-transition coverage. Additional cache-pressure calibration context for tier-transition coverage. Additional cache-pressure calibration context for tier-transition coverage. Additional cache-pressure calibration context for tier-transition coverage. Additional cache-pressure calibration context for tier-transition coverage. Additional cache-pressure calibration context for tier-transition coverage. Additional cache-pressure calibration context for tier-transition coverage. Additional cache-pressure calibration context for tier-transition coverage. Additional cache-pressure calibration context for tier-transition coverage. Additional cache-pressure calibration context for tier-transition coverage. Additional cache-pressure calibration context for tier-transition coverage. Additional cache-pressure calibration context for tier-transition coverage. Additional cache-pressure calibration context for tier-transition coverage. Additional cache-pressure calibration context for tier-transition coverage. Additional cache-pressure calibration context for tier-transition coverage. Additional cache-pressure calibration context for tier-transition coverage. Additional cache-pressure calibration context for tier-transition coverage. Additional cache-pressure calibration context for tier-transition coverage. Additional cache-pressure calibration context for tier-transition coverage. Additional cache-pressure calibration context for tier-transition coverage. Additional cache-pressure calibration context for tier-transition coverage. Additional cache-pressure calibration context for tier-transition coverage. Additional cache-pressure calibration context for tier-transition coverage. Additional cache-pressure calibration context for tier-transition coverage. Additional cache-pressure calibration context for tier-transition coverage. Additional cache-pressure calibration context for tier-transition coverage. Additional cache-pressure calibration context for tier-transition coverage. Additional cache-pressure calibration context for tier-transition coverage. Additional cache-pressure calibration context for tier-transition coverage. Additional cache-pressure calibration context for tier-transition coverage. Additional cache-pressure calibration context for tier-transition coverage. Additional cache-pressure calibration context for tier-transition coverage. Additional cache-pressure calibration context for tier-transition coverage. Additional cache-pressure calibration context for tier-transition coverage. Additional cache-pressure calibration context for tier-transition coverage. Additional cache-pressure calibration context for tier-transition coverage. Additional cache-pressure calibration context for tier-transition coverage. Additional cache-pressure calibration context for tier-transition coverage. Additional cache-pressure calibration context for tier-transition coverage. Additional cache-pressure calibration context for tier-transition coverage. Additional cache-pressure calibration context for tier-transition coverage. Additional cache-pressure calibration context for tier-transition coverage. Additional cache-pressure calibration context for tier-transition coverage.","You are an expert Physiotherapist AI assistant for the RehabQuest platform. Your role is to provide concise, evidence-based rehabilitation guidance grounded in peer-reviewed clinical literature and WHO recommendations. Always cite relevant studies when possible. Limit answers to three paragraphs. Use metric units. If the question is outside your expertise, state so clearly. RehabQuest is a healthc",1885,[37],[],[37],1,"[""Qwen-Qwen2.5-0.5B-Instruct@1@0@2e679bcb679140b9@bfloat16.pt""]",lmcache_store_coldpass,lmcache_store_coldpass,1,l2_to_l3,87,88,261.0,264.0,exceed_l1_l2
39,What are the red flags in low back pain requiring immediate referral?,"Focus question: What are the red flags in low back pain requiring immediate referral?
Context profile: shared_prefix_rehab_instructions
Prompt tokens: 1885
Context preview: You are an expert Physiotherapist AI assistant for the RehabQuest platform. Your role is to provide concise, evidence-based rehabilitation guidance grounded in peer-reviewed clinical literature and WHO recommendations. Always cite relevant studies when possible. Limit answers to three paragraphs. Use metric units. If the question is outside your expertise, state so clearly. RehabQuest is a healthc",What are the red flags in low back pain requiring immediate referral?,shared_prefix_rehab_instructions,"You are an expert Physiotherapist AI assistant for the RehabQuest platform. Your role is to provide concise, evidence-based rehabilitation guidance grounded in peer-reviewed clinical literature and WHO recommendations. Always cite relevant studies when possible. Limit answers to three paragraphs. Use metric units. If the question is outside your expertise, state so clearly. RehabQuest is a healthcare startup specialising in AI-driven musculoskeletal rehabilitation using computer vision and wearable sensors. The platform tracks patient exercises in real time, provides corrective feedback, and generates progress reports for clinicians. You must adhere to HIPAA guidelines and never provide a definitive diagnosis. Always recommend that patients consult their treating physician for personalised medical advice before changing their rehabilitation programme. Respond in professional but approachable language. Clinical Practice Guidelines: For musculoskeletal rehabilitation, the American Physical Therapy Association (APTA) recommends a structured, phase-based approach: Phase I (Acute, Days 0-7): Focus on pain management using cryotherapy, compression, and elevation. Introduce gentle range-of-motion exercises within pain tolerance. Apply the PRICE protocol (Protection, Rest, Ice, Compression, Elevation). Monitor for signs of deep vein thrombosis in immobilised patients. Document baseline pain levels using the Visual Analogue Scale (VAS). Phase II (Subacute, Weeks 1-6): Progressive loading following the tissue healing timeline. Introduce isometric exercises progressing to isotonic by week 3. Begin proprioceptive training with balance boards and unstable surfaces. Target 80% of contralateral limb strength before advancing. Monitor inflammatory markers and adjust intensity accordingly. Apply the principle of graduated return to activity. Phase III (Remodelling, Weeks 6-12): Sport-specific or task-specific training. Eccentric strengthening for tendinopathies following the Alfredson protocol. Plyometric progression using the reactive strength index. Functional movement screening (FMS) to identify compensatory patterns. Return-to-sport criteria: 90% limb symmetry index on isokinetic testing, successful completion of hop tests (single, triple, crossover, and timed), and psychological readiness assessed via the ACL-Return to Sport after Injury (ACL-RSI) scale. Phase IV (Maintenance, Ongoing): Long-term injury prevention programming. Periodised strength and conditioning with progressive overload. Neuromuscular control drills integrated into warm-up routines following the FIFA 11+ protocol. Annual functional reassessment recommended. Patient education on load management, sleep hygiene, and nutritional support for tissue recovery. Documentation Standards: Use the International Classification of Functioning, Disability and Health (ICF) framework for assessment documentation. Record objective measures including goniometric range of motion, manual muscle testing grades (Oxford scale 0-5), and validated patient-reported outcome measures (PROMs) such as the Lower Extremity Functional Scale (LEFS), Disabilities of the Arm, Shoulder and Hand (DASH), and Oswestry Disability Index (ODI). Now answer the following clinical question. What are the red flags in low back pain requiring immediate referral?

[PressureProfile]
 Additional cache-pressure calibration context for tier-transition coverage. Additional cache-pressure calibration context for tier-transition coverage. Additional cache-pressure calibration context for tier-transition coverage. Additional cache-pressure calibration context for tier-transition coverage. Additional cache-pressure calibration context for tier-transition coverage. Additional cache-pressure calibration context for tier-transition coverage. Additional cache-pressure calibration context for tier-transition coverage. Additional cache-pressure calibration context for tier-transition coverage. Additional cache-pressure calibration context for tier-transition coverage. Additional cache-pressure calibration context for tier-transition coverage. Additional cache-pressure calibration context for tier-transition coverage. Additional cache-pressure calibration context for tier-transition coverage. Additional cache-pressure calibration context for tier-transition coverage. Additional cache-pressure calibration context for tier-transition coverage. Additional cache-pressure calibration context for tier-transition coverage. Additional cache-pressure calibration context for tier-transition coverage. Additional cache-pressure calibration context for tier-transition coverage. Additional cache-pressure calibration context for tier-transition coverage. Additional cache-pressure calibration context for tier-transition coverage. Additional cache-pressure calibration context for tier-transition coverage. Additional cache-pressure calibration context for tier-transition coverage. Additional cache-pressure calibration context for tier-transition coverage. Additional cache-pressure calibration context for tier-transition coverage. Additional cache-pressure calibration context for tier-transition coverage. Additional cache-pressure calibration context for tier-transition coverage. Additional cache-pressure calibration context for tier-transition coverage. Additional cache-pressure calibration context for tier-transition coverage. Additional cache-pressure calibration context for tier-transition coverage. Additional cache-pressure calibration context for tier-transition coverage. Additional cache-pressure calibration context for tier-transition coverage. Additional cache-pressure calibration context for tier-transition coverage. Additional cache-pressure calibration context for tier-transition coverage. Additional cache-pressure calibration context for tier-transition coverage. Additional cache-pressure calibration context for tier-transition coverage. Additional cache-pressure calibration context for tier-transition coverage. Additional cache-pressure calibration context for tier-transition coverage. Additional cache-pressure calibration context for tier-transition coverage. Additional cache-pressure calibration context for tier-transition coverage. Additional cache-pressure calibration context for tier-transition coverage. Additional cache-pressure calibration context for tier-transition coverage. Additional cache-pressure calibration context for tier-transition coverage. Additional cache-pressure calibration context for tier-transition coverage. Additional cache-pressure calibration context for tier-transition coverage. Additional cache-pressure calibration context for tier-transition coverage. Additional cache-pressure calibration context for tier-transition coverage. Additional cache-pressure calibration context for tier-transition coverage. Additional cache-pressure calibration context for tier-transition coverage. Additional cache-pressure calibration context for tier-transition coverage. Additional cache-pressure calibration context for tier-transition coverage. Additional cache-pressure calibration context for tier-transition coverage. Additional cache-pressure calibration context for tier-transition coverage. Additional cache-pressure calibration context for tier-transition coverage. Additional cache-pressure calibration context for tier-transition coverage. Additional cache-pressure calibration context for tier-transition coverage. Additional cache-pressure calibration context for tier-transition coverage. Additional cache-pressure calibration context for tier-transition coverage. Additional cache-pressure calibration context for tier-transition coverage. Additional cache-pressure calibration context for tier-transition coverage. Additional cache-pressure calibration context for tier-transition coverage. Additional cache-pressure calibration context for tier-transition coverage. Additional cache-pressure calibration context for tier-transition coverage. Additional cache-pressure calibration context for tier-transition coverage. Additional cache-pressure calibration context for tier-transition coverage. Additional cache-pressure calibration context for tier-transition coverage. Additional cache-pressure calibration context for tier-transition coverage. Additional cache-pressure calibration context for tier-transition coverage. Additional cache-pressure calibration context for tier-transition coverage. Additional cache-pressure calibration context for tier-transition coverage. Additional cache-pressure calibration context for tier-transition coverage. Additional cache-pressure calibration context for tier-transition coverage. Additional cache-pressure calibration context for tier-transition coverage. Additional cache-pressure calibration context for tier-transition coverage. Additional cache-pressure calibration context for tier-transition coverage. Additional cache-pressure calibration context for tier-transition coverage. Additional cache-pressure calibration context for tier-transition coverage. Additional cache-pressure calibration context for tier-transition coverage. Additional cache-pressure calibration context for tier-transition coverage. Additional cache-pressure calibration context for tier-transition coverage. Additional cache-pressure calibration context for tier-transition coverage. Additional cache-pressure calibration context for tier-transition coverage. Additional cache-pressure calibration context for tier-transition coverage. Additional cache-pressure calibration context for tier-transition coverage. Additional cache-pressure calibration context for tier-transition coverage. Additional cache-pressure calibration context for tier-transition coverage. Additional cache-pressure calibration context for tier-transition coverage. Additional cache-pressure calibration context for tier-transition coverage. Additional cache-pressure calibration context for tier-transition coverage. Additional cache-pressure calibration context for tier-transition coverage. Additional cache-pressure calibration context for tier-transition coverage. Additional cache-pressure calibration context for tier-transition coverage. Additional cache-pressure calibration context for tier-transition coverage. Additional cache-pressure calibration context for tier-transition coverage. Additional cache-pressure calibration context for tier-transition coverage. Additional cache-pressure calibration context for tier-transition coverage. Additional cache-pressure calibration context for tier-transition coverage. Additional cache-pressure calibration context for tier-transition coverage. Additional cache-pressure calibration context for tier-transition coverage. Additional cache-pressure calibration context for tier-transition coverage. Additional cache-pressure calibration context for tier-transition coverage. Additional cache-pressure calibration context for tier-transition coverage. Additional cache-pressure calibration context for tier-transition coverage. Additional cache-pressure calibration context for tier-transition coverage. Additional cache-pressure calibration context for tier-transition coverage. Additional cache-pressure calibration context for tier-transition coverage. Additional cache-pressure calibration context for tier-transition coverage. Additional cache-pressure calibration context for tier-transition coverage. Additional cache-pressure calibration context for tier-transition coverage. Additional cache-pressure calibration context for tier-transition coverage. Additional cache-pressure calibration context for tier-transition coverage. Additional cache-pressure calibration context for tier-transition coverage. Additional cache-pressure calibration context for tier-transition coverage. Additional cache-pressure calibration context for tier-transition coverage. Additional cache-pressure calibration context for tier-transition coverage. Additional cache-pressure calibration context for tier-transition coverage. Additional cache-pressure calibration context for tier-transition coverage. Additional cache-pressure calibration context for tier-transition coverage. Additional cache-pressure calibration context for tier-transition coverage. Additional cache-pressure calibration context for tier-transition coverage. Additional cache-pressure calibration context for tier-transition coverage. Additional cache-pressure calibration context for tier-transition coverage. Additional cache-pressure calibration context for tier-transition coverage. Additional cache-pressure calibration context for tier-transition coverage. Additional cache-pressure calibration context for tier-transition coverage. Additional cache-pressure calibration context for tier-transition coverage. Additional cache-pressure calibration context for tier-transition coverage. Additional cache-pressure calibration context for tier-transition coverage. Additional cache-pressure calibration context for tier-transition coverage. Additional cache-pressure calibration context for tier-transition coverage. Additional cache-pressure calibration context for tier-transition coverage. Additional cache-pressure calibration context for tier-transition coverage. Additional cache-pressure calibration context for tier-transition coverage. Additional cache-pressure calibration context for tier-transition coverage. Additional cache-pressure calibration context for tier-transition coverage. Additional cache-pressure calibration context for tier-transition coverage. Additional cache-pressure calibration context for tier-transition coverage. Additional cache-pressure calibration context for tier-transition coverage. Additional cache-pressure calibration context for tier-transition coverage. Additional cache-pressure calibration context for tier-transition coverage. Additional cache-pressure calibration context for tier-transition coverage. Additional cache-pressure calibration context for tier-transition coverage. Additional cache-pressure calibration context for tier-transition coverage. Additional cache-pressure calibration context for tier-transition coverage. Additional cache-pressure calibration context for tier-transition coverage. Additional cache-pressure calibration context for tier-transition coverage. Additional cache-pressure calibration context for tier-transition coverage. Additional cache-pressure calibration context for tier-transition coverage. Additional cache-pressure calibration context for tier-transition coverage. Additional cache-pressure calibration context for tier-transition coverage. Additional cache-pressure calibration context for tier-transition coverage. Additional cache-pressure calibration context for tier-transition coverage. Additional cache-pressure calibration context for tier-transition coverage. Additional cache-pressure calibration context for tier-transition coverage. Additional cache-pressure calibration context for tier-transition coverage. Additional cache-pressure calibration context for tier-transition coverage. Additional cache-pressure calibration context for tier-transition coverage. Additional cache-pressure calibration context for tier-transition coverage. Additional cache-pressure calibration context for tier-transition coverage. Additional cache-pressure calibration context for tier-transition coverage. Additional cache-pressure calibration context for tier-transition coverage. Additional cache-pressure calibration context for tier-transition coverage. Additional cache-pressure calibration context for tier-transition coverage. Additional cache-pressure calibration context for tier-transition coverage. Additional cache-pressure calibration context for tier-transition coverage. Additional cache-pressure calibration context for tier-transition coverage. Additional cache-pressure calibration context for tier-transition coverage. Additional cache-pressure calibration context for tier-transition coverage. Additional cache-pressure calibration context for tier-transition coverage. Additional cache-pressure calibration context for tier-transition coverage. Additional cache-pressure calibration context for tier-transition coverage. Additional cache-pressure calibration context for tier-transition coverage. Additional cache-pressure calibration context for tier-transition coverage. Additional cache-pressure calibration context for tier-transition coverage. Additional cache-pressure calibration context for tier-transition coverage. Additional cache-pressure calibration context for tier-transition coverage. Additional cache-pressure calibration context for tier-transition coverage. Additional cache-pressure calibration context for tier-transition coverage. Additional cache-pressure calibration context for tier-transition coverage. Additional cache-pressure calibration context for tier-transition coverage. Additional cache-pressure calibration context for tier-transition coverage. Additional cache-pressure calibration context for tier-transition coverage. Additional cache-pressure calibration context for tier-transition coverage. Additional cache-pressure calibration context for tier-transition coverage. Additional cache-pressure calibration context for tier-transition coverage. Additional cache-pressure calibration context for tier-transition coverage. Additional cache-pressure calibration context for tier-transition coverage. Additional cache-pressure calibration context for tier-transition coverage. Additional cache-pressure calibration context for tier-transition coverage. Additional cache-pressure calibration context for tier-transition coverage. Additional cache-pressure calibration context for tier-transition coverage. Additional cache-pressure calibration context for tier-transition coverage. Additional cache-pressure calibration context for tier-transition coverage. Additional cache-pressure calibration context for tier-transition coverage. Additional cache-pressure calibration context for tier-transition coverage. Additional cache-pressure calibration context for tier-transition coverage. Additional cache-pressure calibration context for tier-transition coverage. Additional cache-pressure calibration context for tier-transition coverage. Additional cache-pressure calibration context for tier-transition coverage. Additional cache-pressure calibration context for tier-transition coverage. Additional cache-pressure calibration context for tier-transition coverage. Additional cache-pressure calibration context for tier-transition coverage. Additional cache-pressure calibration context for tier-transition coverage. Additional cache-pressure calibration context for tier-transition coverage. Additional cache-pressure calibration context for tier-transition coverage. Additional cache-pressure calibration context for tier-transition coverage. Additional cache-pressure calibration context for tier-transition coverage. Additional cache-pressure calibration context for tier-transition coverage. Additional cache-pressure calibration context for tier-transition coverage. Additional cache-pressure calibration context for tier-transition coverage. Additional cache-pressure calibration context for tier-transition coverage. Additional cache-pressure calibration context for tier-transition coverage. Additional cache-pressure calibration context for tier-transition coverage. Additional cache-pressure calibration context for tier-transition coverage. Additional cache-pressure calibration context for tier-transition coverage.","You are an expert Physiotherapist AI assistant for the RehabQuest platform. Your role is to provide concise, evidence-based rehabilitation guidance grounded in peer-reviewed clinical literature and WHO recommendations. Always cite relevant studies when possible. Limit answers to three paragraphs. Use metric units. If the question is outside your expertise, state so clearly. RehabQuest is a healthc",1885,[38],[],[38],1,"[""Qwen-Qwen2.5-0.5B-Instruct@1@0@56d336767fd04311@bfloat16.pt""]",lmcache_store_coldpass,lmcache_store_coldpass,1,l2_to_l3,88,89,264.0,267.0,exceed_l1_l2
40,How does obesity affect joint loading during rehabilitation?,"Focus question: How does obesity affect joint loading during rehabilitation?
Context profile: shared_prefix_rehab_instructions
Prompt tokens: 1885
Context preview: You are an expert Physiotherapist AI assistant for the RehabQuest platform. Your role is to provide concise, evidence-based rehabilitation guidance grounded in peer-reviewed clinical literature and WHO recommendations. Always cite relevant studies when possible. Limit answers to three paragraphs. Use metric units. If the question is outside your expertise, state so clearly. RehabQuest is a healthc",How does obesity affect joint loading during rehabilitation?,shared_prefix_rehab_instructions,"You are an expert Physiotherapist AI assistant for the RehabQuest platform. Your role is to provide concise, evidence-based rehabilitation guidance grounded in peer-reviewed clinical literature and WHO recommendations. Always cite relevant studies when possible. Limit answers to three paragraphs. Use metric units. If the question is outside your expertise, state so clearly. RehabQuest is a healthcare startup specialising in AI-driven musculoskeletal rehabilitation using computer vision and wearable sensors. The platform tracks patient exercises in real time, provides corrective feedback, and generates progress reports for clinicians. You must adhere to HIPAA guidelines and never provide a definitive diagnosis. Always recommend that patients consult their treating physician for personalised medical advice before changing their rehabilitation programme. Respond in professional but approachable language. Clinical Practice Guidelines: For musculoskeletal rehabilitation, the American Physical Therapy Association (APTA) recommends a structured, phase-based approach: Phase I (Acute, Days 0-7): Focus on pain management using cryotherapy, compression, and elevation. Introduce gentle range-of-motion exercises within pain tolerance. Apply the PRICE protocol (Protection, Rest, Ice, Compression, Elevation). Monitor for signs of deep vein thrombosis in immobilised patients. Document baseline pain levels using the Visual Analogue Scale (VAS). Phase II (Subacute, Weeks 1-6): Progressive loading following the tissue healing timeline. Introduce isometric exercises progressing to isotonic by week 3. Begin proprioceptive training with balance boards and unstable surfaces. Target 80% of contralateral limb strength before advancing. Monitor inflammatory markers and adjust intensity accordingly. Apply the principle of graduated return to activity. Phase III (Remodelling, Weeks 6-12): Sport-specific or task-specific training. Eccentric strengthening for tendinopathies following the Alfredson protocol. Plyometric progression using the reactive strength index. Functional movement screening (FMS) to identify compensatory patterns. Return-to-sport criteria: 90% limb symmetry index on isokinetic testing, successful completion of hop tests (single, triple, crossover, and timed), and psychological readiness assessed via the ACL-Return to Sport after Injury (ACL-RSI) scale. Phase IV (Maintenance, Ongoing): Long-term injury prevention programming. Periodised strength and conditioning with progressive overload. Neuromuscular control drills integrated into warm-up routines following the FIFA 11+ protocol. Annual functional reassessment recommended. Patient education on load management, sleep hygiene, and nutritional support for tissue recovery. Documentation Standards: Use the International Classification of Functioning, Disability and Health (ICF) framework for assessment documentation. Record objective measures including goniometric range of motion, manual muscle testing grades (Oxford scale 0-5), and validated patient-reported outcome measures (PROMs) such as the Lower Extremity Functional Scale (LEFS), Disabilities of the Arm, Shoulder and Hand (DASH), and Oswestry Disability Index (ODI). Now answer the following clinical question. How does obesity affect joint loading during rehabilitation?

[PressureProfile]
 Additional cache-pressure calibration context for tier-transition coverage. Additional cache-pressure calibration context for tier-transition coverage. Additional cache-pressure calibration context for tier-transition coverage. Additional cache-pressure calibration context for tier-transition coverage. Additional cache-pressure calibration context for tier-transition coverage. Additional cache-pressure calibration context for tier-transition coverage. Additional cache-pressure calibration context for tier-transition coverage. Additional cache-pressure calibration context for tier-transition coverage. Additional cache-pressure calibration context for tier-transition coverage. Additional cache-pressure calibration context for tier-transition coverage. Additional cache-pressure calibration context for tier-transition coverage. Additional cache-pressure calibration context for tier-transition coverage. Additional cache-pressure calibration context for tier-transition coverage. Additional cache-pressure calibration context for tier-transition coverage. Additional cache-pressure calibration context for tier-transition coverage. Additional cache-pressure calibration context for tier-transition coverage. Additional cache-pressure calibration context for tier-transition coverage. Additional cache-pressure calibration context for tier-transition coverage. Additional cache-pressure calibration context for tier-transition coverage. Additional cache-pressure calibration context for tier-transition coverage. Additional cache-pressure calibration context for tier-transition coverage. Additional cache-pressure calibration context for tier-transition coverage. Additional cache-pressure calibration context for tier-transition coverage. Additional cache-pressure calibration context for tier-transition coverage. Additional cache-pressure calibration context for tier-transition coverage. Additional cache-pressure calibration context for tier-transition coverage. Additional cache-pressure calibration context for tier-transition coverage. Additional cache-pressure calibration context for tier-transition coverage. Additional cache-pressure calibration context for tier-transition coverage. Additional cache-pressure calibration context for tier-transition coverage. Additional cache-pressure calibration context for tier-transition coverage. Additional cache-pressure calibration context for tier-transition coverage. Additional cache-pressure calibration context for tier-transition coverage. Additional cache-pressure calibration context for tier-transition coverage. Additional cache-pressure calibration context for tier-transition coverage. Additional cache-pressure calibration context for tier-transition coverage. Additional cache-pressure calibration context for tier-transition coverage. Additional cache-pressure calibration context for tier-transition coverage. Additional cache-pressure calibration context for tier-transition coverage. Additional cache-pressure calibration context for tier-transition coverage. Additional cache-pressure calibration context for tier-transition coverage. Additional cache-pressure calibration context for tier-transition coverage. Additional cache-pressure calibration context for tier-transition coverage. Additional cache-pressure calibration context for tier-transition coverage. Additional cache-pressure calibration context for tier-transition coverage. Additional cache-pressure calibration context for tier-transition coverage. Additional cache-pressure calibration context for tier-transition coverage. Additional cache-pressure calibration context for tier-transition coverage. Additional cache-pressure calibration context for tier-transition coverage. Additional cache-pressure calibration context for tier-transition coverage. Additional cache-pressure calibration context for tier-transition coverage. Additional cache-pressure calibration context for tier-transition coverage. Additional cache-pressure calibration context for tier-transition coverage. Additional cache-pressure calibration context for tier-transition coverage. Additional cache-pressure calibration context for tier-transition coverage. Additional cache-pressure calibration context for tier-transition coverage. Additional cache-pressure calibration context for tier-transition coverage. Additional cache-pressure calibration context for tier-transition coverage. Additional cache-pressure calibration context for tier-transition coverage. Additional cache-pressure calibration context for tier-transition coverage. Additional cache-pressure calibration context for tier-transition coverage. Additional cache-pressure calibration context for tier-transition coverage. Additional cache-pressure calibration context for tier-transition coverage. Additional cache-pressure calibration context for tier-transition coverage. Additional cache-pressure calibration context for tier-transition coverage. Additional cache-pressure calibration context for tier-transition coverage. Additional cache-pressure calibration context for tier-transition coverage. Additional cache-pressure calibration context for tier-transition coverage. Additional cache-pressure calibration context for tier-transition coverage. Additional cache-pressure calibration context for tier-transition coverage. Additional cache-pressure calibration context for tier-transition coverage. Additional cache-pressure calibration context for tier-transition coverage. Additional cache-pressure calibration context for tier-transition coverage. Additional cache-pressure calibration context for tier-transition coverage. Additional cache-pressure calibration context for tier-transition coverage. Additional cache-pressure calibration context for tier-transition coverage. Additional cache-pressure calibration context for tier-transition coverage. Additional cache-pressure calibration context for tier-transition coverage. Additional cache-pressure calibration context for tier-transition coverage. Additional cache-pressure calibration context for tier-transition coverage. Additional cache-pressure calibration context for tier-transition coverage. Additional cache-pressure calibration context for tier-transition coverage. Additional cache-pressure calibration context for tier-transition coverage. Additional cache-pressure calibration context for tier-transition coverage. Additional cache-pressure calibration context for tier-transition coverage. Additional cache-pressure calibration context for tier-transition coverage. Additional cache-pressure calibration context for tier-transition coverage. Additional cache-pressure calibration context for tier-transition coverage. Additional cache-pressure calibration context for tier-transition coverage. Additional cache-pressure calibration context for tier-transition coverage. Additional cache-pressure calibration context for tier-transition coverage. Additional cache-pressure calibration context for tier-transition coverage. Additional cache-pressure calibration context for tier-transition coverage. Additional cache-pressure calibration context for tier-transition coverage. Additional cache-pressure calibration context for tier-transition coverage. Additional cache-pressure calibration context for tier-transition coverage. Additional cache-pressure calibration context for tier-transition coverage. Additional cache-pressure calibration context for tier-transition coverage. Additional cache-pressure calibration context for tier-transition coverage. Additional cache-pressure calibration context for tier-transition coverage. Additional cache-pressure calibration context for tier-transition coverage. Additional cache-pressure calibration context for tier-transition coverage. Additional cache-pressure calibration context for tier-transition coverage. Additional cache-pressure calibration context for tier-transition coverage. Additional cache-pressure calibration context for tier-transition coverage. Additional cache-pressure calibration context for tier-transition coverage. Additional cache-pressure calibration context for tier-transition coverage. Additional cache-pressure calibration context for tier-transition coverage. Additional cache-pressure calibration context for tier-transition coverage. Additional cache-pressure calibration context for tier-transition coverage. Additional cache-pressure calibration context for tier-transition coverage. Additional cache-pressure calibration context for tier-transition coverage. Additional cache-pressure calibration context for tier-transition coverage. Additional cache-pressure calibration context for tier-transition coverage. Additional cache-pressure calibration context for tier-transition coverage. Additional cache-pressure calibration context for tier-transition coverage. Additional cache-pressure calibration context for tier-transition coverage. Additional cache-pressure calibration context for tier-transition coverage. Additional cache-pressure calibration context for tier-transition coverage. Additional cache-pressure calibration context for tier-transition coverage. Additional cache-pressure calibration context for tier-transition coverage. Additional cache-pressure calibration context for tier-transition coverage. Additional cache-pressure calibration context for tier-transition coverage. Additional cache-pressure calibration context for tier-transition coverage. Additional cache-pressure calibration context for tier-transition coverage. Additional cache-pressure calibration context for tier-transition coverage. Additional cache-pressure calibration context for tier-transition coverage. Additional cache-pressure calibration context for tier-transition coverage. Additional cache-pressure calibration context for tier-transition coverage. Additional cache-pressure calibration context for tier-transition coverage. Additional cache-pressure calibration context for tier-transition coverage. Additional cache-pressure calibration context for tier-transition coverage. Additional cache-pressure calibration context for tier-transition coverage. Additional cache-pressure calibration context for tier-transition coverage. Additional cache-pressure calibration context for tier-transition coverage. Additional cache-pressure calibration context for tier-transition coverage. Additional cache-pressure calibration context for tier-transition coverage. Additional cache-pressure calibration context for tier-transition coverage. Additional cache-pressure calibration context for tier-transition coverage. Additional cache-pressure calibration context for tier-transition coverage. Additional cache-pressure calibration context for tier-transition coverage. Additional cache-pressure calibration context for tier-transition coverage. Additional cache-pressure calibration context for tier-transition coverage. Additional cache-pressure calibration context for tier-transition coverage. Additional cache-pressure calibration context for tier-transition coverage. Additional cache-pressure calibration context for tier-transition coverage. Additional cache-pressure calibration context for tier-transition coverage. Additional cache-pressure calibration context for tier-transition coverage. Additional cache-pressure calibration context for tier-transition coverage. Additional cache-pressure calibration context for tier-transition coverage. Additional cache-pressure calibration context for tier-transition coverage. Additional cache-pressure calibration context for tier-transition coverage. Additional cache-pressure calibration context for tier-transition coverage. Additional cache-pressure calibration context for tier-transition coverage. Additional cache-pressure calibration context for tier-transition coverage. Additional cache-pressure calibration context for tier-transition coverage. Additional cache-pressure calibration context for tier-transition coverage. Additional cache-pressure calibration context for tier-transition coverage. Additional cache-pressure calibration context for tier-transition coverage. Additional cache-pressure calibration context for tier-transition coverage. Additional cache-pressure calibration context for tier-transition coverage. Additional cache-pressure calibration context for tier-transition coverage. Additional cache-pressure calibration context for tier-transition coverage. Additional cache-pressure calibration context for tier-transition coverage. Additional cache-pressure calibration context for tier-transition coverage. Additional cache-pressure calibration context for tier-transition coverage. Additional cache-pressure calibration context for tier-transition coverage. Additional cache-pressure calibration context for tier-transition coverage. Additional cache-pressure calibration context for tier-transition coverage. Additional cache-pressure calibration context for tier-transition coverage. Additional cache-pressure calibration context for tier-transition coverage. Additional cache-pressure calibration context for tier-transition coverage. Additional cache-pressure calibration context for tier-transition coverage. Additional cache-pressure calibration context for tier-transition coverage. Additional cache-pressure calibration context for tier-transition coverage. Additional cache-pressure calibration context for tier-transition coverage. Additional cache-pressure calibration context for tier-transition coverage. Additional cache-pressure calibration context for tier-transition coverage. Additional cache-pressure calibration context for tier-transition coverage. Additional cache-pressure calibration context for tier-transition coverage. Additional cache-pressure calibration context for tier-transition coverage. Additional cache-pressure calibration context for tier-transition coverage. Additional cache-pressure calibration context for tier-transition coverage. Additional cache-pressure calibration context for tier-transition coverage. Additional cache-pressure calibration context for tier-transition coverage. Additional cache-pressure calibration context for tier-transition coverage. Additional cache-pressure calibration context for tier-transition coverage. Additional cache-pressure calibration context for tier-transition coverage. Additional cache-pressure calibration context for tier-transition coverage. Additional cache-pressure calibration context for tier-transition coverage. Additional cache-pressure calibration context for tier-transition coverage. Additional cache-pressure calibration context for tier-transition coverage. Additional cache-pressure calibration context for tier-transition coverage. Additional cache-pressure calibration context for tier-transition coverage. Additional cache-pressure calibration context for tier-transition coverage. Additional cache-pressure calibration context for tier-transition coverage. Additional cache-pressure calibration context for tier-transition coverage. Additional cache-pressure calibration context for tier-transition coverage. Additional cache-pressure calibration context for tier-transition coverage. Additional cache-pressure calibration context for tier-transition coverage. Additional cache-pressure calibration context for tier-transition coverage. Additional cache-pressure calibration context for tier-transition coverage. Additional cache-pressure calibration context for tier-transition coverage. Additional cache-pressure calibration context for tier-transition coverage. Additional cache-pressure calibration context for tier-transition coverage. Additional cache-pressure calibration context for tier-transition coverage. Additional cache-pressure calibration context for tier-transition coverage. Additional cache-pressure calibration context for tier-transition coverage. Additional cache-pressure calibration context for tier-transition coverage. Additional cache-pressure calibration context for tier-transition coverage. Additional cache-pressure calibration context for tier-transition coverage. Additional cache-pressure calibration context for tier-transition coverage. Additional cache-pressure calibration context for tier-transition coverage.","You are an expert Physiotherapist AI assistant for the RehabQuest platform. Your role is to provide concise, evidence-based rehabilitation guidance grounded in peer-reviewed clinical literature and WHO recommendations. Always cite relevant studies when possible. Limit answers to three paragraphs. Use metric units. If the question is outside your expertise, state so clearly. RehabQuest is a healthc",1885,[39],[],[39],1,"[""Qwen-Qwen2.5-0.5B-Instruct@1@0@-2d590ab0714a8ec9@bfloat16.pt""]",lmcache_store_coldpass,lmcache_store_coldpass,1,l2_to_l3,89,90,267.0,270.0,exceed_l1_l2
41,What is neuromuscular electrical stimulation and when is it used?,"Focus question: What is neuromuscular electrical stimulation and when is it used?
Context profile: shared_prefix_rehab_instructions
Prompt tokens: 1885
Context preview: You are an expert Physiotherapist AI assistant for the RehabQuest platform. Your role is to provide concise, evidence-based rehabilitation guidance grounded in peer-reviewed clinical literature and WHO recommendations. Always cite relevant studies when possible. Limit answers to three paragraphs. Use metric units. If the question is outside your expertise, state so clearly. RehabQuest is a healthc",What is neuromuscular electrical stimulation and when is it used?,shared_prefix_rehab_instructions,"You are an expert Physiotherapist AI assistant for the RehabQuest platform. Your role is to provide concise, evidence-based rehabilitation guidance grounded in peer-reviewed clinical literature and WHO recommendations. Always cite relevant studies when possible. Limit answers to three paragraphs. Use metric units. If the question is outside your expertise, state so clearly. RehabQuest is a healthcare startup specialising in AI-driven musculoskeletal rehabilitation using computer vision and wearable sensors. The platform tracks patient exercises in real time, provides corrective feedback, and generates progress reports for clinicians. You must adhere to HIPAA guidelines and never provide a definitive diagnosis. Always recommend that patients consult their treating physician for personalised medical advice before changing their rehabilitation programme. Respond in professional but approachable language. Clinical Practice Guidelines: For musculoskeletal rehabilitation, the American Physical Therapy Association (APTA) recommends a structured, phase-based approach: Phase I (Acute, Days 0-7): Focus on pain management using cryotherapy, compression, and elevation. Introduce gentle range-of-motion exercises within pain tolerance. Apply the PRICE protocol (Protection, Rest, Ice, Compression, Elevation). Monitor for signs of deep vein thrombosis in immobilised patients. Document baseline pain levels using the Visual Analogue Scale (VAS). Phase II (Subacute, Weeks 1-6): Progressive loading following the tissue healing timeline. Introduce isometric exercises progressing to isotonic by week 3. Begin proprioceptive training with balance boards and unstable surfaces. Target 80% of contralateral limb strength before advancing. Monitor inflammatory markers and adjust intensity accordingly. Apply the principle of graduated return to activity. Phase III (Remodelling, Weeks 6-12): Sport-specific or task-specific training. Eccentric strengthening for tendinopathies following the Alfredson protocol. Plyometric progression using the reactive strength index. Functional movement screening (FMS) to identify compensatory patterns. Return-to-sport criteria: 90% limb symmetry index on isokinetic testing, successful completion of hop tests (single, triple, crossover, and timed), and psychological readiness assessed via the ACL-Return to Sport after Injury (ACL-RSI) scale. Phase IV (Maintenance, Ongoing): Long-term injury prevention programming. Periodised strength and conditioning with progressive overload. Neuromuscular control drills integrated into warm-up routines following the FIFA 11+ protocol. Annual functional reassessment recommended. Patient education on load management, sleep hygiene, and nutritional support for tissue recovery. Documentation Standards: Use the International Classification of Functioning, Disability and Health (ICF) framework for assessment documentation. Record objective measures including goniometric range of motion, manual muscle testing grades (Oxford scale 0-5), and validated patient-reported outcome measures (PROMs) such as the Lower Extremity Functional Scale (LEFS), Disabilities of the Arm, Shoulder and Hand (DASH), and Oswestry Disability Index (ODI). Now answer the following clinical question. What is neuromuscular electrical stimulation and when is it used?

[PressureProfile]
 Additional cache-pressure calibration context for tier-transition coverage. Additional cache-pressure calibration context for tier-transition coverage. Additional cache-pressure calibration context for tier-transition coverage. Additional cache-pressure calibration context for tier-transition coverage. Additional cache-pressure calibration context for tier-transition coverage. Additional cache-pressure calibration context for tier-transition coverage. Additional cache-pressure calibration context for tier-transition coverage. Additional cache-pressure calibration context for tier-transition coverage. Additional cache-pressure calibration context for tier-transition coverage. Additional cache-pressure calibration context for tier-transition coverage. Additional cache-pressure calibration context for tier-transition coverage. Additional cache-pressure calibration context for tier-transition coverage. Additional cache-pressure calibration context for tier-transition coverage. Additional cache-pressure calibration context for tier-transition coverage. Additional cache-pressure calibration context for tier-transition coverage. Additional cache-pressure calibration context for tier-transition coverage. Additional cache-pressure calibration context for tier-transition coverage. Additional cache-pressure calibration context for tier-transition coverage. Additional cache-pressure calibration context for tier-transition coverage. Additional cache-pressure calibration context for tier-transition coverage. Additional cache-pressure calibration context for tier-transition coverage. Additional cache-pressure calibration context for tier-transition coverage. Additional cache-pressure calibration context for tier-transition coverage. Additional cache-pressure calibration context for tier-transition coverage. Additional cache-pressure calibration context for tier-transition coverage. Additional cache-pressure calibration context for tier-transition coverage. Additional cache-pressure calibration context for tier-transition coverage. Additional cache-pressure calibration context for tier-transition coverage. Additional cache-pressure calibration context for tier-transition coverage. Additional cache-pressure calibration context for tier-transition coverage. Additional cache-pressure calibration context for tier-transition coverage. Additional cache-pressure calibration context for tier-transition coverage. Additional cache-pressure calibration context for tier-transition coverage. Additional cache-pressure calibration context for tier-transition coverage. Additional cache-pressure calibration context for tier-transition coverage. Additional cache-pressure calibration context for tier-transition coverage. Additional cache-pressure calibration context for tier-transition coverage. Additional cache-pressure calibration context for tier-transition coverage. Additional cache-pressure calibration context for tier-transition coverage. Additional cache-pressure calibration context for tier-transition coverage. Additional cache-pressure calibration context for tier-transition coverage. Additional cache-pressure calibration context for tier-transition coverage. Additional cache-pressure calibration context for tier-transition coverage. Additional cache-pressure calibration context for tier-transition coverage. Additional cache-pressure calibration context for tier-transition coverage. Additional cache-pressure calibration context for tier-transition coverage. Additional cache-pressure calibration context for tier-transition coverage. Additional cache-pressure calibration context for tier-transition coverage. Additional cache-pressure calibration context for tier-transition coverage. Additional cache-pressure calibration context for tier-transition coverage. Additional cache-pressure calibration context for tier-transition coverage. Additional cache-pressure calibration context for tier-transition coverage. Additional cache-pressure calibration context for tier-transition coverage. Additional cache-pressure calibration context for tier-transition coverage. Additional cache-pressure calibration context for tier-transition coverage. Additional cache-pressure calibration context for tier-transition coverage. Additional cache-pressure calibration context for tier-transition coverage. Additional cache-pressure calibration context for tier-transition coverage. Additional cache-pressure calibration context for tier-transition coverage. Additional cache-pressure calibration context for tier-transition coverage. Additional cache-pressure calibration context for tier-transition coverage. Additional cache-pressure calibration context for tier-transition coverage. Additional cache-pressure calibration context for tier-transition coverage. Additional cache-pressure calibration context for tier-transition coverage. Additional cache-pressure calibration context for tier-transition coverage. Additional cache-pressure calibration context for tier-transition coverage. Additional cache-pressure calibration context for tier-transition coverage. Additional cache-pressure calibration context for tier-transition coverage. Additional cache-pressure calibration context for tier-transition coverage. Additional cache-pressure calibration context for tier-transition coverage. Additional cache-pressure calibration context for tier-transition coverage. Additional cache-pressure calibration context for tier-transition coverage. Additional cache-pressure calibration context for tier-transition coverage. Additional cache-pressure calibration context for tier-transition coverage. Additional cache-pressure calibration context for tier-transition coverage. Additional cache-pressure calibration context for tier-transition coverage. Additional cache-pressure calibration context for tier-transition coverage. Additional cache-pressure calibration context for tier-transition coverage. Additional cache-pressure calibration context for tier-transition coverage. Additional cache-pressure calibration context for tier-transition coverage. Additional cache-pressure calibration context for tier-transition coverage. Additional cache-pressure calibration context for tier-transition coverage. Additional cache-pressure calibration context for tier-transition coverage. Additional cache-pressure calibration context for tier-transition coverage. Additional cache-pressure calibration context for tier-transition coverage. Additional cache-pressure calibration context for tier-transition coverage. Additional cache-pressure calibration context for tier-transition coverage. Additional cache-pressure calibration context for tier-transition coverage. Additional cache-pressure calibration context for tier-transition coverage. Additional cache-pressure calibration context for tier-transition coverage. Additional cache-pressure calibration context for tier-transition coverage. Additional cache-pressure calibration context for tier-transition coverage. Additional cache-pressure calibration context for tier-transition coverage. Additional cache-pressure calibration context for tier-transition coverage. Additional cache-pressure calibration context for tier-transition coverage. Additional cache-pressure calibration context for tier-transition coverage. Additional cache-pressure calibration context for tier-transition coverage. Additional cache-pressure calibration context for tier-transition coverage. Additional cache-pressure calibration context for tier-transition coverage. Additional cache-pressure calibration context for tier-transition coverage. Additional cache-pressure calibration context for tier-transition coverage. Additional cache-pressure calibration context for tier-transition coverage. Additional cache-pressure calibration context for tier-transition coverage. Additional cache-pressure calibration context for tier-transition coverage. Additional cache-pressure calibration context for tier-transition coverage. Additional cache-pressure calibration context for tier-transition coverage. Additional cache-pressure calibration context for tier-transition coverage. Additional cache-pressure calibration context for tier-transition coverage. Additional cache-pressure calibration context for tier-transition coverage. Additional cache-pressure calibration context for tier-transition coverage. Additional cache-pressure calibration context for tier-transition coverage. Additional cache-pressure calibration context for tier-transition coverage. Additional cache-pressure calibration context for tier-transition coverage. Additional cache-pressure calibration context for tier-transition coverage. Additional cache-pressure calibration context for tier-transition coverage. Additional cache-pressure calibration context for tier-transition coverage. Additional cache-pressure calibration context for tier-transition coverage. Additional cache-pressure calibration context for tier-transition coverage. Additional cache-pressure calibration context for tier-transition coverage. Additional cache-pressure calibration context for tier-transition coverage. Additional cache-pressure calibration context for tier-transition coverage. Additional cache-pressure calibration context for tier-transition coverage. Additional cache-pressure calibration context for tier-transition coverage. Additional cache-pressure calibration context for tier-transition coverage. Additional cache-pressure calibration context for tier-transition coverage. Additional cache-pressure calibration context for tier-transition coverage. Additional cache-pressure calibration context for tier-transition coverage. Additional cache-pressure calibration context for tier-transition coverage. Additional cache-pressure calibration context for tier-transition coverage. Additional cache-pressure calibration context for tier-transition coverage. Additional cache-pressure calibration context for tier-transition coverage. Additional cache-pressure calibration context for tier-transition coverage. Additional cache-pressure calibration context for tier-transition coverage. Additional cache-pressure calibration context for tier-transition coverage. Additional cache-pressure calibration context for tier-transition coverage. Additional cache-pressure calibration context for tier-transition coverage. Additional cache-pressure calibration context for tier-transition coverage. Additional cache-pressure calibration context for tier-transition coverage. Additional cache-pressure calibration context for tier-transition coverage. Additional cache-pressure calibration context for tier-transition coverage. Additional cache-pressure calibration context for tier-transition coverage. Additional cache-pressure calibration context for tier-transition coverage. Additional cache-pressure calibration context for tier-transition coverage. Additional cache-pressure calibration context for tier-transition coverage. Additional cache-pressure calibration context for tier-transition coverage. Additional cache-pressure calibration context for tier-transition coverage. Additional cache-pressure calibration context for tier-transition coverage. Additional cache-pressure calibration context for tier-transition coverage. Additional cache-pressure calibration context for tier-transition coverage. Additional cache-pressure calibration context for tier-transition coverage. Additional cache-pressure calibration context for tier-transition coverage. Additional cache-pressure calibration context for tier-transition coverage. Additional cache-pressure calibration context for tier-transition coverage. Additional cache-pressure calibration context for tier-transition coverage. Additional cache-pressure calibration context for tier-transition coverage. Additional cache-pressure calibration context for tier-transition coverage. Additional cache-pressure calibration context for tier-transition coverage. Additional cache-pressure calibration context for tier-transition coverage. Additional cache-pressure calibration context for tier-transition coverage. Additional cache-pressure calibration context for tier-transition coverage. Additional cache-pressure calibration context for tier-transition coverage. Additional cache-pressure calibration context for tier-transition coverage. Additional cache-pressure calibration context for tier-transition coverage. Additional cache-pressure calibration context for tier-transition coverage. Additional cache-pressure calibration context for tier-transition coverage. Additional cache-pressure calibration context for tier-transition coverage. Additional cache-pressure calibration context for tier-transition coverage. Additional cache-pressure calibration context for tier-transition coverage. Additional cache-pressure calibration context for tier-transition coverage. Additional cache-pressure calibration context for tier-transition coverage. Additional cache-pressure calibration context for tier-transition coverage. Additional cache-pressure calibration context for tier-transition coverage. Additional cache-pressure calibration context for tier-transition coverage. Additional cache-pressure calibration context for tier-transition coverage. Additional cache-pressure calibration context for tier-transition coverage. Additional cache-pressure calibration context for tier-transition coverage. Additional cache-pressure calibration context for tier-transition coverage. Additional cache-pressure calibration context for tier-transition coverage. Additional cache-pressure calibration context for tier-transition coverage. Additional cache-pressure calibration context for tier-transition coverage. Additional cache-pressure calibration context for tier-transition coverage. Additional cache-pressure calibration context for tier-transition coverage. Additional cache-pressure calibration context for tier-transition coverage. Additional cache-pressure calibration context for tier-transition coverage. Additional cache-pressure calibration context for tier-transition coverage. Additional cache-pressure calibration context for tier-transition coverage. Additional cache-pressure calibration context for tier-transition coverage. Additional cache-pressure calibration context for tier-transition coverage. Additional cache-pressure calibration context for tier-transition coverage. Additional cache-pressure calibration context for tier-transition coverage. Additional cache-pressure calibration context for tier-transition coverage. Additional cache-pressure calibration context for tier-transition coverage. Additional cache-pressure calibration context for tier-transition coverage. Additional cache-pressure calibration context for tier-transition coverage. Additional cache-pressure calibration context for tier-transition coverage. Additional cache-pressure calibration context for tier-transition coverage. Additional cache-pressure calibration context for tier-transition coverage. Additional cache-pressure calibration context for tier-transition coverage. Additional cache-pressure calibration context for tier-transition coverage. Additional cache-pressure calibration context for tier-transition coverage. Additional cache-pressure calibration context for tier-transition coverage. Additional cache-pressure calibration context for tier-transition coverage. Additional cache-pressure calibration context for tier-transition coverage. Additional cache-pressure calibration context for tier-transition coverage. Additional cache-pressure calibration context for tier-transition coverage. Additional cache-pressure calibration context for tier-transition coverage. Additional cache-pressure calibration context for tier-transition coverage. Additional cache-pressure calibration context for tier-transition coverage. Additional cache-pressure calibration context for tier-transition coverage. Additional cache-pressure calibration context for tier-transition coverage. Additional cache-pressure calibration context for tier-transition coverage. Additional cache-pressure calibration context for tier-transition coverage.","You are an expert Physiotherapist AI assistant for the RehabQuest platform. Your role is to provide concise, evidence-based rehabilitation guidance grounded in peer-reviewed clinical literature and WHO recommendations. Always cite relevant studies when possible. Limit answers to three paragraphs. Use metric units. If the question is outside your expertise, state so clearly. RehabQuest is a healthc",1885,[40],[],[40],1,"[""Qwen-Qwen2.5-0.5B-Instruct@1@0@-45ff0420fcae36fd@bfloat16.pt""]",lmcache_store_coldpass,lmcache_store_coldpass,1,l2_to_l3,90,91,270.0,273.0,exceed_l1_l2
42,How can a patient self-monitor exercise intensity at home?,"Focus question: How can a patient self-monitor exercise intensity at home?
Context profile: shared_prefix_rehab_instructions
Prompt tokens: 1885
Context preview: You are an expert Physiotherapist AI assistant for the RehabQuest platform. Your role is to provide concise, evidence-based rehabilitation guidance grounded in peer-reviewed clinical literature and WHO recommendations. Always cite relevant studies when possible. Limit answers to three paragraphs. Use metric units. If the question is outside your expertise, state so clearly. RehabQuest is a healthc",How can a patient self-monitor exercise intensity at home?,shared_prefix_rehab_instructions,"You are an expert Physiotherapist AI assistant for the RehabQuest platform. Your role is to provide concise, evidence-based rehabilitation guidance grounded in peer-reviewed clinical literature and WHO recommendations. Always cite relevant studies when possible. Limit answers to three paragraphs. Use metric units. If the question is outside your expertise, state so clearly. RehabQuest is a healthcare startup specialising in AI-driven musculoskeletal rehabilitation using computer vision and wearable sensors. The platform tracks patient exercises in real time, provides corrective feedback, and generates progress reports for clinicians. You must adhere to HIPAA guidelines and never provide a definitive diagnosis. Always recommend that patients consult their treating physician for personalised medical advice before changing their rehabilitation programme. Respond in professional but approachable language. Clinical Practice Guidelines: For musculoskeletal rehabilitation, the American Physical Therapy Association (APTA) recommends a structured, phase-based approach: Phase I (Acute, Days 0-7): Focus on pain management using cryotherapy, compression, and elevation. Introduce gentle range-of-motion exercises within pain tolerance. Apply the PRICE protocol (Protection, Rest, Ice, Compression, Elevation). Monitor for signs of deep vein thrombosis in immobilised patients. Document baseline pain levels using the Visual Analogue Scale (VAS). Phase II (Subacute, Weeks 1-6): Progressive loading following the tissue healing timeline. Introduce isometric exercises progressing to isotonic by week 3. Begin proprioceptive training with balance boards and unstable surfaces. Target 80% of contralateral limb strength before advancing. Monitor inflammatory markers and adjust intensity accordingly. Apply the principle of graduated return to activity. Phase III (Remodelling, Weeks 6-12): Sport-specific or task-specific training. Eccentric strengthening for tendinopathies following the Alfredson protocol. Plyometric progression using the reactive strength index. Functional movement screening (FMS) to identify compensatory patterns. Return-to-sport criteria: 90% limb symmetry index on isokinetic testing, successful completion of hop tests (single, triple, crossover, and timed), and psychological readiness assessed via the ACL-Return to Sport after Injury (ACL-RSI) scale. Phase IV (Maintenance, Ongoing): Long-term injury prevention programming. Periodised strength and conditioning with progressive overload. Neuromuscular control drills integrated into warm-up routines following the FIFA 11+ protocol. Annual functional reassessment recommended. Patient education on load management, sleep hygiene, and nutritional support for tissue recovery. Documentation Standards: Use the International Classification of Functioning, Disability and Health (ICF) framework for assessment documentation. Record objective measures including goniometric range of motion, manual muscle testing grades (Oxford scale 0-5), and validated patient-reported outcome measures (PROMs) such as the Lower Extremity Functional Scale (LEFS), Disabilities of the Arm, Shoulder and Hand (DASH), and Oswestry Disability Index (ODI). Now answer the following clinical question. How can a patient self-monitor exercise intensity at home?

[PressureProfile]
 Additional cache-pressure calibration context for tier-transition coverage. Additional cache-pressure calibration context for tier-transition coverage. Additional cache-pressure calibration context for tier-transition coverage. Additional cache-pressure calibration context for tier-transition coverage. Additional cache-pressure calibration context for tier-transition coverage. Additional cache-pressure calibration context for tier-transition coverage. Additional cache-pressure calibration context for tier-transition coverage. Additional cache-pressure calibration context for tier-transition coverage. Additional cache-pressure calibration context for tier-transition coverage. Additional cache-pressure calibration context for tier-transition coverage. Additional cache-pressure calibration context for tier-transition coverage. Additional cache-pressure calibration context for tier-transition coverage. Additional cache-pressure calibration context for tier-transition coverage. Additional cache-pressure calibration context for tier-transition coverage. Additional cache-pressure calibration context for tier-transition coverage. Additional cache-pressure calibration context for tier-transition coverage. Additional cache-pressure calibration context for tier-transition coverage. Additional cache-pressure calibration context for tier-transition coverage. Additional cache-pressure calibration context for tier-transition coverage. Additional cache-pressure calibration context for tier-transition coverage. Additional cache-pressure calibration context for tier-transition coverage. Additional cache-pressure calibration context for tier-transition coverage. Additional cache-pressure calibration context for tier-transition coverage. Additional cache-pressure calibration context for tier-transition coverage. Additional cache-pressure calibration context for tier-transition coverage. Additional cache-pressure calibration context for tier-transition coverage. Additional cache-pressure calibration context for tier-transition coverage. Additional cache-pressure calibration context for tier-transition coverage. Additional cache-pressure calibration context for tier-transition coverage. Additional cache-pressure calibration context for tier-transition coverage. Additional cache-pressure calibration context for tier-transition coverage. Additional cache-pressure calibration context for tier-transition coverage. Additional cache-pressure calibration context for tier-transition coverage. Additional cache-pressure calibration context for tier-transition coverage. Additional cache-pressure calibration context for tier-transition coverage. Additional cache-pressure calibration context for tier-transition coverage. Additional cache-pressure calibration context for tier-transition coverage. Additional cache-pressure calibration context for tier-transition coverage. Additional cache-pressure calibration context for tier-transition coverage. Additional cache-pressure calibration context for tier-transition coverage. Additional cache-pressure calibration context for tier-transition coverage. Additional cache-pressure calibration context for tier-transition coverage. Additional cache-pressure calibration context for tier-transition coverage. Additional cache-pressure calibration context for tier-transition coverage. Additional cache-pressure calibration context for tier-transition coverage. Additional cache-pressure calibration context for tier-transition coverage. Additional cache-pressure calibration context for tier-transition coverage. Additional cache-pressure calibration context for tier-transition coverage. Additional cache-pressure calibration context for tier-transition coverage. Additional cache-pressure calibration context for tier-transition coverage. Additional cache-pressure calibration context for tier-transition coverage. Additional cache-pressure calibration context for tier-transition coverage. Additional cache-pressure calibration context for tier-transition coverage. Additional cache-pressure calibration context for tier-transition coverage. Additional cache-pressure calibration context for tier-transition coverage. Additional cache-pressure calibration context for tier-transition coverage. Additional cache-pressure calibration context for tier-transition coverage. Additional cache-pressure calibration context for tier-transition coverage. Additional cache-pressure calibration context for tier-transition coverage. Additional cache-pressure calibration context for tier-transition coverage. Additional cache-pressure calibration context for tier-transition coverage. Additional cache-pressure calibration context for tier-transition coverage. Additional cache-pressure calibration context for tier-transition coverage. Additional cache-pressure calibration context for tier-transition coverage. Additional cache-pressure calibration context for tier-transition coverage. Additional cache-pressure calibration context for tier-transition coverage. Additional cache-pressure calibration context for tier-transition coverage. Additional cache-pressure calibration context for tier-transition coverage. Additional cache-pressure calibration context for tier-transition coverage. Additional cache-pressure calibration context for tier-transition coverage. Additional cache-pressure calibration context for tier-transition coverage. Additional cache-pressure calibration context for tier-transition coverage. Additional cache-pressure calibration context for tier-transition coverage. Additional cache-pressure calibration context for tier-transition coverage. Additional cache-pressure calibration context for tier-transition coverage. Additional cache-pressure calibration context for tier-transition coverage. Additional cache-pressure calibration context for tier-transition coverage. Additional cache-pressure calibration context for tier-transition coverage. Additional cache-pressure calibration context for tier-transition coverage. Additional cache-pressure calibration context for tier-transition coverage. Additional cache-pressure calibration context for tier-transition coverage. Additional cache-pressure calibration context for tier-transition coverage. Additional cache-pressure calibration context for tier-transition coverage. Additional cache-pressure calibration context for tier-transition coverage. Additional cache-pressure calibration context for tier-transition coverage. Additional cache-pressure calibration context for tier-transition coverage. Additional cache-pressure calibration context for tier-transition coverage. Additional cache-pressure calibration context for tier-transition coverage. Additional cache-pressure calibration context for tier-transition coverage. Additional cache-pressure calibration context for tier-transition coverage. Additional cache-pressure calibration context for tier-transition coverage. Additional cache-pressure calibration context for tier-transition coverage. Additional cache-pressure calibration context for tier-transition coverage. Additional cache-pressure calibration context for tier-transition coverage. Additional cache-pressure calibration context for tier-transition coverage. Additional cache-pressure calibration context for tier-transition coverage. Additional cache-pressure calibration context for tier-transition coverage. Additional cache-pressure calibration context for tier-transition coverage. Additional cache-pressure calibration context for tier-transition coverage. Additional cache-pressure calibration context for tier-transition coverage. Additional cache-pressure calibration context for tier-transition coverage. Additional cache-pressure calibration context for tier-transition coverage. Additional cache-pressure calibration context for tier-transition coverage. Additional cache-pressure calibration context for tier-transition coverage. Additional cache-pressure calibration context for tier-transition coverage. Additional cache-pressure calibration context for tier-transition coverage. Additional cache-pressure calibration context for tier-transition coverage. Additional cache-pressure calibration context for tier-transition coverage. Additional cache-pressure calibration context for tier-transition coverage. Additional cache-pressure calibration context for tier-transition coverage. Additional cache-pressure calibration context for tier-transition coverage. Additional cache-pressure calibration context for tier-transition coverage. Additional cache-pressure calibration context for tier-transition coverage. Additional cache-pressure calibration context for tier-transition coverage. Additional cache-pressure calibration context for tier-transition coverage. Additional cache-pressure calibration context for tier-transition coverage. Additional cache-pressure calibration context for tier-transition coverage. Additional cache-pressure calibration context for tier-transition coverage. Additional cache-pressure calibration context for tier-transition coverage. Additional cache-pressure calibration context for tier-transition coverage. Additional cache-pressure calibration context for tier-transition coverage. Additional cache-pressure calibration context for tier-transition coverage. Additional cache-pressure calibration context for tier-transition coverage. Additional cache-pressure calibration context for tier-transition coverage. Additional cache-pressure calibration context for tier-transition coverage. Additional cache-pressure calibration context for tier-transition coverage. Additional cache-pressure calibration context for tier-transition coverage. Additional cache-pressure calibration context for tier-transition coverage. Additional cache-pressure calibration context for tier-transition coverage. Additional cache-pressure calibration context for tier-transition coverage. Additional cache-pressure calibration context for tier-transition coverage. Additional cache-pressure calibration context for tier-transition coverage. Additional cache-pressure calibration context for tier-transition coverage. Additional cache-pressure calibration context for tier-transition coverage. Additional cache-pressure calibration context for tier-transition coverage. Additional cache-pressure calibration context for tier-transition coverage. Additional cache-pressure calibration context for tier-transition coverage. Additional cache-pressure calibration context for tier-transition coverage. Additional cache-pressure calibration context for tier-transition coverage. Additional cache-pressure calibration context for tier-transition coverage. Additional cache-pressure calibration context for tier-transition coverage. Additional cache-pressure calibration context for tier-transition coverage. Additional cache-pressure calibration context for tier-transition coverage. Additional cache-pressure calibration context for tier-transition coverage. Additional cache-pressure calibration context for tier-transition coverage. Additional cache-pressure calibration context for tier-transition coverage. Additional cache-pressure calibration context for tier-transition coverage. Additional cache-pressure calibration context for tier-transition coverage. Additional cache-pressure calibration context for tier-transition coverage. Additional cache-pressure calibration context for tier-transition coverage. Additional cache-pressure calibration context for tier-transition coverage. Additional cache-pressure calibration context for tier-transition coverage. Additional cache-pressure calibration context for tier-transition coverage. Additional cache-pressure calibration context for tier-transition coverage. Additional cache-pressure calibration context for tier-transition coverage. Additional cache-pressure calibration context for tier-transition coverage. Additional cache-pressure calibration context for tier-transition coverage. Additional cache-pressure calibration context for tier-transition coverage. Additional cache-pressure calibration context for tier-transition coverage. Additional cache-pressure calibration context for tier-transition coverage. Additional cache-pressure calibration context for tier-transition coverage. Additional cache-pressure calibration context for tier-transition coverage. Additional cache-pressure calibration context for tier-transition coverage. Additional cache-pressure calibration context for tier-transition coverage. Additional cache-pressure calibration context for tier-transition coverage. Additional cache-pressure calibration context for tier-transition coverage. Additional cache-pressure calibration context for tier-transition coverage. Additional cache-pressure calibration context for tier-transition coverage. Additional cache-pressure calibration context for tier-transition coverage. Additional cache-pressure calibration context for tier-transition coverage. Additional cache-pressure calibration context for tier-transition coverage. Additional cache-pressure calibration context for tier-transition coverage. Additional cache-pressure calibration context for tier-transition coverage. Additional cache-pressure calibration context for tier-transition coverage. Additional cache-pressure calibration context for tier-transition coverage. Additional cache-pressure calibration context for tier-transition coverage. Additional cache-pressure calibration context for tier-transition coverage. Additional cache-pressure calibration context for tier-transition coverage. Additional cache-pressure calibration context for tier-transition coverage. Additional cache-pressure calibration context for tier-transition coverage. Additional cache-pressure calibration context for tier-transition coverage. Additional cache-pressure calibration context for tier-transition coverage. Additional cache-pressure calibration context for tier-transition coverage. Additional cache-pressure calibration context for tier-transition coverage. Additional cache-pressure calibration context for tier-transition coverage. Additional cache-pressure calibration context for tier-transition coverage. Additional cache-pressure calibration context for tier-transition coverage. Additional cache-pressure calibration context for tier-transition coverage. Additional cache-pressure calibration context for tier-transition coverage. Additional cache-pressure calibration context for tier-transition coverage. Additional cache-pressure calibration context for tier-transition coverage. Additional cache-pressure calibration context for tier-transition coverage. Additional cache-pressure calibration context for tier-transition coverage. Additional cache-pressure calibration context for tier-transition coverage. Additional cache-pressure calibration context for tier-transition coverage. Additional cache-pressure calibration context for tier-transition coverage. Additional cache-pressure calibration context for tier-transition coverage. Additional cache-pressure calibration context for tier-transition coverage. Additional cache-pressure calibration context for tier-transition coverage. Additional cache-pressure calibration context for tier-transition coverage. Additional cache-pressure calibration context for tier-transition coverage. Additional cache-pressure calibration context for tier-transition coverage. Additional cache-pressure calibration context for tier-transition coverage. Additional cache-pressure calibration context for tier-transition coverage. Additional cache-pressure calibration context for tier-transition coverage. Additional cache-pressure calibration context for tier-transition coverage. Additional cache-pressure calibration context for tier-transition coverage. Additional cache-pressure calibration context for tier-transition coverage. Additional cache-pressure calibration context for tier-transition coverage. Additional cache-pressure calibration context for tier-transition coverage. Additional cache-pressure calibration context for tier-transition coverage. Additional cache-pressure calibration context for tier-transition coverage. Additional cache-pressure calibration context for tier-transition coverage.","You are an expert Physiotherapist AI assistant for the RehabQuest platform. Your role is to provide concise, evidence-based rehabilitation guidance grounded in peer-reviewed clinical literature and WHO recommendations. Always cite relevant studies when possible. Limit answers to three paragraphs. Use metric units. If the question is outside your expertise, state so clearly. RehabQuest is a healthc",1885,[41],[],[41],1,"[""Qwen-Qwen2.5-0.5B-Instruct@1@0@8d9d739b91090ac@bfloat16.pt""]",lmcache_store_coldpass,lmcache_store_coldpass,1,l2_to_l3,91,92,273.0,276.0,exceed_l1_l2
43,What are the stages of tissue healing and how do they guide treatment?,"Focus question: What are the stages of tissue healing and how do they guide treatment?
Context profile: shared_prefix_rehab_instructions
Prompt tokens: 1885
Context preview: You are an expert Physiotherapist AI assistant for the RehabQuest platform. Your role is to provide concise, evidence-based rehabilitation guidance grounded in peer-reviewed clinical literature and WHO recommendations. Always cite relevant studies when possible. Limit answers to three paragraphs. Use metric units. If the question is outside your expertise, state so clearly. RehabQuest is a healthc",What are the stages of tissue healing and how do they guide treatment?,shared_prefix_rehab_instructions,"You are an expert Physiotherapist AI assistant for the RehabQuest platform. Your role is to provide concise, evidence-based rehabilitation guidance grounded in peer-reviewed clinical literature and WHO recommendations. Always cite relevant studies when possible. Limit answers to three paragraphs. Use metric units. If the question is outside your expertise, state so clearly. RehabQuest is a healthcare startup specialising in AI-driven musculoskeletal rehabilitation using computer vision and wearable sensors. The platform tracks patient exercises in real time, provides corrective feedback, and generates progress reports for clinicians. You must adhere to HIPAA guidelines and never provide a definitive diagnosis. Always recommend that patients consult their treating physician for personalised medical advice before changing their rehabilitation programme. Respond in professional but approachable language. Clinical Practice Guidelines: For musculoskeletal rehabilitation, the American Physical Therapy Association (APTA) recommends a structured, phase-based approach: Phase I (Acute, Days 0-7): Focus on pain management using cryotherapy, compression, and elevation. Introduce gentle range-of-motion exercises within pain tolerance. Apply the PRICE protocol (Protection, Rest, Ice, Compression, Elevation). Monitor for signs of deep vein thrombosis in immobilised patients. Document baseline pain levels using the Visual Analogue Scale (VAS). Phase II (Subacute, Weeks 1-6): Progressive loading following the tissue healing timeline. Introduce isometric exercises progressing to isotonic by week 3. Begin proprioceptive training with balance boards and unstable surfaces. Target 80% of contralateral limb strength before advancing. Monitor inflammatory markers and adjust intensity accordingly. Apply the principle of graduated return to activity. Phase III (Remodelling, Weeks 6-12): Sport-specific or task-specific training. Eccentric strengthening for tendinopathies following the Alfredson protocol. Plyometric progression using the reactive strength index. Functional movement screening (FMS) to identify compensatory patterns. Return-to-sport criteria: 90% limb symmetry index on isokinetic testing, successful completion of hop tests (single, triple, crossover, and timed), and psychological readiness assessed via the ACL-Return to Sport after Injury (ACL-RSI) scale. Phase IV (Maintenance, Ongoing): Long-term injury prevention programming. Periodised strength and conditioning with progressive overload. Neuromuscular control drills integrated into warm-up routines following the FIFA 11+ protocol. Annual functional reassessment recommended. Patient education on load management, sleep hygiene, and nutritional support for tissue recovery. Documentation Standards: Use the International Classification of Functioning, Disability and Health (ICF) framework for assessment documentation. Record objective measures including goniometric range of motion, manual muscle testing grades (Oxford scale 0-5), and validated patient-reported outcome measures (PROMs) such as the Lower Extremity Functional Scale (LEFS), Disabilities of the Arm, Shoulder and Hand (DASH), and Oswestry Disability Index (ODI). Now answer the following clinical question. What are the stages of tissue healing and how do they guide treatment?

[PressureProfile]
 Additional cache-pressure calibration context for tier-transition coverage. Additional cache-pressure calibration context for tier-transition coverage. Additional cache-pressure calibration context for tier-transition coverage. Additional cache-pressure calibration context for tier-transition coverage. Additional cache-pressure calibration context for tier-transition coverage. Additional cache-pressure calibration context for tier-transition coverage. Additional cache-pressure calibration context for tier-transition coverage. Additional cache-pressure calibration context for tier-transition coverage. Additional cache-pressure calibration context for tier-transition coverage. Additional cache-pressure calibration context for tier-transition coverage. Additional cache-pressure calibration context for tier-transition coverage. Additional cache-pressure calibration context for tier-transition coverage. Additional cache-pressure calibration context for tier-transition coverage. Additional cache-pressure calibration context for tier-transition coverage. Additional cache-pressure calibration context for tier-transition coverage. Additional cache-pressure calibration context for tier-transition coverage. Additional cache-pressure calibration context for tier-transition coverage. Additional cache-pressure calibration context for tier-transition coverage. Additional cache-pressure calibration context for tier-transition coverage. Additional cache-pressure calibration context for tier-transition coverage. Additional cache-pressure calibration context for tier-transition coverage. Additional cache-pressure calibration context for tier-transition coverage. Additional cache-pressure calibration context for tier-transition coverage. Additional cache-pressure calibration context for tier-transition coverage. Additional cache-pressure calibration context for tier-transition coverage. Additional cache-pressure calibration context for tier-transition coverage. Additional cache-pressure calibration context for tier-transition coverage. Additional cache-pressure calibration context for tier-transition coverage. Additional cache-pressure calibration context for tier-transition coverage. Additional cache-pressure calibration context for tier-transition coverage. Additional cache-pressure calibration context for tier-transition coverage. Additional cache-pressure calibration context for tier-transition coverage. Additional cache-pressure calibration context for tier-transition coverage. Additional cache-pressure calibration context for tier-transition coverage. Additional cache-pressure calibration context for tier-transition coverage. Additional cache-pressure calibration context for tier-transition coverage. Additional cache-pressure calibration context for tier-transition coverage. Additional cache-pressure calibration context for tier-transition coverage. Additional cache-pressure calibration context for tier-transition coverage. Additional cache-pressure calibration context for tier-transition coverage. Additional cache-pressure calibration context for tier-transition coverage. Additional cache-pressure calibration context for tier-transition coverage. Additional cache-pressure calibration context for tier-transition coverage. Additional cache-pressure calibration context for tier-transition coverage. Additional cache-pressure calibration context for tier-transition coverage. Additional cache-pressure calibration context for tier-transition coverage. Additional cache-pressure calibration context for tier-transition coverage. Additional cache-pressure calibration context for tier-transition coverage. Additional cache-pressure calibration context for tier-transition coverage. Additional cache-pressure calibration context for tier-transition coverage. Additional cache-pressure calibration context for tier-transition coverage. Additional cache-pressure calibration context for tier-transition coverage. Additional cache-pressure calibration context for tier-transition coverage. Additional cache-pressure calibration context for tier-transition coverage. Additional cache-pressure calibration context for tier-transition coverage. Additional cache-pressure calibration context for tier-transition coverage. Additional cache-pressure calibration context for tier-transition coverage. Additional cache-pressure calibration context for tier-transition coverage. Additional cache-pressure calibration context for tier-transition coverage. Additional cache-pressure calibration context for tier-transition coverage. Additional cache-pressure calibration context for tier-transition coverage. Additional cache-pressure calibration context for tier-transition coverage. Additional cache-pressure calibration context for tier-transition coverage. Additional cache-pressure calibration context for tier-transition coverage. Additional cache-pressure calibration context for tier-transition coverage. Additional cache-pressure calibration context for tier-transition coverage. Additional cache-pressure calibration context for tier-transition coverage. Additional cache-pressure calibration context for tier-transition coverage. Additional cache-pressure calibration context for tier-transition coverage. Additional cache-pressure calibration context for tier-transition coverage. Additional cache-pressure calibration context for tier-transition coverage. Additional cache-pressure calibration context for tier-transition coverage. Additional cache-pressure calibration context for tier-transition coverage. Additional cache-pressure calibration context for tier-transition coverage. Additional cache-pressure calibration context for tier-transition coverage. Additional cache-pressure calibration context for tier-transition coverage. Additional cache-pressure calibration context for tier-transition coverage. Additional cache-pressure calibration context for tier-transition coverage. Additional cache-pressure calibration context for tier-transition coverage. Additional cache-pressure calibration context for tier-transition coverage. Additional cache-pressure calibration context for tier-transition coverage. Additional cache-pressure calibration context for tier-transition coverage. Additional cache-pressure calibration context for tier-transition coverage. Additional cache-pressure calibration context for tier-transition coverage. Additional cache-pressure calibration context for tier-transition coverage. Additional cache-pressure calibration context for tier-transition coverage. Additional cache-pressure calibration context for tier-transition coverage. Additional cache-pressure calibration context for tier-transition coverage. Additional cache-pressure calibration context for tier-transition coverage. Additional cache-pressure calibration context for tier-transition coverage. Additional cache-pressure calibration context for tier-transition coverage. Additional cache-pressure calibration context for tier-transition coverage. Additional cache-pressure calibration context for tier-transition coverage. Additional cache-pressure calibration context for tier-transition coverage. Additional cache-pressure calibration context for tier-transition coverage. Additional cache-pressure calibration context for tier-transition coverage. Additional cache-pressure calibration context for tier-transition coverage. Additional cache-pressure calibration context for tier-transition coverage. Additional cache-pressure calibration context for tier-transition coverage. Additional cache-pressure calibration context for tier-transition coverage. Additional cache-pressure calibration context for tier-transition coverage. Additional cache-pressure calibration context for tier-transition coverage. Additional cache-pressure calibration context for tier-transition coverage. Additional cache-pressure calibration context for tier-transition coverage. Additional cache-pressure calibration context for tier-transition coverage. Additional cache-pressure calibration context for tier-transition coverage. Additional cache-pressure calibration context for tier-transition coverage. Additional cache-pressure calibration context for tier-transition coverage. Additional cache-pressure calibration context for tier-transition coverage. Additional cache-pressure calibration context for tier-transition coverage. Additional cache-pressure calibration context for tier-transition coverage. Additional cache-pressure calibration context for tier-transition coverage. Additional cache-pressure calibration context for tier-transition coverage. Additional cache-pressure calibration context for tier-transition coverage. Additional cache-pressure calibration context for tier-transition coverage. Additional cache-pressure calibration context for tier-transition coverage. Additional cache-pressure calibration context for tier-transition coverage. Additional cache-pressure calibration context for tier-transition coverage. Additional cache-pressure calibration context for tier-transition coverage. Additional cache-pressure calibration context for tier-transition coverage. Additional cache-pressure calibration context for tier-transition coverage. Additional cache-pressure calibration context for tier-transition coverage. Additional cache-pressure calibration context for tier-transition coverage. Additional cache-pressure calibration context for tier-transition coverage. Additional cache-pressure calibration context for tier-transition coverage. Additional cache-pressure calibration context for tier-transition coverage. Additional cache-pressure calibration context for tier-transition coverage. Additional cache-pressure calibration context for tier-transition coverage. Additional cache-pressure calibration context for tier-transition coverage. Additional cache-pressure calibration context for tier-transition coverage. Additional cache-pressure calibration context for tier-transition coverage. Additional cache-pressure calibration context for tier-transition coverage. Additional cache-pressure calibration context for tier-transition coverage. Additional cache-pressure calibration context for tier-transition coverage. Additional cache-pressure calibration context for tier-transition coverage. Additional cache-pressure calibration context for tier-transition coverage. Additional cache-pressure calibration context for tier-transition coverage. Additional cache-pressure calibration context for tier-transition coverage. Additional cache-pressure calibration context for tier-transition coverage. Additional cache-pressure calibration context for tier-transition coverage. Additional cache-pressure calibration context for tier-transition coverage. Additional cache-pressure calibration context for tier-transition coverage. Additional cache-pressure calibration context for tier-transition coverage. Additional cache-pressure calibration context for tier-transition coverage. Additional cache-pressure calibration context for tier-transition coverage. Additional cache-pressure calibration context for tier-transition coverage. Additional cache-pressure calibration context for tier-transition coverage. Additional cache-pressure calibration context for tier-transition coverage. Additional cache-pressure calibration context for tier-transition coverage. Additional cache-pressure calibration context for tier-transition coverage. Additional cache-pressure calibration context for tier-transition coverage. Additional cache-pressure calibration context for tier-transition coverage. Additional cache-pressure calibration context for tier-transition coverage. Additional cache-pressure calibration context for tier-transition coverage. Additional cache-pressure calibration context for tier-transition coverage. Additional cache-pressure calibration context for tier-transition coverage. Additional cache-pressure calibration context for tier-transition coverage. Additional cache-pressure calibration context for tier-transition coverage. Additional cache-pressure calibration context for tier-transition coverage. Additional cache-pressure calibration context for tier-transition coverage. Additional cache-pressure calibration context for tier-transition coverage. Additional cache-pressure calibration context for tier-transition coverage. Additional cache-pressure calibration context for tier-transition coverage. Additional cache-pressure calibration context for tier-transition coverage. Additional cache-pressure calibration context for tier-transition coverage. Additional cache-pressure calibration context for tier-transition coverage. Additional cache-pressure calibration context for tier-transition coverage. Additional cache-pressure calibration context for tier-transition coverage. Additional cache-pressure calibration context for tier-transition coverage. Additional cache-pressure calibration context for tier-transition coverage. Additional cache-pressure calibration context for tier-transition coverage. Additional cache-pressure calibration context for tier-transition coverage. Additional cache-pressure calibration context for tier-transition coverage. Additional cache-pressure calibration context for tier-transition coverage. Additional cache-pressure calibration context for tier-transition coverage. Additional cache-pressure calibration context for tier-transition coverage. Additional cache-pressure calibration context for tier-transition coverage. Additional cache-pressure calibration context for tier-transition coverage. Additional cache-pressure calibration context for tier-transition coverage. Additional cache-pressure calibration context for tier-transition coverage. Additional cache-pressure calibration context for tier-transition coverage. Additional cache-pressure calibration context for tier-transition coverage. Additional cache-pressure calibration context for tier-transition coverage. Additional cache-pressure calibration context for tier-transition coverage. Additional cache-pressure calibration context for tier-transition coverage. Additional cache-pressure calibration context for tier-transition coverage. Additional cache-pressure calibration context for tier-transition coverage. Additional cache-pressure calibration context for tier-transition coverage. Additional cache-pressure calibration context for tier-transition coverage. Additional cache-pressure calibration context for tier-transition coverage. Additional cache-pressure calibration context for tier-transition coverage. Additional cache-pressure calibration context for tier-transition coverage. Additional cache-pressure calibration context for tier-transition coverage. Additional cache-pressure calibration context for tier-transition coverage. Additional cache-pressure calibration context for tier-transition coverage. Additional cache-pressure calibration context for tier-transition coverage. Additional cache-pressure calibration context for tier-transition coverage. Additional cache-pressure calibration context for tier-transition coverage. Additional cache-pressure calibration context for tier-transition coverage. Additional cache-pressure calibration context for tier-transition coverage. Additional cache-pressure calibration context for tier-transition coverage. Additional cache-pressure calibration context for tier-transition coverage. Additional cache-pressure calibration context for tier-transition coverage. Additional cache-pressure calibration context for tier-transition coverage. Additional cache-pressure calibration context for tier-transition coverage. Additional cache-pressure calibration context for tier-transition coverage. Additional cache-pressure calibration context for tier-transition coverage. Additional cache-pressure calibration context for tier-transition coverage. Additional cache-pressure calibration context for tier-transition coverage. Additional cache-pressure calibration context for tier-transition coverage. Additional cache-pressure calibration context for tier-transition coverage. Additional cache-pressure calibration context for tier-transition coverage.","You are an expert Physiotherapist AI assistant for the RehabQuest platform. Your role is to provide concise, evidence-based rehabilitation guidance grounded in peer-reviewed clinical literature and WHO recommendations. Always cite relevant studies when possible. Limit answers to three paragraphs. Use metric units. If the question is outside your expertise, state so clearly. RehabQuest is a healthc",1885,[42],[],[42],1,"[""Qwen-Qwen2.5-0.5B-Instruct@1@0@715f16ffa348f41@bfloat16.pt""]",lmcache_store_coldpass,lmcache_store_coldpass,1,l2_to_l3,92,93,276.0,279.0,exceed_l1_l2
44,How effective is spinal manipulation for non-specific low back pain?,"Focus question: How effective is spinal manipulation for non-specific low back pain?
Context profile: shared_prefix_rehab_instructions
Prompt tokens: 1885
Context preview: You are an expert Physiotherapist AI assistant for the RehabQuest platform. Your role is to provide concise, evidence-based rehabilitation guidance grounded in peer-reviewed clinical literature and WHO recommendations. Always cite relevant studies when possible. Limit answers to three paragraphs. Use metric units. If the question is outside your expertise, state so clearly. RehabQuest is a healthc",How effective is spinal manipulation for non-specific low back pain?,shared_prefix_rehab_instructions,"You are an expert Physiotherapist AI assistant for the RehabQuest platform. Your role is to provide concise, evidence-based rehabilitation guidance grounded in peer-reviewed clinical literature and WHO recommendations. Always cite relevant studies when possible. Limit answers to three paragraphs. Use metric units. If the question is outside your expertise, state so clearly. RehabQuest is a healthcare startup specialising in AI-driven musculoskeletal rehabilitation using computer vision and wearable sensors. The platform tracks patient exercises in real time, provides corrective feedback, and generates progress reports for clinicians. You must adhere to HIPAA guidelines and never provide a definitive diagnosis. Always recommend that patients consult their treating physician for personalised medical advice before changing their rehabilitation programme. Respond in professional but approachable language. Clinical Practice Guidelines: For musculoskeletal rehabilitation, the American Physical Therapy Association (APTA) recommends a structured, phase-based approach: Phase I (Acute, Days 0-7): Focus on pain management using cryotherapy, compression, and elevation. Introduce gentle range-of-motion exercises within pain tolerance. Apply the PRICE protocol (Protection, Rest, Ice, Compression, Elevation). Monitor for signs of deep vein thrombosis in immobilised patients. Document baseline pain levels using the Visual Analogue Scale (VAS). Phase II (Subacute, Weeks 1-6): Progressive loading following the tissue healing timeline. Introduce isometric exercises progressing to isotonic by week 3. Begin proprioceptive training with balance boards and unstable surfaces. Target 80% of contralateral limb strength before advancing. Monitor inflammatory markers and adjust intensity accordingly. Apply the principle of graduated return to activity. Phase III (Remodelling, Weeks 6-12): Sport-specific or task-specific training. Eccentric strengthening for tendinopathies following the Alfredson protocol. Plyometric progression using the reactive strength index. Functional movement screening (FMS) to identify compensatory patterns. Return-to-sport criteria: 90% limb symmetry index on isokinetic testing, successful completion of hop tests (single, triple, crossover, and timed), and psychological readiness assessed via the ACL-Return to Sport after Injury (ACL-RSI) scale. Phase IV (Maintenance, Ongoing): Long-term injury prevention programming. Periodised strength and conditioning with progressive overload. Neuromuscular control drills integrated into warm-up routines following the FIFA 11+ protocol. Annual functional reassessment recommended. Patient education on load management, sleep hygiene, and nutritional support for tissue recovery. Documentation Standards: Use the International Classification of Functioning, Disability and Health (ICF) framework for assessment documentation. Record objective measures including goniometric range of motion, manual muscle testing grades (Oxford scale 0-5), and validated patient-reported outcome measures (PROMs) such as the Lower Extremity Functional Scale (LEFS), Disabilities of the Arm, Shoulder and Hand (DASH), and Oswestry Disability Index (ODI). Now answer the following clinical question. How effective is spinal manipulation for non-specific low back pain?

[PressureProfile]
 Additional cache-pressure calibration context for tier-transition coverage. Additional cache-pressure calibration context for tier-transition coverage. Additional cache-pressure calibration context for tier-transition coverage. Additional cache-pressure calibration context for tier-transition coverage. Additional cache-pressure calibration context for tier-transition coverage. Additional cache-pressure calibration context for tier-transition coverage. Additional cache-pressure calibration context for tier-transition coverage. Additional cache-pressure calibration context for tier-transition coverage. Additional cache-pressure calibration context for tier-transition coverage. Additional cache-pressure calibration context for tier-transition coverage. Additional cache-pressure calibration context for tier-transition coverage. Additional cache-pressure calibration context for tier-transition coverage. Additional cache-pressure calibration context for tier-transition coverage. Additional cache-pressure calibration context for tier-transition coverage. Additional cache-pressure calibration context for tier-transition coverage. Additional cache-pressure calibration context for tier-transition coverage. Additional cache-pressure calibration context for tier-transition coverage. Additional cache-pressure calibration context for tier-transition coverage. Additional cache-pressure calibration context for tier-transition coverage. Additional cache-pressure calibration context for tier-transition coverage. Additional cache-pressure calibration context for tier-transition coverage. Additional cache-pressure calibration context for tier-transition coverage. Additional cache-pressure calibration context for tier-transition coverage. Additional cache-pressure calibration context for tier-transition coverage. Additional cache-pressure calibration context for tier-transition coverage. Additional cache-pressure calibration context for tier-transition coverage. Additional cache-pressure calibration context for tier-transition coverage. Additional cache-pressure calibration context for tier-transition coverage. Additional cache-pressure calibration context for tier-transition coverage. Additional cache-pressure calibration context for tier-transition coverage. Additional cache-pressure calibration context for tier-transition coverage. Additional cache-pressure calibration context for tier-transition coverage. Additional cache-pressure calibration context for tier-transition coverage. Additional cache-pressure calibration context for tier-transition coverage. Additional cache-pressure calibration context for tier-transition coverage. Additional cache-pressure calibration context for tier-transition coverage. Additional cache-pressure calibration context for tier-transition coverage. Additional cache-pressure calibration context for tier-transition coverage. Additional cache-pressure calibration context for tier-transition coverage. Additional cache-pressure calibration context for tier-transition coverage. Additional cache-pressure calibration context for tier-transition coverage. Additional cache-pressure calibration context for tier-transition coverage. Additional cache-pressure calibration context for tier-transition coverage. Additional cache-pressure calibration context for tier-transition coverage. Additional cache-pressure calibration context for tier-transition coverage. Additional cache-pressure calibration context for tier-transition coverage. Additional cache-pressure calibration context for tier-transition coverage. Additional cache-pressure calibration context for tier-transition coverage. Additional cache-pressure calibration context for tier-transition coverage. Additional cache-pressure calibration context for tier-transition coverage. Additional cache-pressure calibration context for tier-transition coverage. Additional cache-pressure calibration context for tier-transition coverage. Additional cache-pressure calibration context for tier-transition coverage. Additional cache-pressure calibration context for tier-transition coverage. Additional cache-pressure calibration context for tier-transition coverage. Additional cache-pressure calibration context for tier-transition coverage. Additional cache-pressure calibration context for tier-transition coverage. Additional cache-pressure calibration context for tier-transition coverage. Additional cache-pressure calibration context for tier-transition coverage. Additional cache-pressure calibration context for tier-transition coverage. Additional cache-pressure calibration context for tier-transition coverage. Additional cache-pressure calibration context for tier-transition coverage. Additional cache-pressure calibration context for tier-transition coverage. Additional cache-pressure calibration context for tier-transition coverage. Additional cache-pressure calibration context for tier-transition coverage. Additional cache-pressure calibration context for tier-transition coverage. Additional cache-pressure calibration context for tier-transition coverage. Additional cache-pressure calibration context for tier-transition coverage. Additional cache-pressure calibration context for tier-transition coverage. Additional cache-pressure calibration context for tier-transition coverage. Additional cache-pressure calibration context for tier-transition coverage. Additional cache-pressure calibration context for tier-transition coverage. Additional cache-pressure calibration context for tier-transition coverage. Additional cache-pressure calibration context for tier-transition coverage. Additional cache-pressure calibration context for tier-transition coverage. Additional cache-pressure calibration context for tier-transition coverage. Additional cache-pressure calibration context for tier-transition coverage. Additional cache-pressure calibration context for tier-transition coverage. Additional cache-pressure calibration context for tier-transition coverage. Additional cache-pressure calibration context for tier-transition coverage. Additional cache-pressure calibration context for tier-transition coverage. Additional cache-pressure calibration context for tier-transition coverage. Additional cache-pressure calibration context for tier-transition coverage. Additional cache-pressure calibration context for tier-transition coverage. Additional cache-pressure calibration context for tier-transition coverage. Additional cache-pressure calibration context for tier-transition coverage. Additional cache-pressure calibration context for tier-transition coverage. Additional cache-pressure calibration context for tier-transition coverage. Additional cache-pressure calibration context for tier-transition coverage. Additional cache-pressure calibration context for tier-transition coverage. Additional cache-pressure calibration context for tier-transition coverage. Additional cache-pressure calibration context for tier-transition coverage. Additional cache-pressure calibration context for tier-transition coverage. Additional cache-pressure calibration context for tier-transition coverage. Additional cache-pressure calibration context for tier-transition coverage. Additional cache-pressure calibration context for tier-transition coverage. Additional cache-pressure calibration context for tier-transition coverage. Additional cache-pressure calibration context for tier-transition coverage. Additional cache-pressure calibration context for tier-transition coverage. Additional cache-pressure calibration context for tier-transition coverage. Additional cache-pressure calibration context for tier-transition coverage. Additional cache-pressure calibration context for tier-transition coverage. Additional cache-pressure calibration context for tier-transition coverage. Additional cache-pressure calibration context for tier-transition coverage. Additional cache-pressure calibration context for tier-transition coverage. Additional cache-pressure calibration context for tier-transition coverage. Additional cache-pressure calibration context for tier-transition coverage. Additional cache-pressure calibration context for tier-transition coverage. Additional cache-pressure calibration context for tier-transition coverage. Additional cache-pressure calibration context for tier-transition coverage. Additional cache-pressure calibration context for tier-transition coverage. Additional cache-pressure calibration context for tier-transition coverage. Additional cache-pressure calibration context for tier-transition coverage. Additional cache-pressure calibration context for tier-transition coverage. Additional cache-pressure calibration context for tier-transition coverage. Additional cache-pressure calibration context for tier-transition coverage. Additional cache-pressure calibration context for tier-transition coverage. Additional cache-pressure calibration context for tier-transition coverage. Additional cache-pressure calibration context for tier-transition coverage. Additional cache-pressure calibration context for tier-transition coverage. Additional cache-pressure calibration context for tier-transition coverage. Additional cache-pressure calibration context for tier-transition coverage. Additional cache-pressure calibration context for tier-transition coverage. Additional cache-pressure calibration context for tier-transition coverage. Additional cache-pressure calibration context for tier-transition coverage. Additional cache-pressure calibration context for tier-transition coverage. Additional cache-pressure calibration context for tier-transition coverage. Additional cache-pressure calibration context for tier-transition coverage. Additional cache-pressure calibration context for tier-transition coverage. Additional cache-pressure calibration context for tier-transition coverage. Additional cache-pressure calibration context for tier-transition coverage. Additional cache-pressure calibration context for tier-transition coverage. Additional cache-pressure calibration context for tier-transition coverage. Additional cache-pressure calibration context for tier-transition coverage. Additional cache-pressure calibration context for tier-transition coverage. Additional cache-pressure calibration context for tier-transition coverage. Additional cache-pressure calibration context for tier-transition coverage. Additional cache-pressure calibration context for tier-transition coverage. Additional cache-pressure calibration context for tier-transition coverage. Additional cache-pressure calibration context for tier-transition coverage. Additional cache-pressure calibration context for tier-transition coverage. Additional cache-pressure calibration context for tier-transition coverage. Additional cache-pressure calibration context for tier-transition coverage. Additional cache-pressure calibration context for tier-transition coverage. Additional cache-pressure calibration context for tier-transition coverage. Additional cache-pressure calibration context for tier-transition coverage. Additional cache-pressure calibration context for tier-transition coverage. Additional cache-pressure calibration context for tier-transition coverage. Additional cache-pressure calibration context for tier-transition coverage. Additional cache-pressure calibration context for tier-transition coverage. Additional cache-pressure calibration context for tier-transition coverage. Additional cache-pressure calibration context for tier-transition coverage. Additional cache-pressure calibration context for tier-transition coverage. Additional cache-pressure calibration context for tier-transition coverage. Additional cache-pressure calibration context for tier-transition coverage. Additional cache-pressure calibration context for tier-transition coverage. Additional cache-pressure calibration context for tier-transition coverage. Additional cache-pressure calibration context for tier-transition coverage. Additional cache-pressure calibration context for tier-transition coverage. Additional cache-pressure calibration context for tier-transition coverage. Additional cache-pressure calibration context for tier-transition coverage. Additional cache-pressure calibration context for tier-transition coverage. Additional cache-pressure calibration context for tier-transition coverage. Additional cache-pressure calibration context for tier-transition coverage. Additional cache-pressure calibration context for tier-transition coverage. Additional cache-pressure calibration context for tier-transition coverage. Additional cache-pressure calibration context for tier-transition coverage. Additional cache-pressure calibration context for tier-transition coverage. Additional cache-pressure calibration context for tier-transition coverage. Additional cache-pressure calibration context for tier-transition coverage. Additional cache-pressure calibration context for tier-transition coverage. Additional cache-pressure calibration context for tier-transition coverage. Additional cache-pressure calibration context for tier-transition coverage. Additional cache-pressure calibration context for tier-transition coverage. Additional cache-pressure calibration context for tier-transition coverage. Additional cache-pressure calibration context for tier-transition coverage. Additional cache-pressure calibration context for tier-transition coverage. Additional cache-pressure calibration context for tier-transition coverage. Additional cache-pressure calibration context for tier-transition coverage. Additional cache-pressure calibration context for tier-transition coverage. Additional cache-pressure calibration context for tier-transition coverage. Additional cache-pressure calibration context for tier-transition coverage. Additional cache-pressure calibration context for tier-transition coverage. Additional cache-pressure calibration context for tier-transition coverage. Additional cache-pressure calibration context for tier-transition coverage. Additional cache-pressure calibration context for tier-transition coverage. Additional cache-pressure calibration context for tier-transition coverage. Additional cache-pressure calibration context for tier-transition coverage. Additional cache-pressure calibration context for tier-transition coverage. Additional cache-pressure calibration context for tier-transition coverage. Additional cache-pressure calibration context for tier-transition coverage. Additional cache-pressure calibration context for tier-transition coverage. Additional cache-pressure calibration context for tier-transition coverage. Additional cache-pressure calibration context for tier-transition coverage. Additional cache-pressure calibration context for tier-transition coverage. Additional cache-pressure calibration context for tier-transition coverage. Additional cache-pressure calibration context for tier-transition coverage. Additional cache-pressure calibration context for tier-transition coverage. Additional cache-pressure calibration context for tier-transition coverage. Additional cache-pressure calibration context for tier-transition coverage. Additional cache-pressure calibration context for tier-transition coverage. Additional cache-pressure calibration context for tier-transition coverage. Additional cache-pressure calibration context for tier-transition coverage. Additional cache-pressure calibration context for tier-transition coverage. Additional cache-pressure calibration context for tier-transition coverage. Additional cache-pressure calibration context for tier-transition coverage. Additional cache-pressure calibration context for tier-transition coverage. Additional cache-pressure calibration context for tier-transition coverage. Additional cache-pressure calibration context for tier-transition coverage. Additional cache-pressure calibration context for tier-transition coverage. Additional cache-pressure calibration context for tier-transition coverage. Additional cache-pressure calibration context for tier-transition coverage. Additional cache-pressure calibration context for tier-transition coverage.","You are an expert Physiotherapist AI assistant for the RehabQuest platform. Your role is to provide concise, evidence-based rehabilitation guidance grounded in peer-reviewed clinical literature and WHO recommendations. Always cite relevant studies when possible. Limit answers to three paragraphs. Use metric units. If the question is outside your expertise, state so clearly. RehabQuest is a healthc",1885,[43],[],[43],1,"[""Qwen-Qwen2.5-0.5B-Instruct@1@0@310b3ce9ade0291b@bfloat16.pt""]",lmcache_store_coldpass,lmcache_store_coldpass,1,l2_to_l3,93,94,279.0,282.0,exceed_l1_l2
45,What is the role of the transverse abdominis in lumbar stability?,"Focus question: What is the role of the transverse abdominis in lumbar stability?
Context profile: shared_prefix_rehab_instructions
Prompt tokens: 1885
Context preview: You are an expert Physiotherapist AI assistant for the RehabQuest platform. Your role is to provide concise, evidence-based rehabilitation guidance grounded in peer-reviewed clinical literature and WHO recommendations. Always cite relevant studies when possible. Limit answers to three paragraphs. Use metric units. If the question is outside your expertise, state so clearly. RehabQuest is a healthc",What is the role of the transverse abdominis in lumbar stability?,shared_prefix_rehab_instructions,"You are an expert Physiotherapist AI assistant for the RehabQuest platform. Your role is to provide concise, evidence-based rehabilitation guidance grounded in peer-reviewed clinical literature and WHO recommendations. Always cite relevant studies when possible. Limit answers to three paragraphs. Use metric units. If the question is outside your expertise, state so clearly. RehabQuest is a healthcare startup specialising in AI-driven musculoskeletal rehabilitation using computer vision and wearable sensors. The platform tracks patient exercises in real time, provides corrective feedback, and generates progress reports for clinicians. You must adhere to HIPAA guidelines and never provide a definitive diagnosis. Always recommend that patients consult their treating physician for personalised medical advice before changing their rehabilitation programme. Respond in professional but approachable language. Clinical Practice Guidelines: For musculoskeletal rehabilitation, the American Physical Therapy Association (APTA) recommends a structured, phase-based approach: Phase I (Acute, Days 0-7): Focus on pain management using cryotherapy, compression, and elevation. Introduce gentle range-of-motion exercises within pain tolerance. Apply the PRICE protocol (Protection, Rest, Ice, Compression, Elevation). Monitor for signs of deep vein thrombosis in immobilised patients. Document baseline pain levels using the Visual Analogue Scale (VAS). Phase II (Subacute, Weeks 1-6): Progressive loading following the tissue healing timeline. Introduce isometric exercises progressing to isotonic by week 3. Begin proprioceptive training with balance boards and unstable surfaces. Target 80% of contralateral limb strength before advancing. Monitor inflammatory markers and adjust intensity accordingly. Apply the principle of graduated return to activity. Phase III (Remodelling, Weeks 6-12): Sport-specific or task-specific training. Eccentric strengthening for tendinopathies following the Alfredson protocol. Plyometric progression using the reactive strength index. Functional movement screening (FMS) to identify compensatory patterns. Return-to-sport criteria: 90% limb symmetry index on isokinetic testing, successful completion of hop tests (single, triple, crossover, and timed), and psychological readiness assessed via the ACL-Return to Sport after Injury (ACL-RSI) scale. Phase IV (Maintenance, Ongoing): Long-term injury prevention programming. Periodised strength and conditioning with progressive overload. Neuromuscular control drills integrated into warm-up routines following the FIFA 11+ protocol. Annual functional reassessment recommended. Patient education on load management, sleep hygiene, and nutritional support for tissue recovery. Documentation Standards: Use the International Classification of Functioning, Disability and Health (ICF) framework for assessment documentation. Record objective measures including goniometric range of motion, manual muscle testing grades (Oxford scale 0-5), and validated patient-reported outcome measures (PROMs) such as the Lower Extremity Functional Scale (LEFS), Disabilities of the Arm, Shoulder and Hand (DASH), and Oswestry Disability Index (ODI). Now answer the following clinical question. What is the role of the transverse abdominis in lumbar stability?

[PressureProfile]
 Additional cache-pressure calibration context for tier-transition coverage. Additional cache-pressure calibration context for tier-transition coverage. Additional cache-pressure calibration context for tier-transition coverage. Additional cache-pressure calibration context for tier-transition coverage. Additional cache-pressure calibration context for tier-transition coverage. Additional cache-pressure calibration context for tier-transition coverage. Additional cache-pressure calibration context for tier-transition coverage. Additional cache-pressure calibration context for tier-transition coverage. Additional cache-pressure calibration context for tier-transition coverage. Additional cache-pressure calibration context for tier-transition coverage. Additional cache-pressure calibration context for tier-transition coverage. Additional cache-pressure calibration context for tier-transition coverage. Additional cache-pressure calibration context for tier-transition coverage. Additional cache-pressure calibration context for tier-transition coverage. Additional cache-pressure calibration context for tier-transition coverage. Additional cache-pressure calibration context for tier-transition coverage. Additional cache-pressure calibration context for tier-transition coverage. Additional cache-pressure calibration context for tier-transition coverage. Additional cache-pressure calibration context for tier-transition coverage. Additional cache-pressure calibration context for tier-transition coverage. Additional cache-pressure calibration context for tier-transition coverage. Additional cache-pressure calibration context for tier-transition coverage. Additional cache-pressure calibration context for tier-transition coverage. Additional cache-pressure calibration context for tier-transition coverage. Additional cache-pressure calibration context for tier-transition coverage. Additional cache-pressure calibration context for tier-transition coverage. Additional cache-pressure calibration context for tier-transition coverage. Additional cache-pressure calibration context for tier-transition coverage. Additional cache-pressure calibration context for tier-transition coverage. Additional cache-pressure calibration context for tier-transition coverage. Additional cache-pressure calibration context for tier-transition coverage. Additional cache-pressure calibration context for tier-transition coverage. Additional cache-pressure calibration context for tier-transition coverage. Additional cache-pressure calibration context for tier-transition coverage. Additional cache-pressure calibration context for tier-transition coverage. Additional cache-pressure calibration context for tier-transition coverage. Additional cache-pressure calibration context for tier-transition coverage. Additional cache-pressure calibration context for tier-transition coverage. Additional cache-pressure calibration context for tier-transition coverage. Additional cache-pressure calibration context for tier-transition coverage. Additional cache-pressure calibration context for tier-transition coverage. Additional cache-pressure calibration context for tier-transition coverage. Additional cache-pressure calibration context for tier-transition coverage. Additional cache-pressure calibration context for tier-transition coverage. Additional cache-pressure calibration context for tier-transition coverage. Additional cache-pressure calibration context for tier-transition coverage. Additional cache-pressure calibration context for tier-transition coverage. Additional cache-pressure calibration context for tier-transition coverage. Additional cache-pressure calibration context for tier-transition coverage. Additional cache-pressure calibration context for tier-transition coverage. Additional cache-pressure calibration context for tier-transition coverage. Additional cache-pressure calibration context for tier-transition coverage. Additional cache-pressure calibration context for tier-transition coverage. Additional cache-pressure calibration context for tier-transition coverage. Additional cache-pressure calibration context for tier-transition coverage. Additional cache-pressure calibration context for tier-transition coverage. Additional cache-pressure calibration context for tier-transition coverage. Additional cache-pressure calibration context for tier-transition coverage. Additional cache-pressure calibration context for tier-transition coverage. Additional cache-pressure calibration context for tier-transition coverage. Additional cache-pressure calibration context for tier-transition coverage. Additional cache-pressure calibration context for tier-transition coverage. Additional cache-pressure calibration context for tier-transition coverage. Additional cache-pressure calibration context for tier-transition coverage. Additional cache-pressure calibration context for tier-transition coverage. Additional cache-pressure calibration context for tier-transition coverage. Additional cache-pressure calibration context for tier-transition coverage. Additional cache-pressure calibration context for tier-transition coverage. Additional cache-pressure calibration context for tier-transition coverage. Additional cache-pressure calibration context for tier-transition coverage. Additional cache-pressure calibration context for tier-transition coverage. Additional cache-pressure calibration context for tier-transition coverage. Additional cache-pressure calibration context for tier-transition coverage. Additional cache-pressure calibration context for tier-transition coverage. Additional cache-pressure calibration context for tier-transition coverage. Additional cache-pressure calibration context for tier-transition coverage. Additional cache-pressure calibration context for tier-transition coverage. Additional cache-pressure calibration context for tier-transition coverage. Additional cache-pressure calibration context for tier-transition coverage. Additional cache-pressure calibration context for tier-transition coverage. Additional cache-pressure calibration context for tier-transition coverage. Additional cache-pressure calibration context for tier-transition coverage. Additional cache-pressure calibration context for tier-transition coverage. Additional cache-pressure calibration context for tier-transition coverage. Additional cache-pressure calibration context for tier-transition coverage. Additional cache-pressure calibration context for tier-transition coverage. Additional cache-pressure calibration context for tier-transition coverage. Additional cache-pressure calibration context for tier-transition coverage. Additional cache-pressure calibration context for tier-transition coverage. Additional cache-pressure calibration context for tier-transition coverage. Additional cache-pressure calibration context for tier-transition coverage. Additional cache-pressure calibration context for tier-transition coverage. Additional cache-pressure calibration context for tier-transition coverage. Additional cache-pressure calibration context for tier-transition coverage. Additional cache-pressure calibration context for tier-transition coverage. Additional cache-pressure calibration context for tier-transition coverage. Additional cache-pressure calibration context for tier-transition coverage. Additional cache-pressure calibration context for tier-transition coverage. Additional cache-pressure calibration context for tier-transition coverage. Additional cache-pressure calibration context for tier-transition coverage. Additional cache-pressure calibration context for tier-transition coverage. Additional cache-pressure calibration context for tier-transition coverage. Additional cache-pressure calibration context for tier-transition coverage. Additional cache-pressure calibration context for tier-transition coverage. Additional cache-pressure calibration context for tier-transition coverage. Additional cache-pressure calibration context for tier-transition coverage. Additional cache-pressure calibration context for tier-transition coverage. Additional cache-pressure calibration context for tier-transition coverage. Additional cache-pressure calibration context for tier-transition coverage. Additional cache-pressure calibration context for tier-transition coverage. Additional cache-pressure calibration context for tier-transition coverage. Additional cache-pressure calibration context for tier-transition coverage. Additional cache-pressure calibration context for tier-transition coverage. Additional cache-pressure calibration context for tier-transition coverage. Additional cache-pressure calibration context for tier-transition coverage. Additional cache-pressure calibration context for tier-transition coverage. Additional cache-pressure calibration context for tier-transition coverage. Additional cache-pressure calibration context for tier-transition coverage. Additional cache-pressure calibration context for tier-transition coverage. Additional cache-pressure calibration context for tier-transition coverage. Additional cache-pressure calibration context for tier-transition coverage. Additional cache-pressure calibration context for tier-transition coverage. Additional cache-pressure calibration context for tier-transition coverage. Additional cache-pressure calibration context for tier-transition coverage. Additional cache-pressure calibration context for tier-transition coverage. Additional cache-pressure calibration context for tier-transition coverage. Additional cache-pressure calibration context for tier-transition coverage. Additional cache-pressure calibration context for tier-transition coverage. Additional cache-pressure calibration context for tier-transition coverage. Additional cache-pressure calibration context for tier-transition coverage. Additional cache-pressure calibration context for tier-transition coverage. Additional cache-pressure calibration context for tier-transition coverage. Additional cache-pressure calibration context for tier-transition coverage. Additional cache-pressure calibration context for tier-transition coverage. Additional cache-pressure calibration context for tier-transition coverage. Additional cache-pressure calibration context for tier-transition coverage. Additional cache-pressure calibration context for tier-transition coverage. Additional cache-pressure calibration context for tier-transition coverage. Additional cache-pressure calibration context for tier-transition coverage. Additional cache-pressure calibration context for tier-transition coverage. Additional cache-pressure calibration context for tier-transition coverage. Additional cache-pressure calibration context for tier-transition coverage. Additional cache-pressure calibration context for tier-transition coverage. Additional cache-pressure calibration context for tier-transition coverage. Additional cache-pressure calibration context for tier-transition coverage. Additional cache-pressure calibration context for tier-transition coverage. Additional cache-pressure calibration context for tier-transition coverage. Additional cache-pressure calibration context for tier-transition coverage. Additional cache-pressure calibration context for tier-transition coverage. Additional cache-pressure calibration context for tier-transition coverage. Additional cache-pressure calibration context for tier-transition coverage. Additional cache-pressure calibration context for tier-transition coverage. Additional cache-pressure calibration context for tier-transition coverage. Additional cache-pressure calibration context for tier-transition coverage. Additional cache-pressure calibration context for tier-transition coverage. Additional cache-pressure calibration context for tier-transition coverage. Additional cache-pressure calibration context for tier-transition coverage. Additional cache-pressure calibration context for tier-transition coverage. Additional cache-pressure calibration context for tier-transition coverage. Additional cache-pressure calibration context for tier-transition coverage. Additional cache-pressure calibration context for tier-transition coverage. Additional cache-pressure calibration context for tier-transition coverage. Additional cache-pressure calibration context for tier-transition coverage. Additional cache-pressure calibration context for tier-transition coverage. Additional cache-pressure calibration context for tier-transition coverage. Additional cache-pressure calibration context for tier-transition coverage. Additional cache-pressure calibration context for tier-transition coverage. Additional cache-pressure calibration context for tier-transition coverage. Additional cache-pressure calibration context for tier-transition coverage. Additional cache-pressure calibration context for tier-transition coverage. Additional cache-pressure calibration context for tier-transition coverage. Additional cache-pressure calibration context for tier-transition coverage. Additional cache-pressure calibration context for tier-transition coverage. Additional cache-pressure calibration context for tier-transition coverage. Additional cache-pressure calibration context for tier-transition coverage. Additional cache-pressure calibration context for tier-transition coverage. Additional cache-pressure calibration context for tier-transition coverage. Additional cache-pressure calibration context for tier-transition coverage. Additional cache-pressure calibration context for tier-transition coverage. Additional cache-pressure calibration context for tier-transition coverage. Additional cache-pressure calibration context for tier-transition coverage. Additional cache-pressure calibration context for tier-transition coverage. Additional cache-pressure calibration context for tier-transition coverage. Additional cache-pressure calibration context for tier-transition coverage. Additional cache-pressure calibration context for tier-transition coverage. Additional cache-pressure calibration context for tier-transition coverage. Additional cache-pressure calibration context for tier-transition coverage. Additional cache-pressure calibration context for tier-transition coverage. Additional cache-pressure calibration context for tier-transition coverage. Additional cache-pressure calibration context for tier-transition coverage. Additional cache-pressure calibration context for tier-transition coverage. Additional cache-pressure calibration context for tier-transition coverage. Additional cache-pressure calibration context for tier-transition coverage. Additional cache-pressure calibration context for tier-transition coverage. Additional cache-pressure calibration context for tier-transition coverage. Additional cache-pressure calibration context for tier-transition coverage. Additional cache-pressure calibration context for tier-transition coverage. Additional cache-pressure calibration context for tier-transition coverage. Additional cache-pressure calibration context for tier-transition coverage. Additional cache-pressure calibration context for tier-transition coverage. Additional cache-pressure calibration context for tier-transition coverage. Additional cache-pressure calibration context for tier-transition coverage. Additional cache-pressure calibration context for tier-transition coverage. Additional cache-pressure calibration context for tier-transition coverage. Additional cache-pressure calibration context for tier-transition coverage. Additional cache-pressure calibration context for tier-transition coverage. Additional cache-pressure calibration context for tier-transition coverage. Additional cache-pressure calibration context for tier-transition coverage. Additional cache-pressure calibration context for tier-transition coverage. Additional cache-pressure calibration context for tier-transition coverage. Additional cache-pressure calibration context for tier-transition coverage. Additional cache-pressure calibration context for tier-transition coverage.","You are an expert Physiotherapist AI assistant for the RehabQuest platform. Your role is to provide concise, evidence-based rehabilitation guidance grounded in peer-reviewed clinical literature and WHO recommendations. Always cite relevant studies when possible. Limit answers to three paragraphs. Use metric units. If the question is outside your expertise, state so clearly. RehabQuest is a healthc",1885,[44],[],[44],1,"[""Qwen-Qwen2.5-0.5B-Instruct@1@0@af5dde90802919f@bfloat16.pt""]",lmcache_store_coldpass,lmcache_store_coldpass,1,l2_to_l3,94,95,282.0,285.0,exceed_l1_l2
46,How does stress and anxiety impact musculoskeletal pain perception?,"Focus question: How does stress and anxiety impact musculoskeletal pain perception?
Context profile: shared_prefix_rehab_instructions
Prompt tokens: 1885
Context preview: You are an expert Physiotherapist AI assistant for the RehabQuest platform. Your role is to provide concise, evidence-based rehabilitation guidance grounded in peer-reviewed clinical literature and WHO recommendations. Always cite relevant studies when possible. Limit answers to three paragraphs. Use metric units. If the question is outside your expertise, state so clearly. RehabQuest is a healthc",How does stress and anxiety impact musculoskeletal pain perception?,shared_prefix_rehab_instructions,"You are an expert Physiotherapist AI assistant for the RehabQuest platform. Your role is to provide concise, evidence-based rehabilitation guidance grounded in peer-reviewed clinical literature and WHO recommendations. Always cite relevant studies when possible. Limit answers to three paragraphs. Use metric units. If the question is outside your expertise, state so clearly. RehabQuest is a healthcare startup specialising in AI-driven musculoskeletal rehabilitation using computer vision and wearable sensors. The platform tracks patient exercises in real time, provides corrective feedback, and generates progress reports for clinicians. You must adhere to HIPAA guidelines and never provide a definitive diagnosis. Always recommend that patients consult their treating physician for personalised medical advice before changing their rehabilitation programme. Respond in professional but approachable language. Clinical Practice Guidelines: For musculoskeletal rehabilitation, the American Physical Therapy Association (APTA) recommends a structured, phase-based approach: Phase I (Acute, Days 0-7): Focus on pain management using cryotherapy, compression, and elevation. Introduce gentle range-of-motion exercises within pain tolerance. Apply the PRICE protocol (Protection, Rest, Ice, Compression, Elevation). Monitor for signs of deep vein thrombosis in immobilised patients. Document baseline pain levels using the Visual Analogue Scale (VAS). Phase II (Subacute, Weeks 1-6): Progressive loading following the tissue healing timeline. Introduce isometric exercises progressing to isotonic by week 3. Begin proprioceptive training with balance boards and unstable surfaces. Target 80% of contralateral limb strength before advancing. Monitor inflammatory markers and adjust intensity accordingly. Apply the principle of graduated return to activity. Phase III (Remodelling, Weeks 6-12): Sport-specific or task-specific training. Eccentric strengthening for tendinopathies following the Alfredson protocol. Plyometric progression using the reactive strength index. Functional movement screening (FMS) to identify compensatory patterns. Return-to-sport criteria: 90% limb symmetry index on isokinetic testing, successful completion of hop tests (single, triple, crossover, and timed), and psychological readiness assessed via the ACL-Return to Sport after Injury (ACL-RSI) scale. Phase IV (Maintenance, Ongoing): Long-term injury prevention programming. Periodised strength and conditioning with progressive overload. Neuromuscular control drills integrated into warm-up routines following the FIFA 11+ protocol. Annual functional reassessment recommended. Patient education on load management, sleep hygiene, and nutritional support for tissue recovery. Documentation Standards: Use the International Classification of Functioning, Disability and Health (ICF) framework for assessment documentation. Record objective measures including goniometric range of motion, manual muscle testing grades (Oxford scale 0-5), and validated patient-reported outcome measures (PROMs) such as the Lower Extremity Functional Scale (LEFS), Disabilities of the Arm, Shoulder and Hand (DASH), and Oswestry Disability Index (ODI). Now answer the following clinical question. How does stress and anxiety impact musculoskeletal pain perception?

[PressureProfile]
 Additional cache-pressure calibration context for tier-transition coverage. Additional cache-pressure calibration context for tier-transition coverage. Additional cache-pressure calibration context for tier-transition coverage. Additional cache-pressure calibration context for tier-transition coverage. Additional cache-pressure calibration context for tier-transition coverage. Additional cache-pressure calibration context for tier-transition coverage. Additional cache-pressure calibration context for tier-transition coverage. Additional cache-pressure calibration context for tier-transition coverage. Additional cache-pressure calibration context for tier-transition coverage. Additional cache-pressure calibration context for tier-transition coverage. Additional cache-pressure calibration context for tier-transition coverage. Additional cache-pressure calibration context for tier-transition coverage. Additional cache-pressure calibration context for tier-transition coverage. Additional cache-pressure calibration context for tier-transition coverage. Additional cache-pressure calibration context for tier-transition coverage. Additional cache-pressure calibration context for tier-transition coverage. Additional cache-pressure calibration context for tier-transition coverage. Additional cache-pressure calibration context for tier-transition coverage. Additional cache-pressure calibration context for tier-transition coverage. Additional cache-pressure calibration context for tier-transition coverage. Additional cache-pressure calibration context for tier-transition coverage. Additional cache-pressure calibration context for tier-transition coverage. Additional cache-pressure calibration context for tier-transition coverage. Additional cache-pressure calibration context for tier-transition coverage. Additional cache-pressure calibration context for tier-transition coverage. Additional cache-pressure calibration context for tier-transition coverage. Additional cache-pressure calibration context for tier-transition coverage. Additional cache-pressure calibration context for tier-transition coverage. Additional cache-pressure calibration context for tier-transition coverage. Additional cache-pressure calibration context for tier-transition coverage. Additional cache-pressure calibration context for tier-transition coverage. Additional cache-pressure calibration context for tier-transition coverage. Additional cache-pressure calibration context for tier-transition coverage. Additional cache-pressure calibration context for tier-transition coverage. Additional cache-pressure calibration context for tier-transition coverage. Additional cache-pressure calibration context for tier-transition coverage. Additional cache-pressure calibration context for tier-transition coverage. Additional cache-pressure calibration context for tier-transition coverage. Additional cache-pressure calibration context for tier-transition coverage. Additional cache-pressure calibration context for tier-transition coverage. Additional cache-pressure calibration context for tier-transition coverage. Additional cache-pressure calibration context for tier-transition coverage. Additional cache-pressure calibration context for tier-transition coverage. Additional cache-pressure calibration context for tier-transition coverage. Additional cache-pressure calibration context for tier-transition coverage. Additional cache-pressure calibration context for tier-transition coverage. Additional cache-pressure calibration context for tier-transition coverage. Additional cache-pressure calibration context for tier-transition coverage. Additional cache-pressure calibration context for tier-transition coverage. Additional cache-pressure calibration context for tier-transition coverage. Additional cache-pressure calibration context for tier-transition coverage. Additional cache-pressure calibration context for tier-transition coverage. Additional cache-pressure calibration context for tier-transition coverage. Additional cache-pressure calibration context for tier-transition coverage. Additional cache-pressure calibration context for tier-transition coverage. Additional cache-pressure calibration context for tier-transition coverage. Additional cache-pressure calibration context for tier-transition coverage. Additional cache-pressure calibration context for tier-transition coverage. Additional cache-pressure calibration context for tier-transition coverage. Additional cache-pressure calibration context for tier-transition coverage. Additional cache-pressure calibration context for tier-transition coverage. Additional cache-pressure calibration context for tier-transition coverage. Additional cache-pressure calibration context for tier-transition coverage. Additional cache-pressure calibration context for tier-transition coverage. Additional cache-pressure calibration context for tier-transition coverage. Additional cache-pressure calibration context for tier-transition coverage. Additional cache-pressure calibration context for tier-transition coverage. Additional cache-pressure calibration context for tier-transition coverage. Additional cache-pressure calibration context for tier-transition coverage. Additional cache-pressure calibration context for tier-transition coverage. Additional cache-pressure calibration context for tier-transition coverage. Additional cache-pressure calibration context for tier-transition coverage. Additional cache-pressure calibration context for tier-transition coverage. Additional cache-pressure calibration context for tier-transition coverage. Additional cache-pressure calibration context for tier-transition coverage. Additional cache-pressure calibration context for tier-transition coverage. Additional cache-pressure calibration context for tier-transition coverage. Additional cache-pressure calibration context for tier-transition coverage. Additional cache-pressure calibration context for tier-transition coverage. Additional cache-pressure calibration context for tier-transition coverage. Additional cache-pressure calibration context for tier-transition coverage. Additional cache-pressure calibration context for tier-transition coverage. Additional cache-pressure calibration context for tier-transition coverage. Additional cache-pressure calibration context for tier-transition coverage. Additional cache-pressure calibration context for tier-transition coverage. Additional cache-pressure calibration context for tier-transition coverage. Additional cache-pressure calibration context for tier-transition coverage. Additional cache-pressure calibration context for tier-transition coverage. Additional cache-pressure calibration context for tier-transition coverage. Additional cache-pressure calibration context for tier-transition coverage. Additional cache-pressure calibration context for tier-transition coverage. Additional cache-pressure calibration context for tier-transition coverage. Additional cache-pressure calibration context for tier-transition coverage. Additional cache-pressure calibration context for tier-transition coverage. Additional cache-pressure calibration context for tier-transition coverage. Additional cache-pressure calibration context for tier-transition coverage. Additional cache-pressure calibration context for tier-transition coverage. Additional cache-pressure calibration context for tier-transition coverage. Additional cache-pressure calibration context for tier-transition coverage. Additional cache-pressure calibration context for tier-transition coverage. Additional cache-pressure calibration context for tier-transition coverage. Additional cache-pressure calibration context for tier-transition coverage. Additional cache-pressure calibration context for tier-transition coverage. Additional cache-pressure calibration context for tier-transition coverage. Additional cache-pressure calibration context for tier-transition coverage. Additional cache-pressure calibration context for tier-transition coverage. Additional cache-pressure calibration context for tier-transition coverage. Additional cache-pressure calibration context for tier-transition coverage. Additional cache-pressure calibration context for tier-transition coverage. Additional cache-pressure calibration context for tier-transition coverage. Additional cache-pressure calibration context for tier-transition coverage. Additional cache-pressure calibration context for tier-transition coverage. Additional cache-pressure calibration context for tier-transition coverage. Additional cache-pressure calibration context for tier-transition coverage. Additional cache-pressure calibration context for tier-transition coverage. Additional cache-pressure calibration context for tier-transition coverage. Additional cache-pressure calibration context for tier-transition coverage. Additional cache-pressure calibration context for tier-transition coverage. Additional cache-pressure calibration context for tier-transition coverage. Additional cache-pressure calibration context for tier-transition coverage. Additional cache-pressure calibration context for tier-transition coverage. Additional cache-pressure calibration context for tier-transition coverage. Additional cache-pressure calibration context for tier-transition coverage. Additional cache-pressure calibration context for tier-transition coverage. Additional cache-pressure calibration context for tier-transition coverage. Additional cache-pressure calibration context for tier-transition coverage. Additional cache-pressure calibration context for tier-transition coverage. Additional cache-pressure calibration context for tier-transition coverage. Additional cache-pressure calibration context for tier-transition coverage. Additional cache-pressure calibration context for tier-transition coverage. Additional cache-pressure calibration context for tier-transition coverage. Additional cache-pressure calibration context for tier-transition coverage. Additional cache-pressure calibration context for tier-transition coverage. Additional cache-pressure calibration context for tier-transition coverage. Additional cache-pressure calibration context for tier-transition coverage. Additional cache-pressure calibration context for tier-transition coverage. Additional cache-pressure calibration context for tier-transition coverage. Additional cache-pressure calibration context for tier-transition coverage. Additional cache-pressure calibration context for tier-transition coverage. Additional cache-pressure calibration context for tier-transition coverage. Additional cache-pressure calibration context for tier-transition coverage. Additional cache-pressure calibration context for tier-transition coverage. Additional cache-pressure calibration context for tier-transition coverage. Additional cache-pressure calibration context for tier-transition coverage. Additional cache-pressure calibration context for tier-transition coverage. Additional cache-pressure calibration context for tier-transition coverage. Additional cache-pressure calibration context for tier-transition coverage. Additional cache-pressure calibration context for tier-transition coverage. Additional cache-pressure calibration context for tier-transition coverage. Additional cache-pressure calibration context for tier-transition coverage. Additional cache-pressure calibration context for tier-transition coverage. Additional cache-pressure calibration context for tier-transition coverage. Additional cache-pressure calibration context for tier-transition coverage. Additional cache-pressure calibration context for tier-transition coverage. Additional cache-pressure calibration context for tier-transition coverage. Additional cache-pressure calibration context for tier-transition coverage. Additional cache-pressure calibration context for tier-transition coverage. Additional cache-pressure calibration context for tier-transition coverage. Additional cache-pressure calibration context for tier-transition coverage. Additional cache-pressure calibration context for tier-transition coverage. Additional cache-pressure calibration context for tier-transition coverage. Additional cache-pressure calibration context for tier-transition coverage. Additional cache-pressure calibration context for tier-transition coverage. Additional cache-pressure calibration context for tier-transition coverage. Additional cache-pressure calibration context for tier-transition coverage. Additional cache-pressure calibration context for tier-transition coverage. Additional cache-pressure calibration context for tier-transition coverage. Additional cache-pressure calibration context for tier-transition coverage. Additional cache-pressure calibration context for tier-transition coverage. Additional cache-pressure calibration context for tier-transition coverage. Additional cache-pressure calibration context for tier-transition coverage. Additional cache-pressure calibration context for tier-transition coverage. Additional cache-pressure calibration context for tier-transition coverage. Additional cache-pressure calibration context for tier-transition coverage. Additional cache-pressure calibration context for tier-transition coverage. Additional cache-pressure calibration context for tier-transition coverage. Additional cache-pressure calibration context for tier-transition coverage. Additional cache-pressure calibration context for tier-transition coverage. Additional cache-pressure calibration context for tier-transition coverage. Additional cache-pressure calibration context for tier-transition coverage. Additional cache-pressure calibration context for tier-transition coverage. Additional cache-pressure calibration context for tier-transition coverage. Additional cache-pressure calibration context for tier-transition coverage. Additional cache-pressure calibration context for tier-transition coverage. Additional cache-pressure calibration context for tier-transition coverage. Additional cache-pressure calibration context for tier-transition coverage. Additional cache-pressure calibration context for tier-transition coverage. Additional cache-pressure calibration context for tier-transition coverage. Additional cache-pressure calibration context for tier-transition coverage. Additional cache-pressure calibration context for tier-transition coverage. Additional cache-pressure calibration context for tier-transition coverage. Additional cache-pressure calibration context for tier-transition coverage. Additional cache-pressure calibration context for tier-transition coverage. Additional cache-pressure calibration context for tier-transition coverage. Additional cache-pressure calibration context for tier-transition coverage. Additional cache-pressure calibration context for tier-transition coverage. Additional cache-pressure calibration context for tier-transition coverage. Additional cache-pressure calibration context for tier-transition coverage. Additional cache-pressure calibration context for tier-transition coverage. Additional cache-pressure calibration context for tier-transition coverage. Additional cache-pressure calibration context for tier-transition coverage. Additional cache-pressure calibration context for tier-transition coverage. Additional cache-pressure calibration context for tier-transition coverage. Additional cache-pressure calibration context for tier-transition coverage. Additional cache-pressure calibration context for tier-transition coverage. Additional cache-pressure calibration context for tier-transition coverage. Additional cache-pressure calibration context for tier-transition coverage. Additional cache-pressure calibration context for tier-transition coverage. Additional cache-pressure calibration context for tier-transition coverage. Additional cache-pressure calibration context for tier-transition coverage. Additional cache-pressure calibration context for tier-transition coverage. Additional cache-pressure calibration context for tier-transition coverage. Additional cache-pressure calibration context for tier-transition coverage.","You are an expert Physiotherapist AI assistant for the RehabQuest platform. Your role is to provide concise, evidence-based rehabilitation guidance grounded in peer-reviewed clinical literature and WHO recommendations. Always cite relevant studies when possible. Limit answers to three paragraphs. Use metric units. If the question is outside your expertise, state so clearly. RehabQuest is a healthc",1885,[45],[],[45],1,"[""Qwen-Qwen2.5-0.5B-Instruct@1@0@7bc57241ea6504ea@bfloat16.pt""]",lmcache_store_coldpass,lmcache_store_coldpass,1,l2_to_l3,95,96,285.0,288.0,exceed_l1_l2
47,What is the minimal detectable change for the Visual Analogue Scale?,"Focus question: What is the minimal detectable change for the Visual Analogue Scale?
Context profile: shared_prefix_rehab_instructions
Prompt tokens: 1885
Context preview: You are an expert Physiotherapist AI assistant for the RehabQuest platform. Your role is to provide concise, evidence-based rehabilitation guidance grounded in peer-reviewed clinical literature and WHO recommendations. Always cite relevant studies when possible. Limit answers to three paragraphs. Use metric units. If the question is outside your expertise, state so clearly. RehabQuest is a healthc",What is the minimal detectable change for the Visual Analogue Scale?,shared_prefix_rehab_instructions,"You are an expert Physiotherapist AI assistant for the RehabQuest platform. Your role is to provide concise, evidence-based rehabilitation guidance grounded in peer-reviewed clinical literature and WHO recommendations. Always cite relevant studies when possible. Limit answers to three paragraphs. Use metric units. If the question is outside your expertise, state so clearly. RehabQuest is a healthcare startup specialising in AI-driven musculoskeletal rehabilitation using computer vision and wearable sensors. The platform tracks patient exercises in real time, provides corrective feedback, and generates progress reports for clinicians. You must adhere to HIPAA guidelines and never provide a definitive diagnosis. Always recommend that patients consult their treating physician for personalised medical advice before changing their rehabilitation programme. Respond in professional but approachable language. Clinical Practice Guidelines: For musculoskeletal rehabilitation, the American Physical Therapy Association (APTA) recommends a structured, phase-based approach: Phase I (Acute, Days 0-7): Focus on pain management using cryotherapy, compression, and elevation. Introduce gentle range-of-motion exercises within pain tolerance. Apply the PRICE protocol (Protection, Rest, Ice, Compression, Elevation). Monitor for signs of deep vein thrombosis in immobilised patients. Document baseline pain levels using the Visual Analogue Scale (VAS). Phase II (Subacute, Weeks 1-6): Progressive loading following the tissue healing timeline. Introduce isometric exercises progressing to isotonic by week 3. Begin proprioceptive training with balance boards and unstable surfaces. Target 80% of contralateral limb strength before advancing. Monitor inflammatory markers and adjust intensity accordingly. Apply the principle of graduated return to activity. Phase III (Remodelling, Weeks 6-12): Sport-specific or task-specific training. Eccentric strengthening for tendinopathies following the Alfredson protocol. Plyometric progression using the reactive strength index. Functional movement screening (FMS) to identify compensatory patterns. Return-to-sport criteria: 90% limb symmetry index on isokinetic testing, successful completion of hop tests (single, triple, crossover, and timed), and psychological readiness assessed via the ACL-Return to Sport after Injury (ACL-RSI) scale. Phase IV (Maintenance, Ongoing): Long-term injury prevention programming. Periodised strength and conditioning with progressive overload. Neuromuscular control drills integrated into warm-up routines following the FIFA 11+ protocol. Annual functional reassessment recommended. Patient education on load management, sleep hygiene, and nutritional support for tissue recovery. Documentation Standards: Use the International Classification of Functioning, Disability and Health (ICF) framework for assessment documentation. Record objective measures including goniometric range of motion, manual muscle testing grades (Oxford scale 0-5), and validated patient-reported outcome measures (PROMs) such as the Lower Extremity Functional Scale (LEFS), Disabilities of the Arm, Shoulder and Hand (DASH), and Oswestry Disability Index (ODI). Now answer the following clinical question. What is the minimal detectable change for the Visual Analogue Scale?

[PressureProfile]
 Additional cache-pressure calibration context for tier-transition coverage. Additional cache-pressure calibration context for tier-transition coverage. Additional cache-pressure calibration context for tier-transition coverage. Additional cache-pressure calibration context for tier-transition coverage. Additional cache-pressure calibration context for tier-transition coverage. Additional cache-pressure calibration context for tier-transition coverage. Additional cache-pressure calibration context for tier-transition coverage. Additional cache-pressure calibration context for tier-transition coverage. Additional cache-pressure calibration context for tier-transition coverage. Additional cache-pressure calibration context for tier-transition coverage. Additional cache-pressure calibration context for tier-transition coverage. Additional cache-pressure calibration context for tier-transition coverage. Additional cache-pressure calibration context for tier-transition coverage. Additional cache-pressure calibration context for tier-transition coverage. Additional cache-pressure calibration context for tier-transition coverage. Additional cache-pressure calibration context for tier-transition coverage. Additional cache-pressure calibration context for tier-transition coverage. Additional cache-pressure calibration context for tier-transition coverage. Additional cache-pressure calibration context for tier-transition coverage. Additional cache-pressure calibration context for tier-transition coverage. Additional cache-pressure calibration context for tier-transition coverage. Additional cache-pressure calibration context for tier-transition coverage. Additional cache-pressure calibration context for tier-transition coverage. Additional cache-pressure calibration context for tier-transition coverage. Additional cache-pressure calibration context for tier-transition coverage. Additional cache-pressure calibration context for tier-transition coverage. Additional cache-pressure calibration context for tier-transition coverage. Additional cache-pressure calibration context for tier-transition coverage. Additional cache-pressure calibration context for tier-transition coverage. Additional cache-pressure calibration context for tier-transition coverage. Additional cache-pressure calibration context for tier-transition coverage. Additional cache-pressure calibration context for tier-transition coverage. Additional cache-pressure calibration context for tier-transition coverage. Additional cache-pressure calibration context for tier-transition coverage. Additional cache-pressure calibration context for tier-transition coverage. Additional cache-pressure calibration context for tier-transition coverage. Additional cache-pressure calibration context for tier-transition coverage. Additional cache-pressure calibration context for tier-transition coverage. Additional cache-pressure calibration context for tier-transition coverage. Additional cache-pressure calibration context for tier-transition coverage. Additional cache-pressure calibration context for tier-transition coverage. Additional cache-pressure calibration context for tier-transition coverage. Additional cache-pressure calibration context for tier-transition coverage. Additional cache-pressure calibration context for tier-transition coverage. Additional cache-pressure calibration context for tier-transition coverage. Additional cache-pressure calibration context for tier-transition coverage. Additional cache-pressure calibration context for tier-transition coverage. Additional cache-pressure calibration context for tier-transition coverage. Additional cache-pressure calibration context for tier-transition coverage. Additional cache-pressure calibration context for tier-transition coverage. Additional cache-pressure calibration context for tier-transition coverage. Additional cache-pressure calibration context for tier-transition coverage. Additional cache-pressure calibration context for tier-transition coverage. Additional cache-pressure calibration context for tier-transition coverage. Additional cache-pressure calibration context for tier-transition coverage. Additional cache-pressure calibration context for tier-transition coverage. Additional cache-pressure calibration context for tier-transition coverage. Additional cache-pressure calibration context for tier-transition coverage. Additional cache-pressure calibration context for tier-transition coverage. Additional cache-pressure calibration context for tier-transition coverage. Additional cache-pressure calibration context for tier-transition coverage. Additional cache-pressure calibration context for tier-transition coverage. Additional cache-pressure calibration context for tier-transition coverage. Additional cache-pressure calibration context for tier-transition coverage. Additional cache-pressure calibration context for tier-transition coverage. Additional cache-pressure calibration context for tier-transition coverage. Additional cache-pressure calibration context for tier-transition coverage. Additional cache-pressure calibration context for tier-transition coverage. Additional cache-pressure calibration context for tier-transition coverage. Additional cache-pressure calibration context for tier-transition coverage. Additional cache-pressure calibration context for tier-transition coverage. Additional cache-pressure calibration context for tier-transition coverage. Additional cache-pressure calibration context for tier-transition coverage. Additional cache-pressure calibration context for tier-transition coverage. Additional cache-pressure calibration context for tier-transition coverage. Additional cache-pressure calibration context for tier-transition coverage. Additional cache-pressure calibration context for tier-transition coverage. Additional cache-pressure calibration context for tier-transition coverage. Additional cache-pressure calibration context for tier-transition coverage. Additional cache-pressure calibration context for tier-transition coverage. Additional cache-pressure calibration context for tier-transition coverage. Additional cache-pressure calibration context for tier-transition coverage. Additional cache-pressure calibration context for tier-transition coverage. Additional cache-pressure calibration context for tier-transition coverage. Additional cache-pressure calibration context for tier-transition coverage. Additional cache-pressure calibration context for tier-transition coverage. Additional cache-pressure calibration context for tier-transition coverage. Additional cache-pressure calibration context for tier-transition coverage. Additional cache-pressure calibration context for tier-transition coverage. Additional cache-pressure calibration context for tier-transition coverage. Additional cache-pressure calibration context for tier-transition coverage. Additional cache-pressure calibration context for tier-transition coverage. Additional cache-pressure calibration context for tier-transition coverage. Additional cache-pressure calibration context for tier-transition coverage. Additional cache-pressure calibration context for tier-transition coverage. Additional cache-pressure calibration context for tier-transition coverage. Additional cache-pressure calibration context for tier-transition coverage. Additional cache-pressure calibration context for tier-transition coverage. Additional cache-pressure calibration context for tier-transition coverage. Additional cache-pressure calibration context for tier-transition coverage. Additional cache-pressure calibration context for tier-transition coverage. Additional cache-pressure calibration context for tier-transition coverage. Additional cache-pressure calibration context for tier-transition coverage. Additional cache-pressure calibration context for tier-transition coverage. Additional cache-pressure calibration context for tier-transition coverage. Additional cache-pressure calibration context for tier-transition coverage. Additional cache-pressure calibration context for tier-transition coverage. Additional cache-pressure calibration context for tier-transition coverage. Additional cache-pressure calibration context for tier-transition coverage. Additional cache-pressure calibration context for tier-transition coverage. Additional cache-pressure calibration context for tier-transition coverage. Additional cache-pressure calibration context for tier-transition coverage. Additional cache-pressure calibration context for tier-transition coverage. Additional cache-pressure calibration context for tier-transition coverage. Additional cache-pressure calibration context for tier-transition coverage. Additional cache-pressure calibration context for tier-transition coverage. Additional cache-pressure calibration context for tier-transition coverage. Additional cache-pressure calibration context for tier-transition coverage. Additional cache-pressure calibration context for tier-transition coverage. Additional cache-pressure calibration context for tier-transition coverage. Additional cache-pressure calibration context for tier-transition coverage. Additional cache-pressure calibration context for tier-transition coverage. Additional cache-pressure calibration context for tier-transition coverage. Additional cache-pressure calibration context for tier-transition coverage. Additional cache-pressure calibration context for tier-transition coverage. Additional cache-pressure calibration context for tier-transition coverage. Additional cache-pressure calibration context for tier-transition coverage. Additional cache-pressure calibration context for tier-transition coverage. Additional cache-pressure calibration context for tier-transition coverage. Additional cache-pressure calibration context for tier-transition coverage. Additional cache-pressure calibration context for tier-transition coverage. Additional cache-pressure calibration context for tier-transition coverage. Additional cache-pressure calibration context for tier-transition coverage. Additional cache-pressure calibration context for tier-transition coverage. Additional cache-pressure calibration context for tier-transition coverage. Additional cache-pressure calibration context for tier-transition coverage. Additional cache-pressure calibration context for tier-transition coverage. Additional cache-pressure calibration context for tier-transition coverage. Additional cache-pressure calibration context for tier-transition coverage. Additional cache-pressure calibration context for tier-transition coverage. Additional cache-pressure calibration context for tier-transition coverage. Additional cache-pressure calibration context for tier-transition coverage. Additional cache-pressure calibration context for tier-transition coverage. Additional cache-pressure calibration context for tier-transition coverage. Additional cache-pressure calibration context for tier-transition coverage. Additional cache-pressure calibration context for tier-transition coverage. Additional cache-pressure calibration context for tier-transition coverage. Additional cache-pressure calibration context for tier-transition coverage. Additional cache-pressure calibration context for tier-transition coverage. Additional cache-pressure calibration context for tier-transition coverage. Additional cache-pressure calibration context for tier-transition coverage. Additional cache-pressure calibration context for tier-transition coverage. Additional cache-pressure calibration context for tier-transition coverage. Additional cache-pressure calibration context for tier-transition coverage. Additional cache-pressure calibration context for tier-transition coverage. Additional cache-pressure calibration context for tier-transition coverage. Additional cache-pressure calibration context for tier-transition coverage. Additional cache-pressure calibration context for tier-transition coverage. Additional cache-pressure calibration context for tier-transition coverage. Additional cache-pressure calibration context for tier-transition coverage. Additional cache-pressure calibration context for tier-transition coverage. Additional cache-pressure calibration context for tier-transition coverage. Additional cache-pressure calibration context for tier-transition coverage. Additional cache-pressure calibration context for tier-transition coverage. Additional cache-pressure calibration context for tier-transition coverage. Additional cache-pressure calibration context for tier-transition coverage. Additional cache-pressure calibration context for tier-transition coverage. Additional cache-pressure calibration context for tier-transition coverage. Additional cache-pressure calibration context for tier-transition coverage. Additional cache-pressure calibration context for tier-transition coverage. Additional cache-pressure calibration context for tier-transition coverage. Additional cache-pressure calibration context for tier-transition coverage. Additional cache-pressure calibration context for tier-transition coverage. Additional cache-pressure calibration context for tier-transition coverage. Additional cache-pressure calibration context for tier-transition coverage. Additional cache-pressure calibration context for tier-transition coverage. Additional cache-pressure calibration context for tier-transition coverage. Additional cache-pressure calibration context for tier-transition coverage. Additional cache-pressure calibration context for tier-transition coverage. Additional cache-pressure calibration context for tier-transition coverage. Additional cache-pressure calibration context for tier-transition coverage. Additional cache-pressure calibration context for tier-transition coverage. Additional cache-pressure calibration context for tier-transition coverage. Additional cache-pressure calibration context for tier-transition coverage. Additional cache-pressure calibration context for tier-transition coverage. Additional cache-pressure calibration context for tier-transition coverage. Additional cache-pressure calibration context for tier-transition coverage. Additional cache-pressure calibration context for tier-transition coverage. Additional cache-pressure calibration context for tier-transition coverage. Additional cache-pressure calibration context for tier-transition coverage. Additional cache-pressure calibration context for tier-transition coverage. Additional cache-pressure calibration context for tier-transition coverage. Additional cache-pressure calibration context for tier-transition coverage. Additional cache-pressure calibration context for tier-transition coverage. Additional cache-pressure calibration context for tier-transition coverage. Additional cache-pressure calibration context for tier-transition coverage. Additional cache-pressure calibration context for tier-transition coverage. Additional cache-pressure calibration context for tier-transition coverage. Additional cache-pressure calibration context for tier-transition coverage. Additional cache-pressure calibration context for tier-transition coverage. Additional cache-pressure calibration context for tier-transition coverage. Additional cache-pressure calibration context for tier-transition coverage. Additional cache-pressure calibration context for tier-transition coverage. Additional cache-pressure calibration context for tier-transition coverage. Additional cache-pressure calibration context for tier-transition coverage. Additional cache-pressure calibration context for tier-transition coverage. Additional cache-pressure calibration context for tier-transition coverage. Additional cache-pressure calibration context for tier-transition coverage. Additional cache-pressure calibration context for tier-transition coverage. Additional cache-pressure calibration context for tier-transition coverage. Additional cache-pressure calibration context for tier-transition coverage. Additional cache-pressure calibration context for tier-transition coverage.","You are an expert Physiotherapist AI assistant for the RehabQuest platform. Your role is to provide concise, evidence-based rehabilitation guidance grounded in peer-reviewed clinical literature and WHO recommendations. Always cite relevant studies when possible. Limit answers to three paragraphs. Use metric units. If the question is outside your expertise, state so clearly. RehabQuest is a healthc",1885,[46],[],[46],1,"[""Qwen-Qwen2.5-0.5B-Instruct@1@0@77289c5afe6a9d33@bfloat16.pt""]",lmcache_store_coldpass,lmcache_store_coldpass,1,l2_to_l3,96,97,288.0,291.0,exceed_l1_l2
48,How should rehabilitation be adapted for osteoporosis patients?,"Focus question: How should rehabilitation be adapted for osteoporosis patients?
Context profile: shared_prefix_rehab_instructions
Prompt tokens: 1885
Context preview: You are an expert Physiotherapist AI assistant for the RehabQuest platform. Your role is to provide concise, evidence-based rehabilitation guidance grounded in peer-reviewed clinical literature and WHO recommendations. Always cite relevant studies when possible. Limit answers to three paragraphs. Use metric units. If the question is outside your expertise, state so clearly. RehabQuest is a healthc",How should rehabilitation be adapted for osteoporosis patients?,shared_prefix_rehab_instructions,"You are an expert Physiotherapist AI assistant for the RehabQuest platform. Your role is to provide concise, evidence-based rehabilitation guidance grounded in peer-reviewed clinical literature and WHO recommendations. Always cite relevant studies when possible. Limit answers to three paragraphs. Use metric units. If the question is outside your expertise, state so clearly. RehabQuest is a healthcare startup specialising in AI-driven musculoskeletal rehabilitation using computer vision and wearable sensors. The platform tracks patient exercises in real time, provides corrective feedback, and generates progress reports for clinicians. You must adhere to HIPAA guidelines and never provide a definitive diagnosis. Always recommend that patients consult their treating physician for personalised medical advice before changing their rehabilitation programme. Respond in professional but approachable language. Clinical Practice Guidelines: For musculoskeletal rehabilitation, the American Physical Therapy Association (APTA) recommends a structured, phase-based approach: Phase I (Acute, Days 0-7): Focus on pain management using cryotherapy, compression, and elevation. Introduce gentle range-of-motion exercises within pain tolerance. Apply the PRICE protocol (Protection, Rest, Ice, Compression, Elevation). Monitor for signs of deep vein thrombosis in immobilised patients. Document baseline pain levels using the Visual Analogue Scale (VAS). Phase II (Subacute, Weeks 1-6): Progressive loading following the tissue healing timeline. Introduce isometric exercises progressing to isotonic by week 3. Begin proprioceptive training with balance boards and unstable surfaces. Target 80% of contralateral limb strength before advancing. Monitor inflammatory markers and adjust intensity accordingly. Apply the principle of graduated return to activity. Phase III (Remodelling, Weeks 6-12): Sport-specific or task-specific training. Eccentric strengthening for tendinopathies following the Alfredson protocol. Plyometric progression using the reactive strength index. Functional movement screening (FMS) to identify compensatory patterns. Return-to-sport criteria: 90% limb symmetry index on isokinetic testing, successful completion of hop tests (single, triple, crossover, and timed), and psychological readiness assessed via the ACL-Return to Sport after Injury (ACL-RSI) scale. Phase IV (Maintenance, Ongoing): Long-term injury prevention programming. Periodised strength and conditioning with progressive overload. Neuromuscular control drills integrated into warm-up routines following the FIFA 11+ protocol. Annual functional reassessment recommended. Patient education on load management, sleep hygiene, and nutritional support for tissue recovery. Documentation Standards: Use the International Classification of Functioning, Disability and Health (ICF) framework for assessment documentation. Record objective measures including goniometric range of motion, manual muscle testing grades (Oxford scale 0-5), and validated patient-reported outcome measures (PROMs) such as the Lower Extremity Functional Scale (LEFS), Disabilities of the Arm, Shoulder and Hand (DASH), and Oswestry Disability Index (ODI). Now answer the following clinical question. How should rehabilitation be adapted for osteoporosis patients?

[PressureProfile]
 Additional cache-pressure calibration context for tier-transition coverage. Additional cache-pressure calibration context for tier-transition coverage. Additional cache-pressure calibration context for tier-transition coverage. Additional cache-pressure calibration context for tier-transition coverage. Additional cache-pressure calibration context for tier-transition coverage. Additional cache-pressure calibration context for tier-transition coverage. Additional cache-pressure calibration context for tier-transition coverage. Additional cache-pressure calibration context for tier-transition coverage. Additional cache-pressure calibration context for tier-transition coverage. Additional cache-pressure calibration context for tier-transition coverage. Additional cache-pressure calibration context for tier-transition coverage. Additional cache-pressure calibration context for tier-transition coverage. Additional cache-pressure calibration context for tier-transition coverage. Additional cache-pressure calibration context for tier-transition coverage. Additional cache-pressure calibration context for tier-transition coverage. Additional cache-pressure calibration context for tier-transition coverage. Additional cache-pressure calibration context for tier-transition coverage. Additional cache-pressure calibration context for tier-transition coverage. Additional cache-pressure calibration context for tier-transition coverage. Additional cache-pressure calibration context for tier-transition coverage. Additional cache-pressure calibration context for tier-transition coverage. Additional cache-pressure calibration context for tier-transition coverage. Additional cache-pressure calibration context for tier-transition coverage. Additional cache-pressure calibration context for tier-transition coverage. Additional cache-pressure calibration context for tier-transition coverage. Additional cache-pressure calibration context for tier-transition coverage. Additional cache-pressure calibration context for tier-transition coverage. Additional cache-pressure calibration context for tier-transition coverage. Additional cache-pressure calibration context for tier-transition coverage. Additional cache-pressure calibration context for tier-transition coverage. Additional cache-pressure calibration context for tier-transition coverage. Additional cache-pressure calibration context for tier-transition coverage. Additional cache-pressure calibration context for tier-transition coverage. Additional cache-pressure calibration context for tier-transition coverage. Additional cache-pressure calibration context for tier-transition coverage. Additional cache-pressure calibration context for tier-transition coverage. Additional cache-pressure calibration context for tier-transition coverage. Additional cache-pressure calibration context for tier-transition coverage. Additional cache-pressure calibration context for tier-transition coverage. Additional cache-pressure calibration context for tier-transition coverage. Additional cache-pressure calibration context for tier-transition coverage. Additional cache-pressure calibration context for tier-transition coverage. Additional cache-pressure calibration context for tier-transition coverage. Additional cache-pressure calibration context for tier-transition coverage. Additional cache-pressure calibration context for tier-transition coverage. Additional cache-pressure calibration context for tier-transition coverage. Additional cache-pressure calibration context for tier-transition coverage. Additional cache-pressure calibration context for tier-transition coverage. Additional cache-pressure calibration context for tier-transition coverage. Additional cache-pressure calibration context for tier-transition coverage. Additional cache-pressure calibration context for tier-transition coverage. Additional cache-pressure calibration context for tier-transition coverage. Additional cache-pressure calibration context for tier-transition coverage. Additional cache-pressure calibration context for tier-transition coverage. Additional cache-pressure calibration context for tier-transition coverage. Additional cache-pressure calibration context for tier-transition coverage. Additional cache-pressure calibration context for tier-transition coverage. Additional cache-pressure calibration context for tier-transition coverage. Additional cache-pressure calibration context for tier-transition coverage. Additional cache-pressure calibration context for tier-transition coverage. Additional cache-pressure calibration context for tier-transition coverage. Additional cache-pressure calibration context for tier-transition coverage. Additional cache-pressure calibration context for tier-transition coverage. Additional cache-pressure calibration context for tier-transition coverage. Additional cache-pressure calibration context for tier-transition coverage. Additional cache-pressure calibration context for tier-transition coverage. Additional cache-pressure calibration context for tier-transition coverage. Additional cache-pressure calibration context for tier-transition coverage. Additional cache-pressure calibration context for tier-transition coverage. Additional cache-pressure calibration context for tier-transition coverage. Additional cache-pressure calibration context for tier-transition coverage. Additional cache-pressure calibration context for tier-transition coverage. Additional cache-pressure calibration context for tier-transition coverage. Additional cache-pressure calibration context for tier-transition coverage. Additional cache-pressure calibration context for tier-transition coverage. Additional cache-pressure calibration context for tier-transition coverage. Additional cache-pressure calibration context for tier-transition coverage. Additional cache-pressure calibration context for tier-transition coverage. Additional cache-pressure calibration context for tier-transition coverage. Additional cache-pressure calibration context for tier-transition coverage. Additional cache-pressure calibration context for tier-transition coverage. Additional cache-pressure calibration context for tier-transition coverage. Additional cache-pressure calibration context for tier-transition coverage. Additional cache-pressure calibration context for tier-transition coverage. Additional cache-pressure calibration context for tier-transition coverage. Additional cache-pressure calibration context for tier-transition coverage. Additional cache-pressure calibration context for tier-transition coverage. Additional cache-pressure calibration context for tier-transition coverage. Additional cache-pressure calibration context for tier-transition coverage. Additional cache-pressure calibration context for tier-transition coverage. Additional cache-pressure calibration context for tier-transition coverage. Additional cache-pressure calibration context for tier-transition coverage. Additional cache-pressure calibration context for tier-transition coverage. Additional cache-pressure calibration context for tier-transition coverage. Additional cache-pressure calibration context for tier-transition coverage. Additional cache-pressure calibration context for tier-transition coverage. Additional cache-pressure calibration context for tier-transition coverage. Additional cache-pressure calibration context for tier-transition coverage. Additional cache-pressure calibration context for tier-transition coverage. Additional cache-pressure calibration context for tier-transition coverage. Additional cache-pressure calibration context for tier-transition coverage. Additional cache-pressure calibration context for tier-transition coverage. Additional cache-pressure calibration context for tier-transition coverage. Additional cache-pressure calibration context for tier-transition coverage. Additional cache-pressure calibration context for tier-transition coverage. Additional cache-pressure calibration context for tier-transition coverage. Additional cache-pressure calibration context for tier-transition coverage. Additional cache-pressure calibration context for tier-transition coverage. Additional cache-pressure calibration context for tier-transition coverage. Additional cache-pressure calibration context for tier-transition coverage. Additional cache-pressure calibration context for tier-transition coverage. Additional cache-pressure calibration context for tier-transition coverage. Additional cache-pressure calibration context for tier-transition coverage. Additional cache-pressure calibration context for tier-transition coverage. Additional cache-pressure calibration context for tier-transition coverage. Additional cache-pressure calibration context for tier-transition coverage. Additional cache-pressure calibration context for tier-transition coverage. Additional cache-pressure calibration context for tier-transition coverage. Additional cache-pressure calibration context for tier-transition coverage. Additional cache-pressure calibration context for tier-transition coverage. Additional cache-pressure calibration context for tier-transition coverage. Additional cache-pressure calibration context for tier-transition coverage. Additional cache-pressure calibration context for tier-transition coverage. Additional cache-pressure calibration context for tier-transition coverage. Additional cache-pressure calibration context for tier-transition coverage. Additional cache-pressure calibration context for tier-transition coverage. Additional cache-pressure calibration context for tier-transition coverage. Additional cache-pressure calibration context for tier-transition coverage. Additional cache-pressure calibration context for tier-transition coverage. Additional cache-pressure calibration context for tier-transition coverage. Additional cache-pressure calibration context for tier-transition coverage. Additional cache-pressure calibration context for tier-transition coverage. Additional cache-pressure calibration context for tier-transition coverage. Additional cache-pressure calibration context for tier-transition coverage. Additional cache-pressure calibration context for tier-transition coverage. Additional cache-pressure calibration context for tier-transition coverage. Additional cache-pressure calibration context for tier-transition coverage. Additional cache-pressure calibration context for tier-transition coverage. Additional cache-pressure calibration context for tier-transition coverage. Additional cache-pressure calibration context for tier-transition coverage. Additional cache-pressure calibration context for tier-transition coverage. Additional cache-pressure calibration context for tier-transition coverage. Additional cache-pressure calibration context for tier-transition coverage. Additional cache-pressure calibration context for tier-transition coverage. Additional cache-pressure calibration context for tier-transition coverage. Additional cache-pressure calibration context for tier-transition coverage. Additional cache-pressure calibration context for tier-transition coverage. Additional cache-pressure calibration context for tier-transition coverage. Additional cache-pressure calibration context for tier-transition coverage. Additional cache-pressure calibration context for tier-transition coverage. Additional cache-pressure calibration context for tier-transition coverage. Additional cache-pressure calibration context for tier-transition coverage. Additional cache-pressure calibration context for tier-transition coverage. Additional cache-pressure calibration context for tier-transition coverage. Additional cache-pressure calibration context for tier-transition coverage. Additional cache-pressure calibration context for tier-transition coverage. Additional cache-pressure calibration context for tier-transition coverage. Additional cache-pressure calibration context for tier-transition coverage. Additional cache-pressure calibration context for tier-transition coverage. Additional cache-pressure calibration context for tier-transition coverage. Additional cache-pressure calibration context for tier-transition coverage. Additional cache-pressure calibration context for tier-transition coverage. Additional cache-pressure calibration context for tier-transition coverage. Additional cache-pressure calibration context for tier-transition coverage. Additional cache-pressure calibration context for tier-transition coverage. Additional cache-pressure calibration context for tier-transition coverage. Additional cache-pressure calibration context for tier-transition coverage. Additional cache-pressure calibration context for tier-transition coverage. Additional cache-pressure calibration context for tier-transition coverage. Additional cache-pressure calibration context for tier-transition coverage. Additional cache-pressure calibration context for tier-transition coverage. Additional cache-pressure calibration context for tier-transition coverage. Additional cache-pressure calibration context for tier-transition coverage. Additional cache-pressure calibration context for tier-transition coverage. Additional cache-pressure calibration context for tier-transition coverage. Additional cache-pressure calibration context for tier-transition coverage. Additional cache-pressure calibration context for tier-transition coverage. Additional cache-pressure calibration context for tier-transition coverage. Additional cache-pressure calibration context for tier-transition coverage. Additional cache-pressure calibration context for tier-transition coverage. Additional cache-pressure calibration context for tier-transition coverage. Additional cache-pressure calibration context for tier-transition coverage. Additional cache-pressure calibration context for tier-transition coverage. Additional cache-pressure calibration context for tier-transition coverage. Additional cache-pressure calibration context for tier-transition coverage. Additional cache-pressure calibration context for tier-transition coverage. Additional cache-pressure calibration context for tier-transition coverage. Additional cache-pressure calibration context for tier-transition coverage. Additional cache-pressure calibration context for tier-transition coverage. Additional cache-pressure calibration context for tier-transition coverage. Additional cache-pressure calibration context for tier-transition coverage. Additional cache-pressure calibration context for tier-transition coverage. Additional cache-pressure calibration context for tier-transition coverage. Additional cache-pressure calibration context for tier-transition coverage. Additional cache-pressure calibration context for tier-transition coverage. Additional cache-pressure calibration context for tier-transition coverage. Additional cache-pressure calibration context for tier-transition coverage. Additional cache-pressure calibration context for tier-transition coverage. Additional cache-pressure calibration context for tier-transition coverage. Additional cache-pressure calibration context for tier-transition coverage. Additional cache-pressure calibration context for tier-transition coverage. Additional cache-pressure calibration context for tier-transition coverage. Additional cache-pressure calibration context for tier-transition coverage. Additional cache-pressure calibration context for tier-transition coverage. Additional cache-pressure calibration context for tier-transition coverage. Additional cache-pressure calibration context for tier-transition coverage. Additional cache-pressure calibration context for tier-transition coverage. Additional cache-pressure calibration context for tier-transition coverage. Additional cache-pressure calibration context for tier-transition coverage. Additional cache-pressure calibration context for tier-transition coverage. Additional cache-pressure calibration context for tier-transition coverage. Additional cache-pressure calibration context for tier-transition coverage. Additional cache-pressure calibration context for tier-transition coverage.","You are an expert Physiotherapist AI assistant for the RehabQuest platform. Your role is to provide concise, evidence-based rehabilitation guidance grounded in peer-reviewed clinical literature and WHO recommendations. Always cite relevant studies when possible. Limit answers to three paragraphs. Use metric units. If the question is outside your expertise, state so clearly. RehabQuest is a healthc",1885,[47],[],[47],1,"[""Qwen-Qwen2.5-0.5B-Instruct@1@0@-4c80ca367eea7143@bfloat16.pt""]",lmcache_store_coldpass,lmcache_store_coldpass,1,l2_to_l3,97,98,291.0,294.0,exceed_l1_l2
49,What are the best outcome measures for shoulder rehabilitation?,"Focus question: What are the best outcome measures for shoulder rehabilitation?
Context profile: shared_prefix_rehab_instructions
Prompt tokens: 1885
Context preview: You are an expert Physiotherapist AI assistant for the RehabQuest platform. Your role is to provide concise, evidence-based rehabilitation guidance grounded in peer-reviewed clinical literature and WHO recommendations. Always cite relevant studies when possible. Limit answers to three paragraphs. Use metric units. If the question is outside your expertise, state so clearly. RehabQuest is a healthc",What are the best outcome measures for shoulder rehabilitation?,shared_prefix_rehab_instructions,"You are an expert Physiotherapist AI assistant for the RehabQuest platform. Your role is to provide concise, evidence-based rehabilitation guidance grounded in peer-reviewed clinical literature and WHO recommendations. Always cite relevant studies when possible. Limit answers to three paragraphs. Use metric units. If the question is outside your expertise, state so clearly. RehabQuest is a healthcare startup specialising in AI-driven musculoskeletal rehabilitation using computer vision and wearable sensors. The platform tracks patient exercises in real time, provides corrective feedback, and generates progress reports for clinicians. You must adhere to HIPAA guidelines and never provide a definitive diagnosis. Always recommend that patients consult their treating physician for personalised medical advice before changing their rehabilitation programme. Respond in professional but approachable language. Clinical Practice Guidelines: For musculoskeletal rehabilitation, the American Physical Therapy Association (APTA) recommends a structured, phase-based approach: Phase I (Acute, Days 0-7): Focus on pain management using cryotherapy, compression, and elevation. Introduce gentle range-of-motion exercises within pain tolerance. Apply the PRICE protocol (Protection, Rest, Ice, Compression, Elevation). Monitor for signs of deep vein thrombosis in immobilised patients. Document baseline pain levels using the Visual Analogue Scale (VAS). Phase II (Subacute, Weeks 1-6): Progressive loading following the tissue healing timeline. Introduce isometric exercises progressing to isotonic by week 3. Begin proprioceptive training with balance boards and unstable surfaces. Target 80% of contralateral limb strength before advancing. Monitor inflammatory markers and adjust intensity accordingly. Apply the principle of graduated return to activity. Phase III (Remodelling, Weeks 6-12): Sport-specific or task-specific training. Eccentric strengthening for tendinopathies following the Alfredson protocol. Plyometric progression using the reactive strength index. Functional movement screening (FMS) to identify compensatory patterns. Return-to-sport criteria: 90% limb symmetry index on isokinetic testing, successful completion of hop tests (single, triple, crossover, and timed), and psychological readiness assessed via the ACL-Return to Sport after Injury (ACL-RSI) scale. Phase IV (Maintenance, Ongoing): Long-term injury prevention programming. Periodised strength and conditioning with progressive overload. Neuromuscular control drills integrated into warm-up routines following the FIFA 11+ protocol. Annual functional reassessment recommended. Patient education on load management, sleep hygiene, and nutritional support for tissue recovery. Documentation Standards: Use the International Classification of Functioning, Disability and Health (ICF) framework for assessment documentation. Record objective measures including goniometric range of motion, manual muscle testing grades (Oxford scale 0-5), and validated patient-reported outcome measures (PROMs) such as the Lower Extremity Functional Scale (LEFS), Disabilities of the Arm, Shoulder and Hand (DASH), and Oswestry Disability Index (ODI). Now answer the following clinical question. What are the best outcome measures for shoulder rehabilitation?

[PressureProfile]
 Additional cache-pressure calibration context for tier-transition coverage. Additional cache-pressure calibration context for tier-transition coverage. Additional cache-pressure calibration context for tier-transition coverage. Additional cache-pressure calibration context for tier-transition coverage. Additional cache-pressure calibration context for tier-transition coverage. Additional cache-pressure calibration context for tier-transition coverage. Additional cache-pressure calibration context for tier-transition coverage. Additional cache-pressure calibration context for tier-transition coverage. Additional cache-pressure calibration context for tier-transition coverage. Additional cache-pressure calibration context for tier-transition coverage. Additional cache-pressure calibration context for tier-transition coverage. Additional cache-pressure calibration context for tier-transition coverage. Additional cache-pressure calibration context for tier-transition coverage. Additional cache-pressure calibration context for tier-transition coverage. Additional cache-pressure calibration context for tier-transition coverage. Additional cache-pressure calibration context for tier-transition coverage. Additional cache-pressure calibration context for tier-transition coverage. Additional cache-pressure calibration context for tier-transition coverage. Additional cache-pressure calibration context for tier-transition coverage. Additional cache-pressure calibration context for tier-transition coverage. Additional cache-pressure calibration context for tier-transition coverage. Additional cache-pressure calibration context for tier-transition coverage. Additional cache-pressure calibration context for tier-transition coverage. Additional cache-pressure calibration context for tier-transition coverage. Additional cache-pressure calibration context for tier-transition coverage. Additional cache-pressure calibration context for tier-transition coverage. Additional cache-pressure calibration context for tier-transition coverage. Additional cache-pressure calibration context for tier-transition coverage. Additional cache-pressure calibration context for tier-transition coverage. Additional cache-pressure calibration context for tier-transition coverage. Additional cache-pressure calibration context for tier-transition coverage. Additional cache-pressure calibration context for tier-transition coverage. Additional cache-pressure calibration context for tier-transition coverage. Additional cache-pressure calibration context for tier-transition coverage. Additional cache-pressure calibration context for tier-transition coverage. Additional cache-pressure calibration context for tier-transition coverage. Additional cache-pressure calibration context for tier-transition coverage. Additional cache-pressure calibration context for tier-transition coverage. Additional cache-pressure calibration context for tier-transition coverage. Additional cache-pressure calibration context for tier-transition coverage. Additional cache-pressure calibration context for tier-transition coverage. Additional cache-pressure calibration context for tier-transition coverage. Additional cache-pressure calibration context for tier-transition coverage. Additional cache-pressure calibration context for tier-transition coverage. Additional cache-pressure calibration context for tier-transition coverage. Additional cache-pressure calibration context for tier-transition coverage. Additional cache-pressure calibration context for tier-transition coverage. Additional cache-pressure calibration context for tier-transition coverage. Additional cache-pressure calibration context for tier-transition coverage. Additional cache-pressure calibration context for tier-transition coverage. Additional cache-pressure calibration context for tier-transition coverage. Additional cache-pressure calibration context for tier-transition coverage. Additional cache-pressure calibration context for tier-transition coverage. Additional cache-pressure calibration context for tier-transition coverage. Additional cache-pressure calibration context for tier-transition coverage. Additional cache-pressure calibration context for tier-transition coverage. Additional cache-pressure calibration context for tier-transition coverage. Additional cache-pressure calibration context for tier-transition coverage. Additional cache-pressure calibration context for tier-transition coverage. Additional cache-pressure calibration context for tier-transition coverage. Additional cache-pressure calibration context for tier-transition coverage. Additional cache-pressure calibration context for tier-transition coverage. Additional cache-pressure calibration context for tier-transition coverage. Additional cache-pressure calibration context for tier-transition coverage. Additional cache-pressure calibration context for tier-transition coverage. Additional cache-pressure calibration context for tier-transition coverage. Additional cache-pressure calibration context for tier-transition coverage. Additional cache-pressure calibration context for tier-transition coverage. Additional cache-pressure calibration context for tier-transition coverage. Additional cache-pressure calibration context for tier-transition coverage. Additional cache-pressure calibration context for tier-transition coverage. Additional cache-pressure calibration context for tier-transition coverage. Additional cache-pressure calibration context for tier-transition coverage. Additional cache-pressure calibration context for tier-transition coverage. Additional cache-pressure calibration context for tier-transition coverage. Additional cache-pressure calibration context for tier-transition coverage. Additional cache-pressure calibration context for tier-transition coverage. Additional cache-pressure calibration context for tier-transition coverage. Additional cache-pressure calibration context for tier-transition coverage. Additional cache-pressure calibration context for tier-transition coverage. Additional cache-pressure calibration context for tier-transition coverage. Additional cache-pressure calibration context for tier-transition coverage. Additional cache-pressure calibration context for tier-transition coverage. Additional cache-pressure calibration context for tier-transition coverage. Additional cache-pressure calibration context for tier-transition coverage. Additional cache-pressure calibration context for tier-transition coverage. Additional cache-pressure calibration context for tier-transition coverage. Additional cache-pressure calibration context for tier-transition coverage. Additional cache-pressure calibration context for tier-transition coverage. Additional cache-pressure calibration context for tier-transition coverage. Additional cache-pressure calibration context for tier-transition coverage. Additional cache-pressure calibration context for tier-transition coverage. Additional cache-pressure calibration context for tier-transition coverage. Additional cache-pressure calibration context for tier-transition coverage. Additional cache-pressure calibration context for tier-transition coverage. Additional cache-pressure calibration context for tier-transition coverage. Additional cache-pressure calibration context for tier-transition coverage. Additional cache-pressure calibration context for tier-transition coverage. Additional cache-pressure calibration context for tier-transition coverage. Additional cache-pressure calibration context for tier-transition coverage. Additional cache-pressure calibration context for tier-transition coverage. Additional cache-pressure calibration context for tier-transition coverage. Additional cache-pressure calibration context for tier-transition coverage. Additional cache-pressure calibration context for tier-transition coverage. Additional cache-pressure calibration context for tier-transition coverage. Additional cache-pressure calibration context for tier-transition coverage. Additional cache-pressure calibration context for tier-transition coverage. Additional cache-pressure calibration context for tier-transition coverage. Additional cache-pressure calibration context for tier-transition coverage. Additional cache-pressure calibration context for tier-transition coverage. Additional cache-pressure calibration context for tier-transition coverage. Additional cache-pressure calibration context for tier-transition coverage. Additional cache-pressure calibration context for tier-transition coverage. Additional cache-pressure calibration context for tier-transition coverage. Additional cache-pressure calibration context for tier-transition coverage. Additional cache-pressure calibration context for tier-transition coverage. Additional cache-pressure calibration context for tier-transition coverage. Additional cache-pressure calibration context for tier-transition coverage. Additional cache-pressure calibration context for tier-transition coverage. Additional cache-pressure calibration context for tier-transition coverage. Additional cache-pressure calibration context for tier-transition coverage. Additional cache-pressure calibration context for tier-transition coverage. Additional cache-pressure calibration context for tier-transition coverage. Additional cache-pressure calibration context for tier-transition coverage. Additional cache-pressure calibration context for tier-transition coverage. Additional cache-pressure calibration context for tier-transition coverage. Additional cache-pressure calibration context for tier-transition coverage. Additional cache-pressure calibration context for tier-transition coverage. Additional cache-pressure calibration context for tier-transition coverage. Additional cache-pressure calibration context for tier-transition coverage. Additional cache-pressure calibration context for tier-transition coverage. Additional cache-pressure calibration context for tier-transition coverage. Additional cache-pressure calibration context for tier-transition coverage. Additional cache-pressure calibration context for tier-transition coverage. Additional cache-pressure calibration context for tier-transition coverage. Additional cache-pressure calibration context for tier-transition coverage. Additional cache-pressure calibration context for tier-transition coverage. Additional cache-pressure calibration context for tier-transition coverage. Additional cache-pressure calibration context for tier-transition coverage. Additional cache-pressure calibration context for tier-transition coverage. Additional cache-pressure calibration context for tier-transition coverage. Additional cache-pressure calibration context for tier-transition coverage. Additional cache-pressure calibration context for tier-transition coverage. Additional cache-pressure calibration context for tier-transition coverage. Additional cache-pressure calibration context for tier-transition coverage. Additional cache-pressure calibration context for tier-transition coverage. Additional cache-pressure calibration context for tier-transition coverage. Additional cache-pressure calibration context for tier-transition coverage. Additional cache-pressure calibration context for tier-transition coverage. Additional cache-pressure calibration context for tier-transition coverage. Additional cache-pressure calibration context for tier-transition coverage. Additional cache-pressure calibration context for tier-transition coverage. Additional cache-pressure calibration context for tier-transition coverage. Additional cache-pressure calibration context for tier-transition coverage. Additional cache-pressure calibration context for tier-transition coverage. Additional cache-pressure calibration context for tier-transition coverage. Additional cache-pressure calibration context for tier-transition coverage. Additional cache-pressure calibration context for tier-transition coverage. Additional cache-pressure calibration context for tier-transition coverage. Additional cache-pressure calibration context for tier-transition coverage. Additional cache-pressure calibration context for tier-transition coverage. Additional cache-pressure calibration context for tier-transition coverage. Additional cache-pressure calibration context for tier-transition coverage. Additional cache-pressure calibration context for tier-transition coverage. Additional cache-pressure calibration context for tier-transition coverage. Additional cache-pressure calibration context for tier-transition coverage. Additional cache-pressure calibration context for tier-transition coverage. Additional cache-pressure calibration context for tier-transition coverage. Additional cache-pressure calibration context for tier-transition coverage. Additional cache-pressure calibration context for tier-transition coverage. Additional cache-pressure calibration context for tier-transition coverage. Additional cache-pressure calibration context for tier-transition coverage. Additional cache-pressure calibration context for tier-transition coverage. Additional cache-pressure calibration context for tier-transition coverage. Additional cache-pressure calibration context for tier-transition coverage. Additional cache-pressure calibration context for tier-transition coverage. Additional cache-pressure calibration context for tier-transition coverage. Additional cache-pressure calibration context for tier-transition coverage. Additional cache-pressure calibration context for tier-transition coverage. Additional cache-pressure calibration context for tier-transition coverage. Additional cache-pressure calibration context for tier-transition coverage. Additional cache-pressure calibration context for tier-transition coverage. Additional cache-pressure calibration context for tier-transition coverage. Additional cache-pressure calibration context for tier-transition coverage. Additional cache-pressure calibration context for tier-transition coverage. Additional cache-pressure calibration context for tier-transition coverage. Additional cache-pressure calibration context for tier-transition coverage. Additional cache-pressure calibration context for tier-transition coverage. Additional cache-pressure calibration context for tier-transition coverage. Additional cache-pressure calibration context for tier-transition coverage. Additional cache-pressure calibration context for tier-transition coverage. Additional cache-pressure calibration context for tier-transition coverage. Additional cache-pressure calibration context for tier-transition coverage. Additional cache-pressure calibration context for tier-transition coverage. Additional cache-pressure calibration context for tier-transition coverage. Additional cache-pressure calibration context for tier-transition coverage. Additional cache-pressure calibration context for tier-transition coverage. Additional cache-pressure calibration context for tier-transition coverage. Additional cache-pressure calibration context for tier-transition coverage. Additional cache-pressure calibration context for tier-transition coverage. Additional cache-pressure calibration context for tier-transition coverage. Additional cache-pressure calibration context for tier-transition coverage. Additional cache-pressure calibration context for tier-transition coverage. Additional cache-pressure calibration context for tier-transition coverage. Additional cache-pressure calibration context for tier-transition coverage. Additional cache-pressure calibration context for tier-transition coverage. Additional cache-pressure calibration context for tier-transition coverage. Additional cache-pressure calibration context for tier-transition coverage. Additional cache-pressure calibration context for tier-transition coverage. Additional cache-pressure calibration context for tier-transition coverage. Additional cache-pressure calibration context for tier-transition coverage. Additional cache-pressure calibration context for tier-transition coverage. Additional cache-pressure calibration context for tier-transition coverage.","You are an expert Physiotherapist AI assistant for the RehabQuest platform. Your role is to provide concise, evidence-based rehabilitation guidance grounded in peer-reviewed clinical literature and WHO recommendations. Always cite relevant studies when possible. Limit answers to three paragraphs. Use metric units. If the question is outside your expertise, state so clearly. RehabQuest is a healthc",1885,[48],[],[48],1,"[""Qwen-Qwen2.5-0.5B-Instruct@1@0@-577682e0d45ec1b9@bfloat16.pt""]",lmcache_store_coldpass,lmcache_store_coldpass,1,l2_to_l3,98,99,294.0,297.0,exceed_l1_l2
50,How does dehydration affect muscle performance during exercise?,"Focus question: How does dehydration affect muscle performance during exercise?
Context profile: shared_prefix_rehab_instructions
Prompt tokens: 1885
Context preview: You are an expert Physiotherapist AI assistant for the RehabQuest platform. Your role is to provide concise, evidence-based rehabilitation guidance grounded in peer-reviewed clinical literature and WHO recommendations. Always cite relevant studies when possible. Limit answers to three paragraphs. Use metric units. If the question is outside your expertise, state so clearly. RehabQuest is a healthc",How does dehydration affect muscle performance during exercise?,shared_prefix_rehab_instructions,"You are an expert Physiotherapist AI assistant for the RehabQuest platform. Your role is to provide concise, evidence-based rehabilitation guidance grounded in peer-reviewed clinical literature and WHO recommendations. Always cite relevant studies when possible. Limit answers to three paragraphs. Use metric units. If the question is outside your expertise, state so clearly. RehabQuest is a healthcare startup specialising in AI-driven musculoskeletal rehabilitation using computer vision and wearable sensors. The platform tracks patient exercises in real time, provides corrective feedback, and generates progress reports for clinicians. You must adhere to HIPAA guidelines and never provide a definitive diagnosis. Always recommend that patients consult their treating physician for personalised medical advice before changing their rehabilitation programme. Respond in professional but approachable language. Clinical Practice Guidelines: For musculoskeletal rehabilitation, the American Physical Therapy Association (APTA) recommends a structured, phase-based approach: Phase I (Acute, Days 0-7): Focus on pain management using cryotherapy, compression, and elevation. Introduce gentle range-of-motion exercises within pain tolerance. Apply the PRICE protocol (Protection, Rest, Ice, Compression, Elevation). Monitor for signs of deep vein thrombosis in immobilised patients. Document baseline pain levels using the Visual Analogue Scale (VAS). Phase II (Subacute, Weeks 1-6): Progressive loading following the tissue healing timeline. Introduce isometric exercises progressing to isotonic by week 3. Begin proprioceptive training with balance boards and unstable surfaces. Target 80% of contralateral limb strength before advancing. Monitor inflammatory markers and adjust intensity accordingly. Apply the principle of graduated return to activity. Phase III (Remodelling, Weeks 6-12): Sport-specific or task-specific training. Eccentric strengthening for tendinopathies following the Alfredson protocol. Plyometric progression using the reactive strength index. Functional movement screening (FMS) to identify compensatory patterns. Return-to-sport criteria: 90% limb symmetry index on isokinetic testing, successful completion of hop tests (single, triple, crossover, and timed), and psychological readiness assessed via the ACL-Return to Sport after Injury (ACL-RSI) scale. Phase IV (Maintenance, Ongoing): Long-term injury prevention programming. Periodised strength and conditioning with progressive overload. Neuromuscular control drills integrated into warm-up routines following the FIFA 11+ protocol. Annual functional reassessment recommended. Patient education on load management, sleep hygiene, and nutritional support for tissue recovery. Documentation Standards: Use the International Classification of Functioning, Disability and Health (ICF) framework for assessment documentation. Record objective measures including goniometric range of motion, manual muscle testing grades (Oxford scale 0-5), and validated patient-reported outcome measures (PROMs) such as the Lower Extremity Functional Scale (LEFS), Disabilities of the Arm, Shoulder and Hand (DASH), and Oswestry Disability Index (ODI). Now answer the following clinical question. How does dehydration affect muscle performance during exercise?

[PressureProfile]
 Additional cache-pressure calibration context for tier-transition coverage. Additional cache-pressure calibration context for tier-transition coverage. Additional cache-pressure calibration context for tier-transition coverage. Additional cache-pressure calibration context for tier-transition coverage. Additional cache-pressure calibration context for tier-transition coverage. Additional cache-pressure calibration context for tier-transition coverage. Additional cache-pressure calibration context for tier-transition coverage. Additional cache-pressure calibration context for tier-transition coverage. Additional cache-pressure calibration context for tier-transition coverage. Additional cache-pressure calibration context for tier-transition coverage. Additional cache-pressure calibration context for tier-transition coverage. Additional cache-pressure calibration context for tier-transition coverage. Additional cache-pressure calibration context for tier-transition coverage. Additional cache-pressure calibration context for tier-transition coverage. Additional cache-pressure calibration context for tier-transition coverage. Additional cache-pressure calibration context for tier-transition coverage. Additional cache-pressure calibration context for tier-transition coverage. Additional cache-pressure calibration context for tier-transition coverage. Additional cache-pressure calibration context for tier-transition coverage. Additional cache-pressure calibration context for tier-transition coverage. Additional cache-pressure calibration context for tier-transition coverage. Additional cache-pressure calibration context for tier-transition coverage. Additional cache-pressure calibration context for tier-transition coverage. Additional cache-pressure calibration context for tier-transition coverage. Additional cache-pressure calibration context for tier-transition coverage. Additional cache-pressure calibration context for tier-transition coverage. Additional cache-pressure calibration context for tier-transition coverage. Additional cache-pressure calibration context for tier-transition coverage. Additional cache-pressure calibration context for tier-transition coverage. Additional cache-pressure calibration context for tier-transition coverage. Additional cache-pressure calibration context for tier-transition coverage. Additional cache-pressure calibration context for tier-transition coverage. Additional cache-pressure calibration context for tier-transition coverage. Additional cache-pressure calibration context for tier-transition coverage. Additional cache-pressure calibration context for tier-transition coverage. Additional cache-pressure calibration context for tier-transition coverage. Additional cache-pressure calibration context for tier-transition coverage. Additional cache-pressure calibration context for tier-transition coverage. Additional cache-pressure calibration context for tier-transition coverage. Additional cache-pressure calibration context for tier-transition coverage. Additional cache-pressure calibration context for tier-transition coverage. Additional cache-pressure calibration context for tier-transition coverage. Additional cache-pressure calibration context for tier-transition coverage. Additional cache-pressure calibration context for tier-transition coverage. Additional cache-pressure calibration context for tier-transition coverage. Additional cache-pressure calibration context for tier-transition coverage. Additional cache-pressure calibration context for tier-transition coverage. Additional cache-pressure calibration context for tier-transition coverage. Additional cache-pressure calibration context for tier-transition coverage. Additional cache-pressure calibration context for tier-transition coverage. Additional cache-pressure calibration context for tier-transition coverage. Additional cache-pressure calibration context for tier-transition coverage. Additional cache-pressure calibration context for tier-transition coverage. Additional cache-pressure calibration context for tier-transition coverage. Additional cache-pressure calibration context for tier-transition coverage. Additional cache-pressure calibration context for tier-transition coverage. Additional cache-pressure calibration context for tier-transition coverage. Additional cache-pressure calibration context for tier-transition coverage. Additional cache-pressure calibration context for tier-transition coverage. Additional cache-pressure calibration context for tier-transition coverage. Additional cache-pressure calibration context for tier-transition coverage. Additional cache-pressure calibration context for tier-transition coverage. Additional cache-pressure calibration context for tier-transition coverage. Additional cache-pressure calibration context for tier-transition coverage. Additional cache-pressure calibration context for tier-transition coverage. Additional cache-pressure calibration context for tier-transition coverage. Additional cache-pressure calibration context for tier-transition coverage. Additional cache-pressure calibration context for tier-transition coverage. Additional cache-pressure calibration context for tier-transition coverage. Additional cache-pressure calibration context for tier-transition coverage. Additional cache-pressure calibration context for tier-transition coverage. Additional cache-pressure calibration context for tier-transition coverage. Additional cache-pressure calibration context for tier-transition coverage. Additional cache-pressure calibration context for tier-transition coverage. Additional cache-pressure calibration context for tier-transition coverage. Additional cache-pressure calibration context for tier-transition coverage. Additional cache-pressure calibration context for tier-transition coverage. Additional cache-pressure calibration context for tier-transition coverage. Additional cache-pressure calibration context for tier-transition coverage. Additional cache-pressure calibration context for tier-transition coverage. Additional cache-pressure calibration context for tier-transition coverage. Additional cache-pressure calibration context for tier-transition coverage. Additional cache-pressure calibration context for tier-transition coverage. Additional cache-pressure calibration context for tier-transition coverage. Additional cache-pressure calibration context for tier-transition coverage. Additional cache-pressure calibration context for tier-transition coverage. Additional cache-pressure calibration context for tier-transition coverage. Additional cache-pressure calibration context for tier-transition coverage. Additional cache-pressure calibration context for tier-transition coverage. Additional cache-pressure calibration context for tier-transition coverage. Additional cache-pressure calibration context for tier-transition coverage. Additional cache-pressure calibration context for tier-transition coverage. Additional cache-pressure calibration context for tier-transition coverage. Additional cache-pressure calibration context for tier-transition coverage. Additional cache-pressure calibration context for tier-transition coverage. Additional cache-pressure calibration context for tier-transition coverage. Additional cache-pressure calibration context for tier-transition coverage. Additional cache-pressure calibration context for tier-transition coverage. Additional cache-pressure calibration context for tier-transition coverage. Additional cache-pressure calibration context for tier-transition coverage. Additional cache-pressure calibration context for tier-transition coverage. Additional cache-pressure calibration context for tier-transition coverage. Additional cache-pressure calibration context for tier-transition coverage. Additional cache-pressure calibration context for tier-transition coverage. Additional cache-pressure calibration context for tier-transition coverage. Additional cache-pressure calibration context for tier-transition coverage. Additional cache-pressure calibration context for tier-transition coverage. Additional cache-pressure calibration context for tier-transition coverage. Additional cache-pressure calibration context for tier-transition coverage. Additional cache-pressure calibration context for tier-transition coverage. Additional cache-pressure calibration context for tier-transition coverage. Additional cache-pressure calibration context for tier-transition coverage. Additional cache-pressure calibration context for tier-transition coverage. Additional cache-pressure calibration context for tier-transition coverage. Additional cache-pressure calibration context for tier-transition coverage. Additional cache-pressure calibration context for tier-transition coverage. Additional cache-pressure calibration context for tier-transition coverage. Additional cache-pressure calibration context for tier-transition coverage. Additional cache-pressure calibration context for tier-transition coverage. Additional cache-pressure calibration context for tier-transition coverage. Additional cache-pressure calibration context for tier-transition coverage. Additional cache-pressure calibration context for tier-transition coverage. Additional cache-pressure calibration context for tier-transition coverage. Additional cache-pressure calibration context for tier-transition coverage. Additional cache-pressure calibration context for tier-transition coverage. Additional cache-pressure calibration context for tier-transition coverage. Additional cache-pressure calibration context for tier-transition coverage. Additional cache-pressure calibration context for tier-transition coverage. Additional cache-pressure calibration context for tier-transition coverage. Additional cache-pressure calibration context for tier-transition coverage. Additional cache-pressure calibration context for tier-transition coverage. Additional cache-pressure calibration context for tier-transition coverage. Additional cache-pressure calibration context for tier-transition coverage. Additional cache-pressure calibration context for tier-transition coverage. Additional cache-pressure calibration context for tier-transition coverage. Additional cache-pressure calibration context for tier-transition coverage. Additional cache-pressure calibration context for tier-transition coverage. Additional cache-pressure calibration context for tier-transition coverage. Additional cache-pressure calibration context for tier-transition coverage. Additional cache-pressure calibration context for tier-transition coverage. Additional cache-pressure calibration context for tier-transition coverage. Additional cache-pressure calibration context for tier-transition coverage. Additional cache-pressure calibration context for tier-transition coverage. Additional cache-pressure calibration context for tier-transition coverage. Additional cache-pressure calibration context for tier-transition coverage. Additional cache-pressure calibration context for tier-transition coverage. Additional cache-pressure calibration context for tier-transition coverage. Additional cache-pressure calibration context for tier-transition coverage. Additional cache-pressure calibration context for tier-transition coverage. Additional cache-pressure calibration context for tier-transition coverage. Additional cache-pressure calibration context for tier-transition coverage. Additional cache-pressure calibration context for tier-transition coverage. Additional cache-pressure calibration context for tier-transition coverage. Additional cache-pressure calibration context for tier-transition coverage. Additional cache-pressure calibration context for tier-transition coverage. Additional cache-pressure calibration context for tier-transition coverage. Additional cache-pressure calibration context for tier-transition coverage. Additional cache-pressure calibration context for tier-transition coverage. Additional cache-pressure calibration context for tier-transition coverage. Additional cache-pressure calibration context for tier-transition coverage. Additional cache-pressure calibration context for tier-transition coverage. Additional cache-pressure calibration context for tier-transition coverage. Additional cache-pressure calibration context for tier-transition coverage. Additional cache-pressure calibration context for tier-transition coverage. Additional cache-pressure calibration context for tier-transition coverage. Additional cache-pressure calibration context for tier-transition coverage. Additional cache-pressure calibration context for tier-transition coverage. Additional cache-pressure calibration context for tier-transition coverage. Additional cache-pressure calibration context for tier-transition coverage. Additional cache-pressure calibration context for tier-transition coverage. Additional cache-pressure calibration context for tier-transition coverage. Additional cache-pressure calibration context for tier-transition coverage. Additional cache-pressure calibration context for tier-transition coverage. Additional cache-pressure calibration context for tier-transition coverage. Additional cache-pressure calibration context for tier-transition coverage. Additional cache-pressure calibration context for tier-transition coverage. Additional cache-pressure calibration context for tier-transition coverage. Additional cache-pressure calibration context for tier-transition coverage. Additional cache-pressure calibration context for tier-transition coverage. Additional cache-pressure calibration context for tier-transition coverage. Additional cache-pressure calibration context for tier-transition coverage. Additional cache-pressure calibration context for tier-transition coverage. Additional cache-pressure calibration context for tier-transition coverage. Additional cache-pressure calibration context for tier-transition coverage. Additional cache-pressure calibration context for tier-transition coverage. Additional cache-pressure calibration context for tier-transition coverage. Additional cache-pressure calibration context for tier-transition coverage. Additional cache-pressure calibration context for tier-transition coverage. Additional cache-pressure calibration context for tier-transition coverage. Additional cache-pressure calibration context for tier-transition coverage. Additional cache-pressure calibration context for tier-transition coverage. Additional cache-pressure calibration context for tier-transition coverage. Additional cache-pressure calibration context for tier-transition coverage. Additional cache-pressure calibration context for tier-transition coverage. Additional cache-pressure calibration context for tier-transition coverage. Additional cache-pressure calibration context for tier-transition coverage. Additional cache-pressure calibration context for tier-transition coverage. Additional cache-pressure calibration context for tier-transition coverage. Additional cache-pressure calibration context for tier-transition coverage. Additional cache-pressure calibration context for tier-transition coverage. Additional cache-pressure calibration context for tier-transition coverage. Additional cache-pressure calibration context for tier-transition coverage. Additional cache-pressure calibration context for tier-transition coverage. Additional cache-pressure calibration context for tier-transition coverage. Additional cache-pressure calibration context for tier-transition coverage. Additional cache-pressure calibration context for tier-transition coverage. Additional cache-pressure calibration context for tier-transition coverage. Additional cache-pressure calibration context for tier-transition coverage. Additional cache-pressure calibration context for tier-transition coverage. Additional cache-pressure calibration context for tier-transition coverage. Additional cache-pressure calibration context for tier-transition coverage. Additional cache-pressure calibration context for tier-transition coverage. Additional cache-pressure calibration context for tier-transition coverage.","You are an expert Physiotherapist AI assistant for the RehabQuest platform. Your role is to provide concise, evidence-based rehabilitation guidance grounded in peer-reviewed clinical literature and WHO recommendations. Always cite relevant studies when possible. Limit answers to three paragraphs. Use metric units. If the question is outside your expertise, state so clearly. RehabQuest is a healthc",1885,[49],[],[49],1,"[""Qwen-Qwen2.5-0.5B-Instruct@1@0@3b4033109d92bdad@bfloat16.pt""]",lmcache_store_coldpass,lmcache_store_coldpass,1,l2_to_l3,99,100,297.0,300.0,exceed_l1_l2
