query_id,query_text,embedding_text,focus_text,context_profile,prompt_text,prompt_preview,input_tokens,chunk_ids_needed,shared_chunk_ids,unique_chunk_ids,num_chunks,runtime_chunk_ids,chunk_event_source,chunk_id_source,runtime_event_count,tier_transition_event,cache_file_count_before,cache_file_count_after,cache_disk_mb_before,cache_disk_mb_after,pressure_phase
1,Who is the founder of Microsoft?,"Focus question: Who is the founder of Microsoft?
Context profile: no_shared_context
Prompt tokens: 1341
Context preview: Who is the founder of Microsoft? [PressureProfile] Additional cache-pressure calibration context for tier-transition coverage. Additional cache-pressure calibration context for tier-transition coverage. Additional cache-pressure calibration context for tier-transition coverage. Additional cache-pressure calibration context for tier-transition coverage. Additional cache-pressure calibration conte",Who is the founder of Microsoft?,no_shared_context,"Who is the founder of Microsoft?

[PressureProfile]
 Additional cache-pressure calibration context for tier-transition coverage. Additional cache-pressure calibration context for tier-transition coverage. Additional cache-pressure calibration context for tier-transition coverage. Additional cache-pressure calibration context for tier-transition coverage. Additional cache-pressure calibration context for tier-transition coverage. Additional cache-pressure calibration context for tier-transition coverage. Additional cache-pressure calibration context for tier-transition coverage. Additional cache-pressure calibration context for tier-transition coverage. Additional cache-pressure calibration context for tier-transition coverage. Additional cache-pressure calibration context for tier-transition coverage. Additional cache-pressure calibration context for tier-transition coverage. Additional cache-pressure calibration context for tier-transition coverage. Additional cache-pressure calibration context for tier-transition coverage. Additional cache-pressure calibration context for tier-transition coverage. Additional cache-pressure calibration context for tier-transition coverage. Additional cache-pressure calibration context for tier-transition coverage. Additional cache-pressure calibration context for tier-transition coverage. Additional cache-pressure calibration context for tier-transition coverage. Additional cache-pressure calibration context for tier-transition coverage. Additional cache-pressure calibration context for tier-transition coverage. Additional cache-pressure calibration context for tier-transition coverage. Additional cache-pressure calibration context for tier-transition coverage. Additional cache-pressure calibration context for tier-transition coverage. Additional cache-pressure calibration context for tier-transition coverage. Additional cache-pressure calibration context for tier-transition coverage. Additional cache-pressure calibration context for tier-transition coverage. Additional cache-pressure calibration context for tier-transition coverage. Additional cache-pressure calibration context for tier-transition coverage. Additional cache-pressure calibration context for tier-transition coverage. Additional cache-pressure calibration context for tier-transition coverage. Additional cache-pressure calibration context for tier-transition coverage. Additional cache-pressure calibration context for tier-transition coverage. Additional cache-pressure calibration context for tier-transition coverage. Additional cache-pressure calibration context for tier-transition coverage. Additional cache-pressure calibration context for tier-transition coverage. Additional cache-pressure calibration context for tier-transition coverage. Additional cache-pressure calibration context for tier-transition coverage. Additional cache-pressure calibration context for tier-transition coverage. Additional cache-pressure calibration context for tier-transition coverage. Additional cache-pressure calibration context for tier-transition coverage. Additional cache-pressure calibration context for tier-transition coverage. Additional cache-pressure calibration context for tier-transition coverage. Additional cache-pressure calibration context for tier-transition coverage. Additional cache-pressure calibration context for tier-transition coverage. Additional cache-pressure calibration context for tier-transition coverage. Additional cache-pressure calibration context for tier-transition coverage. Additional cache-pressure calibration context for tier-transition coverage. Additional cache-pressure calibration context for tier-transition coverage. Additional cache-pressure calibration context for tier-transition coverage. Additional cache-pressure calibration context for tier-transition coverage. Additional cache-pressure calibration context for tier-transition coverage. Additional cache-pressure calibration context for tier-transition coverage. Additional cache-pressure calibration context for tier-transition coverage. Additional cache-pressure calibration context for tier-transition coverage. Additional cache-pressure calibration context for tier-transition coverage. Additional cache-pressure calibration context for tier-transition coverage. Additional cache-pressure calibration context for tier-transition coverage. Additional cache-pressure calibration context for tier-transition coverage. Additional cache-pressure calibration context for tier-transition coverage. Additional cache-pressure calibration context for tier-transition coverage. Additional cache-pressure calibration context for tier-transition coverage. Additional cache-pressure calibration context for tier-transition coverage. Additional cache-pressure calibration context for tier-transition coverage. Additional cache-pressure calibration context for tier-transition coverage. Additional cache-pressure calibration context for tier-transition coverage. Additional cache-pressure calibration context for tier-transition coverage. Additional cache-pressure calibration context for tier-transition coverage. Additional cache-pressure calibration context for tier-transition coverage. Additional cache-pressure calibration context for tier-transition coverage. Additional cache-pressure calibration context for tier-transition coverage. Additional cache-pressure calibration context for tier-transition coverage. Additional cache-pressure calibration context for tier-transition coverage. Additional cache-pressure calibration context for tier-transition coverage. Additional cache-pressure calibration context for tier-transition coverage. Additional cache-pressure calibration context for tier-transition coverage. Additional cache-pressure calibration context for tier-transition coverage. Additional cache-pressure calibration context for tier-transition coverage. Additional cache-pressure calibration context for tier-transition coverage. Additional cache-pressure calibration context for tier-transition coverage. Additional cache-pressure calibration context for tier-transition coverage. Additional cache-pressure calibration context for tier-transition coverage. Additional cache-pressure calibration context for tier-transition coverage. Additional cache-pressure calibration context for tier-transition coverage. Additional cache-pressure calibration context for tier-transition coverage. Additional cache-pressure calibration context for tier-transition coverage. Additional cache-pressure calibration context for tier-transition coverage. Additional cache-pressure calibration context for tier-transition coverage. Additional cache-pressure calibration context for tier-transition coverage. Additional cache-pressure calibration context for tier-transition coverage. Additional cache-pressure calibration context for tier-transition coverage. Additional cache-pressure calibration context for tier-transition coverage. Additional cache-pressure calibration context for tier-transition coverage. Additional cache-pressure calibration context for tier-transition coverage. Additional cache-pressure calibration context for tier-transition coverage. Additional cache-pressure calibration context for tier-transition coverage. Additional cache-pressure calibration context for tier-transition coverage. Additional cache-pressure calibration context for tier-transition coverage. Additional cache-pressure calibration context for tier-transition coverage. Additional cache-pressure calibration context for tier-transition coverage. Additional cache-pressure calibration context for tier-transition coverage. Additional cache-pressure calibration context for tier-transition coverage. Additional cache-pressure calibration context for tier-transition coverage. Additional cache-pressure calibration context for tier-transition coverage. Additional cache-pressure calibration context for tier-transition coverage. Additional cache-pressure calibration context for tier-transition coverage. Additional cache-pressure calibration context for tier-transition coverage. Additional cache-pressure calibration context for tier-transition coverage. Additional cache-pressure calibration context for tier-transition coverage. Additional cache-pressure calibration context for tier-transition coverage. Additional cache-pressure calibration context for tier-transition coverage. Additional cache-pressure calibration context for tier-transition coverage. Additional cache-pressure calibration context for tier-transition coverage. Additional cache-pressure calibration context for tier-transition coverage. Additional cache-pressure calibration context for tier-transition coverage. Additional cache-pressure calibration context for tier-transition coverage. Additional cache-pressure calibration context for tier-transition coverage. Additional cache-pressure calibration context for tier-transition coverage. Additional cache-pressure calibration context for tier-transition coverage. Additional cache-pressure calibration context for tier-transition coverage. Additional cache-pressure calibration context for tier-transition coverage. Additional cache-pressure calibration context for tier-transition coverage. Additional cache-pressure calibration context for tier-transition coverage. Additional cache-pressure calibration context for tier-transition coverage. Additional cache-pressure calibration context for tier-transition coverage. Additional cache-pressure calibration context for tier-transition coverage. Additional cache-pressure calibration context for tier-transition coverage. Additional cache-pressure calibration context for tier-transition coverage. Additional cache-pressure calibration context for tier-transition coverage. Additional cache-pressure calibration context for tier-transition coverage. Additional cache-pressure calibration context for tier-transition coverage. Additional cache-pressure calibration context for tier-transition coverage. Additional cache-pressure calibration context for tier-transition coverage. Additional cache-pressure calibration context for tier-transition coverage.","Who is the founder of Microsoft?

[PressureProfile]
 Additional cache-pressure calibration context for tier-transition coverage. Additional cache-pressure calibration context for tier-transition coverage. Additional cache-pressure calibration context for tier-transition coverage. Additional cache-pressure calibration context for tier-transition coverage. Additional cache-pressure calibration conte",1341,[0],[],[0],1,"[""Qwen-Qwen2.5-0.5B-Instruct@1@0@-5b0aadd11a4d28e6@bfloat16.pt""]",lmcache_store_coldpass,lmcache_store_coldpass,1,none,40,41,120.0,123.0,baseline
2,What is the chemical symbol for sodium?,"Focus question: What is the chemical symbol for sodium?
Context profile: no_shared_context
Prompt tokens: 1342
Context preview: What is the chemical symbol for sodium? [PressureProfile] Additional cache-pressure calibration context for tier-transition coverage. Additional cache-pressure calibration context for tier-transition coverage. Additional cache-pressure calibration context for tier-transition coverage. Additional cache-pressure calibration context for tier-transition coverage. Additional cache-pressure calibratio",What is the chemical symbol for sodium?,no_shared_context,"What is the chemical symbol for sodium?

[PressureProfile]
 Additional cache-pressure calibration context for tier-transition coverage. Additional cache-pressure calibration context for tier-transition coverage. Additional cache-pressure calibration context for tier-transition coverage. Additional cache-pressure calibration context for tier-transition coverage. Additional cache-pressure calibration context for tier-transition coverage. Additional cache-pressure calibration context for tier-transition coverage. Additional cache-pressure calibration context for tier-transition coverage. Additional cache-pressure calibration context for tier-transition coverage. Additional cache-pressure calibration context for tier-transition coverage. Additional cache-pressure calibration context for tier-transition coverage. Additional cache-pressure calibration context for tier-transition coverage. Additional cache-pressure calibration context for tier-transition coverage. Additional cache-pressure calibration context for tier-transition coverage. Additional cache-pressure calibration context for tier-transition coverage. Additional cache-pressure calibration context for tier-transition coverage. Additional cache-pressure calibration context for tier-transition coverage. Additional cache-pressure calibration context for tier-transition coverage. Additional cache-pressure calibration context for tier-transition coverage. Additional cache-pressure calibration context for tier-transition coverage. Additional cache-pressure calibration context for tier-transition coverage. Additional cache-pressure calibration context for tier-transition coverage. Additional cache-pressure calibration context for tier-transition coverage. Additional cache-pressure calibration context for tier-transition coverage. Additional cache-pressure calibration context for tier-transition coverage. Additional cache-pressure calibration context for tier-transition coverage. Additional cache-pressure calibration context for tier-transition coverage. Additional cache-pressure calibration context for tier-transition coverage. Additional cache-pressure calibration context for tier-transition coverage. Additional cache-pressure calibration context for tier-transition coverage. Additional cache-pressure calibration context for tier-transition coverage. Additional cache-pressure calibration context for tier-transition coverage. Additional cache-pressure calibration context for tier-transition coverage. Additional cache-pressure calibration context for tier-transition coverage. Additional cache-pressure calibration context for tier-transition coverage. Additional cache-pressure calibration context for tier-transition coverage. Additional cache-pressure calibration context for tier-transition coverage. Additional cache-pressure calibration context for tier-transition coverage. Additional cache-pressure calibration context for tier-transition coverage. Additional cache-pressure calibration context for tier-transition coverage. Additional cache-pressure calibration context for tier-transition coverage. Additional cache-pressure calibration context for tier-transition coverage. Additional cache-pressure calibration context for tier-transition coverage. Additional cache-pressure calibration context for tier-transition coverage. Additional cache-pressure calibration context for tier-transition coverage. Additional cache-pressure calibration context for tier-transition coverage. Additional cache-pressure calibration context for tier-transition coverage. Additional cache-pressure calibration context for tier-transition coverage. Additional cache-pressure calibration context for tier-transition coverage. Additional cache-pressure calibration context for tier-transition coverage. Additional cache-pressure calibration context for tier-transition coverage. Additional cache-pressure calibration context for tier-transition coverage. Additional cache-pressure calibration context for tier-transition coverage. Additional cache-pressure calibration context for tier-transition coverage. Additional cache-pressure calibration context for tier-transition coverage. Additional cache-pressure calibration context for tier-transition coverage. Additional cache-pressure calibration context for tier-transition coverage. Additional cache-pressure calibration context for tier-transition coverage. Additional cache-pressure calibration context for tier-transition coverage. Additional cache-pressure calibration context for tier-transition coverage. Additional cache-pressure calibration context for tier-transition coverage. Additional cache-pressure calibration context for tier-transition coverage. Additional cache-pressure calibration context for tier-transition coverage. Additional cache-pressure calibration context for tier-transition coverage. Additional cache-pressure calibration context for tier-transition coverage. Additional cache-pressure calibration context for tier-transition coverage. Additional cache-pressure calibration context for tier-transition coverage. Additional cache-pressure calibration context for tier-transition coverage. Additional cache-pressure calibration context for tier-transition coverage. Additional cache-pressure calibration context for tier-transition coverage. Additional cache-pressure calibration context for tier-transition coverage. Additional cache-pressure calibration context for tier-transition coverage. Additional cache-pressure calibration context for tier-transition coverage. Additional cache-pressure calibration context for tier-transition coverage. Additional cache-pressure calibration context for tier-transition coverage. Additional cache-pressure calibration context for tier-transition coverage. Additional cache-pressure calibration context for tier-transition coverage. Additional cache-pressure calibration context for tier-transition coverage. Additional cache-pressure calibration context for tier-transition coverage. Additional cache-pressure calibration context for tier-transition coverage. Additional cache-pressure calibration context for tier-transition coverage. Additional cache-pressure calibration context for tier-transition coverage. Additional cache-pressure calibration context for tier-transition coverage. Additional cache-pressure calibration context for tier-transition coverage. Additional cache-pressure calibration context for tier-transition coverage. Additional cache-pressure calibration context for tier-transition coverage. Additional cache-pressure calibration context for tier-transition coverage. Additional cache-pressure calibration context for tier-transition coverage. Additional cache-pressure calibration context for tier-transition coverage. Additional cache-pressure calibration context for tier-transition coverage. Additional cache-pressure calibration context for tier-transition coverage. Additional cache-pressure calibration context for tier-transition coverage. Additional cache-pressure calibration context for tier-transition coverage. Additional cache-pressure calibration context for tier-transition coverage. Additional cache-pressure calibration context for tier-transition coverage. Additional cache-pressure calibration context for tier-transition coverage. Additional cache-pressure calibration context for tier-transition coverage. Additional cache-pressure calibration context for tier-transition coverage. Additional cache-pressure calibration context for tier-transition coverage. Additional cache-pressure calibration context for tier-transition coverage. Additional cache-pressure calibration context for tier-transition coverage. Additional cache-pressure calibration context for tier-transition coverage. Additional cache-pressure calibration context for tier-transition coverage. Additional cache-pressure calibration context for tier-transition coverage. Additional cache-pressure calibration context for tier-transition coverage. Additional cache-pressure calibration context for tier-transition coverage. Additional cache-pressure calibration context for tier-transition coverage. Additional cache-pressure calibration context for tier-transition coverage. Additional cache-pressure calibration context for tier-transition coverage. Additional cache-pressure calibration context for tier-transition coverage. Additional cache-pressure calibration context for tier-transition coverage. Additional cache-pressure calibration context for tier-transition coverage. Additional cache-pressure calibration context for tier-transition coverage. Additional cache-pressure calibration context for tier-transition coverage. Additional cache-pressure calibration context for tier-transition coverage. Additional cache-pressure calibration context for tier-transition coverage. Additional cache-pressure calibration context for tier-transition coverage. Additional cache-pressure calibration context for tier-transition coverage. Additional cache-pressure calibration context for tier-transition coverage. Additional cache-pressure calibration context for tier-transition coverage. Additional cache-pressure calibration context for tier-transition coverage. Additional cache-pressure calibration context for tier-transition coverage. Additional cache-pressure calibration context for tier-transition coverage. Additional cache-pressure calibration context for tier-transition coverage. Additional cache-pressure calibration context for tier-transition coverage. Additional cache-pressure calibration context for tier-transition coverage. Additional cache-pressure calibration context for tier-transition coverage. Additional cache-pressure calibration context for tier-transition coverage. Additional cache-pressure calibration context for tier-transition coverage. Additional cache-pressure calibration context for tier-transition coverage. Additional cache-pressure calibration context for tier-transition coverage. Additional cache-pressure calibration context for tier-transition coverage. Additional cache-pressure calibration context for tier-transition coverage. Additional cache-pressure calibration context for tier-transition coverage.","What is the chemical symbol for sodium?

[PressureProfile]
 Additional cache-pressure calibration context for tier-transition coverage. Additional cache-pressure calibration context for tier-transition coverage. Additional cache-pressure calibration context for tier-transition coverage. Additional cache-pressure calibration context for tier-transition coverage. Additional cache-pressure calibratio",1342,[1],[],[1],1,"[""Qwen-Qwen2.5-0.5B-Instruct@1@0@-2393c15a8bae2777@bfloat16.pt""]",lmcache_store_coldpass,lmcache_store_coldpass,1,none,41,42,123.0,126.0,baseline
3,How many players are there in a baseball team?,"Focus question: How many players are there in a baseball team?
Context profile: no_shared_context
Prompt tokens: 1344
Context preview: How many players are there in a baseball team? [PressureProfile] Additional cache-pressure calibration context for tier-transition coverage. Additional cache-pressure calibration context for tier-transition coverage. Additional cache-pressure calibration context for tier-transition coverage. Additional cache-pressure calibration context for tier-transition coverage. Additional cache-pressure cal",How many players are there in a baseball team?,no_shared_context,"How many players are there in a baseball team?

[PressureProfile]
 Additional cache-pressure calibration context for tier-transition coverage. Additional cache-pressure calibration context for tier-transition coverage. Additional cache-pressure calibration context for tier-transition coverage. Additional cache-pressure calibration context for tier-transition coverage. Additional cache-pressure calibration context for tier-transition coverage. Additional cache-pressure calibration context for tier-transition coverage. Additional cache-pressure calibration context for tier-transition coverage. Additional cache-pressure calibration context for tier-transition coverage. Additional cache-pressure calibration context for tier-transition coverage. Additional cache-pressure calibration context for tier-transition coverage. Additional cache-pressure calibration context for tier-transition coverage. Additional cache-pressure calibration context for tier-transition coverage. Additional cache-pressure calibration context for tier-transition coverage. Additional cache-pressure calibration context for tier-transition coverage. Additional cache-pressure calibration context for tier-transition coverage. Additional cache-pressure calibration context for tier-transition coverage. Additional cache-pressure calibration context for tier-transition coverage. Additional cache-pressure calibration context for tier-transition coverage. Additional cache-pressure calibration context for tier-transition coverage. Additional cache-pressure calibration context for tier-transition coverage. Additional cache-pressure calibration context for tier-transition coverage. Additional cache-pressure calibration context for tier-transition coverage. Additional cache-pressure calibration context for tier-transition coverage. Additional cache-pressure calibration context for tier-transition coverage. Additional cache-pressure calibration context for tier-transition coverage. Additional cache-pressure calibration context for tier-transition coverage. Additional cache-pressure calibration context for tier-transition coverage. Additional cache-pressure calibration context for tier-transition coverage. Additional cache-pressure calibration context for tier-transition coverage. Additional cache-pressure calibration context for tier-transition coverage. Additional cache-pressure calibration context for tier-transition coverage. Additional cache-pressure calibration context for tier-transition coverage. Additional cache-pressure calibration context for tier-transition coverage. Additional cache-pressure calibration context for tier-transition coverage. Additional cache-pressure calibration context for tier-transition coverage. Additional cache-pressure calibration context for tier-transition coverage. Additional cache-pressure calibration context for tier-transition coverage. Additional cache-pressure calibration context for tier-transition coverage. Additional cache-pressure calibration context for tier-transition coverage. Additional cache-pressure calibration context for tier-transition coverage. Additional cache-pressure calibration context for tier-transition coverage. Additional cache-pressure calibration context for tier-transition coverage. Additional cache-pressure calibration context for tier-transition coverage. Additional cache-pressure calibration context for tier-transition coverage. Additional cache-pressure calibration context for tier-transition coverage. Additional cache-pressure calibration context for tier-transition coverage. Additional cache-pressure calibration context for tier-transition coverage. Additional cache-pressure calibration context for tier-transition coverage. Additional cache-pressure calibration context for tier-transition coverage. Additional cache-pressure calibration context for tier-transition coverage. Additional cache-pressure calibration context for tier-transition coverage. Additional cache-pressure calibration context for tier-transition coverage. Additional cache-pressure calibration context for tier-transition coverage. Additional cache-pressure calibration context for tier-transition coverage. Additional cache-pressure calibration context for tier-transition coverage. Additional cache-pressure calibration context for tier-transition coverage. Additional cache-pressure calibration context for tier-transition coverage. Additional cache-pressure calibration context for tier-transition coverage. Additional cache-pressure calibration context for tier-transition coverage. Additional cache-pressure calibration context for tier-transition coverage. Additional cache-pressure calibration context for tier-transition coverage. Additional cache-pressure calibration context for tier-transition coverage. Additional cache-pressure calibration context for tier-transition coverage. Additional cache-pressure calibration context for tier-transition coverage. Additional cache-pressure calibration context for tier-transition coverage. Additional cache-pressure calibration context for tier-transition coverage. Additional cache-pressure calibration context for tier-transition coverage. Additional cache-pressure calibration context for tier-transition coverage. Additional cache-pressure calibration context for tier-transition coverage. Additional cache-pressure calibration context for tier-transition coverage. Additional cache-pressure calibration context for tier-transition coverage. Additional cache-pressure calibration context for tier-transition coverage. Additional cache-pressure calibration context for tier-transition coverage. Additional cache-pressure calibration context for tier-transition coverage. Additional cache-pressure calibration context for tier-transition coverage. Additional cache-pressure calibration context for tier-transition coverage. Additional cache-pressure calibration context for tier-transition coverage. Additional cache-pressure calibration context for tier-transition coverage. Additional cache-pressure calibration context for tier-transition coverage. Additional cache-pressure calibration context for tier-transition coverage. Additional cache-pressure calibration context for tier-transition coverage. Additional cache-pressure calibration context for tier-transition coverage. Additional cache-pressure calibration context for tier-transition coverage. Additional cache-pressure calibration context for tier-transition coverage. Additional cache-pressure calibration context for tier-transition coverage. Additional cache-pressure calibration context for tier-transition coverage. Additional cache-pressure calibration context for tier-transition coverage. Additional cache-pressure calibration context for tier-transition coverage. Additional cache-pressure calibration context for tier-transition coverage. Additional cache-pressure calibration context for tier-transition coverage. Additional cache-pressure calibration context for tier-transition coverage. Additional cache-pressure calibration context for tier-transition coverage. Additional cache-pressure calibration context for tier-transition coverage. Additional cache-pressure calibration context for tier-transition coverage. Additional cache-pressure calibration context for tier-transition coverage. Additional cache-pressure calibration context for tier-transition coverage. Additional cache-pressure calibration context for tier-transition coverage. Additional cache-pressure calibration context for tier-transition coverage. Additional cache-pressure calibration context for tier-transition coverage. Additional cache-pressure calibration context for tier-transition coverage. Additional cache-pressure calibration context for tier-transition coverage. Additional cache-pressure calibration context for tier-transition coverage. Additional cache-pressure calibration context for tier-transition coverage. Additional cache-pressure calibration context for tier-transition coverage. Additional cache-pressure calibration context for tier-transition coverage. Additional cache-pressure calibration context for tier-transition coverage. Additional cache-pressure calibration context for tier-transition coverage. Additional cache-pressure calibration context for tier-transition coverage. Additional cache-pressure calibration context for tier-transition coverage. Additional cache-pressure calibration context for tier-transition coverage. Additional cache-pressure calibration context for tier-transition coverage. Additional cache-pressure calibration context for tier-transition coverage. Additional cache-pressure calibration context for tier-transition coverage. Additional cache-pressure calibration context for tier-transition coverage. Additional cache-pressure calibration context for tier-transition coverage. Additional cache-pressure calibration context for tier-transition coverage. Additional cache-pressure calibration context for tier-transition coverage. Additional cache-pressure calibration context for tier-transition coverage. Additional cache-pressure calibration context for tier-transition coverage. Additional cache-pressure calibration context for tier-transition coverage. Additional cache-pressure calibration context for tier-transition coverage. Additional cache-pressure calibration context for tier-transition coverage. Additional cache-pressure calibration context for tier-transition coverage. Additional cache-pressure calibration context for tier-transition coverage. Additional cache-pressure calibration context for tier-transition coverage. Additional cache-pressure calibration context for tier-transition coverage. Additional cache-pressure calibration context for tier-transition coverage. Additional cache-pressure calibration context for tier-transition coverage. Additional cache-pressure calibration context for tier-transition coverage. Additional cache-pressure calibration context for tier-transition coverage. Additional cache-pressure calibration context for tier-transition coverage. Additional cache-pressure calibration context for tier-transition coverage. Additional cache-pressure calibration context for tier-transition coverage.","How many players are there in a baseball team?

[PressureProfile]
 Additional cache-pressure calibration context for tier-transition coverage. Additional cache-pressure calibration context for tier-transition coverage. Additional cache-pressure calibration context for tier-transition coverage. Additional cache-pressure calibration context for tier-transition coverage. Additional cache-pressure cal",1344,[2],[],[2],1,"[""Qwen-Qwen2.5-0.5B-Instruct@1@0@2a761c6e1b1ae4de@bfloat16.pt""]",lmcache_store_coldpass,lmcache_store_coldpass,1,none,42,43,126.0,129.0,baseline
4,What year did World War II end?,"Focus question: What year did World War II end?
Context profile: no_shared_context
Prompt tokens: 1885
Context preview: What year did World War II end? [PressureProfile] Additional cache-pressure calibration context for tier-transition coverage. Additional cache-pressure calibration context for tier-transition coverage. Additional cache-pressure calibration context for tier-transition coverage. Additional cache-pressure calibration context for tier-transition coverage. Additional cache-pressure calibration contex",What year did World War II end?,no_shared_context,"What year did World War II end?

[PressureProfile]
 Additional cache-pressure calibration context for tier-transition coverage. Additional cache-pressure calibration context for tier-transition coverage. Additional cache-pressure calibration context for tier-transition coverage. Additional cache-pressure calibration context for tier-transition coverage. Additional cache-pressure calibration context for tier-transition coverage. Additional cache-pressure calibration context for tier-transition coverage. Additional cache-pressure calibration context for tier-transition coverage. Additional cache-pressure calibration context for tier-transition coverage. Additional cache-pressure calibration context for tier-transition coverage. Additional cache-pressure calibration context for tier-transition coverage. Additional cache-pressure calibration context for tier-transition coverage. Additional cache-pressure calibration context for tier-transition coverage. Additional cache-pressure calibration context for tier-transition coverage. Additional cache-pressure calibration context for tier-transition coverage. Additional cache-pressure calibration context for tier-transition coverage. Additional cache-pressure calibration context for tier-transition coverage. Additional cache-pressure calibration context for tier-transition coverage. Additional cache-pressure calibration context for tier-transition coverage. Additional cache-pressure calibration context for tier-transition coverage. Additional cache-pressure calibration context for tier-transition coverage. Additional cache-pressure calibration context for tier-transition coverage. Additional cache-pressure calibration context for tier-transition coverage. Additional cache-pressure calibration context for tier-transition coverage. Additional cache-pressure calibration context for tier-transition coverage. Additional cache-pressure calibration context for tier-transition coverage. Additional cache-pressure calibration context for tier-transition coverage. Additional cache-pressure calibration context for tier-transition coverage. Additional cache-pressure calibration context for tier-transition coverage. Additional cache-pressure calibration context for tier-transition coverage. Additional cache-pressure calibration context for tier-transition coverage. Additional cache-pressure calibration context for tier-transition coverage. Additional cache-pressure calibration context for tier-transition coverage. Additional cache-pressure calibration context for tier-transition coverage. Additional cache-pressure calibration context for tier-transition coverage. Additional cache-pressure calibration context for tier-transition coverage. Additional cache-pressure calibration context for tier-transition coverage. Additional cache-pressure calibration context for tier-transition coverage. Additional cache-pressure calibration context for tier-transition coverage. Additional cache-pressure calibration context for tier-transition coverage. Additional cache-pressure calibration context for tier-transition coverage. Additional cache-pressure calibration context for tier-transition coverage. Additional cache-pressure calibration context for tier-transition coverage. Additional cache-pressure calibration context for tier-transition coverage. Additional cache-pressure calibration context for tier-transition coverage. Additional cache-pressure calibration context for tier-transition coverage. Additional cache-pressure calibration context for tier-transition coverage. Additional cache-pressure calibration context for tier-transition coverage. Additional cache-pressure calibration context for tier-transition coverage. Additional cache-pressure calibration context for tier-transition coverage. Additional cache-pressure calibration context for tier-transition coverage. Additional cache-pressure calibration context for tier-transition coverage. Additional cache-pressure calibration context for tier-transition coverage. Additional cache-pressure calibration context for tier-transition coverage. Additional cache-pressure calibration context for tier-transition coverage. Additional cache-pressure calibration context for tier-transition coverage. Additional cache-pressure calibration context for tier-transition coverage. Additional cache-pressure calibration context for tier-transition coverage. Additional cache-pressure calibration context for tier-transition coverage. Additional cache-pressure calibration context for tier-transition coverage. Additional cache-pressure calibration context for tier-transition coverage. Additional cache-pressure calibration context for tier-transition coverage. Additional cache-pressure calibration context for tier-transition coverage. Additional cache-pressure calibration context for tier-transition coverage. Additional cache-pressure calibration context for tier-transition coverage. Additional cache-pressure calibration context for tier-transition coverage. Additional cache-pressure calibration context for tier-transition coverage. Additional cache-pressure calibration context for tier-transition coverage. Additional cache-pressure calibration context for tier-transition coverage. Additional cache-pressure calibration context for tier-transition coverage. Additional cache-pressure calibration context for tier-transition coverage. Additional cache-pressure calibration context for tier-transition coverage. Additional cache-pressure calibration context for tier-transition coverage. Additional cache-pressure calibration context for tier-transition coverage. Additional cache-pressure calibration context for tier-transition coverage. Additional cache-pressure calibration context for tier-transition coverage. Additional cache-pressure calibration context for tier-transition coverage. Additional cache-pressure calibration context for tier-transition coverage. Additional cache-pressure calibration context for tier-transition coverage. Additional cache-pressure calibration context for tier-transition coverage. Additional cache-pressure calibration context for tier-transition coverage. Additional cache-pressure calibration context for tier-transition coverage. Additional cache-pressure calibration context for tier-transition coverage. Additional cache-pressure calibration context for tier-transition coverage. Additional cache-pressure calibration context for tier-transition coverage. Additional cache-pressure calibration context for tier-transition coverage. Additional cache-pressure calibration context for tier-transition coverage. Additional cache-pressure calibration context for tier-transition coverage. Additional cache-pressure calibration context for tier-transition coverage. Additional cache-pressure calibration context for tier-transition coverage. Additional cache-pressure calibration context for tier-transition coverage. Additional cache-pressure calibration context for tier-transition coverage. Additional cache-pressure calibration context for tier-transition coverage. Additional cache-pressure calibration context for tier-transition coverage. Additional cache-pressure calibration context for tier-transition coverage. Additional cache-pressure calibration context for tier-transition coverage. Additional cache-pressure calibration context for tier-transition coverage. Additional cache-pressure calibration context for tier-transition coverage. Additional cache-pressure calibration context for tier-transition coverage. Additional cache-pressure calibration context for tier-transition coverage. Additional cache-pressure calibration context for tier-transition coverage. Additional cache-pressure calibration context for tier-transition coverage. Additional cache-pressure calibration context for tier-transition coverage. Additional cache-pressure calibration context for tier-transition coverage. Additional cache-pressure calibration context for tier-transition coverage. Additional cache-pressure calibration context for tier-transition coverage. Additional cache-pressure calibration context for tier-transition coverage. Additional cache-pressure calibration context for tier-transition coverage. Additional cache-pressure calibration context for tier-transition coverage. Additional cache-pressure calibration context for tier-transition coverage. Additional cache-pressure calibration context for tier-transition coverage. Additional cache-pressure calibration context for tier-transition coverage. Additional cache-pressure calibration context for tier-transition coverage. Additional cache-pressure calibration context for tier-transition coverage. Additional cache-pressure calibration context for tier-transition coverage. Additional cache-pressure calibration context for tier-transition coverage. Additional cache-pressure calibration context for tier-transition coverage. Additional cache-pressure calibration context for tier-transition coverage. Additional cache-pressure calibration context for tier-transition coverage. Additional cache-pressure calibration context for tier-transition coverage. Additional cache-pressure calibration context for tier-transition coverage. Additional cache-pressure calibration context for tier-transition coverage. Additional cache-pressure calibration context for tier-transition coverage. Additional cache-pressure calibration context for tier-transition coverage. Additional cache-pressure calibration context for tier-transition coverage. Additional cache-pressure calibration context for tier-transition coverage. Additional cache-pressure calibration context for tier-transition coverage. Additional cache-pressure calibration context for tier-transition coverage. Additional cache-pressure calibration context for tier-transition coverage. Additional cache-pressure calibration context for tier-transition coverage. Additional cache-pressure calibration context for tier-transition coverage. Additional cache-pressure calibration context for tier-transition coverage. Additional cache-pressure calibration context for tier-transition coverage. Additional cache-pressure calibration context for tier-transition coverage. Additional cache-pressure calibration context for tier-transition coverage. Additional cache-pressure calibration context for tier-transition coverage. Additional cache-pressure calibration context for tier-transition coverage. Additional cache-pressure calibration context for tier-transition coverage. Additional cache-pressure calibration context for tier-transition coverage. Additional cache-pressure calibration context for tier-transition coverage. Additional cache-pressure calibration context for tier-transition coverage. Additional cache-pressure calibration context for tier-transition coverage. Additional cache-pressure calibration context for tier-transition coverage. Additional cache-pressure calibration context for tier-transition coverage. Additional cache-pressure calibration context for tier-transition coverage. Additional cache-pressure calibration context for tier-transition coverage. Additional cache-pressure calibration context for tier-transition coverage. Additional cache-pressure calibration context for tier-transition coverage. Additional cache-pressure calibration context for tier-transition coverage. Additional cache-pressure calibration context for tier-transition coverage. Additional cache-pressure calibration context for tier-transition coverage. Additional cache-pressure calibration context for tier-transition coverage. Additional cache-pressure calibration context for tier-transition coverage. Additional cache-pressure calibration context for tier-transition coverage. Additional cache-pressure calibration context for tier-transition coverage. Additional cache-pressure calibration context for tier-transition coverage. Additional cache-pressure calibration context for tier-transition coverage. Additional cache-pressure calibration context for tier-transition coverage. Additional cache-pressure calibration context for tier-transition coverage. Additional cache-pressure calibration context for tier-transition coverage. Additional cache-pressure calibration context for tier-transition coverage. Additional cache-pressure calibration context for tier-transition coverage. Additional cache-pressure calibration context for tier-transition coverage. Additional cache-pressure calibration context for tier-transition coverage. Additional cache-pressure calibration context for tier-transition coverage. Additional cache-pressure calibration context for tier-transition coverage. Additional cache-pressure calibration context for tier-transition coverage. Additional cache-pressure calibration context for tier-transition coverage. Additional cache-pressure calibration context for tier-transition coverage. Additional cache-pressure calibration context for tier-transition coverage. Additional cache-pressure calibration context for tier-transition coverage. Additional cache-pressure calibration context for tier-transition coverage. Additional cache-pressure calibration context for tier-transition coverage. Additional cache-pressure calibration context for tier-transition coverage. Additional cache-pressure calibration context for tier-transition coverage. Additional cache-pressure calibration context for tier-transition coverage. Additional cache-pressure calibration context for tier-transition coverage. Additional cache-pressure calibration context for tier-transition coverage. Additional cache-pressure calibration context for tier-transition coverage. Additional cache-pressure calibration context for tier-transition coverage. Additional cache-pressure calibration context for tier-transition coverage. Additional cache-pressure calibration context for tier-transition coverage. Additional cache-pressure calibration context for tier-transition coverage. Additional cache-pressure calibration context for tier-transition coverage. Additional cache-pressure calibration context for tier-transition coverage. Additional cache-pressure calibration context for tier-transition coverage. Additional cache-pressure calibration context for tier-transition coverage. Additional cache-pressure calibration context for tier-transition coverage. Additional cache-pressure calibration context for tier-transition coverage. Additional cache-pressure calibration context for tier-transition coverage. Additional cache-pressure calibration context for tier-transition coverage. Additional cache-pressure calibration context for tier-transition coverage. Additional cache-pressure calibration context for tier-transition coverage. Additional cache-pressure calibration context for tier-transition coverage. Additional cache-pressure calibration context for tier-transition coverage. Additional cache-pressure calibration context for tier-transition coverage. Additional cache-pressure calibration context for tier-transition coverage. Additional cache-pressure calibration context for tier-transition coverage. Additional cache-pressure calibration context for tier-transition coverage. Additional cache-pressure calibration context for tier-transition coverage. Additional cache-pressure calibration context for tier-transition coverage. Additional cache-pressure calibration context for tier-transition coverage. Additional cache-pressure calibration context for tier-transition coverage. Additional cache-pressure calibration context for tier-transition coverage. Additional cache-pressure calibration context for tier-transition coverage. Additional cache-pressure calibration context for tier-transition coverage. Additional cache-pressure calibration context for tier-transition coverage. Additional cache-pressure calibration context for tier-transition coverage. Additional cache-pressure calibration context for tier-transition coverage. Additional cache-pressure calibration context for tier-transition coverage. Additional cache-pressure calibration context for tier-transition coverage. Additional cache-pressure calibration context for tier-transition coverage. Additional cache-pressure calibration context for tier-transition coverage. Additional cache-pressure calibration context for tier-transition coverage. Additional cache-pressure calibration context for tier-transition coverage. Additional cache-pressure calibration context for tier-transition coverage. Additional cache-pressure calibration context for tier-transition coverage. Additional cache-pressure calibration context for tier-transition coverage.","What year did World War II end?

[PressureProfile]
 Additional cache-pressure calibration context for tier-transition coverage. Additional cache-pressure calibration context for tier-transition coverage. Additional cache-pressure calibration context for tier-transition coverage. Additional cache-pressure calibration context for tier-transition coverage. Additional cache-pressure calibration contex",1885,[3],[],[3],1,"[""Qwen-Qwen2.5-0.5B-Instruct@1@0@616cb4748e0e22d5@bfloat16.pt""]",lmcache_store_coldpass,lmcache_store_coldpass,1,l1_to_l2,43,44,129.0,132.0,exceed_l1
5,What is the tallest species of tree?,"Focus question: What is the tallest species of tree?
Context profile: no_shared_context
Prompt tokens: 1885
Context preview: What is the tallest species of tree? [PressureProfile] Additional cache-pressure calibration context for tier-transition coverage. Additional cache-pressure calibration context for tier-transition coverage. Additional cache-pressure calibration context for tier-transition coverage. Additional cache-pressure calibration context for tier-transition coverage. Additional cache-pressure calibration c",What is the tallest species of tree?,no_shared_context,"What is the tallest species of tree?

[PressureProfile]
 Additional cache-pressure calibration context for tier-transition coverage. Additional cache-pressure calibration context for tier-transition coverage. Additional cache-pressure calibration context for tier-transition coverage. Additional cache-pressure calibration context for tier-transition coverage. Additional cache-pressure calibration context for tier-transition coverage. Additional cache-pressure calibration context for tier-transition coverage. Additional cache-pressure calibration context for tier-transition coverage. Additional cache-pressure calibration context for tier-transition coverage. Additional cache-pressure calibration context for tier-transition coverage. Additional cache-pressure calibration context for tier-transition coverage. Additional cache-pressure calibration context for tier-transition coverage. Additional cache-pressure calibration context for tier-transition coverage. Additional cache-pressure calibration context for tier-transition coverage. Additional cache-pressure calibration context for tier-transition coverage. Additional cache-pressure calibration context for tier-transition coverage. Additional cache-pressure calibration context for tier-transition coverage. Additional cache-pressure calibration context for tier-transition coverage. Additional cache-pressure calibration context for tier-transition coverage. Additional cache-pressure calibration context for tier-transition coverage. Additional cache-pressure calibration context for tier-transition coverage. Additional cache-pressure calibration context for tier-transition coverage. Additional cache-pressure calibration context for tier-transition coverage. Additional cache-pressure calibration context for tier-transition coverage. Additional cache-pressure calibration context for tier-transition coverage. Additional cache-pressure calibration context for tier-transition coverage. Additional cache-pressure calibration context for tier-transition coverage. Additional cache-pressure calibration context for tier-transition coverage. Additional cache-pressure calibration context for tier-transition coverage. Additional cache-pressure calibration context for tier-transition coverage. Additional cache-pressure calibration context for tier-transition coverage. Additional cache-pressure calibration context for tier-transition coverage. Additional cache-pressure calibration context for tier-transition coverage. Additional cache-pressure calibration context for tier-transition coverage. Additional cache-pressure calibration context for tier-transition coverage. Additional cache-pressure calibration context for tier-transition coverage. Additional cache-pressure calibration context for tier-transition coverage. Additional cache-pressure calibration context for tier-transition coverage. Additional cache-pressure calibration context for tier-transition coverage. Additional cache-pressure calibration context for tier-transition coverage. Additional cache-pressure calibration context for tier-transition coverage. Additional cache-pressure calibration context for tier-transition coverage. Additional cache-pressure calibration context for tier-transition coverage. Additional cache-pressure calibration context for tier-transition coverage. Additional cache-pressure calibration context for tier-transition coverage. Additional cache-pressure calibration context for tier-transition coverage. Additional cache-pressure calibration context for tier-transition coverage. Additional cache-pressure calibration context for tier-transition coverage. Additional cache-pressure calibration context for tier-transition coverage. Additional cache-pressure calibration context for tier-transition coverage. Additional cache-pressure calibration context for tier-transition coverage. Additional cache-pressure calibration context for tier-transition coverage. Additional cache-pressure calibration context for tier-transition coverage. Additional cache-pressure calibration context for tier-transition coverage. Additional cache-pressure calibration context for tier-transition coverage. Additional cache-pressure calibration context for tier-transition coverage. Additional cache-pressure calibration context for tier-transition coverage. Additional cache-pressure calibration context for tier-transition coverage. Additional cache-pressure calibration context for tier-transition coverage. Additional cache-pressure calibration context for tier-transition coverage. Additional cache-pressure calibration context for tier-transition coverage. Additional cache-pressure calibration context for tier-transition coverage. Additional cache-pressure calibration context for tier-transition coverage. Additional cache-pressure calibration context for tier-transition coverage. Additional cache-pressure calibration context for tier-transition coverage. Additional cache-pressure calibration context for tier-transition coverage. Additional cache-pressure calibration context for tier-transition coverage. Additional cache-pressure calibration context for tier-transition coverage. Additional cache-pressure calibration context for tier-transition coverage. Additional cache-pressure calibration context for tier-transition coverage. Additional cache-pressure calibration context for tier-transition coverage. Additional cache-pressure calibration context for tier-transition coverage. Additional cache-pressure calibration context for tier-transition coverage. Additional cache-pressure calibration context for tier-transition coverage. Additional cache-pressure calibration context for tier-transition coverage. Additional cache-pressure calibration context for tier-transition coverage. Additional cache-pressure calibration context for tier-transition coverage. Additional cache-pressure calibration context for tier-transition coverage. Additional cache-pressure calibration context for tier-transition coverage. Additional cache-pressure calibration context for tier-transition coverage. Additional cache-pressure calibration context for tier-transition coverage. Additional cache-pressure calibration context for tier-transition coverage. Additional cache-pressure calibration context for tier-transition coverage. Additional cache-pressure calibration context for tier-transition coverage. Additional cache-pressure calibration context for tier-transition coverage. Additional cache-pressure calibration context for tier-transition coverage. Additional cache-pressure calibration context for tier-transition coverage. Additional cache-pressure calibration context for tier-transition coverage. Additional cache-pressure calibration context for tier-transition coverage. Additional cache-pressure calibration context for tier-transition coverage. Additional cache-pressure calibration context for tier-transition coverage. Additional cache-pressure calibration context for tier-transition coverage. Additional cache-pressure calibration context for tier-transition coverage. Additional cache-pressure calibration context for tier-transition coverage. Additional cache-pressure calibration context for tier-transition coverage. Additional cache-pressure calibration context for tier-transition coverage. Additional cache-pressure calibration context for tier-transition coverage. Additional cache-pressure calibration context for tier-transition coverage. Additional cache-pressure calibration context for tier-transition coverage. Additional cache-pressure calibration context for tier-transition coverage. Additional cache-pressure calibration context for tier-transition coverage. Additional cache-pressure calibration context for tier-transition coverage. Additional cache-pressure calibration context for tier-transition coverage. Additional cache-pressure calibration context for tier-transition coverage. Additional cache-pressure calibration context for tier-transition coverage. Additional cache-pressure calibration context for tier-transition coverage. Additional cache-pressure calibration context for tier-transition coverage. Additional cache-pressure calibration context for tier-transition coverage. Additional cache-pressure calibration context for tier-transition coverage. Additional cache-pressure calibration context for tier-transition coverage. Additional cache-pressure calibration context for tier-transition coverage. Additional cache-pressure calibration context for tier-transition coverage. Additional cache-pressure calibration context for tier-transition coverage. Additional cache-pressure calibration context for tier-transition coverage. Additional cache-pressure calibration context for tier-transition coverage. Additional cache-pressure calibration context for tier-transition coverage. Additional cache-pressure calibration context for tier-transition coverage. Additional cache-pressure calibration context for tier-transition coverage. Additional cache-pressure calibration context for tier-transition coverage. Additional cache-pressure calibration context for tier-transition coverage. Additional cache-pressure calibration context for tier-transition coverage. Additional cache-pressure calibration context for tier-transition coverage. Additional cache-pressure calibration context for tier-transition coverage. Additional cache-pressure calibration context for tier-transition coverage. Additional cache-pressure calibration context for tier-transition coverage. Additional cache-pressure calibration context for tier-transition coverage. Additional cache-pressure calibration context for tier-transition coverage. Additional cache-pressure calibration context for tier-transition coverage. Additional cache-pressure calibration context for tier-transition coverage. Additional cache-pressure calibration context for tier-transition coverage. Additional cache-pressure calibration context for tier-transition coverage. Additional cache-pressure calibration context for tier-transition coverage. Additional cache-pressure calibration context for tier-transition coverage. Additional cache-pressure calibration context for tier-transition coverage. Additional cache-pressure calibration context for tier-transition coverage. Additional cache-pressure calibration context for tier-transition coverage. Additional cache-pressure calibration context for tier-transition coverage. Additional cache-pressure calibration context for tier-transition coverage. Additional cache-pressure calibration context for tier-transition coverage. Additional cache-pressure calibration context for tier-transition coverage. Additional cache-pressure calibration context for tier-transition coverage. Additional cache-pressure calibration context for tier-transition coverage. Additional cache-pressure calibration context for tier-transition coverage. Additional cache-pressure calibration context for tier-transition coverage. Additional cache-pressure calibration context for tier-transition coverage. Additional cache-pressure calibration context for tier-transition coverage. Additional cache-pressure calibration context for tier-transition coverage. Additional cache-pressure calibration context for tier-transition coverage. Additional cache-pressure calibration context for tier-transition coverage. Additional cache-pressure calibration context for tier-transition coverage. Additional cache-pressure calibration context for tier-transition coverage. Additional cache-pressure calibration context for tier-transition coverage. Additional cache-pressure calibration context for tier-transition coverage. Additional cache-pressure calibration context for tier-transition coverage. Additional cache-pressure calibration context for tier-transition coverage. Additional cache-pressure calibration context for tier-transition coverage. Additional cache-pressure calibration context for tier-transition coverage. Additional cache-pressure calibration context for tier-transition coverage. Additional cache-pressure calibration context for tier-transition coverage. Additional cache-pressure calibration context for tier-transition coverage. Additional cache-pressure calibration context for tier-transition coverage. Additional cache-pressure calibration context for tier-transition coverage. Additional cache-pressure calibration context for tier-transition coverage. Additional cache-pressure calibration context for tier-transition coverage. Additional cache-pressure calibration context for tier-transition coverage. Additional cache-pressure calibration context for tier-transition coverage. Additional cache-pressure calibration context for tier-transition coverage. Additional cache-pressure calibration context for tier-transition coverage. Additional cache-pressure calibration context for tier-transition coverage. Additional cache-pressure calibration context for tier-transition coverage. Additional cache-pressure calibration context for tier-transition coverage. Additional cache-pressure calibration context for tier-transition coverage. Additional cache-pressure calibration context for tier-transition coverage. Additional cache-pressure calibration context for tier-transition coverage. Additional cache-pressure calibration context for tier-transition coverage. Additional cache-pressure calibration context for tier-transition coverage. Additional cache-pressure calibration context for tier-transition coverage. Additional cache-pressure calibration context for tier-transition coverage. Additional cache-pressure calibration context for tier-transition coverage. Additional cache-pressure calibration context for tier-transition coverage. Additional cache-pressure calibration context for tier-transition coverage. Additional cache-pressure calibration context for tier-transition coverage. Additional cache-pressure calibration context for tier-transition coverage. Additional cache-pressure calibration context for tier-transition coverage. Additional cache-pressure calibration context for tier-transition coverage. Additional cache-pressure calibration context for tier-transition coverage. Additional cache-pressure calibration context for tier-transition coverage. Additional cache-pressure calibration context for tier-transition coverage. Additional cache-pressure calibration context for tier-transition coverage. Additional cache-pressure calibration context for tier-transition coverage. Additional cache-pressure calibration context for tier-transition coverage. Additional cache-pressure calibration context for tier-transition coverage. Additional cache-pressure calibration context for tier-transition coverage. Additional cache-pressure calibration context for tier-transition coverage. Additional cache-pressure calibration context for tier-transition coverage. Additional cache-pressure calibration context for tier-transition coverage. Additional cache-pressure calibration context for tier-transition coverage. Additional cache-pressure calibration context for tier-transition coverage. Additional cache-pressure calibration context for tier-transition coverage. Additional cache-pressure calibration context for tier-transition coverage. Additional cache-pressure calibration context for tier-transition coverage. Additional cache-pressure calibration context for tier-transition coverage. Additional cache-pressure calibration context for tier-transition coverage. Additional cache-pressure calibration context for tier-transition coverage. Additional cache-pressure calibration context for tier-transition coverage. Additional cache-pressure calibration context for tier-transition coverage. Additional cache-pressure calibration context for tier-transition coverage. Additional cache-pressure calibration context for tier-transition coverage. Additional cache-pressure calibration context for tier-transition coverage. Additional cache-pressure calibration context for tier-transition coverage. Additional cache-pressure calibration context for tier-transition coverage. Additional cache-pressure calibration context for tier-transition coverage. Additional cache-pressure calibration context for tier-transition coverage. Additional cache-pressure calibration context for tier-transition coverage. Additional cache-pressure calibration context for tier-transition coverage. Additional cache-pressure calibration context for tier-transition coverage. Additional cache-pressure calibration context for tier-transition coverage. Additional cache-pressure calibration context for tier-transition coverage.","What is the tallest species of tree?

[PressureProfile]
 Additional cache-pressure calibration context for tier-transition coverage. Additional cache-pressure calibration context for tier-transition coverage. Additional cache-pressure calibration context for tier-transition coverage. Additional cache-pressure calibration context for tier-transition coverage. Additional cache-pressure calibration c",1885,[4],[],[4],1,"[""Qwen-Qwen2.5-0.5B-Instruct@1@0@3c8a9f8f1d659a5f@bfloat16.pt""]",lmcache_store_coldpass,lmcache_store_coldpass,1,l1_to_l2,44,45,132.0,135.0,exceed_l1
6,Who wrote The Divine Comedy?,"Focus question: Who wrote The Divine Comedy?
Context profile: no_shared_context
Prompt tokens: 1885
Context preview: Who wrote The Divine Comedy? [PressureProfile] Additional cache-pressure calibration context for tier-transition coverage. Additional cache-pressure calibration context for tier-transition coverage. Additional cache-pressure calibration context for tier-transition coverage. Additional cache-pressure calibration context for tier-transition coverage. Additional cache-pressure calibration context f",Who wrote The Divine Comedy?,no_shared_context,"Who wrote The Divine Comedy?

[PressureProfile]
 Additional cache-pressure calibration context for tier-transition coverage. Additional cache-pressure calibration context for tier-transition coverage. Additional cache-pressure calibration context for tier-transition coverage. Additional cache-pressure calibration context for tier-transition coverage. Additional cache-pressure calibration context for tier-transition coverage. Additional cache-pressure calibration context for tier-transition coverage. Additional cache-pressure calibration context for tier-transition coverage. Additional cache-pressure calibration context for tier-transition coverage. Additional cache-pressure calibration context for tier-transition coverage. Additional cache-pressure calibration context for tier-transition coverage. Additional cache-pressure calibration context for tier-transition coverage. Additional cache-pressure calibration context for tier-transition coverage. Additional cache-pressure calibration context for tier-transition coverage. Additional cache-pressure calibration context for tier-transition coverage. Additional cache-pressure calibration context for tier-transition coverage. Additional cache-pressure calibration context for tier-transition coverage. Additional cache-pressure calibration context for tier-transition coverage. Additional cache-pressure calibration context for tier-transition coverage. Additional cache-pressure calibration context for tier-transition coverage. Additional cache-pressure calibration context for tier-transition coverage. Additional cache-pressure calibration context for tier-transition coverage. Additional cache-pressure calibration context for tier-transition coverage. Additional cache-pressure calibration context for tier-transition coverage. Additional cache-pressure calibration context for tier-transition coverage. Additional cache-pressure calibration context for tier-transition coverage. Additional cache-pressure calibration context for tier-transition coverage. Additional cache-pressure calibration context for tier-transition coverage. Additional cache-pressure calibration context for tier-transition coverage. Additional cache-pressure calibration context for tier-transition coverage. Additional cache-pressure calibration context for tier-transition coverage. Additional cache-pressure calibration context for tier-transition coverage. Additional cache-pressure calibration context for tier-transition coverage. Additional cache-pressure calibration context for tier-transition coverage. Additional cache-pressure calibration context for tier-transition coverage. Additional cache-pressure calibration context for tier-transition coverage. Additional cache-pressure calibration context for tier-transition coverage. Additional cache-pressure calibration context for tier-transition coverage. Additional cache-pressure calibration context for tier-transition coverage. Additional cache-pressure calibration context for tier-transition coverage. Additional cache-pressure calibration context for tier-transition coverage. Additional cache-pressure calibration context for tier-transition coverage. Additional cache-pressure calibration context for tier-transition coverage. Additional cache-pressure calibration context for tier-transition coverage. Additional cache-pressure calibration context for tier-transition coverage. Additional cache-pressure calibration context for tier-transition coverage. Additional cache-pressure calibration context for tier-transition coverage. Additional cache-pressure calibration context for tier-transition coverage. Additional cache-pressure calibration context for tier-transition coverage. Additional cache-pressure calibration context for tier-transition coverage. Additional cache-pressure calibration context for tier-transition coverage. Additional cache-pressure calibration context for tier-transition coverage. Additional cache-pressure calibration context for tier-transition coverage. Additional cache-pressure calibration context for tier-transition coverage. Additional cache-pressure calibration context for tier-transition coverage. Additional cache-pressure calibration context for tier-transition coverage. Additional cache-pressure calibration context for tier-transition coverage. Additional cache-pressure calibration context for tier-transition coverage. Additional cache-pressure calibration context for tier-transition coverage. Additional cache-pressure calibration context for tier-transition coverage. Additional cache-pressure calibration context for tier-transition coverage. Additional cache-pressure calibration context for tier-transition coverage. Additional cache-pressure calibration context for tier-transition coverage. Additional cache-pressure calibration context for tier-transition coverage. Additional cache-pressure calibration context for tier-transition coverage. Additional cache-pressure calibration context for tier-transition coverage. Additional cache-pressure calibration context for tier-transition coverage. Additional cache-pressure calibration context for tier-transition coverage. Additional cache-pressure calibration context for tier-transition coverage. Additional cache-pressure calibration context for tier-transition coverage. Additional cache-pressure calibration context for tier-transition coverage. Additional cache-pressure calibration context for tier-transition coverage. Additional cache-pressure calibration context for tier-transition coverage. Additional cache-pressure calibration context for tier-transition coverage. Additional cache-pressure calibration context for tier-transition coverage. Additional cache-pressure calibration context for tier-transition coverage. Additional cache-pressure calibration context for tier-transition coverage. Additional cache-pressure calibration context for tier-transition coverage. Additional cache-pressure calibration context for tier-transition coverage. Additional cache-pressure calibration context for tier-transition coverage. Additional cache-pressure calibration context for tier-transition coverage. Additional cache-pressure calibration context for tier-transition coverage. Additional cache-pressure calibration context for tier-transition coverage. Additional cache-pressure calibration context for tier-transition coverage. Additional cache-pressure calibration context for tier-transition coverage. Additional cache-pressure calibration context for tier-transition coverage. Additional cache-pressure calibration context for tier-transition coverage. Additional cache-pressure calibration context for tier-transition coverage. Additional cache-pressure calibration context for tier-transition coverage. Additional cache-pressure calibration context for tier-transition coverage. Additional cache-pressure calibration context for tier-transition coverage. Additional cache-pressure calibration context for tier-transition coverage. Additional cache-pressure calibration context for tier-transition coverage. Additional cache-pressure calibration context for tier-transition coverage. Additional cache-pressure calibration context for tier-transition coverage. Additional cache-pressure calibration context for tier-transition coverage. Additional cache-pressure calibration context for tier-transition coverage. Additional cache-pressure calibration context for tier-transition coverage. Additional cache-pressure calibration context for tier-transition coverage. Additional cache-pressure calibration context for tier-transition coverage. Additional cache-pressure calibration context for tier-transition coverage. Additional cache-pressure calibration context for tier-transition coverage. Additional cache-pressure calibration context for tier-transition coverage. Additional cache-pressure calibration context for tier-transition coverage. Additional cache-pressure calibration context for tier-transition coverage. Additional cache-pressure calibration context for tier-transition coverage. Additional cache-pressure calibration context for tier-transition coverage. Additional cache-pressure calibration context for tier-transition coverage. Additional cache-pressure calibration context for tier-transition coverage. Additional cache-pressure calibration context for tier-transition coverage. Additional cache-pressure calibration context for tier-transition coverage. Additional cache-pressure calibration context for tier-transition coverage. Additional cache-pressure calibration context for tier-transition coverage. Additional cache-pressure calibration context for tier-transition coverage. Additional cache-pressure calibration context for tier-transition coverage. Additional cache-pressure calibration context for tier-transition coverage. Additional cache-pressure calibration context for tier-transition coverage. Additional cache-pressure calibration context for tier-transition coverage. Additional cache-pressure calibration context for tier-transition coverage. Additional cache-pressure calibration context for tier-transition coverage. Additional cache-pressure calibration context for tier-transition coverage. Additional cache-pressure calibration context for tier-transition coverage. Additional cache-pressure calibration context for tier-transition coverage. Additional cache-pressure calibration context for tier-transition coverage. Additional cache-pressure calibration context for tier-transition coverage. Additional cache-pressure calibration context for tier-transition coverage. Additional cache-pressure calibration context for tier-transition coverage. Additional cache-pressure calibration context for tier-transition coverage. Additional cache-pressure calibration context for tier-transition coverage. Additional cache-pressure calibration context for tier-transition coverage. Additional cache-pressure calibration context for tier-transition coverage. Additional cache-pressure calibration context for tier-transition coverage. Additional cache-pressure calibration context for tier-transition coverage. Additional cache-pressure calibration context for tier-transition coverage. Additional cache-pressure calibration context for tier-transition coverage. Additional cache-pressure calibration context for tier-transition coverage. Additional cache-pressure calibration context for tier-transition coverage. Additional cache-pressure calibration context for tier-transition coverage. Additional cache-pressure calibration context for tier-transition coverage. Additional cache-pressure calibration context for tier-transition coverage. Additional cache-pressure calibration context for tier-transition coverage. Additional cache-pressure calibration context for tier-transition coverage. Additional cache-pressure calibration context for tier-transition coverage. Additional cache-pressure calibration context for tier-transition coverage. Additional cache-pressure calibration context for tier-transition coverage. Additional cache-pressure calibration context for tier-transition coverage. Additional cache-pressure calibration context for tier-transition coverage. Additional cache-pressure calibration context for tier-transition coverage. Additional cache-pressure calibration context for tier-transition coverage. Additional cache-pressure calibration context for tier-transition coverage. Additional cache-pressure calibration context for tier-transition coverage. Additional cache-pressure calibration context for tier-transition coverage. Additional cache-pressure calibration context for tier-transition coverage. Additional cache-pressure calibration context for tier-transition coverage. Additional cache-pressure calibration context for tier-transition coverage. Additional cache-pressure calibration context for tier-transition coverage. Additional cache-pressure calibration context for tier-transition coverage. Additional cache-pressure calibration context for tier-transition coverage. Additional cache-pressure calibration context for tier-transition coverage. Additional cache-pressure calibration context for tier-transition coverage. Additional cache-pressure calibration context for tier-transition coverage. Additional cache-pressure calibration context for tier-transition coverage. Additional cache-pressure calibration context for tier-transition coverage. Additional cache-pressure calibration context for tier-transition coverage. Additional cache-pressure calibration context for tier-transition coverage. Additional cache-pressure calibration context for tier-transition coverage. Additional cache-pressure calibration context for tier-transition coverage. Additional cache-pressure calibration context for tier-transition coverage. Additional cache-pressure calibration context for tier-transition coverage. Additional cache-pressure calibration context for tier-transition coverage. Additional cache-pressure calibration context for tier-transition coverage. Additional cache-pressure calibration context for tier-transition coverage. Additional cache-pressure calibration context for tier-transition coverage. Additional cache-pressure calibration context for tier-transition coverage. Additional cache-pressure calibration context for tier-transition coverage. Additional cache-pressure calibration context for tier-transition coverage. Additional cache-pressure calibration context for tier-transition coverage. Additional cache-pressure calibration context for tier-transition coverage. Additional cache-pressure calibration context for tier-transition coverage. Additional cache-pressure calibration context for tier-transition coverage. Additional cache-pressure calibration context for tier-transition coverage. Additional cache-pressure calibration context for tier-transition coverage. Additional cache-pressure calibration context for tier-transition coverage. Additional cache-pressure calibration context for tier-transition coverage. Additional cache-pressure calibration context for tier-transition coverage. Additional cache-pressure calibration context for tier-transition coverage. Additional cache-pressure calibration context for tier-transition coverage. Additional cache-pressure calibration context for tier-transition coverage. Additional cache-pressure calibration context for tier-transition coverage. Additional cache-pressure calibration context for tier-transition coverage. Additional cache-pressure calibration context for tier-transition coverage. Additional cache-pressure calibration context for tier-transition coverage. Additional cache-pressure calibration context for tier-transition coverage. Additional cache-pressure calibration context for tier-transition coverage. Additional cache-pressure calibration context for tier-transition coverage. Additional cache-pressure calibration context for tier-transition coverage. Additional cache-pressure calibration context for tier-transition coverage. Additional cache-pressure calibration context for tier-transition coverage. Additional cache-pressure calibration context for tier-transition coverage. Additional cache-pressure calibration context for tier-transition coverage. Additional cache-pressure calibration context for tier-transition coverage. Additional cache-pressure calibration context for tier-transition coverage. Additional cache-pressure calibration context for tier-transition coverage. Additional cache-pressure calibration context for tier-transition coverage. Additional cache-pressure calibration context for tier-transition coverage. Additional cache-pressure calibration context for tier-transition coverage. Additional cache-pressure calibration context for tier-transition coverage. Additional cache-pressure calibration context for tier-transition coverage. Additional cache-pressure calibration context for tier-transition coverage. Additional cache-pressure calibration context for tier-transition coverage. Additional cache-pressure calibration context for tier-transition coverage. Additional cache-pressure calibration context for tier-transition coverage. Additional cache-pressure calibration context for tier-transition coverage. Additional cache-pressure calibration context for tier-transition coverage. Additional cache-pressure calibration context for tier-transition coverage. Additional cache-pressure calibration context for tier-transition coverage. Additional cache-pressure calibration context for tier-transition coverage. Additional cache-pressure calibration context for tier-transition coverage. Additional cache-pressure calibration context for tier-transition coverage. Additional cache-pressure calibration context for tier-transition coverage. Additional cache-pressure calibration context for tier-transition coverage. Additional cache-pressure calibration context for tier-transition coverage. Additional cache-pressure calibration context for tier-transition coverage. Additional cache-pressure calibration context for tier-transition coverage. Additional cache-pressure calibration context for tier-transition coverage. Additional cache-pressure calibration context for tier-transition coverage. Additional cache-pressure calibration context for tier-transition coverage. Additional cache-pressure calibration context for tier-transition coverage. Additional cache-pressure calibration context for tier-transition coverage. Additional cache-pressure calibration context for tier-transition coverage. Additional cache-pressure calibration context for tier-transition coverage. Additional cache-pressure calibration context for tier-transition coverage. Additional cache-pressure calibration context for tier-transition coverage. Additional cache-pressure calibration context for tier-transition coverage. Additional cache-pressure calibration context for tier-transition coverage. Additional cache-pressure calibration context for tier-transition coverage. Additional cache-pressure calibration context for tier-transition coverage. Additional cache-pressure calibration context for tier-transition coverage. Additional cache-pressure calibration context for tier-transition coverage. Additional cache-pressure calibration context for tier-transition coverage. Additional cache-pressure calibration context for tier-transition coverage. Additional cache-pressure calibration context for tier-transition coverage. Additional cache-pressure calibration context for tier-transition coverage. Additional cache-pressure calibration context for tier-transition coverage. Additional cache-pressure calibration context for tier-transition coverage. Additional cache-pressure calibration context for tier-transition coverage. Additional cache-pressure calibration context for tier-transition coverage. Additional cache-pressure calibration context for tier-transition coverage. Additional cache-pressure calibration context for tier-transition coverage. Additional cache-pressure calibration context for tier-transition coverage. Additional cache-pressure calibration context for tier-transition coverage. Additional cache-pressure calibration context for tier-transition coverage. Additional cache-pressure calibration context for tier-transition coverage. Additional cache-pressure calibration context for tier-transition coverage. Additional cache-pressure calibration context for tier-transition coverage. Additional cache-pressure calibration context for tier-transition coverage. Additional cache-pressure calibration context for tier-transition coverage. Additional cache-pressure calibration context for tier-transition coverage. Additional cache-pressure calibration context for tier-transition coverage. Additional cache-pressure calibration context for tier-transition coverage. Additional cache-pressure calibration context for tier-transition coverage. Additional cache-pressure calibration context for tier-transition coverage. Additional cache-pressure calibration context for tier-transition coverage. Additional cache-pressure calibration context for tier-transition coverage. Additional cache-pressure calibration context for tier-transition coverage. Additional cache-pressure calibration context for tier-transition coverage. Additional cache-pressure calibration context for tier-transition coverage. Additional cache-pressure calibration context for tier-transition coverage. Additional cache-pressure calibration context for tier-transition coverage. Additional cache-pressure calibration context for tier-transition coverage. Additional cache-pressure calibration context for tier-transition coverage. Additional cache-pressure calibration context for tier-transition coverage. Additional cache-pressure calibration context for tier-transition coverage. Additional cache-pressure calibration context for tier-transition coverage. Additional cache-pressure calibration context for tier-transition coverage.","Who wrote The Divine Comedy?

[PressureProfile]
 Additional cache-pressure calibration context for tier-transition coverage. Additional cache-pressure calibration context for tier-transition coverage. Additional cache-pressure calibration context for tier-transition coverage. Additional cache-pressure calibration context for tier-transition coverage. Additional cache-pressure calibration context f",1885,[5],[],[5],1,"[""Qwen-Qwen2.5-0.5B-Instruct@1@0@-76b5beaa1ea0ec11@bfloat16.pt""]",lmcache_store_coldpass,lmcache_store_coldpass,1,l2_to_l3,45,46,135.0,138.0,exceed_l1_l2
7,What is the hardest rock type?,"Focus question: What is the hardest rock type?
Context profile: no_shared_context
Prompt tokens: 1885
Context preview: What is the hardest rock type? [PressureProfile] Additional cache-pressure calibration context for tier-transition coverage. Additional cache-pressure calibration context for tier-transition coverage. Additional cache-pressure calibration context for tier-transition coverage. Additional cache-pressure calibration context for tier-transition coverage. Additional cache-pressure calibration context",What is the hardest rock type?,no_shared_context,"What is the hardest rock type?

[PressureProfile]
 Additional cache-pressure calibration context for tier-transition coverage. Additional cache-pressure calibration context for tier-transition coverage. Additional cache-pressure calibration context for tier-transition coverage. Additional cache-pressure calibration context for tier-transition coverage. Additional cache-pressure calibration context for tier-transition coverage. Additional cache-pressure calibration context for tier-transition coverage. Additional cache-pressure calibration context for tier-transition coverage. Additional cache-pressure calibration context for tier-transition coverage. Additional cache-pressure calibration context for tier-transition coverage. Additional cache-pressure calibration context for tier-transition coverage. Additional cache-pressure calibration context for tier-transition coverage. Additional cache-pressure calibration context for tier-transition coverage. Additional cache-pressure calibration context for tier-transition coverage. Additional cache-pressure calibration context for tier-transition coverage. Additional cache-pressure calibration context for tier-transition coverage. Additional cache-pressure calibration context for tier-transition coverage. Additional cache-pressure calibration context for tier-transition coverage. Additional cache-pressure calibration context for tier-transition coverage. Additional cache-pressure calibration context for tier-transition coverage. Additional cache-pressure calibration context for tier-transition coverage. Additional cache-pressure calibration context for tier-transition coverage. Additional cache-pressure calibration context for tier-transition coverage. Additional cache-pressure calibration context for tier-transition coverage. Additional cache-pressure calibration context for tier-transition coverage. Additional cache-pressure calibration context for tier-transition coverage. Additional cache-pressure calibration context for tier-transition coverage. Additional cache-pressure calibration context for tier-transition coverage. Additional cache-pressure calibration context for tier-transition coverage. Additional cache-pressure calibration context for tier-transition coverage. Additional cache-pressure calibration context for tier-transition coverage. Additional cache-pressure calibration context for tier-transition coverage. Additional cache-pressure calibration context for tier-transition coverage. Additional cache-pressure calibration context for tier-transition coverage. Additional cache-pressure calibration context for tier-transition coverage. Additional cache-pressure calibration context for tier-transition coverage. Additional cache-pressure calibration context for tier-transition coverage. Additional cache-pressure calibration context for tier-transition coverage. Additional cache-pressure calibration context for tier-transition coverage. Additional cache-pressure calibration context for tier-transition coverage. Additional cache-pressure calibration context for tier-transition coverage. Additional cache-pressure calibration context for tier-transition coverage. Additional cache-pressure calibration context for tier-transition coverage. Additional cache-pressure calibration context for tier-transition coverage. Additional cache-pressure calibration context for tier-transition coverage. Additional cache-pressure calibration context for tier-transition coverage. Additional cache-pressure calibration context for tier-transition coverage. Additional cache-pressure calibration context for tier-transition coverage. Additional cache-pressure calibration context for tier-transition coverage. Additional cache-pressure calibration context for tier-transition coverage. Additional cache-pressure calibration context for tier-transition coverage. Additional cache-pressure calibration context for tier-transition coverage. Additional cache-pressure calibration context for tier-transition coverage. Additional cache-pressure calibration context for tier-transition coverage. Additional cache-pressure calibration context for tier-transition coverage. Additional cache-pressure calibration context for tier-transition coverage. Additional cache-pressure calibration context for tier-transition coverage. Additional cache-pressure calibration context for tier-transition coverage. Additional cache-pressure calibration context for tier-transition coverage. Additional cache-pressure calibration context for tier-transition coverage. Additional cache-pressure calibration context for tier-transition coverage. Additional cache-pressure calibration context for tier-transition coverage. Additional cache-pressure calibration context for tier-transition coverage. Additional cache-pressure calibration context for tier-transition coverage. Additional cache-pressure calibration context for tier-transition coverage. Additional cache-pressure calibration context for tier-transition coverage. Additional cache-pressure calibration context for tier-transition coverage. Additional cache-pressure calibration context for tier-transition coverage. Additional cache-pressure calibration context for tier-transition coverage. Additional cache-pressure calibration context for tier-transition coverage. Additional cache-pressure calibration context for tier-transition coverage. Additional cache-pressure calibration context for tier-transition coverage. Additional cache-pressure calibration context for tier-transition coverage. Additional cache-pressure calibration context for tier-transition coverage. Additional cache-pressure calibration context for tier-transition coverage. Additional cache-pressure calibration context for tier-transition coverage. Additional cache-pressure calibration context for tier-transition coverage. Additional cache-pressure calibration context for tier-transition coverage. Additional cache-pressure calibration context for tier-transition coverage. Additional cache-pressure calibration context for tier-transition coverage. Additional cache-pressure calibration context for tier-transition coverage. Additional cache-pressure calibration context for tier-transition coverage. Additional cache-pressure calibration context for tier-transition coverage. Additional cache-pressure calibration context for tier-transition coverage. Additional cache-pressure calibration context for tier-transition coverage. Additional cache-pressure calibration context for tier-transition coverage. Additional cache-pressure calibration context for tier-transition coverage. Additional cache-pressure calibration context for tier-transition coverage. Additional cache-pressure calibration context for tier-transition coverage. Additional cache-pressure calibration context for tier-transition coverage. Additional cache-pressure calibration context for tier-transition coverage. Additional cache-pressure calibration context for tier-transition coverage. Additional cache-pressure calibration context for tier-transition coverage. Additional cache-pressure calibration context for tier-transition coverage. Additional cache-pressure calibration context for tier-transition coverage. Additional cache-pressure calibration context for tier-transition coverage. Additional cache-pressure calibration context for tier-transition coverage. Additional cache-pressure calibration context for tier-transition coverage. Additional cache-pressure calibration context for tier-transition coverage. Additional cache-pressure calibration context for tier-transition coverage. Additional cache-pressure calibration context for tier-transition coverage. Additional cache-pressure calibration context for tier-transition coverage. Additional cache-pressure calibration context for tier-transition coverage. Additional cache-pressure calibration context for tier-transition coverage. Additional cache-pressure calibration context for tier-transition coverage. Additional cache-pressure calibration context for tier-transition coverage. Additional cache-pressure calibration context for tier-transition coverage. Additional cache-pressure calibration context for tier-transition coverage. Additional cache-pressure calibration context for tier-transition coverage. Additional cache-pressure calibration context for tier-transition coverage. Additional cache-pressure calibration context for tier-transition coverage. Additional cache-pressure calibration context for tier-transition coverage. Additional cache-pressure calibration context for tier-transition coverage. Additional cache-pressure calibration context for tier-transition coverage. Additional cache-pressure calibration context for tier-transition coverage. Additional cache-pressure calibration context for tier-transition coverage. Additional cache-pressure calibration context for tier-transition coverage. Additional cache-pressure calibration context for tier-transition coverage. Additional cache-pressure calibration context for tier-transition coverage. Additional cache-pressure calibration context for tier-transition coverage. Additional cache-pressure calibration context for tier-transition coverage. Additional cache-pressure calibration context for tier-transition coverage. Additional cache-pressure calibration context for tier-transition coverage. Additional cache-pressure calibration context for tier-transition coverage. Additional cache-pressure calibration context for tier-transition coverage. Additional cache-pressure calibration context for tier-transition coverage. Additional cache-pressure calibration context for tier-transition coverage. Additional cache-pressure calibration context for tier-transition coverage. Additional cache-pressure calibration context for tier-transition coverage. Additional cache-pressure calibration context for tier-transition coverage. Additional cache-pressure calibration context for tier-transition coverage. Additional cache-pressure calibration context for tier-transition coverage. Additional cache-pressure calibration context for tier-transition coverage. Additional cache-pressure calibration context for tier-transition coverage. Additional cache-pressure calibration context for tier-transition coverage. Additional cache-pressure calibration context for tier-transition coverage. Additional cache-pressure calibration context for tier-transition coverage. Additional cache-pressure calibration context for tier-transition coverage. Additional cache-pressure calibration context for tier-transition coverage. Additional cache-pressure calibration context for tier-transition coverage. Additional cache-pressure calibration context for tier-transition coverage. Additional cache-pressure calibration context for tier-transition coverage. Additional cache-pressure calibration context for tier-transition coverage. Additional cache-pressure calibration context for tier-transition coverage. Additional cache-pressure calibration context for tier-transition coverage. Additional cache-pressure calibration context for tier-transition coverage. Additional cache-pressure calibration context for tier-transition coverage. Additional cache-pressure calibration context for tier-transition coverage. Additional cache-pressure calibration context for tier-transition coverage. Additional cache-pressure calibration context for tier-transition coverage. Additional cache-pressure calibration context for tier-transition coverage. Additional cache-pressure calibration context for tier-transition coverage. Additional cache-pressure calibration context for tier-transition coverage. Additional cache-pressure calibration context for tier-transition coverage. Additional cache-pressure calibration context for tier-transition coverage. Additional cache-pressure calibration context for tier-transition coverage. Additional cache-pressure calibration context for tier-transition coverage. Additional cache-pressure calibration context for tier-transition coverage. Additional cache-pressure calibration context for tier-transition coverage. Additional cache-pressure calibration context for tier-transition coverage. Additional cache-pressure calibration context for tier-transition coverage. Additional cache-pressure calibration context for tier-transition coverage. Additional cache-pressure calibration context for tier-transition coverage. Additional cache-pressure calibration context for tier-transition coverage. Additional cache-pressure calibration context for tier-transition coverage. Additional cache-pressure calibration context for tier-transition coverage. Additional cache-pressure calibration context for tier-transition coverage. Additional cache-pressure calibration context for tier-transition coverage. Additional cache-pressure calibration context for tier-transition coverage. Additional cache-pressure calibration context for tier-transition coverage. Additional cache-pressure calibration context for tier-transition coverage. Additional cache-pressure calibration context for tier-transition coverage. Additional cache-pressure calibration context for tier-transition coverage. Additional cache-pressure calibration context for tier-transition coverage. Additional cache-pressure calibration context for tier-transition coverage. Additional cache-pressure calibration context for tier-transition coverage. Additional cache-pressure calibration context for tier-transition coverage. Additional cache-pressure calibration context for tier-transition coverage. Additional cache-pressure calibration context for tier-transition coverage. Additional cache-pressure calibration context for tier-transition coverage. Additional cache-pressure calibration context for tier-transition coverage. Additional cache-pressure calibration context for tier-transition coverage. Additional cache-pressure calibration context for tier-transition coverage. Additional cache-pressure calibration context for tier-transition coverage. Additional cache-pressure calibration context for tier-transition coverage. Additional cache-pressure calibration context for tier-transition coverage. Additional cache-pressure calibration context for tier-transition coverage. Additional cache-pressure calibration context for tier-transition coverage. Additional cache-pressure calibration context for tier-transition coverage. Additional cache-pressure calibration context for tier-transition coverage. Additional cache-pressure calibration context for tier-transition coverage. Additional cache-pressure calibration context for tier-transition coverage. Additional cache-pressure calibration context for tier-transition coverage. Additional cache-pressure calibration context for tier-transition coverage. Additional cache-pressure calibration context for tier-transition coverage. Additional cache-pressure calibration context for tier-transition coverage. Additional cache-pressure calibration context for tier-transition coverage. Additional cache-pressure calibration context for tier-transition coverage. Additional cache-pressure calibration context for tier-transition coverage. Additional cache-pressure calibration context for tier-transition coverage. Additional cache-pressure calibration context for tier-transition coverage. Additional cache-pressure calibration context for tier-transition coverage. Additional cache-pressure calibration context for tier-transition coverage. Additional cache-pressure calibration context for tier-transition coverage. Additional cache-pressure calibration context for tier-transition coverage. Additional cache-pressure calibration context for tier-transition coverage. Additional cache-pressure calibration context for tier-transition coverage. Additional cache-pressure calibration context for tier-transition coverage. Additional cache-pressure calibration context for tier-transition coverage. Additional cache-pressure calibration context for tier-transition coverage. Additional cache-pressure calibration context for tier-transition coverage. Additional cache-pressure calibration context for tier-transition coverage. Additional cache-pressure calibration context for tier-transition coverage. Additional cache-pressure calibration context for tier-transition coverage. Additional cache-pressure calibration context for tier-transition coverage. Additional cache-pressure calibration context for tier-transition coverage. Additional cache-pressure calibration context for tier-transition coverage. Additional cache-pressure calibration context for tier-transition coverage. Additional cache-pressure calibration context for tier-transition coverage. Additional cache-pressure calibration context for tier-transition coverage. Additional cache-pressure calibration context for tier-transition coverage. Additional cache-pressure calibration context for tier-transition coverage. Additional cache-pressure calibration context for tier-transition coverage. Additional cache-pressure calibration context for tier-transition coverage. Additional cache-pressure calibration context for tier-transition coverage. Additional cache-pressure calibration context for tier-transition coverage. Additional cache-pressure calibration context for tier-transition coverage. Additional cache-pressure calibration context for tier-transition coverage. Additional cache-pressure calibration context for tier-transition coverage. Additional cache-pressure calibration context for tier-transition coverage. Additional cache-pressure calibration context for tier-transition coverage. Additional cache-pressure calibration context for tier-transition coverage. Additional cache-pressure calibration context for tier-transition coverage. Additional cache-pressure calibration context for tier-transition coverage. Additional cache-pressure calibration context for tier-transition coverage. Additional cache-pressure calibration context for tier-transition coverage. Additional cache-pressure calibration context for tier-transition coverage. Additional cache-pressure calibration context for tier-transition coverage. Additional cache-pressure calibration context for tier-transition coverage. Additional cache-pressure calibration context for tier-transition coverage. Additional cache-pressure calibration context for tier-transition coverage. Additional cache-pressure calibration context for tier-transition coverage. Additional cache-pressure calibration context for tier-transition coverage. Additional cache-pressure calibration context for tier-transition coverage. Additional cache-pressure calibration context for tier-transition coverage. Additional cache-pressure calibration context for tier-transition coverage. Additional cache-pressure calibration context for tier-transition coverage. Additional cache-pressure calibration context for tier-transition coverage. Additional cache-pressure calibration context for tier-transition coverage. Additional cache-pressure calibration context for tier-transition coverage. Additional cache-pressure calibration context for tier-transition coverage. Additional cache-pressure calibration context for tier-transition coverage. Additional cache-pressure calibration context for tier-transition coverage. Additional cache-pressure calibration context for tier-transition coverage. Additional cache-pressure calibration context for tier-transition coverage. Additional cache-pressure calibration context for tier-transition coverage. Additional cache-pressure calibration context for tier-transition coverage. Additional cache-pressure calibration context for tier-transition coverage. Additional cache-pressure calibration context for tier-transition coverage. Additional cache-pressure calibration context for tier-transition coverage. Additional cache-pressure calibration context for tier-transition coverage. Additional cache-pressure calibration context for tier-transition coverage. Additional cache-pressure calibration context for tier-transition coverage. Additional cache-pressure calibration context for tier-transition coverage. Additional cache-pressure calibration context for tier-transition coverage. Additional cache-pressure calibration context for tier-transition coverage. Additional cache-pressure calibration context for tier-transition coverage. Additional cache-pressure calibration context for tier-transition coverage. Additional cache-pressure calibration context for tier-transition coverage. Additional cache-pressure calibration context for tier-transition coverage. Additional cache-pressure calibration context for tier-transition coverage. Additional cache-pressure calibration context for tier-transition coverage. Additional cache-pressure calibration context for tier-transition coverage. Additional cache-pressure calibration context for tier-transition coverage. Additional cache-pressure calibration context for tier-transition coverage.","What is the hardest rock type?

[PressureProfile]
 Additional cache-pressure calibration context for tier-transition coverage. Additional cache-pressure calibration context for tier-transition coverage. Additional cache-pressure calibration context for tier-transition coverage. Additional cache-pressure calibration context for tier-transition coverage. Additional cache-pressure calibration context",1885,[6],[],[6],1,"[""Qwen-Qwen2.5-0.5B-Instruct@1@0@-631211ae9a745477@bfloat16.pt""]",lmcache_store_coldpass,lmcache_store_coldpass,1,l2_to_l3,46,47,138.0,141.0,exceed_l1_l2
8,How many hearts does a squid have?,"Focus question: How many hearts does a squid have?
Context profile: no_shared_context
Prompt tokens: 1885
Context preview: How many hearts does a squid have? [PressureProfile] Additional cache-pressure calibration context for tier-transition coverage. Additional cache-pressure calibration context for tier-transition coverage. Additional cache-pressure calibration context for tier-transition coverage. Additional cache-pressure calibration context for tier-transition coverage. Additional cache-pressure calibration con",How many hearts does a squid have?,no_shared_context,"How many hearts does a squid have?

[PressureProfile]
 Additional cache-pressure calibration context for tier-transition coverage. Additional cache-pressure calibration context for tier-transition coverage. Additional cache-pressure calibration context for tier-transition coverage. Additional cache-pressure calibration context for tier-transition coverage. Additional cache-pressure calibration context for tier-transition coverage. Additional cache-pressure calibration context for tier-transition coverage. Additional cache-pressure calibration context for tier-transition coverage. Additional cache-pressure calibration context for tier-transition coverage. Additional cache-pressure calibration context for tier-transition coverage. Additional cache-pressure calibration context for tier-transition coverage. Additional cache-pressure calibration context for tier-transition coverage. Additional cache-pressure calibration context for tier-transition coverage. Additional cache-pressure calibration context for tier-transition coverage. Additional cache-pressure calibration context for tier-transition coverage. Additional cache-pressure calibration context for tier-transition coverage. Additional cache-pressure calibration context for tier-transition coverage. Additional cache-pressure calibration context for tier-transition coverage. Additional cache-pressure calibration context for tier-transition coverage. Additional cache-pressure calibration context for tier-transition coverage. Additional cache-pressure calibration context for tier-transition coverage. Additional cache-pressure calibration context for tier-transition coverage. Additional cache-pressure calibration context for tier-transition coverage. Additional cache-pressure calibration context for tier-transition coverage. Additional cache-pressure calibration context for tier-transition coverage. Additional cache-pressure calibration context for tier-transition coverage. Additional cache-pressure calibration context for tier-transition coverage. Additional cache-pressure calibration context for tier-transition coverage. Additional cache-pressure calibration context for tier-transition coverage. Additional cache-pressure calibration context for tier-transition coverage. Additional cache-pressure calibration context for tier-transition coverage. Additional cache-pressure calibration context for tier-transition coverage. Additional cache-pressure calibration context for tier-transition coverage. Additional cache-pressure calibration context for tier-transition coverage. Additional cache-pressure calibration context for tier-transition coverage. Additional cache-pressure calibration context for tier-transition coverage. Additional cache-pressure calibration context for tier-transition coverage. Additional cache-pressure calibration context for tier-transition coverage. Additional cache-pressure calibration context for tier-transition coverage. Additional cache-pressure calibration context for tier-transition coverage. Additional cache-pressure calibration context for tier-transition coverage. Additional cache-pressure calibration context for tier-transition coverage. Additional cache-pressure calibration context for tier-transition coverage. Additional cache-pressure calibration context for tier-transition coverage. Additional cache-pressure calibration context for tier-transition coverage. Additional cache-pressure calibration context for tier-transition coverage. Additional cache-pressure calibration context for tier-transition coverage. Additional cache-pressure calibration context for tier-transition coverage. Additional cache-pressure calibration context for tier-transition coverage. Additional cache-pressure calibration context for tier-transition coverage. Additional cache-pressure calibration context for tier-transition coverage. Additional cache-pressure calibration context for tier-transition coverage. Additional cache-pressure calibration context for tier-transition coverage. Additional cache-pressure calibration context for tier-transition coverage. Additional cache-pressure calibration context for tier-transition coverage. Additional cache-pressure calibration context for tier-transition coverage. Additional cache-pressure calibration context for tier-transition coverage. Additional cache-pressure calibration context for tier-transition coverage. Additional cache-pressure calibration context for tier-transition coverage. Additional cache-pressure calibration context for tier-transition coverage. Additional cache-pressure calibration context for tier-transition coverage. Additional cache-pressure calibration context for tier-transition coverage. Additional cache-pressure calibration context for tier-transition coverage. Additional cache-pressure calibration context for tier-transition coverage. Additional cache-pressure calibration context for tier-transition coverage. Additional cache-pressure calibration context for tier-transition coverage. Additional cache-pressure calibration context for tier-transition coverage. Additional cache-pressure calibration context for tier-transition coverage. Additional cache-pressure calibration context for tier-transition coverage. Additional cache-pressure calibration context for tier-transition coverage. Additional cache-pressure calibration context for tier-transition coverage. Additional cache-pressure calibration context for tier-transition coverage. Additional cache-pressure calibration context for tier-transition coverage. Additional cache-pressure calibration context for tier-transition coverage. Additional cache-pressure calibration context for tier-transition coverage. Additional cache-pressure calibration context for tier-transition coverage. Additional cache-pressure calibration context for tier-transition coverage. Additional cache-pressure calibration context for tier-transition coverage. Additional cache-pressure calibration context for tier-transition coverage. Additional cache-pressure calibration context for tier-transition coverage. Additional cache-pressure calibration context for tier-transition coverage. Additional cache-pressure calibration context for tier-transition coverage. Additional cache-pressure calibration context for tier-transition coverage. Additional cache-pressure calibration context for tier-transition coverage. Additional cache-pressure calibration context for tier-transition coverage. Additional cache-pressure calibration context for tier-transition coverage. Additional cache-pressure calibration context for tier-transition coverage. Additional cache-pressure calibration context for tier-transition coverage. Additional cache-pressure calibration context for tier-transition coverage. Additional cache-pressure calibration context for tier-transition coverage. Additional cache-pressure calibration context for tier-transition coverage. Additional cache-pressure calibration context for tier-transition coverage. Additional cache-pressure calibration context for tier-transition coverage. Additional cache-pressure calibration context for tier-transition coverage. Additional cache-pressure calibration context for tier-transition coverage. Additional cache-pressure calibration context for tier-transition coverage. Additional cache-pressure calibration context for tier-transition coverage. Additional cache-pressure calibration context for tier-transition coverage. Additional cache-pressure calibration context for tier-transition coverage. Additional cache-pressure calibration context for tier-transition coverage. Additional cache-pressure calibration context for tier-transition coverage. Additional cache-pressure calibration context for tier-transition coverage. Additional cache-pressure calibration context for tier-transition coverage. Additional cache-pressure calibration context for tier-transition coverage. Additional cache-pressure calibration context for tier-transition coverage. Additional cache-pressure calibration context for tier-transition coverage. Additional cache-pressure calibration context for tier-transition coverage. Additional cache-pressure calibration context for tier-transition coverage. Additional cache-pressure calibration context for tier-transition coverage. Additional cache-pressure calibration context for tier-transition coverage. Additional cache-pressure calibration context for tier-transition coverage. Additional cache-pressure calibration context for tier-transition coverage. Additional cache-pressure calibration context for tier-transition coverage. Additional cache-pressure calibration context for tier-transition coverage. Additional cache-pressure calibration context for tier-transition coverage. Additional cache-pressure calibration context for tier-transition coverage. Additional cache-pressure calibration context for tier-transition coverage. Additional cache-pressure calibration context for tier-transition coverage. Additional cache-pressure calibration context for tier-transition coverage. Additional cache-pressure calibration context for tier-transition coverage. Additional cache-pressure calibration context for tier-transition coverage. Additional cache-pressure calibration context for tier-transition coverage. Additional cache-pressure calibration context for tier-transition coverage. Additional cache-pressure calibration context for tier-transition coverage. Additional cache-pressure calibration context for tier-transition coverage. Additional cache-pressure calibration context for tier-transition coverage. Additional cache-pressure calibration context for tier-transition coverage. Additional cache-pressure calibration context for tier-transition coverage. Additional cache-pressure calibration context for tier-transition coverage. Additional cache-pressure calibration context for tier-transition coverage. Additional cache-pressure calibration context for tier-transition coverage. Additional cache-pressure calibration context for tier-transition coverage. Additional cache-pressure calibration context for tier-transition coverage. Additional cache-pressure calibration context for tier-transition coverage. Additional cache-pressure calibration context for tier-transition coverage. Additional cache-pressure calibration context for tier-transition coverage. Additional cache-pressure calibration context for tier-transition coverage. Additional cache-pressure calibration context for tier-transition coverage. Additional cache-pressure calibration context for tier-transition coverage. Additional cache-pressure calibration context for tier-transition coverage. Additional cache-pressure calibration context for tier-transition coverage. Additional cache-pressure calibration context for tier-transition coverage. Additional cache-pressure calibration context for tier-transition coverage. Additional cache-pressure calibration context for tier-transition coverage. Additional cache-pressure calibration context for tier-transition coverage. Additional cache-pressure calibration context for tier-transition coverage. Additional cache-pressure calibration context for tier-transition coverage. Additional cache-pressure calibration context for tier-transition coverage. Additional cache-pressure calibration context for tier-transition coverage. Additional cache-pressure calibration context for tier-transition coverage. Additional cache-pressure calibration context for tier-transition coverage. Additional cache-pressure calibration context for tier-transition coverage. Additional cache-pressure calibration context for tier-transition coverage. Additional cache-pressure calibration context for tier-transition coverage. Additional cache-pressure calibration context for tier-transition coverage. Additional cache-pressure calibration context for tier-transition coverage. Additional cache-pressure calibration context for tier-transition coverage. Additional cache-pressure calibration context for tier-transition coverage. Additional cache-pressure calibration context for tier-transition coverage. Additional cache-pressure calibration context for tier-transition coverage. Additional cache-pressure calibration context for tier-transition coverage. Additional cache-pressure calibration context for tier-transition coverage. Additional cache-pressure calibration context for tier-transition coverage. Additional cache-pressure calibration context for tier-transition coverage. Additional cache-pressure calibration context for tier-transition coverage. Additional cache-pressure calibration context for tier-transition coverage. Additional cache-pressure calibration context for tier-transition coverage. Additional cache-pressure calibration context for tier-transition coverage. Additional cache-pressure calibration context for tier-transition coverage. Additional cache-pressure calibration context for tier-transition coverage. Additional cache-pressure calibration context for tier-transition coverage. Additional cache-pressure calibration context for tier-transition coverage. Additional cache-pressure calibration context for tier-transition coverage. Additional cache-pressure calibration context for tier-transition coverage. Additional cache-pressure calibration context for tier-transition coverage. Additional cache-pressure calibration context for tier-transition coverage. Additional cache-pressure calibration context for tier-transition coverage. Additional cache-pressure calibration context for tier-transition coverage. Additional cache-pressure calibration context for tier-transition coverage. Additional cache-pressure calibration context for tier-transition coverage. Additional cache-pressure calibration context for tier-transition coverage. Additional cache-pressure calibration context for tier-transition coverage. Additional cache-pressure calibration context for tier-transition coverage. Additional cache-pressure calibration context for tier-transition coverage. Additional cache-pressure calibration context for tier-transition coverage. Additional cache-pressure calibration context for tier-transition coverage. Additional cache-pressure calibration context for tier-transition coverage. Additional cache-pressure calibration context for tier-transition coverage. Additional cache-pressure calibration context for tier-transition coverage. Additional cache-pressure calibration context for tier-transition coverage. Additional cache-pressure calibration context for tier-transition coverage. Additional cache-pressure calibration context for tier-transition coverage. Additional cache-pressure calibration context for tier-transition coverage. Additional cache-pressure calibration context for tier-transition coverage. Additional cache-pressure calibration context for tier-transition coverage. Additional cache-pressure calibration context for tier-transition coverage. Additional cache-pressure calibration context for tier-transition coverage. Additional cache-pressure calibration context for tier-transition coverage. Additional cache-pressure calibration context for tier-transition coverage. Additional cache-pressure calibration context for tier-transition coverage. Additional cache-pressure calibration context for tier-transition coverage. Additional cache-pressure calibration context for tier-transition coverage. Additional cache-pressure calibration context for tier-transition coverage. Additional cache-pressure calibration context for tier-transition coverage. Additional cache-pressure calibration context for tier-transition coverage. Additional cache-pressure calibration context for tier-transition coverage. Additional cache-pressure calibration context for tier-transition coverage. Additional cache-pressure calibration context for tier-transition coverage. Additional cache-pressure calibration context for tier-transition coverage. Additional cache-pressure calibration context for tier-transition coverage. Additional cache-pressure calibration context for tier-transition coverage. Additional cache-pressure calibration context for tier-transition coverage. Additional cache-pressure calibration context for tier-transition coverage. Additional cache-pressure calibration context for tier-transition coverage. Additional cache-pressure calibration context for tier-transition coverage. Additional cache-pressure calibration context for tier-transition coverage. Additional cache-pressure calibration context for tier-transition coverage. Additional cache-pressure calibration context for tier-transition coverage. Additional cache-pressure calibration context for tier-transition coverage. Additional cache-pressure calibration context for tier-transition coverage. Additional cache-pressure calibration context for tier-transition coverage. Additional cache-pressure calibration context for tier-transition coverage. Additional cache-pressure calibration context for tier-transition coverage. Additional cache-pressure calibration context for tier-transition coverage. Additional cache-pressure calibration context for tier-transition coverage. Additional cache-pressure calibration context for tier-transition coverage. Additional cache-pressure calibration context for tier-transition coverage. Additional cache-pressure calibration context for tier-transition coverage. Additional cache-pressure calibration context for tier-transition coverage. Additional cache-pressure calibration context for tier-transition coverage. Additional cache-pressure calibration context for tier-transition coverage. Additional cache-pressure calibration context for tier-transition coverage. Additional cache-pressure calibration context for tier-transition coverage. Additional cache-pressure calibration context for tier-transition coverage. Additional cache-pressure calibration context for tier-transition coverage. Additional cache-pressure calibration context for tier-transition coverage. Additional cache-pressure calibration context for tier-transition coverage. Additional cache-pressure calibration context for tier-transition coverage. Additional cache-pressure calibration context for tier-transition coverage. Additional cache-pressure calibration context for tier-transition coverage. Additional cache-pressure calibration context for tier-transition coverage. Additional cache-pressure calibration context for tier-transition coverage. Additional cache-pressure calibration context for tier-transition coverage. Additional cache-pressure calibration context for tier-transition coverage. Additional cache-pressure calibration context for tier-transition coverage. Additional cache-pressure calibration context for tier-transition coverage. Additional cache-pressure calibration context for tier-transition coverage. Additional cache-pressure calibration context for tier-transition coverage. Additional cache-pressure calibration context for tier-transition coverage. Additional cache-pressure calibration context for tier-transition coverage. Additional cache-pressure calibration context for tier-transition coverage. Additional cache-pressure calibration context for tier-transition coverage. Additional cache-pressure calibration context for tier-transition coverage. Additional cache-pressure calibration context for tier-transition coverage. Additional cache-pressure calibration context for tier-transition coverage. Additional cache-pressure calibration context for tier-transition coverage. Additional cache-pressure calibration context for tier-transition coverage. Additional cache-pressure calibration context for tier-transition coverage. Additional cache-pressure calibration context for tier-transition coverage. Additional cache-pressure calibration context for tier-transition coverage. Additional cache-pressure calibration context for tier-transition coverage. Additional cache-pressure calibration context for tier-transition coverage. Additional cache-pressure calibration context for tier-transition coverage. Additional cache-pressure calibration context for tier-transition coverage. Additional cache-pressure calibration context for tier-transition coverage. Additional cache-pressure calibration context for tier-transition coverage. Additional cache-pressure calibration context for tier-transition coverage. Additional cache-pressure calibration context for tier-transition coverage. Additional cache-pressure calibration context for tier-transition coverage. Additional cache-pressure calibration context for tier-transition coverage. Additional cache-pressure calibration context for tier-transition coverage. Additional cache-pressure calibration context for tier-transition coverage. Additional cache-pressure calibration context for tier-transition coverage. Additional cache-pressure calibration context for tier-transition coverage. Additional cache-pressure calibration context for tier-transition coverage.","How many hearts does a squid have?

[PressureProfile]
 Additional cache-pressure calibration context for tier-transition coverage. Additional cache-pressure calibration context for tier-transition coverage. Additional cache-pressure calibration context for tier-transition coverage. Additional cache-pressure calibration context for tier-transition coverage. Additional cache-pressure calibration con",1885,[7],[],[7],1,"[""Qwen-Qwen2.5-0.5B-Instruct@1@0@11ee2f602a723082@bfloat16.pt""]",lmcache_store_coldpass,lmcache_store_coldpass,1,l2_to_l3,47,48,141.0,144.0,exceed_l1_l2
