episode,total_reward,hit_rate_pct,prefetch_accuracy_pct,total_prefetches,useful_prefetches,avg_measured_latency_ms,avg_baseline_latency_ms,total_measured_latency_ms,total_baseline_latency_ms,latency_reduction_pct,avg_ttft_ms,median_ttft_ms,p95_ttft_ms,tier_L1,tier_L2,tier_L3,tier_MISS,tier_L1_pct,tier_L2_pct,tier_L3_pct,tier_MISS_pct,latency_L1_ms,latency_L2_ms,latency_L3_ms,latency_MISS_ms
1,9.892938180871562,85.75,0.0,24,0,32.307,31.01,1615.369,1550.5,-4.18,2.335,0.061,9.501,343,0,0,57,85.8,0.0,0.0,14.2,21.252,0.0,0.0,1516.2
2,18.306076937197748,85.75,0.0,32,0,31.981,31.01,1599.074,1550.5,-3.13,2.014,0.054,7.553,343,0,0,57,85.8,0.0,0.0,14.2,11.787,0.0,0.0,1516.2
3,19.42295617731127,85.75,0.0,24,0,31.565,31.01,1578.246,1550.5,-1.79,1.599,0.054,4.296,343,0,0,57,85.8,0.0,0.0,14.2,11.722,0.0,0.0,1516.2
4,17.556568945790573,85.75,0.0,36,0,32.603,31.01,1630.137,1550.5,-5.14,2.633,0.053,10.337,343,0,0,57,85.8,0.0,0.0,14.2,12.011,0.0,0.0,1516.2
5,18.870581424447856,85.75,0.0,28,0,31.721,31.01,1586.073,1550.5,-2.29,1.754,0.047,5.299,343,0,0,57,85.8,0.0,0.0,14.2,11.749,0.0,0.0,1516.2
6,19.22982889920752,85.75,0.0,25,0,31.603,31.01,1580.164,1550.5,-1.91,1.636,0.055,4.264,343,0,0,57,85.8,0.0,0.0,14.2,11.784,0.0,0.0,1516.2
7,18.380442913813557,85.75,0.0,32,0,31.896,31.01,1594.806,1550.5,-2.86,1.93,0.051,6.397,343,0,0,57,85.8,0.0,0.0,14.2,11.713,0.0,0.0,1516.2
8,18.75315917549416,85.75,0.0,27,0,31.717,31.01,1585.828,1550.5,-2.28,1.746,0.057,6.282,343,0,0,57,85.8,0.0,0.0,14.2,11.997,0.0,0.0,1516.2
9,18.96982813475389,85.75,0.0,28,0,31.739,31.01,1586.932,1550.5,-2.35,1.773,0.048,5.449,343,0,0,57,85.8,0.0,0.0,14.2,11.649,0.0,0.0,1516.2
10,18.557356258794965,85.75,0.0,31,0,31.845,31.01,1592.253,1550.5,-2.69,1.879,0.049,7.297,343,0,0,57,85.8,0.0,0.0,14.2,11.667,0.0,0.0,1516.2
11,17.267704362817454,85.75,0.0,38,0,32.14,31.01,1607.004,1550.5,-3.64,2.17,0.053,6.373,343,0,0,57,85.8,0.0,0.0,14.2,12.037,0.0,0.0,1516.2
12,17.85489474764087,85.75,0.0,36,0,32.039,31.01,1601.95,1550.5,-3.32,2.073,0.05,8.258,343,0,0,57,85.8,0.0,0.0,14.2,11.713,0.0,0.0,1516.2
13,17.996525053298292,85.75,0.0,35,0,32.033,31.01,1601.632,1550.5,-3.3,2.067,0.048,7.628,343,0,0,57,85.8,0.0,0.0,14.2,11.702,0.0,0.0,1516.2
14,17.752290393975237,85.75,0.0,37,0,32.096,31.01,1604.809,1550.5,-3.5,2.13,0.048,8.294,343,0,0,57,85.8,0.0,0.0,14.2,11.684,0.0,0.0,1516.2
15,17.59763167850175,85.75,0.0,37,0,32.164,31.01,1608.195,1550.5,-3.72,2.197,0.051,7.83,343,0,0,57,85.8,0.0,0.0,14.2,11.838,0.0,0.0,1516.2
16,17.61872345680494,85.75,0.0,31,0,32.443,31.01,1622.137,1550.5,-4.62,2.467,0.06,10.426,343,0,0,57,85.8,0.0,0.0,14.2,12.606,0.0,0.0,1516.2
17,17.532689616545557,85.75,0.0,34,0,32.03,31.01,1601.522,1550.5,-3.29,2.055,0.052,8.997,343,0,0,57,85.8,0.0,0.0,14.2,12.298,0.0,0.0,1516.2
18,18.662631616500764,85.75,0.0,30,0,31.798,31.01,1589.922,1550.5,-2.54,1.832,0.048,6.286,343,0,0,57,85.8,0.0,0.0,14.2,11.694,0.0,0.0,1516.2
19,18.062484439341805,85.75,0.0,34,0,31.973,31.01,1598.648,1550.5,-3.11,2.007,0.05,6.347,343,0,0,57,85.8,0.0,0.0,14.2,11.768,0.0,0.0,1516.2
20,16.87211230842234,85.75,0.0,42,0,32.519,31.01,1625.971,1550.5,-4.87,2.552,0.048,12.255,343,0,0,57,85.8,0.0,0.0,14.2,11.907,0.0,0.0,1516.2
21,18.704061406415363,85.75,0.0,27,0,31.71,31.01,1585.483,1550.5,-2.26,1.738,0.053,6.412,343,0,0,57,85.8,0.0,0.0,14.2,12.047,0.0,0.0,1516.2
22,18.40366798879676,85.75,0.0,32,0,31.884,31.01,1594.208,1550.5,-2.82,1.918,0.048,6.248,343,0,0,57,85.8,0.0,0.0,14.2,11.69,0.0,0.0,1516.2
23,18.213238708535922,85.75,0.0,33,0,31.924,31.01,1596.203,1550.5,-2.95,1.957,0.048,6.329,343,0,0,57,85.8,0.0,0.0,14.2,11.749,0.0,0.0,1516.2
24,19.089250973354346,85.75,0.0,24,0,31.561,31.01,1578.053,1550.5,-1.78,1.588,0.05,5.391,343,0,0,57,85.8,0.0,0.0,14.2,12.056,0.0,0.0,1516.2
25,19.760415935315034,85.75,0.0,22,0,31.473,31.01,1573.657,1550.5,-1.49,1.506,0.05,4.309,343,0,0,57,85.8,0.0,0.0,14.2,11.648,0.0,0.0,1516.2
26,18.741734699832165,85.75,0.0,29,0,31.782,31.01,1589.098,1550.5,-2.49,1.816,0.049,5.485,343,0,0,57,85.8,0.0,0.0,14.2,11.746,0.0,0.0,1516.2
27,17.530430475668396,85.75,0.0,38,0,32.167,31.01,1608.363,1550.5,-3.73,2.201,0.05,8.551,343,0,0,57,85.8,0.0,0.0,14.2,11.774,0.0,0.0,1516.2
28,18.07158238405407,85.75,0.0,34,0,31.966,31.01,1598.284,1550.5,-3.08,1.998,0.052,6.305,343,0,0,57,85.8,0.0,0.0,14.2,11.759,0.0,0.0,1516.2
29,18.56990823155392,85.75,0.0,31,0,31.845,31.01,1592.228,1550.5,-2.69,1.879,0.048,7.499,343,0,0,57,85.8,0.0,0.0,14.2,11.655,0.0,0.0,1516.2
30,19.075586543285695,85.75,0.0,27,0,31.687,31.01,1584.338,1550.5,-2.18,1.72,0.05,6.334,343,0,0,57,85.8,0.0,0.0,14.2,11.675,0.0,0.0,1516.2
31,17.525552484202652,85.75,0.0,34,0,32.043,31.01,1602.133,1550.5,-3.33,2.068,0.06,8.275,343,0,0,57,85.8,0.0,0.0,14.2,12.305,0.0,0.0,1516.2
32,19.175273689057413,85.75,0.0,26,0,31.65,31.01,1582.524,1550.5,-2.07,1.684,0.051,6.329,343,0,0,57,85.8,0.0,0.0,14.2,11.707,0.0,0.0,1516.2
33,18.828147726852336,85.75,0.0,29,0,31.757,31.01,1587.856,1550.5,-2.41,1.791,0.049,8.405,343,0,0,57,85.8,0.0,0.0,14.2,11.66,0.0,0.0,1516.2
34,17.36271122710255,85.75,0.0,38,0,32.141,31.01,1607.074,1550.5,-3.65,2.172,0.052,6.437,343,0,0,57,85.8,0.0,0.0,14.2,11.942,0.0,0.0,1516.2
35,18.794786064207443,85.75,0.0,29,0,31.774,31.01,1588.715,1550.5,-2.46,1.808,0.05,6.354,343,0,0,57,85.8,0.0,0.0,14.2,11.693,0.0,0.0,1516.2
36,17.91082851157569,85.75,0.0,34,0,32.076,31.01,1603.791,1550.5,-3.44,2.107,0.055,6.417,343,0,0,57,85.8,0.0,0.0,14.2,11.92,0.0,0.0,1516.2
37,18.67971693270575,85.75,0.0,28,0,31.731,31.01,1586.532,1550.5,-2.32,1.761,0.056,6.407,343,0,0,57,85.8,0.0,0.0,14.2,11.939,0.0,0.0,1516.2
38,17.994818273406775,85.75,0.0,31,0,31.85,31.01,1592.522,1550.5,-2.71,1.875,0.056,7.328,343,0,0,57,85.8,0.0,0.0,14.2,12.23,0.0,0.0,1516.2
39,16.669783351895745,85.75,0.0,38,0,32.745,31.01,1637.245,1550.5,-5.59,2.767,0.053,10.001,343,0,0,57,85.8,0.0,0.0,14.2,12.635,0.0,0.0,1516.2
40,17.213015543874807,85.75,0.0,34,0,32.085,31.01,1604.268,1550.5,-3.47,2.107,0.053,7.001,343,0,0,57,85.8,0.0,0.0,14.2,12.617,0.0,0.0,1516.2
41,16.46369631286574,85.75,0.0,41,0,32.41,31.01,1620.491,1550.5,-4.51,2.436,0.056,10.049,343,0,0,57,85.8,0.0,0.0,14.2,12.447,0.0,0.0,1516.2
42,17.873634427432425,85.75,0.0,34,0,32.013,31.01,1600.645,1550.5,-3.23,2.044,0.057,6.425,343,0,0,57,85.8,0.0,0.0,14.2,11.957,0.0,0.0,1516.2
43,17.930839294116204,85.75,0.0,35,0,32.038,31.01,1601.888,1550.5,-3.31,2.071,0.048,6.442,343,0,0,57,85.8,0.0,0.0,14.2,11.768,0.0,0.0,1516.2
44,18.209153811308337,85.75,0.0,33,0,31.942,31.01,1597.089,1550.5,-3.0,1.975,0.05,6.392,343,0,0,57,85.8,0.0,0.0,14.2,11.753,0.0,0.0,1516.2
45,18.229719756614198,85.75,0.0,33,0,31.944,31.01,1597.206,1550.5,-3.01,1.978,0.048,6.437,343,0,0,57,85.8,0.0,0.0,14.2,11.732,0.0,0.0,1516.2
46,18.567896472929345,85.75,0.0,31,0,31.869,31.01,1593.469,1550.5,-2.77,1.903,0.048,9.542,343,0,0,57,85.8,0.0,0.0,14.2,11.657,0.0,0.0,1516.2
47,18.784015784293302,85.75,0.0,29,0,31.764,31.01,1588.18,1550.5,-2.43,1.797,0.049,7.426,343,0,0,57,85.8,0.0,0.0,14.2,11.704,0.0,0.0,1516.2
48,17.793594775637544,85.75,0.0,36,0,32.075,31.01,1603.735,1550.5,-3.43,2.108,0.053,7.518,343,0,0,57,85.8,0.0,0.0,14.2,11.774,0.0,0.0,1516.2
49,18.678775729533843,85.75,0.0,30,0,31.819,31.01,1590.948,1550.5,-2.61,1.853,0.05,7.469,343,0,0,57,85.8,0.0,0.0,14.2,11.678,0.0,0.0,1516.2
50,19.16820578017525,85.75,0.0,26,0,31.643,31.01,1582.148,1550.5,-2.04,1.676,0.051,5.301,343,0,0,57,85.8,0.0,0.0,14.2,11.714,0.0,0.0,1516.2
51,17.75941289367821,85.75,0.0,28,0,31.762,31.01,1588.116,1550.5,-2.43,1.776,0.056,6.386,343,0,0,57,85.8,0.0,0.0,14.2,12.86,0.0,0.0,1516.2
52,16.65214875940485,85.75,0.0,44,0,32.407,31.01,1620.374,1550.5,-4.51,2.439,0.048,9.372,343,0,0,57,85.8,0.0,0.0,14.2,11.864,0.0,0.0,1516.2
53,17.44414448686817,85.75,0.0,38,0,32.169,31.01,1608.448,1550.5,-3.74,2.201,0.048,7.589,343,0,0,57,85.8,0.0,0.0,14.2,11.86,0.0,0.0,1516.2
54,18.158739632322234,85.75,0.0,33,0,31.941,31.01,1597.025,1550.5,-3.0,1.973,0.048,6.314,343,0,0,57,85.8,0.0,0.0,14.2,11.803,0.0,0.0,1516.2
55,19.11715736331645,85.75,0.0,27,0,31.682,31.01,1584.103,1550.5,-2.17,1.715,0.049,7.422,343,0,0,57,85.8,0.0,0.0,14.2,11.633,0.0,0.0,1516.2
56,18.952750894708707,85.75,0.0,28,0,31.735,31.01,1586.749,1550.5,-2.34,1.768,0.053,7.584,343,0,0,57,85.8,0.0,0.0,14.2,11.666,0.0,0.0,1516.2
57,17.48357326497731,85.75,0.0,38,0,32.149,31.01,1607.435,1550.5,-3.67,2.181,0.05,9.533,343,0,0,57,85.8,0.0,0.0,14.2,11.821,0.0,0.0,1516.2
58,18.17639382670239,85.75,0.0,33,0,31.947,31.01,1597.349,1550.5,-3.02,1.98,0.051,8.347,343,0,0,57,85.8,0.0,0.0,14.2,11.786,0.0,0.0,1516.2
59,17.52311546071374,85.75,0.0,38,0,32.161,31.01,1608.045,1550.5,-3.71,2.194,0.049,8.6,343,0,0,57,85.8,0.0,0.0,14.2,11.782,0.0,0.0,1516.2
60,17.91250437569358,85.75,0.0,35,0,32.024,31.01,1601.184,1550.5,-3.27,2.057,0.049,6.344,343,0,0,57,85.8,0.0,0.0,14.2,11.786,0.0,0.0,1516.2
61,17.977117178203837,85.75,0.0,31,0,31.874,31.01,1593.697,1550.5,-2.79,1.9,0.057,6.401,343,0,0,57,85.8,0.0,0.0,14.2,12.248,0.0,0.0,1516.2
62,18.417216280183123,85.75,0.0,31,0,31.868,31.01,1593.411,1550.5,-2.77,1.901,0.05,6.409,343,0,0,57,85.8,0.0,0.0,14.2,11.808,0.0,0.0,1516.2
63,18.424291319503748,85.75,0.0,31,0,31.884,31.01,1594.216,1550.5,-2.82,1.917,0.049,7.418,343,0,0,57,85.8,0.0,0.0,14.2,11.801,0.0,0.0,1516.2
64,13.534886373159821,85.75,0.0,38,0,32.926,31.01,1646.324,1550.5,-6.18,2.898,0.08,9.338,343,0,0,57,85.8,0.0,0.0,14.2,15.77,0.0,0.0,1516.2
65,12.40159587518771,85.75,0.0,36,0,32.731,31.01,1636.549,1550.5,-5.55,2.677,0.078,11.755,343,0,0,57,85.8,0.0,0.0,14.2,17.166,0.0,0.0,1516.2
66,12.126036355690445,85.75,0.0,38,0,32.849,31.01,1642.472,1550.5,-5.93,2.795,0.073,10.393,343,0,0,57,85.8,0.0,0.0,14.2,17.179,0.0,0.0,1516.2
67,13.145475694948436,85.75,0.0,30,0,32.464,31.01,1623.21,1550.5,-4.69,2.41,0.069,11.166,343,0,0,57,85.8,0.0,0.0,14.2,17.211,0.0,0.0,1516.2
68,12.760447486998034,85.75,0.0,34,0,32.702,31.01,1635.114,1550.5,-5.46,2.649,0.07,9.18,343,0,0,57,85.8,0.0,0.0,14.2,17.07,0.0,0.0,1516.2
69,13.116990488312506,85.75,0.0,31,0,32.543,31.01,1627.129,1550.5,-4.94,2.489,0.075,9.13,343,0,0,57,85.8,0.0,0.0,14.2,17.108,0.0,0.0,1516.2
70,12.857634970178868,85.75,0.0,32,0,32.614,31.01,1630.688,1550.5,-5.17,2.559,0.067,9.229,343,0,0,57,85.8,0.0,0.0,14.2,17.236,0.0,0.0,1516.2
71,12.830171213327947,85.75,0.0,32,0,32.577,31.01,1628.842,1550.5,-5.05,2.521,0.075,12.177,343,0,0,57,85.8,0.0,0.0,14.2,17.263,0.0,0.0,1516.2
72,12.87955775796507,85.75,0.0,33,0,32.597,31.01,1629.866,1550.5,-5.12,2.544,0.069,8.975,343,0,0,57,85.8,0.0,0.0,14.2,17.082,0.0,0.0,1516.2
73,12.958567097858566,85.75,0.0,32,0,32.588,31.01,1629.42,1550.5,-5.09,2.534,0.067,10.727,343,0,0,57,85.8,0.0,0.0,14.2,17.135,0.0,0.0,1516.2
74,13.20154655262977,85.75,0.0,30,0,32.466,31.01,1623.294,1550.5,-4.69,2.413,0.072,10.785,343,0,0,57,85.8,0.0,0.0,14.2,17.155,0.0,0.0,1516.2
75,13.262157695173846,85.75,0.0,30,0,32.395,31.01,1619.726,1550.5,-4.46,2.34,0.071,8.744,343,0,0,57,85.8,0.0,0.0,14.2,17.094,0.0,0.0,1516.2
76,11.613951170377671,85.75,0.0,42,0,33.073,31.01,1653.671,1550.5,-6.65,3.02,0.07,11.614,343,0,0,57,85.8,0.0,0.0,14.2,17.165,0.0,0.0,1516.2
77,12.170453370268802,85.75,0.0,38,0,32.841,31.01,1642.029,1550.5,-5.9,2.787,0.071,11.683,343,0,0,57,85.8,0.0,0.0,14.2,17.134,0.0,0.0,1516.2
78,12.688941543801208,85.75,0.0,34,0,32.619,31.01,1630.962,1550.5,-5.19,2.566,0.076,8.655,343,0,0,57,85.8,0.0,0.0,14.2,17.142,0.0,0.0,1516.2
79,14.30769661479029,85.75,0.0,23,0,31.98,31.01,1599.019,1550.5,-3.13,1.928,0.076,8.607,343,0,0,57,85.8,0.0,0.0,14.2,16.969,0.0,0.0,1516.2
80,13.294294464906306,85.75,0.0,30,0,32.386,31.01,1619.279,1550.5,-4.44,2.332,0.075,13.086,343,0,0,57,85.8,0.0,0.0,14.2,17.062,0.0,0.0,1516.2
81,11.835864144814286,85.75,0.0,39,0,32.908,31.01,1645.377,1550.5,-6.12,2.851,0.075,15.93,343,0,0,57,85.8,0.0,0.0,14.2,17.337,0.0,0.0,1516.2
82,13.980532257004787,85.75,0.0,28,0,32.161,31.01,1608.064,1550.5,-3.71,2.115,0.073,8.931,343,0,0,57,85.8,0.0,0.0,14.2,16.639,0.0,0.0,1516.2
83,13.01975988045432,85.75,0.0,32,0,32.556,31.01,1627.812,1550.5,-4.99,2.503,0.071,11.552,343,0,0,57,85.8,0.0,0.0,14.2,17.074,0.0,0.0,1516.2
84,12.713352498012116,85.75,0.0,34,0,32.611,31.01,1630.547,1550.5,-5.16,2.557,0.07,10.249,343,0,0,57,85.8,0.0,0.0,14.2,17.117,0.0,0.0,1516.2
85,10.754209263503164,85.75,0.0,48,0,33.637,31.01,1681.83,1550.5,-8.47,3.583,0.078,14.743,343,0,0,57,85.8,0.0,0.0,14.2,17.236,0.0,0.0,1516.2
86,13.071628887165378,85.75,0.0,32,0,32.489,31.01,1624.438,1550.5,-4.77,2.436,0.074,11.482,343,0,0,57,85.8,0.0,0.0,14.2,17.022,0.0,0.0,1516.2
87,12.700483526331825,85.75,0.0,34,0,32.62,31.01,1631.0,1550.5,-5.19,2.567,0.075,8.724,343,0,0,57,85.8,0.0,0.0,14.2,17.13,0.0,0.0,1516.2
88,12.782033819799093,85.75,0.0,33,0,32.564,31.01,1628.179,1550.5,-5.01,2.509,0.07,8.789,343,0,0,57,85.8,0.0,0.0,14.2,17.18,0.0,0.0,1516.2
89,12.827476671641474,85.75,0.0,33,0,32.554,31.01,1627.681,1550.5,-4.98,2.499,0.071,11.454,343,0,0,57,85.8,0.0,0.0,14.2,17.134,0.0,0.0,1516.2
90,12.745311341477079,85.75,0.0,34,0,32.617,31.01,1630.848,1550.5,-5.18,2.564,0.074,10.28,343,0,0,57,85.8,0.0,0.0,14.2,17.085,0.0,0.0,1516.2
91,12.454820239930607,85.75,0.0,35,0,32.681,31.01,1634.054,1550.5,-5.39,2.625,0.076,10.416,343,0,0,57,85.8,0.0,0.0,14.2,17.244,0.0,0.0,1516.2
92,12.479909015153467,85.75,0.0,36,0,32.731,31.01,1636.562,1550.5,-5.55,2.679,0.071,11.62,343,0,0,57,85.8,0.0,0.0,14.2,17.088,0.0,0.0,1516.2
93,12.34235756767881,85.75,0.0,37,0,32.787,31.01,1639.328,1550.5,-5.73,2.734,0.071,13.113,343,0,0,57,85.8,0.0,0.0,14.2,17.094,0.0,0.0,1516.2
94,12.7040643452159,85.75,0.0,34,0,32.611,31.01,1630.529,1550.5,-5.16,2.557,0.072,10.219,343,0,0,57,85.8,0.0,0.0,14.2,17.126,0.0,0.0,1516.2
95,12.154699052189562,85.75,0.0,39,0,33.247,31.01,1662.338,1550.5,-7.21,3.196,0.071,11.501,343,0,0,57,85.8,0.0,0.0,14.2,17.018,0.0,0.0,1516.2
96,12.969619990518357,85.75,0.0,32,0,32.498,31.01,1624.882,1550.5,-4.8,2.444,0.066,8.675,343,0,0,57,85.8,0.0,0.0,14.2,17.124,0.0,0.0,1516.2
97,13.136792399861218,85.75,0.0,31,0,32.439,31.01,1621.947,1550.5,-4.61,2.385,0.07,8.679,343,0,0,57,85.8,0.0,0.0,14.2,17.088,0.0,0.0,1516.2
98,12.132271283841106,85.75,0.0,38,0,32.84,31.01,1641.996,1550.5,-5.9,2.785,0.069,10.222,343,0,0,57,85.8,0.0,0.0,14.2,17.172,0.0,0.0,1516.2
99,12.430615042601644,85.75,0.0,36,0,32.734,31.01,1636.681,1550.5,-5.56,2.68,0.066,8.665,343,0,0,57,85.8,0.0,0.0,14.2,17.137,0.0,0.0,1516.2
100,12.384373028678752,85.75,0.0,36,0,32.737,31.01,1636.856,1550.5,-5.57,2.683,0.07,8.663,343,0,0,57,85.8,0.0,0.0,14.2,17.183,0.0,0.0,1516.2
101,11.749323766784569,85.75,0.0,40,0,32.964,31.01,1648.201,1550.5,-6.3,2.909,0.07,8.791,343,0,0,57,85.8,0.0,0.0,14.2,17.292,0.0,0.0,1516.2
102,13.448491906418353,85.75,0.0,29,0,32.324,31.01,1616.189,1550.5,-4.24,2.27,0.067,8.983,343,0,0,57,85.8,0.0,0.0,14.2,17.039,0.0,0.0,1516.2
103,13.615912745904843,85.75,0.0,26,0,32.193,31.01,1609.663,1550.5,-3.82,2.139,0.075,6.163,343,0,0,57,85.8,0.0,0.0,14.2,17.266,0.0,0.0,1516.2
104,12.843271815195461,85.75,0.0,33,0,32.554,31.01,1627.721,1550.5,-4.98,2.5,0.069,10.215,343,0,0,57,85.8,0.0,0.0,14.2,17.119,0.0,0.0,1516.2
105,12.57336024324429,85.75,0.0,35,0,32.677,31.01,1633.831,1550.5,-5.37,2.624,0.073,10.297,343,0,0,57,85.8,0.0,0.0,14.2,17.126,0.0,0.0,1516.2
106,12.988564983435015,85.75,0.0,32,0,32.493,31.01,1624.626,1550.5,-4.78,2.439,0.068,8.659,343,0,0,57,85.8,0.0,0.0,14.2,17.105,0.0,0.0,1516.2
107,13.957999016221608,85.75,0.0,25,0,32.097,31.01,1604.87,1550.5,-3.51,2.044,0.067,5.862,343,0,0,57,85.8,0.0,0.0,14.2,17.056,0.0,0.0,1516.2
108,18.5277271840043,85.75,0.0,28,0,31.862,31.01,1593.106,1550.5,-2.75,1.891,0.055,8.604,343,0,0,57,85.8,0.0,0.0,14.2,12.091,0.0,0.0,1516.2
109,18.62768511916712,85.75,0.0,28,0,31.827,31.01,1591.333,1550.5,-2.63,1.856,0.051,6.899,343,0,0,57,85.8,0.0,0.0,14.2,11.992,0.0,0.0,1516.2
110,17.043014264269146,85.75,0.0,38,0,32.292,31.01,1614.619,1550.5,-4.14,2.318,0.058,10.496,343,0,0,57,85.8,0.0,0.0,14.2,12.262,0.0,0.0,1516.2
111,17.333388309750074,85.75,0.0,31,0,31.987,31.01,1599.375,1550.5,-3.15,2.004,0.063,9.038,343,0,0,57,85.8,0.0,0.0,14.2,12.891,0.0,0.0,1516.2
112,17.704808236579602,85.75,0.0,35,0,32.15,31.01,1607.497,1550.5,-3.68,2.179,0.049,7.026,343,0,0,57,85.8,0.0,0.0,14.2,11.994,0.0,0.0,1516.2
113,17.746777939005536,85.75,0.0,33,0,32.085,31.01,1604.251,1550.5,-3.47,2.113,0.054,9.251,343,0,0,57,85.8,0.0,0.0,14.2,12.215,0.0,0.0,1516.2
114,16.496917702553514,85.75,0.0,44,0,32.565,31.01,1628.265,1550.5,-5.02,2.595,0.051,11.254,343,0,0,57,85.8,0.0,0.0,14.2,12.019,0.0,0.0,1516.2
115,18.834393423267116,85.75,0.0,27,0,31.779,31.01,1588.956,1550.5,-2.48,1.809,0.051,6.807,343,0,0,57,85.8,0.0,0.0,14.2,11.916,0.0,0.0,1516.2
116,18.39804776969541,85.75,0.0,29,0,31.895,31.01,1594.77,1550.5,-2.86,1.924,0.049,6.845,343,0,0,57,85.8,0.0,0.0,14.2,12.09,0.0,0.0,1516.2
117,18.366885505422577,85.75,0.0,30,0,31.917,31.01,1595.867,1550.5,-2.93,1.948,0.054,6.748,343,0,0,57,85.8,0.0,0.0,14.2,11.989,0.0,0.0,1516.2
118,17.75193240935494,85.75,0.0,34,0,32.146,31.01,1607.298,1550.5,-3.66,2.175,0.05,7.005,343,0,0,57,85.8,0.0,0.0,14.2,12.079,0.0,0.0,1516.2
119,18.178080408076124,85.75,0.0,31,0,32.008,31.01,1600.379,1550.5,-3.22,2.036,0.051,8.109,343,0,0,57,85.8,0.0,0.0,14.2,12.047,0.0,0.0,1516.2
120,17.942598653003355,85.75,0.0,33,0,32.056,31.01,1602.786,1550.5,-3.37,2.086,0.049,5.95,343,0,0,57,85.8,0.0,0.0,14.2,12.019,0.0,0.0,1516.2
121,17.135501820571502,85.75,0.0,33,0,32.092,31.01,1604.584,1550.5,-3.49,2.111,0.06,5.911,343,0,0,57,85.8,0.0,0.0,14.2,12.826,0.0,0.0,1516.2
122,17.82372643681754,85.75,0.0,34,0,32.09,31.01,1604.487,1550.5,-3.48,2.12,0.05,6.85,343,0,0,57,85.8,0.0,0.0,14.2,12.007,0.0,0.0,1516.2
123,16.603544656238192,85.75,0.0,37,0,32.529,31.01,1626.435,1550.5,-4.9,2.547,0.055,11.706,343,0,0,57,85.8,0.0,0.0,14.2,12.833,0.0,0.0,1516.2
124,13.161668279951693,85.75,0.0,24,0,32.191,31.01,1609.575,1550.5,-3.81,2.129,0.087,7.971,343,0,0,57,85.8,0.0,0.0,14.2,17.983,0.0,0.0,1516.2
125,13.696721728507164,85.75,0.0,26,0,32.234,31.01,1611.679,1550.5,-3.95,2.178,0.07,10.756,343,0,0,57,85.8,0.0,0.0,14.2,17.185,0.0,0.0,1516.2
126,12.292110531991021,85.75,0.0,37,0,32.953,31.01,1647.629,1550.5,-6.26,2.899,0.072,14.185,343,0,0,57,85.8,0.0,0.0,14.2,17.144,0.0,0.0,1516.2
127,13.914041121768088,85.75,0.0,24,0,32.188,31.01,1609.392,1550.5,-3.8,2.132,0.071,9.566,343,0,0,57,85.8,0.0,0.0,14.2,17.231,0.0,0.0,1516.2
128,18.00597546684239,85.75,0.0,30,0,32.085,31.01,1604.258,1550.5,-3.47,2.112,0.055,7.201,343,0,0,57,85.8,0.0,0.0,14.2,12.35,0.0,0.0,1516.2
129,13.12870034878343,85.75,0.0,28,0,32.4,31.01,1619.989,1550.5,-4.48,2.341,0.069,8.862,343,0,0,57,85.8,0.0,0.0,14.2,17.49,0.0,0.0,1516.2
130,14.224447596146307,85.75,0.0,23,0,32.057,31.01,1602.873,1550.5,-3.38,2.003,0.073,9.103,343,0,0,57,85.8,0.0,0.0,14.2,17.052,0.0,0.0,1516.2
131,12.368376428257195,85.75,0.0,34,0,32.732,31.01,1636.583,1550.5,-5.55,2.673,0.077,13.731,343,0,0,57,85.8,0.0,0.0,14.2,17.462,0.0,0.0,1516.2
132,13.447659769697934,85.75,0.0,29,0,32.426,31.01,1621.28,1550.5,-4.56,2.373,0.07,10.825,343,0,0,57,85.8,0.0,0.0,14.2,17.04,0.0,0.0,1516.2
133,14.014199334940196,85.75,0.0,24,0,32.119,31.01,1605.942,1550.5,-3.58,2.064,0.067,6.224,343,0,0,57,85.8,0.0,0.0,14.2,17.131,0.0,0.0,1516.2
134,13.558049121524354,85.75,0.0,28,0,32.35,31.01,1617.498,1550.5,-4.32,2.296,0.074,9.166,343,0,0,57,85.8,0.0,0.0,14.2,17.061,0.0,0.0,1516.2
135,13.243189724783042,85.75,0.0,30,0,32.38,31.01,1619.009,1550.5,-4.42,2.327,0.071,8.685,343,0,0,57,85.8,0.0,0.0,14.2,17.113,0.0,0.0,1516.2
136,12.728314224277144,85.75,0.0,34,0,32.617,31.01,1630.865,1550.5,-5.18,2.564,0.066,8.733,343,0,0,57,85.8,0.0,0.0,14.2,17.102,0.0,0.0,1516.2
137,13.703685525788401,85.75,0.0,27,0,32.214,31.01,1610.699,1550.5,-3.88,2.16,0.068,7.469,343,0,0,57,85.8,0.0,0.0,14.2,17.047,0.0,0.0,1516.2
138,14.270978509242228,85.75,0.0,23,0,31.979,31.01,1598.95,1550.5,-3.12,1.926,0.069,8.734,343,0,0,57,85.8,0.0,0.0,14.2,17.006,0.0,0.0,1516.2
139,13.537589143265185,85.75,0.0,28,0,32.268,31.01,1613.385,1550.5,-4.06,2.214,0.076,10.275,343,0,0,57,85.8,0.0,0.0,14.2,17.082,0.0,0.0,1516.2
140,13.657392536506464,85.75,0.0,27,0,32.216,31.01,1610.796,1550.5,-3.89,2.162,0.071,8.665,343,0,0,57,85.8,0.0,0.0,14.2,17.093,0.0,0.0,1516.2
141,12.685473916913164,85.75,0.0,33,0,32.564,31.01,1628.221,1550.5,-5.01,2.508,0.073,8.668,343,0,0,57,85.8,0.0,0.0,14.2,17.276,0.0,0.0,1516.2
142,12.951962718484705,85.75,0.0,33,0,32.546,31.01,1627.316,1550.5,-4.95,2.493,0.069,11.445,343,0,0,57,85.8,0.0,0.0,14.2,17.01,0.0,0.0,1516.2
143,14.270450565757743,85.75,0.0,23,0,31.978,31.01,1598.901,1550.5,-3.12,1.925,0.073,8.632,343,0,0,57,85.8,0.0,0.0,14.2,17.006,0.0,0.0,1516.2
144,12.732396429400412,85.75,0.0,34,0,32.609,31.01,1630.432,1550.5,-5.16,2.555,0.069,10.211,343,0,0,57,85.8,0.0,0.0,14.2,17.098,0.0,0.0,1516.2
145,13.003711853717494,85.75,0.0,32,0,32.495,31.01,1624.753,1550.5,-4.79,2.441,0.069,8.674,343,0,0,57,85.8,0.0,0.0,14.2,17.09,0.0,0.0,1516.2
146,13.542706498878223,85.75,0.0,28,0,32.273,31.01,1613.648,1550.5,-4.07,2.22,0.067,8.646,343,0,0,57,85.8,0.0,0.0,14.2,17.076,0.0,0.0,1516.2
147,13.971254821464413,85.75,0.0,25,0,32.102,31.01,1605.089,1550.5,-3.52,2.048,0.077,8.628,343,0,0,57,85.8,0.0,0.0,14.2,17.042,0.0,0.0,1516.2
148,12.32280459574391,85.75,0.0,37,0,32.783,31.01,1639.162,1550.5,-5.72,2.729,0.068,8.677,343,0,0,57,85.8,0.0,0.0,14.2,17.113,0.0,0.0,1516.2
149,12.449846810111708,85.75,0.0,36,0,32.751,31.01,1637.534,1550.5,-5.61,2.697,0.066,11.466,343,0,0,57,85.8,0.0,0.0,14.2,17.118,0.0,0.0,1516.2
150,14.065578124083574,85.75,0.0,25,0,32.098,31.01,1604.892,1550.5,-3.51,2.045,0.067,5.922,343,0,0,57,85.8,0.0,0.0,14.2,16.948,0.0,0.0,1516.2
151,13.200208067313914,85.75,0.0,28,0,32.277,31.01,1613.842,1550.5,-4.09,2.218,0.077,10.376,343,0,0,57,85.8,0.0,0.0,14.2,17.419,0.0,0.0,1516.2
152,13.03390611738995,85.75,0.0,32,0,32.506,31.01,1625.279,1550.5,-4.82,2.452,0.066,8.656,343,0,0,57,85.8,0.0,0.0,14.2,17.059,0.0,0.0,1516.2
153,14.090749262993478,85.75,0.0,24,0,32.042,31.01,1602.113,1550.5,-3.33,1.989,0.074,7.49,343,0,0,57,85.8,0.0,0.0,14.2,17.054,0.0,0.0,1516.2
154,14.221932544981643,85.75,0.0,23,0,31.985,31.01,1599.235,1550.5,-3.14,1.93,0.071,5.995,343,0,0,57,85.8,0.0,0.0,14.2,17.055,0.0,0.0,1516.2
155,13.98534193396847,85.75,0.0,25,0,32.098,31.01,1604.876,1550.5,-3.51,2.044,0.071,8.677,343,0,0,57,85.8,0.0,0.0,14.2,17.028,0.0,0.0,1516.2
156,14.00956106483284,85.75,0.0,25,0,32.094,31.01,1604.714,1550.5,-3.5,2.04,0.068,8.639,343,0,0,57,85.8,0.0,0.0,14.2,17.004,0.0,0.0,1516.2
157,14.02694306563865,85.75,0.0,25,0,32.092,31.01,1604.62,1550.5,-3.49,2.039,0.071,10.193,343,0,0,57,85.8,0.0,0.0,14.2,16.987,0.0,0.0,1516.2
158,13.680477694824745,85.75,0.0,27,0,32.21,31.01,1610.52,1550.5,-3.87,2.157,0.072,8.63,343,0,0,57,85.8,0.0,0.0,14.2,17.07,0.0,0.0,1516.2
159,13.639514104465169,85.75,0.0,28,0,32.267,31.01,1613.336,1550.5,-4.05,2.214,0.07,7.384,343,0,0,57,85.8,0.0,0.0,14.2,16.98,0.0,0.0,1516.2
160,13.567400269561594,85.75,0.0,28,0,32.27,31.01,1613.484,1550.5,-4.06,2.216,0.068,8.695,343,0,0,57,85.8,0.0,0.0,14.2,17.052,0.0,0.0,1516.2
161,13.12776321999464,85.75,0.0,28,0,32.282,31.01,1614.095,1550.5,-4.1,2.223,0.075,8.652,343,0,0,57,85.8,0.0,0.0,14.2,17.491,0.0,0.0,1516.2
162,13.62764669010177,85.75,0.0,27,0,32.21,31.01,1610.483,1550.5,-3.87,2.156,0.075,8.618,343,0,0,57,85.8,0.0,0.0,14.2,17.123,0.0,0.0,1516.2
163,14.355203852182097,85.75,0.0,22,0,31.93,31.01,1596.483,1550.5,-2.97,1.876,0.071,5.829,343,0,0,57,85.8,0.0,0.0,14.2,17.053,0.0,0.0,1516.2
164,15.420019126836312,85.75,0.0,21,0,31.728,31.01,1586.384,1550.5,-2.31,1.689,0.065,5.85,343,0,0,57,85.8,0.0,0.0,14.2,16.119,0.0,0.0,1516.2
165,18.01825961910725,85.75,0.0,33,0,32.041,31.01,1602.034,1550.5,-3.32,2.071,0.049,6.835,343,0,0,57,85.8,0.0,0.0,14.2,11.944,0.0,0.0,1516.2
166,18.348694316266663,85.75,0.0,30,0,31.905,31.01,1595.239,1550.5,-2.89,1.935,0.051,5.824,343,0,0,57,85.8,0.0,0.0,14.2,12.008,0.0,0.0,1516.2
167,17.556582224336644,85.75,0.0,35,0,32.153,31.01,1607.64,1550.5,-3.69,2.181,0.056,8.562,343,0,0,57,85.8,0.0,0.0,14.2,12.142,0.0,0.0,1516.2
168,18.40211762728888,85.75,0.0,26,0,31.767,31.01,1588.363,1550.5,-2.44,1.79,0.054,6.126,343,0,0,57,85.8,0.0,0.0,14.2,12.48,0.0,0.0,1516.2
169,17.809095474819905,85.75,0.0,24,0,31.685,31.01,1584.242,1550.5,-2.18,1.692,0.064,7.346,343,0,0,57,85.8,0.0,0.0,14.2,13.336,0.0,0.0,1516.2
170,18.57589587885596,85.75,0.0,29,0,31.843,31.01,1592.149,1550.5,-2.69,1.873,0.05,6.767,343,0,0,57,85.8,0.0,0.0,14.2,11.912,0.0,0.0,1516.2
171,18.618786869928083,85.75,0.0,22,0,31.656,31.01,1582.785,1550.5,-2.08,1.674,0.06,5.713,343,0,0,57,85.8,0.0,0.0,14.2,12.789,0.0,0.0,1516.2
172,18.431873463659954,85.75,0.0,27,0,31.823,31.01,1591.14,1550.5,-2.62,1.846,0.055,7.658,343,0,0,57,85.8,0.0,0.0,14.2,12.319,0.0,0.0,1516.2
173,16.37102810248184,85.75,0.0,21,0,31.589,31.01,1579.453,1550.5,-1.87,1.56,0.066,5.668,343,0,0,57,85.8,0.0,0.0,14.2,13.521,0.0,0.0,1517.847
174,19.07557915075961,85.75,0.0,25,0,31.684,31.01,1584.197,1550.5,-2.17,1.714,0.055,6.685,343,0,0,57,85.8,0.0,0.0,14.2,11.938,0.0,0.0,1516.2
175,17.26899580853131,85.75,0.0,33,0,32.058,31.01,1602.889,1550.5,-3.38,2.078,0.062,6.731,343,0,0,57,85.8,0.0,0.0,14.2,12.693,0.0,0.0,1516.2
176,19.822431555804226,85.75,0.0,20,0,31.458,31.01,1572.909,1550.5,-1.45,1.489,0.051,4.673,343,0,0,57,85.8,0.0,0.0,14.2,11.848,0.0,0.0,1516.2
177,19.448616747985437,85.75,0.0,22,0,31.553,31.01,1577.673,1550.5,-1.75,1.581,0.056,6.884,343,0,0,57,85.8,0.0,0.0,14.2,11.959,0.0,0.0,1516.2
178,18.677832226853035,85.75,0.0,28,0,31.807,31.01,1590.354,1550.5,-2.57,1.838,0.05,6.724,343,0,0,57,85.8,0.0,0.0,14.2,11.941,0.0,0.0,1516.2
179,19.51514679473716,85.75,0.0,22,0,31.557,31.01,1577.859,1550.5,-1.76,1.588,0.049,5.83,343,0,0,57,85.8,0.0,0.0,14.2,11.893,0.0,0.0,1516.2
180,18.884709507792664,85.75,0.0,27,0,31.772,31.01,1588.619,1550.5,-2.46,1.803,0.05,7.003,343,0,0,57,85.8,0.0,0.0,14.2,11.866,0.0,0.0,1516.2
181,16.58373519959801,85.75,0.0,38,0,32.33,31.01,1616.511,1550.5,-4.26,2.351,0.06,7.686,343,0,0,57,85.8,0.0,0.0,14.2,12.721,0.0,0.0,1516.2
182,19.178701079746702,85.75,0.0,25,0,31.691,31.01,1584.558,1550.5,-2.2,1.722,0.048,6.749,343,0,0,57,85.8,0.0,0.0,14.2,11.835,0.0,0.0,1516.2
183,17.81515448563312,85.75,0.0,34,0,32.064,31.01,1603.199,1550.5,-3.4,2.094,0.058,10.085,343,0,0,57,85.8,0.0,0.0,14.2,12.015,0.0,0.0,1516.2
184,20.049234097525428,85.75,0.0,18,0,31.377,31.01,1568.874,1550.5,-1.19,1.408,0.049,4.567,343,0,0,57,85.8,0.0,0.0,14.2,11.885,0.0,0.0,1516.2
185,18.63193106979307,85.75,0.0,29,0,31.858,31.01,1592.889,1550.5,-2.73,1.889,0.05,8.938,343,0,0,57,85.8,0.0,0.0,14.2,11.856,0.0,0.0,1516.2
186,18.997456793755028,85.75,0.0,26,0,31.726,31.01,1586.305,1550.5,-2.31,1.757,0.049,6.742,343,0,0,57,85.8,0.0,0.0,14.2,11.885,0.0,0.0,1516.2
187,18.524534777642117,85.75,0.0,29,0,31.858,31.01,1592.914,1550.5,-2.74,1.889,0.052,6.963,343,0,0,57,85.8,0.0,0.0,14.2,11.963,0.0,0.0,1516.2
188,18.917443575437588,85.75,0.0,27,0,31.755,31.01,1587.753,1550.5,-2.4,1.786,0.052,8.795,343,0,0,57,85.8,0.0,0.0,14.2,11.833,0.0,0.0,1516.2
189,19.397908511248932,85.75,0.0,23,0,31.592,31.01,1579.61,1550.5,-1.88,1.623,0.053,4.63,343,0,0,57,85.8,0.0,0.0,14.2,11.879,0.0,0.0,1516.2
190,18.394830756044573,85.75,0.0,30,0,31.935,31.01,1596.744,1550.5,-2.98,1.965,0.049,6.81,343,0,0,57,85.8,0.0,0.0,14.2,11.961,0.0,0.0,1516.2
191,18.31176433437343,85.75,0.0,24,0,31.905,31.01,1595.254,1550.5,-2.89,1.924,0.058,6.969,343,0,0,57,85.8,0.0,0.0,14.2,12.833,0.0,0.0,1516.2
192,19.06638002658076,85.75,0.0,25,0,31.69,31.01,1584.519,1550.5,-2.19,1.72,0.052,5.878,343,0,0,57,85.8,0.0,0.0,14.2,11.947,0.0,0.0,1516.2
193,19.905031508020745,85.75,0.0,19,0,31.42,31.01,1570.999,1550.5,-1.32,1.45,0.049,4.585,343,0,0,57,85.8,0.0,0.0,14.2,11.897,0.0,0.0,1516.2
194,19.208294989604497,85.75,0.0,25,0,31.67,31.01,1583.508,1550.5,-2.13,1.701,0.05,6.644,343,0,0,57,85.8,0.0,0.0,14.2,11.805,0.0,0.0,1516.2
195,20.118611983191172,85.75,0.0,18,0,31.368,31.01,1568.409,1550.5,-1.16,1.398,0.052,5.754,343,0,0,57,85.8,0.0,0.0,14.2,11.815,0.0,0.0,1516.2
196,18.844139597595145,85.75,0.0,27,0,31.788,31.01,1589.406,1550.5,-2.51,1.819,0.05,6.731,343,0,0,57,85.8,0.0,0.0,14.2,11.907,0.0,0.0,1516.2
197,18.892165283423324,85.75,0.0,27,0,31.765,31.01,1588.226,1550.5,-2.43,1.796,0.05,6.775,343,0,0,57,85.8,0.0,0.0,14.2,11.858,0.0,0.0,1516.2
198,17.529447901095196,85.75,0.0,36,0,32.171,31.01,1608.563,1550.5,-3.74,2.201,0.05,8.9,343,0,0,57,85.8,0.0,0.0,14.2,12.038,0.0,0.0,1516.2
199,18.710653016407036,85.75,0.0,25,0,31.698,31.01,1584.906,1550.5,-2.22,1.723,0.057,7.997,343,0,0,57,85.8,0.0,0.0,14.2,12.303,0.0,0.0,1516.2
200,19.34792860506899,85.75,0.0,23,0,31.602,31.01,1580.08,1550.5,-1.91,1.632,0.05,5.821,343,0,0,57,85.8,0.0,0.0,14.2,11.929,0.0,0.0,1516.2
201,17.67895298977092,85.75,0.0,29,0,31.927,31.01,1596.331,1550.5,-2.96,1.946,0.061,5.891,343,0,0,57,85.8,0.0,0.0,14.2,12.809,0.0,0.0,1516.2
202,20.258645303463773,85.75,0.0,17,0,31.331,31.01,1566.555,1550.5,-1.04,1.361,0.051,4.667,343,0,0,57,85.8,0.0,0.0,14.2,11.807,0.0,0.0,1516.2
203,15.575621782313814,85.75,0.0,33,0,32.482,31.01,1624.082,1550.5,-4.75,2.472,0.063,8.583,343,0,0,57,85.8,0.0,0.0,14.2,14.386,0.0,0.0,1516.2
204,14.689770281984831,85.75,0.0,20,0,31.801,31.01,1590.033,1550.5,-2.55,1.748,0.071,7.295,343,0,0,57,85.8,0.0,0.0,14.2,16.981,0.0,0.0,1516.2
205,14.614293209046272,85.75,0.0,28,0,32.034,31.01,1601.678,1550.5,-3.3,1.998,0.066,8.83,343,0,0,57,85.8,0.0,0.0,14.2,16.005,0.0,0.0,1516.2
206,19.30653541306804,85.75,0.0,24,0,31.636,31.01,1581.786,1550.5,-2.02,1.666,0.053,7.945,343,0,0,57,85.8,0.0,0.0,14.2,11.838,0.0,0.0,1516.2
207,19.429807560894222,85.75,0.0,23,0,31.608,31.01,1580.403,1550.5,-1.93,1.639,0.051,6.12,343,0,0,57,85.8,0.0,0.0,14.2,11.847,0.0,0.0,1516.2
208,20.06311468204918,85.75,0.0,19,0,31.402,31.01,1570.123,1550.5,-1.27,1.434,0.05,4.542,343,0,0,57,85.8,0.0,0.0,14.2,11.739,0.0,0.0,1516.2
209,14.06957891124114,85.75,0.0,25,0,32.091,31.01,1604.569,1550.5,-3.49,2.039,0.068,7.401,343,0,0,57,85.8,0.0,0.0,14.2,16.944,0.0,0.0,1516.2
210,13.670134338999574,85.75,0.0,27,0,32.212,31.01,1610.589,1550.5,-3.88,2.158,0.07,8.638,343,0,0,57,85.8,0.0,0.0,14.2,17.081,0.0,0.0,1516.2
211,13.458579679450686,85.75,0.0,26,0,32.163,31.01,1608.156,1550.5,-3.72,2.105,0.076,8.733,343,0,0,57,85.8,0.0,0.0,14.2,17.424,0.0,0.0,1516.2
212,14.795700635946977,85.75,0.0,19,0,31.751,31.01,1587.575,1550.5,-2.39,1.697,0.067,7.338,343,0,0,57,85.8,0.0,0.0,14.2,17.007,0.0,0.0,1516.2
213,14.407157827526174,85.75,0.0,22,0,31.921,31.01,1596.036,1550.5,-2.94,1.867,0.071,8.603,343,0,0,57,85.8,0.0,0.0,14.2,17.001,0.0,0.0,1516.2
214,13.222147611707078,85.75,0.0,30,0,32.375,31.01,1618.758,1550.5,-4.4,2.321,0.073,10.17,343,0,0,57,85.8,0.0,0.0,14.2,17.134,0.0,0.0,1516.2
215,13.823024742037724,85.75,0.0,26,0,32.149,31.01,1607.453,1550.5,-3.67,2.096,0.066,5.899,343,0,0,57,85.8,0.0,0.0,14.2,17.059,0.0,0.0,1516.2
216,13.723033213855174,85.75,0.0,27,0,32.209,31.01,1610.445,1550.5,-3.87,2.155,0.071,8.747,343,0,0,57,85.8,0.0,0.0,14.2,17.028,0.0,0.0,1516.2
217,14.720048321033257,85.75,0.0,20,0,31.805,31.01,1590.258,1550.5,-2.56,1.751,0.068,7.341,343,0,0,57,85.8,0.0,0.0,14.2,16.951,0.0,0.0,1516.2
218,13.717780452670937,85.75,0.0,27,0,32.211,31.01,1610.531,1550.5,-3.87,2.157,0.065,8.986,343,0,0,57,85.8,0.0,0.0,14.2,17.033,0.0,0.0,1516.2
219,13.850000733242105,85.75,0.0,26,0,32.151,31.01,1607.559,1550.5,-3.68,2.098,0.075,5.899,343,0,0,57,85.8,0.0,0.0,14.2,17.032,0.0,0.0,1516.2
220,13.71802950870007,85.75,0.0,27,0,32.21,31.01,1610.505,1550.5,-3.87,2.157,0.07,7.363,343,0,0,57,85.8,0.0,0.0,14.2,17.033,0.0,0.0,1516.2
221,14.919447496198586,85.75,0.0,16,0,31.586,31.01,1579.321,1550.5,-1.86,1.528,0.076,5.863,343,0,0,57,85.8,0.0,0.0,14.2,17.277,0.0,0.0,1516.2
222,14.22020593833535,85.75,0.0,22,0,31.931,31.01,1596.543,1550.5,-2.97,1.876,0.075,5.83,343,0,0,57,85.8,0.0,0.0,14.2,17.188,0.0,0.0,1516.2
223,14.207677416064358,85.75,0.0,23,0,32.002,31.01,1600.092,1550.5,-3.2,1.948,0.068,6.039,343,0,0,57,85.8,0.0,0.0,14.2,17.069,0.0,0.0,1516.2
224,14.369173494427047,85.75,0.0,23,0,31.975,31.01,1598.764,1550.5,-3.11,1.923,0.07,8.625,343,0,0,57,85.8,0.0,0.0,14.2,16.907,0.0,0.0,1516.2
225,12.974999870034647,85.75,0.0,33,0,32.551,31.01,1627.556,1550.5,-4.97,2.499,0.067,10.381,343,0,0,57,85.8,0.0,0.0,14.2,16.987,0.0,0.0,1516.2
226,15.397236735206825,85.75,0.0,15,0,31.522,31.01,1576.089,1550.5,-1.65,1.469,0.066,5.825,343,0,0,57,85.8,0.0,0.0,14.2,16.931,0.0,0.0,1516.2
227,14.894420654233235,85.75,0.0,19,0,31.748,31.01,1587.412,1550.5,-2.38,1.696,0.073,7.37,343,0,0,57,85.8,0.0,0.0,14.2,16.908,0.0,0.0,1516.2
228,14.313522030141979,85.75,0.0,22,0,31.92,31.01,1595.993,1550.5,-2.93,1.866,0.069,7.343,343,0,0,57,85.8,0.0,0.0,14.2,17.094,0.0,0.0,1516.2
229,13.702060280584206,85.75,0.0,27,0,32.209,31.01,1610.443,1550.5,-3.87,2.156,0.074,8.815,343,0,0,57,85.8,0.0,0.0,14.2,17.049,0.0,0.0,1516.2
230,14.21573746732741,85.75,0.0,24,0,32.042,31.01,1602.109,1550.5,-3.33,1.99,0.067,8.928,343,0,0,57,85.8,0.0,0.0,14.2,16.929,0.0,0.0,1516.2
231,12.074363901545226,85.75,0.0,36,0,32.731,31.01,1636.551,1550.5,-5.55,2.671,0.072,11.454,343,0,0,57,85.8,0.0,0.0,14.2,17.493,0.0,0.0,1516.2
232,12.884060891788234,85.75,0.0,33,0,32.55,31.01,1627.52,1550.5,-4.97,2.496,0.067,10.239,343,0,0,57,85.8,0.0,0.0,14.2,17.078,0.0,0.0,1516.2
233,14.89974774660046,85.75,0.0,19,0,31.75,31.01,1587.477,1550.5,-2.38,1.696,0.066,8.99,343,0,0,57,85.8,0.0,0.0,14.2,16.903,0.0,0.0,1516.2
234,14.151942336627537,85.75,0.0,24,0,32.036,31.01,1601.803,1550.5,-3.31,1.984,0.069,8.646,343,0,0,57,85.8,0.0,0.0,14.2,16.993,0.0,0.0,1516.2
235,13.575943917270896,85.75,0.0,28,0,32.257,31.01,1612.838,1550.5,-4.02,2.204,0.066,7.393,343,0,0,57,85.8,0.0,0.0,14.2,17.043,0.0,0.0,1516.2
236,14.957860529026638,85.75,0.0,19,0,31.76,31.01,1587.996,1550.5,-2.42,1.707,0.069,7.763,343,0,0,57,85.8,0.0,0.0,14.2,16.844,0.0,0.0,1516.2
237,13.32933969683163,85.75,0.0,30,0,32.379,31.01,1618.941,1550.5,-4.41,2.326,0.07,8.632,343,0,0,57,85.8,0.0,0.0,14.2,17.027,0.0,0.0,1516.2
238,13.740097473591973,85.75,0.0,27,0,32.2,31.01,1609.993,1550.5,-3.84,2.147,0.067,8.607,343,0,0,57,85.8,0.0,0.0,14.2,17.011,0.0,0.0,1516.2
239,14.412274993964314,85.75,0.0,22,0,31.924,31.01,1596.224,1550.5,-2.95,1.87,0.067,7.453,343,0,0,57,85.8,0.0,0.0,14.2,16.996,0.0,0.0,1516.2
240,14.245670385801747,85.75,0.0,23,0,31.981,31.01,1599.037,1550.5,-3.13,1.927,0.07,5.925,343,0,0,57,85.8,0.0,0.0,14.2,17.031,0.0,0.0,1516.2
241,13.796124704325154,85.75,0.0,23,0,31.998,31.01,1599.905,1550.5,-3.19,1.936,0.075,10.209,343,0,0,57,85.8,0.0,0.0,14.2,17.48,0.0,0.0,1516.2
242,13.583338946008011,85.75,0.0,29,0,32.321,31.01,1616.038,1550.5,-4.23,2.268,0.069,10.174,343,0,0,57,85.8,0.0,0.0,14.2,16.904,0.0,0.0,1516.2
243,14.586595274963518,85.75,0.0,21,0,31.857,31.01,1592.846,1550.5,-2.73,1.804,0.067,7.381,343,0,0,57,85.8,0.0,0.0,14.2,16.953,0.0,0.0,1516.2
244,15.58214590649685,85.75,0.0,14,0,31.461,31.01,1573.05,1550.5,-1.45,1.408,0.067,5.83,343,0,0,57,85.8,0.0,0.0,14.2,16.877,0.0,0.0,1516.2
245,13.152630151422994,85.75,0.0,31,0,32.438,31.01,1621.878,1550.5,-4.6,2.384,0.067,10.181,343,0,0,57,85.8,0.0,0.0,14.2,17.072,0.0,0.0,1516.2
246,14.058677394802936,85.75,0.0,24,0,32.09,31.01,1604.496,1550.5,-3.48,2.036,0.074,7.542,343,0,0,57,85.8,0.0,0.0,14.2,17.086,0.0,0.0,1516.2
247,14.278344426796354,85.75,0.0,23,0,32.005,31.01,1600.261,1550.5,-3.21,1.953,0.066,5.937,343,0,0,57,85.8,0.0,0.0,14.2,16.998,0.0,0.0,1516.2
248,14.093600390640342,85.75,0.0,24,0,32.071,31.01,1603.532,1550.5,-3.42,2.017,0.071,7.538,343,0,0,57,85.8,0.0,0.0,14.2,17.051,0.0,0.0,1516.2
249,14.105596058232033,85.75,0.0,24,0,32.061,31.01,1603.026,1550.5,-3.39,2.007,0.067,6.004,343,0,0,57,85.8,0.0,0.0,14.2,17.039,0.0,0.0,1516.2
250,19.475333212981102,85.75,0.0,21,0,31.557,31.01,1577.845,1550.5,-1.76,1.584,0.054,4.915,343,0,0,57,85.8,0.0,0.0,14.2,12.064,0.0,0.0,1516.2
251,15.017434345339893,85.75,0.0,16,0,31.606,31.01,1580.308,1550.5,-1.92,1.548,0.076,9.166,343,0,0,57,85.8,0.0,0.0,14.2,17.179,0.0,0.0,1516.2
252,14.029230888647023,85.75,0.0,25,0,32.119,31.01,1605.952,1550.5,-3.58,2.066,0.066,8.826,343,0,0,57,85.8,0.0,0.0,14.2,16.984,0.0,0.0,1516.2
253,14.12865852276194,85.75,0.0,23,0,32.012,31.01,1600.605,1550.5,-3.23,1.958,0.074,6.052,343,0,0,57,85.8,0.0,0.0,14.2,17.148,0.0,0.0,1516.2
254,14.38899664441946,85.75,0.0,22,0,31.944,31.01,1597.202,1550.5,-3.01,1.891,0.069,8.79,343,0,0,57,85.8,0.0,0.0,14.2,17.019,0.0,0.0,1516.2
255,14.5326951264768,85.75,0.0,21,0,31.894,31.01,1594.705,1550.5,-2.85,1.84,0.067,8.857,343,0,0,57,85.8,0.0,0.0,14.2,17.007,0.0,0.0,1516.2
256,15.28951256665448,85.75,0.0,16,0,31.601,31.01,1580.065,1550.5,-1.91,1.548,0.073,6.031,343,0,0,57,85.8,0.0,0.0,14.2,16.907,0.0,0.0,1516.2
257,14.440244866426877,85.75,0.0,22,0,31.953,31.01,1597.652,1550.5,-3.04,1.9,0.073,9.128,343,0,0,57,85.8,0.0,0.0,14.2,16.968,0.0,0.0,1516.2
258,14.687082339515339,85.75,0.0,20,0,31.829,31.01,1591.457,1550.5,-2.64,1.776,0.071,5.936,343,0,0,57,85.8,0.0,0.0,14.2,16.984,0.0,0.0,1516.2
259,14.520161969344233,85.75,0.0,21,0,31.895,31.01,1594.74,1550.5,-2.85,1.842,0.074,8.852,343,0,0,57,85.8,0.0,0.0,14.2,17.019,0.0,0.0,1516.2
260,13.711420523568464,85.75,0.0,27,0,32.244,31.01,1612.176,1550.5,-3.98,2.19,0.067,8.849,343,0,0,57,85.8,0.0,0.0,14.2,17.039,0.0,0.0,1516.2
261,13.886783798233449,85.75,0.0,22,0,31.962,31.01,1598.104,1550.5,-3.07,1.901,0.078,7.518,343,0,0,57,85.8,0.0,0.0,14.2,17.521,0.0,0.0,1516.2
262,13.957390949891874,85.75,0.0,25,0,32.126,31.01,1606.283,1550.5,-3.6,2.071,0.067,7.549,343,0,0,57,85.8,0.0,0.0,14.2,17.056,0.0,0.0,1516.2
263,14.266194625318564,85.75,0.0,23,0,32.002,31.01,1600.086,1550.5,-3.2,1.949,0.068,7.563,343,0,0,57,85.8,0.0,0.0,14.2,17.01,0.0,0.0,1516.2
264,15.384277832690422,85.75,0.0,15,0,31.529,31.01,1576.468,1550.5,-1.67,1.476,0.07,5.921,343,0,0,57,85.8,0.0,0.0,14.2,16.944,0.0,0.0,1516.2
265,14.765657457610953,85.75,0.0,20,0,31.829,31.01,1591.461,1550.5,-2.64,1.777,0.071,5.985,343,0,0,57,85.8,0.0,0.0,14.2,16.905,0.0,0.0,1516.2
266,14.518460093754445,85.75,0.0,21,0,31.899,31.01,1594.936,1550.5,-2.87,1.845,0.067,6.12,343,0,0,57,85.8,0.0,0.0,14.2,17.021,0.0,0.0,1516.2
267,13.407972986131794,85.75,0.0,29,0,32.361,31.01,1618.033,1550.5,-4.36,2.308,0.071,8.837,343,0,0,57,85.8,0.0,0.0,14.2,17.08,0.0,0.0,1516.2
268,14.138646353546784,85.75,0.0,24,0,32.068,31.01,1603.402,1550.5,-3.41,2.016,0.074,8.809,343,0,0,57,85.8,0.0,0.0,14.2,17.006,0.0,0.0,1516.2
269,13.557408757142198,85.75,0.0,27,0,32.244,31.01,1612.179,1550.5,-3.98,2.189,0.069,7.564,343,0,0,57,85.8,0.0,0.0,14.2,17.193,0.0,0.0,1516.2
270,14.07164718215193,85.75,0.0,24,0,32.093,31.01,1604.628,1550.5,-3.49,2.039,0.067,5.943,343,0,0,57,85.8,0.0,0.0,14.2,17.073,0.0,0.0,1516.2
271,13.874980419496435,85.75,0.0,20,0,31.998,31.01,1599.911,1550.5,-3.19,1.935,0.077,8.477,343,0,0,57,85.8,0.0,0.0,14.2,17.796,0.0,0.0,1516.2
272,15.42166613389371,85.75,0.0,14,0,31.525,31.01,1576.246,1550.5,-1.66,1.47,0.069,6.535,343,0,0,57,85.8,0.0,0.0,14.2,17.038,0.0,0.0,1516.2
273,14.168163567458793,85.75,0.0,23,0,32.021,31.01,1601.034,1550.5,-3.26,1.967,0.071,6.05,343,0,0,57,85.8,0.0,0.0,14.2,17.108,0.0,0.0,1516.2
274,14.539171179862795,85.75,0.0,21,0,31.948,31.01,1597.394,1550.5,-3.02,1.894,0.067,6.275,343,0,0,57,85.8,0.0,0.0,14.2,17.0,0.0,0.0,1516.2
275,15.0188940481096,85.75,0.0,18,0,31.767,31.01,1588.332,1550.5,-2.44,1.713,0.067,7.954,343,0,0,57,85.8,0.0,0.0,14.2,16.915,0.0,0.0,1516.2
276,14.462936082495478,85.75,0.0,21,0,31.956,31.01,1597.788,1550.5,-3.05,1.902,0.069,7.999,343,0,0,57,85.8,0.0,0.0,14.2,17.076,0.0,0.0,1516.2
277,14.62291342832091,85.75,0.0,20,0,31.849,31.01,1592.461,1550.5,-2.71,1.795,0.07,9.012,343,0,0,57,85.8,0.0,0.0,14.2,17.048,0.0,0.0,1516.2
278,15.02642975741061,85.75,0.0,18,0,31.716,31.01,1585.808,1550.5,-2.28,1.663,0.07,7.534,343,0,0,57,85.8,0.0,0.0,14.2,16.907,0.0,0.0,1516.2
279,15.164000224238471,85.75,0.0,17,0,31.661,31.01,1583.034,1550.5,-2.1,1.608,0.069,7.582,343,0,0,57,85.8,0.0,0.0,14.2,16.901,0.0,0.0,1516.2
280,14.962838106141374,85.75,0.0,18,0,31.715,31.01,1585.741,1550.5,-2.27,1.662,0.071,5.881,343,0,0,57,85.8,0.0,0.0,14.2,16.971,0.0,0.0,1516.2
281,13.944154854988522,85.75,0.0,22,0,31.96,31.01,1598.007,1550.5,-3.06,1.899,0.074,8.81,343,0,0,57,85.8,0.0,0.0,14.2,17.464,0.0,0.0,1516.2
282,15.129095258224034,85.75,0.0,17,0,31.667,31.01,1583.357,1550.5,-2.12,1.614,0.071,6.216,343,0,0,57,85.8,0.0,0.0,14.2,16.936,0.0,0.0,1516.2
283,14.023393155022518,85.75,0.0,25,0,32.122,31.01,1606.1,1550.5,-3.59,2.069,0.078,10.461,343,0,0,57,85.8,0.0,0.0,14.2,16.99,0.0,0.0,1516.2
284,14.641577998631735,85.75,0.0,21,0,31.892,31.01,1594.577,1550.5,-2.84,1.839,0.07,8.831,343,0,0,57,85.8,0.0,0.0,14.2,16.898,0.0,0.0,1516.2
285,14.5346501471839,85.75,0.0,21,0,31.898,31.01,1594.886,1550.5,-2.86,1.845,0.071,5.956,343,0,0,57,85.8,0.0,0.0,14.2,17.005,0.0,0.0,1516.2
286,14.845189764233927,85.75,0.0,19,0,31.779,31.01,1588.936,1550.5,-2.48,1.726,0.074,6.033,343,0,0,57,85.8,0.0,0.0,14.2,16.957,0.0,0.0,1516.2
287,14.060507465413354,85.75,0.0,23,0,32.118,31.01,1605.913,1550.5,-3.57,2.063,0.073,8.557,343,0,0,57,85.8,0.0,0.0,14.2,17.216,0.0,0.0,1516.2
288,20.035432973505053,85.75,0.0,14,0,31.3,31.01,1565.01,1550.5,-0.94,1.324,0.057,5.018,343,0,0,57,85.8,0.0,0.0,14.2,12.424,0.0,0.0,1516.2
289,18.44263047192111,85.75,0.0,23,0,31.694,31.01,1584.712,1550.5,-2.21,1.712,0.059,5.252,343,0,0,57,85.8,0.0,0.0,14.2,12.834,0.0,0.0,1516.2
290,20.520977306488287,85.75,0.0,13,0,31.173,31.01,1558.67,1550.5,-0.53,1.2,0.054,2.597,343,0,0,57,85.8,0.0,0.0,14.2,12.07,0.0,0.0,1516.2
291,18.103809003897936,85.75,0.0,25,0,31.803,31.01,1590.154,1550.5,-2.56,1.819,0.06,5.206,343,0,0,57,85.8,0.0,0.0,14.2,12.91,0.0,0.0,1516.2
292,20.64734578893231,85.75,0.0,11,0,31.107,31.01,1555.352,1550.5,-0.31,1.133,0.055,2.724,343,0,0,57,85.8,0.0,0.0,14.2,12.207,0.0,0.0,1516.2
293,18.75220804760977,85.75,0.0,25,0,31.791,31.01,1589.538,1550.5,-2.52,1.817,0.057,8.586,343,0,0,57,85.8,0.0,0.0,14.2,12.261,0.0,0.0,1516.2
294,14.754730256889225,85.75,0.0,17,0,31.674,31.01,1583.71,1550.5,-2.14,1.616,0.07,7.666,343,0,0,57,85.8,0.0,0.0,14.2,17.31,0.0,0.0,1516.2
295,15.798036257873452,85.75,0.0,10,0,31.268,31.01,1563.399,1550.5,-0.83,1.21,0.069,4.721,343,0,0,57,85.8,0.0,0.0,14.2,17.187,0.0,0.0,1516.2
296,20.679353097780663,85.75,0.0,14,0,31.241,31.01,1562.041,1550.5,-0.74,1.271,0.054,5.706,343,0,0,57,85.8,0.0,0.0,14.2,11.78,0.0,0.0,1516.2
297,19.743997191185233,85.75,0.0,21,0,31.513,31.01,1575.656,1550.5,-1.62,1.544,0.05,4.818,343,0,0,57,85.8,0.0,0.0,14.2,11.795,0.0,0.0,1516.2
298,20.695734072337913,85.75,0.0,14,0,31.195,31.01,1559.76,1550.5,-0.6,1.225,0.051,4.694,343,0,0,57,85.8,0.0,0.0,14.2,11.764,0.0,0.0,1516.2
299,19.4620427960845,85.75,0.0,22,0,31.56,31.01,1577.985,1550.5,-1.77,1.589,0.054,4.64,343,0,0,57,85.8,0.0,0.0,14.2,11.946,0.0,0.0,1516.2
300,20.70836103111604,85.75,0.0,14,0,31.195,31.01,1559.773,1550.5,-0.6,1.227,0.052,3.646,343,0,0,57,85.8,0.0,0.0,14.2,11.751,0.0,0.0,1516.2
301,18.44482517002455,85.75,0.0,24,0,31.672,31.01,1583.575,1550.5,-2.13,1.691,0.059,8.117,343,0,0,57,85.8,0.0,0.0,14.2,12.7,0.0,0.0,1516.2
302,19.656772094535743,85.75,0.0,21,0,31.514,31.01,1575.716,1550.5,-1.63,1.544,0.049,4.718,343,0,0,57,85.8,0.0,0.0,14.2,11.883,0.0,0.0,1516.2
303,20.14608502416401,85.75,0.0,18,0,31.367,31.01,1568.368,1550.5,-1.15,1.398,0.05,4.631,343,0,0,57,85.8,0.0,0.0,14.2,11.788,0.0,0.0,1516.2
304,19.248169434516274,85.75,0.0,23,0,31.614,31.01,1580.709,1550.5,-1.95,1.643,0.051,6.678,343,0,0,57,85.8,0.0,0.0,14.2,12.028,0.0,0.0,1516.2
305,20.004824599087858,85.75,0.0,19,0,31.427,31.01,1571.355,1550.5,-1.35,1.458,0.052,4.657,343,0,0,57,85.8,0.0,0.0,14.2,11.797,0.0,0.0,1516.2
306,19.859995302250038,85.75,0.0,20,0,31.442,31.01,1572.118,1550.5,-1.39,1.472,0.054,7.908,343,0,0,57,85.8,0.0,0.0,14.2,11.811,0.0,0.0,1516.2
307,20.76146616481809,85.75,0.0,14,0,31.201,31.01,1560.039,1550.5,-0.62,1.232,0.051,3.64,343,0,0,57,85.8,0.0,0.0,14.2,11.698,0.0,0.0,1516.2
308,18.118987939861643,85.75,0.0,32,0,32.007,31.01,1600.325,1550.5,-3.21,2.036,0.053,7.065,343,0,0,57,85.8,0.0,0.0,14.2,11.974,0.0,0.0,1516.2
309,20.607683067187722,85.75,0.0,14,0,31.196,31.01,1559.789,1550.5,-0.6,1.226,0.055,3.675,343,0,0,57,85.8,0.0,0.0,14.2,11.852,0.0,0.0,1516.2
310,20.188673008517313,85.75,0.0,18,0,31.36,31.01,1568.001,1550.5,-1.13,1.391,0.049,5.748,343,0,0,57,85.8,0.0,0.0,14.2,11.745,0.0,0.0,1516.2
311,18.469544690245346,85.75,0.0,23,0,31.646,31.01,1582.288,1550.5,-2.05,1.664,0.062,5.768,343,0,0,57,85.8,0.0,0.0,14.2,12.807,0.0,0.0,1516.2
312,20.475501589375085,85.75,0.0,16,0,31.29,31.01,1564.511,1550.5,-0.9,1.321,0.048,5.857,343,0,0,57,85.8,0.0,0.0,14.2,11.721,0.0,0.0,1516.2
313,19.80740840590502,85.75,0.0,20,0,31.483,31.01,1574.173,1550.5,-1.53,1.513,0.048,5.822,343,0,0,57,85.8,0.0,0.0,14.2,11.863,0.0,0.0,1516.2
314,20.649112144211625,85.75,0.0,13,0,31.164,31.01,1558.184,1550.5,-0.5,1.194,0.061,3.664,343,0,0,57,85.8,0.0,0.0,14.2,11.942,0.0,0.0,1516.2
315,19.09357096412498,85.75,0.0,25,0,31.715,31.01,1585.726,1550.5,-2.27,1.746,0.051,5.97,343,0,0,57,85.8,0.0,0.0,14.2,11.92,0.0,0.0,1516.2
316,17.520051474084553,85.75,0.0,27,0,32.452,31.01,1622.619,1550.5,-4.65,2.467,0.066,10.542,343,0,0,57,85.8,0.0,0.0,14.2,13.231,0.0,0.0,1516.2
317,14.709591431165475,85.75,0.0,20,0,32.083,31.01,1604.172,1550.5,-3.46,2.027,0.061,8.395,343,0,0,57,85.8,0.0,0.0,14.2,16.961,0.0,0.0,1516.2
318,20.124427059483665,85.75,0.0,18,0,31.375,31.01,1568.733,1550.5,-1.18,1.405,0.055,4.619,343,0,0,57,85.8,0.0,0.0,14.2,11.809,0.0,0.0,1516.2
319,18.297360877324778,85.75,0.0,18,0,31.647,31.01,1582.347,1550.5,-2.05,1.653,0.064,8.137,343,0,0,57,85.8,0.0,0.0,14.2,13.636,0.0,0.0,1516.2
320,20.186314535807355,85.75,0.0,16,0,31.344,31.01,1567.178,1550.5,-1.08,1.372,0.053,5.552,343,0,0,57,85.8,0.0,0.0,14.2,12.01,0.0,0.0,1516.2
321,19.31874646325073,85.75,0.0,20,0,31.485,31.01,1574.238,1550.5,-1.53,1.508,0.058,5.819,343,0,0,57,85.8,0.0,0.0,14.2,12.352,0.0,0.0,1516.2
322,20.372576089492277,85.75,0.0,17,0,31.322,31.01,1566.097,1550.5,-1.01,1.353,0.049,6.836,343,0,0,57,85.8,0.0,0.0,14.2,11.693,0.0,0.0,1516.2
323,21.218590105089522,85.75,0.0,10,0,31.014,31.01,1550.703,1550.5,-0.01,1.043,0.053,3.622,343,0,0,57,85.8,0.0,0.0,14.2,11.767,0.0,0.0,1516.2
324,19.67589139749239,85.75,0.0,20,0,31.475,31.01,1573.767,1550.5,-1.5,1.504,0.058,4.675,343,0,0,57,85.8,0.0,0.0,14.2,11.995,0.0,0.0,1516.2
325,19.212099085723302,85.75,0.0,24,0,31.661,31.01,1583.057,1550.5,-2.1,1.691,0.052,4.686,343,0,0,57,85.8,0.0,0.0,14.2,11.933,0.0,0.0,1516.2
326,14.31293240093569,85.75,0.0,20,0,31.839,31.01,1591.966,1550.5,-2.67,1.78,0.068,6.005,343,0,0,57,85.8,0.0,0.0,14.2,17.358,0.0,0.0,1516.2
327,14.115766107793068,85.75,0.0,21,0,31.91,31.01,1595.506,1550.5,-2.9,1.85,0.073,7.574,343,0,0,57,85.8,0.0,0.0,14.2,17.424,0.0,0.0,1516.2
328,17.310014978323036,85.75,0.0,11,0,31.219,31.01,1560.949,1550.5,-0.67,1.189,0.065,5.528,343,0,0,57,85.8,0.0,0.0,14.2,15.544,0.0,0.0,1516.2
329,20.84484985393183,85.75,0.0,11,0,31.087,31.01,1554.337,1550.5,-0.25,1.113,0.055,2.569,343,0,0,57,85.8,0.0,0.0,14.2,12.009,0.0,0.0,1516.2
330,20.67791600133469,85.75,0.0,11,0,31.131,31.01,1556.533,1550.5,-0.39,1.156,0.054,3.164,343,0,0,57,85.8,0.0,0.0,14.2,12.176,0.0,0.0,1516.2
331,18.36781380058623,85.75,0.0,22,0,31.739,31.01,1586.961,1550.5,-2.35,1.754,0.062,7.465,343,0,0,57,85.8,0.0,0.0,14.2,13.04,0.0,0.0,1516.2
332,19.752102687773245,85.75,0.0,18,0,31.499,31.01,1574.937,1550.5,-1.58,1.525,0.053,6.644,343,0,0,57,85.8,0.0,0.0,14.2,12.182,0.0,0.0,1516.2
333,19.135910678099425,85.75,0.0,23,0,31.66,31.01,1583.018,1550.5,-2.1,1.688,0.056,5.04,343,0,0,57,85.8,0.0,0.0,14.2,12.141,0.0,0.0,1516.2
334,19.360653665507055,85.75,0.0,22,0,31.608,31.01,1580.408,1550.5,-1.93,1.636,0.054,6.003,343,0,0,57,85.8,0.0,0.0,14.2,12.047,0.0,0.0,1516.2
335,19.488203159639713,85.75,0.0,21,0,31.551,31.01,1577.572,1550.5,-1.75,1.579,0.053,5.987,343,0,0,57,85.8,0.0,0.0,14.2,12.051,0.0,0.0,1516.2
336,20.125249402611985,85.75,0.0,16,0,31.313,31.01,1565.628,1550.5,-0.98,1.34,0.055,4.73,343,0,0,57,85.8,0.0,0.0,14.2,12.071,0.0,0.0,1516.2
337,19.06013159409962,85.75,0.0,23,0,31.66,31.01,1582.98,1550.5,-2.09,1.686,0.053,6.03,343,0,0,57,85.8,0.0,0.0,14.2,12.216,0.0,0.0,1516.2
338,19.985704248087018,85.75,0.0,16,0,31.324,31.01,1566.223,1550.5,-1.01,1.349,0.055,4.888,343,0,0,57,85.8,0.0,0.0,14.2,12.211,0.0,0.0,1516.2
339,18.208944219154407,85.75,0.0,21,0,31.988,31.01,1599.392,1550.5,-3.15,2.001,0.061,6.253,343,0,0,57,85.8,0.0,0.0,14.2,13.33,0.0,0.0,1516.2
340,15.795475594419676,85.75,0.0,19,0,31.918,31.01,1595.887,1550.5,-2.93,1.894,0.09,7.165,343,0,0,57,85.8,0.0,0.0,14.2,16.007,0.0,0.0,1516.2
341,14.300875695259,85.75,0.0,19,0,31.817,31.01,1590.874,1550.5,-2.6,1.757,0.077,7.797,343,0,0,57,85.8,0.0,0.0,14.2,17.501,0.0,0.0,1516.2
342,14.530610259030116,85.75,0.0,21,0,31.927,31.01,1596.371,1550.5,-2.96,1.873,0.066,9.092,343,0,0,57,85.8,0.0,0.0,14.2,17.009,0.0,0.0,1516.2
343,14.93975791707242,85.75,0.0,15,0,31.722,31.01,1586.104,1550.5,-2.3,1.662,0.069,9.117,343,0,0,57,85.8,0.0,0.0,14.2,17.388,0.0,0.0,1516.2
344,14.257768105821786,85.75,0.0,21,0,31.908,31.01,1595.415,1550.5,-2.9,1.851,0.074,7.723,343,0,0,57,85.8,0.0,0.0,14.2,17.282,0.0,0.0,1516.2
345,14.528439426067646,85.75,0.0,20,0,31.882,31.01,1594.077,1550.5,-2.81,1.826,0.068,7.872,343,0,0,57,85.8,0.0,0.0,14.2,17.142,0.0,0.0,1516.2
346,14.734572798548887,85.75,0.0,19,0,31.807,31.01,1590.365,1550.5,-2.57,1.753,0.071,6.146,343,0,0,57,85.8,0.0,0.0,14.2,17.068,0.0,0.0,1516.2
347,14.880110788210244,85.75,0.0,18,0,31.701,31.01,1585.051,1550.5,-2.23,1.648,0.078,5.814,343,0,0,57,85.8,0.0,0.0,14.2,17.054,0.0,0.0,1516.2
348,14.680341266649204,85.75,0.0,20,0,31.81,31.01,1590.515,1550.5,-2.58,1.756,0.069,5.862,343,0,0,57,85.8,0.0,0.0,14.2,16.991,0.0,0.0,1516.2
349,13.97855190845951,85.75,0.0,25,0,32.102,31.01,1605.118,1550.5,-3.52,2.049,0.069,7.527,343,0,0,57,85.8,0.0,0.0,14.2,17.035,0.0,0.0,1516.2
350,15.1236463226706,85.75,0.0,17,0,31.638,31.01,1581.881,1550.5,-2.02,1.585,0.066,5.817,343,0,0,57,85.8,0.0,0.0,14.2,16.942,0.0,0.0,1516.2
351,15.555090803575606,85.75,0.0,11,0,31.309,31.01,1565.474,1550.5,-0.97,1.25,0.075,6.038,343,0,0,57,85.8,0.0,0.0,14.2,17.299,0.0,0.0,1516.2
352,14.913690904206545,85.75,0.0,18,0,31.704,31.01,1585.189,1550.5,-2.24,1.65,0.072,6.22,343,0,0,57,85.8,0.0,0.0,14.2,17.02,0.0,0.0,1516.2
353,15.107711589793212,85.75,0.0,16,0,31.587,31.01,1579.34,1550.5,-1.86,1.531,0.072,5.784,343,0,0,57,85.8,0.0,0.0,14.2,17.089,0.0,0.0,1516.2
354,14.31806546557094,85.75,0.0,23,0,31.988,31.01,1599.408,1550.5,-3.15,1.935,0.07,7.436,343,0,0,57,85.8,0.0,0.0,14.2,16.958,0.0,0.0,1516.2
355,14.746807357733498,85.75,0.0,20,0,31.814,31.01,1590.686,1550.5,-2.59,1.761,0.071,5.921,343,0,0,57,85.8,0.0,0.0,14.2,16.924,0.0,0.0,1516.2
356,14.891222441350578,85.75,0.0,16,0,31.733,31.01,1586.672,1550.5,-2.33,1.677,0.066,7.509,343,0,0,57,85.8,0.0,0.0,14.2,17.305,0.0,0.0,1516.2
357,14.745923583465318,85.75,0.0,19,0,31.809,31.01,1590.47,1550.5,-2.58,1.756,0.072,6.119,343,0,0,57,85.8,0.0,0.0,14.2,17.056,0.0,0.0,1516.2
358,15.338565559490121,85.75,0.0,16,0,31.58,31.01,1578.985,1550.5,-1.84,1.527,0.068,5.835,343,0,0,57,85.8,0.0,0.0,14.2,16.858,0.0,0.0,1516.2
359,15.330403652173004,85.75,0.0,16,0,31.588,31.01,1579.401,1550.5,-1.86,1.536,0.072,5.881,343,0,0,57,85.8,0.0,0.0,14.2,16.866,0.0,0.0,1516.2
360,14.970135062169232,85.75,0.0,18,0,31.701,31.01,1585.065,1550.5,-2.23,1.648,0.07,5.857,343,0,0,57,85.8,0.0,0.0,14.2,16.964,0.0,0.0,1516.2
361,13.806871497448116,85.75,0.0,23,0,32.002,31.01,1600.108,1550.5,-3.2,1.943,0.076,7.454,343,0,0,57,85.8,0.0,0.0,14.2,17.47,0.0,0.0,1516.2
362,15.25943054190418,85.75,0.0,16,0,31.583,31.01,1579.152,1550.5,-1.85,1.529,0.067,5.904,343,0,0,57,85.8,0.0,0.0,14.2,16.937,0.0,0.0,1516.2
363,14.826540728169183,85.75,0.0,19,0,31.757,31.01,1587.848,1550.5,-2.41,1.704,0.069,5.841,343,0,0,57,85.8,0.0,0.0,14.2,16.976,0.0,0.0,1516.2
364,15.702539481764044,85.75,0.0,13,0,31.407,31.01,1570.359,1550.5,-1.28,1.354,0.068,5.793,343,0,0,57,85.8,0.0,0.0,14.2,16.889,0.0,0.0,1516.2
365,15.81368542411955,85.75,0.0,13,0,31.409,31.01,1570.472,1550.5,-1.29,1.358,0.07,5.854,343,0,0,57,85.8,0.0,0.0,14.2,16.777,0.0,0.0,1516.2
366,15.29355572898919,85.75,0.0,16,0,31.585,31.01,1579.237,1550.5,-1.85,1.532,0.068,5.853,343,0,0,57,85.8,0.0,0.0,14.2,16.903,0.0,0.0,1516.2
367,15.369517868730036,85.75,0.0,15,0,31.527,31.01,1576.366,1550.5,-1.67,1.474,0.071,5.849,343,0,0,57,85.8,0.0,0.0,14.2,16.959,0.0,0.0,1516.2
368,15.055941281523763,85.75,0.0,17,0,31.657,31.01,1582.826,1550.5,-2.08,1.602,0.066,5.852,343,0,0,57,85.8,0.0,0.0,14.2,17.009,0.0,0.0,1516.2
369,17.62470855629662,85.75,0.0,13,0,31.209,31.01,1560.473,1550.5,-0.64,1.188,0.064,4.429,343,0,0,57,85.8,0.0,0.0,14.2,14.966,0.0,0.0,1516.2
370,20.57902467820866,85.75,0.0,15,0,31.214,31.01,1560.701,1550.5,-0.66,1.245,0.048,4.449,343,0,0,57,85.8,0.0,0.0,14.2,11.749,0.0,0.0,1516.2
371,20.01395121796621,85.75,0.0,14,0,31.192,31.01,1559.584,1550.5,-0.59,1.212,0.056,4.519,343,0,0,57,85.8,0.0,0.0,14.2,12.446,0.0,0.0,1516.2
372,20.308552071717777,85.75,0.0,17,0,31.301,31.01,1565.055,1550.5,-0.94,1.332,0.056,4.617,343,0,0,57,85.8,0.0,0.0,14.2,11.757,0.0,0.0,1516.2
373,20.403527067308524,85.75,0.0,17,0,31.29,31.01,1564.493,1550.5,-0.9,1.321,0.051,4.418,343,0,0,57,85.8,0.0,0.0,14.2,11.662,0.0,0.0,1516.2
374,20.699654802210425,85.75,0.0,15,0,31.212,31.01,1560.611,1550.5,-0.65,1.245,0.05,4.531,343,0,0,57,85.8,0.0,0.0,14.2,11.628,0.0,0.0,1516.2
375,20.36346559367655,85.75,0.0,16,0,31.261,31.01,1563.039,1550.5,-0.81,1.291,0.056,4.487,343,0,0,57,85.8,0.0,0.0,14.2,11.833,0.0,0.0,1516.2
376,21.647003444263202,85.75,0.0,9,0,30.949,31.01,1547.453,1550.5,0.2,0.982,0.05,2.314,343,0,0,57,85.8,0.0,0.0,14.2,11.47,0.0,0.0,1516.2
377,21.138545636610704,85.75,0.0,12,0,31.083,31.01,1554.163,1550.5,-0.24,1.116,0.051,3.542,343,0,0,57,85.8,0.0,0.0,14.2,11.584,0.0,0.0,1516.2
378,21.21987184513537,85.75,0.0,11,0,31.046,31.01,1552.276,1550.5,-0.11,1.077,0.05,3.557,343,0,0,57,85.8,0.0,0.0,14.2,11.634,0.0,0.0,1516.2
379,20.50322097236829,85.75,0.0,15,0,31.239,31.01,1561.953,1550.5,-0.74,1.269,0.054,4.321,343,0,0,57,85.8,0.0,0.0,14.2,11.825,0.0,0.0,1516.2
380,20.809039198771174,85.75,0.0,14,0,31.176,31.01,1558.795,1550.5,-0.53,1.209,0.052,4.477,343,0,0,57,85.8,0.0,0.0,14.2,11.651,0.0,0.0,1516.2
381,20.72487127002997,85.75,0.0,10,0,31.033,31.01,1551.641,1550.5,-0.07,1.055,0.055,4.519,343,0,0,57,85.8,0.0,0.0,14.2,12.261,0.0,0.0,1516.2
382,20.213156118323305,85.75,0.0,17,0,31.32,31.01,1566.015,1550.5,-1.0,1.35,0.049,4.326,343,0,0,57,85.8,0.0,0.0,14.2,11.852,0.0,0.0,1516.2
383,21.19150971124591,85.75,0.0,11,0,31.076,31.01,1553.824,1550.5,-0.21,1.108,0.048,4.541,343,0,0,57,85.8,0.0,0.0,14.2,11.662,0.0,0.0,1516.2
384,20.457568893088755,85.75,0.0,15,0,31.381,31.01,1569.071,1550.5,-1.2,1.41,0.049,6.466,343,0,0,57,85.8,0.0,0.0,14.2,11.871,0.0,0.0,1516.2
385,20.94007933356924,85.75,0.0,13,0,31.14,31.01,1557.01,1550.5,-0.42,1.172,0.053,3.678,343,0,0,57,85.8,0.0,0.0,14.2,11.651,0.0,0.0,1516.2
386,20.85914043146776,85.75,0.0,13,0,31.13,31.01,1556.514,1550.5,-0.39,1.161,0.053,4.451,343,0,0,57,85.8,0.0,0.0,14.2,11.732,0.0,0.0,1516.2
387,19.933225610945062,85.75,0.0,19,0,31.386,31.01,1569.298,1550.5,-1.21,1.416,0.052,5.446,343,0,0,57,85.8,0.0,0.0,14.2,11.869,0.0,0.0,1516.2
388,20.925047277897914,85.75,0.0,13,0,31.127,31.01,1556.365,1550.5,-0.38,1.159,0.051,4.386,343,0,0,57,85.8,0.0,0.0,14.2,11.666,0.0,0.0,1516.2
389,21.2364357954747,85.75,0.0,11,0,31.039,31.01,1551.945,1550.5,-0.09,1.071,0.05,2.374,343,0,0,57,85.8,0.0,0.0,14.2,11.618,0.0,0.0,1516.2
390,19.197702904632266,85.75,0.0,18,0,31.478,31.01,1573.892,1550.5,-1.51,1.495,0.059,4.853,343,0,0,57,85.8,0.0,0.0,14.2,12.736,0.0,0.0,1516.2
391,14.496795194550474,85.75,0.0,14,0,31.654,31.01,1582.711,1550.5,-2.08,1.587,0.08,7.393,343,0,0,57,85.8,0.0,0.0,14.2,17.963,0.0,0.0,1516.2
392,15.486517151256255,85.75,0.0,10,0,31.302,31.01,1565.093,1550.5,-0.94,1.241,0.077,5.037,343,0,0,57,85.8,0.0,0.0,14.2,17.499,0.0,0.0,1516.2
393,15.745949110753738,85.75,0.0,11,0,31.314,31.01,1565.691,1550.5,-0.98,1.257,0.076,4.78,343,0,0,57,85.8,0.0,0.0,14.2,17.108,0.0,0.0,1516.2
394,14.32852479280795,85.75,0.0,22,0,32.015,31.01,1600.736,1550.5,-3.24,1.961,0.069,7.93,343,0,0,57,85.8,0.0,0.0,14.2,17.079,0.0,0.0,1516.2
395,14.963621624759867,85.75,0.0,16,0,31.646,31.01,1582.316,1550.5,-2.05,1.59,0.071,6.266,343,0,0,57,85.8,0.0,0.0,14.2,17.233,0.0,0.0,1516.2
396,14.732751677213185,85.75,0.0,18,0,31.759,31.01,1587.966,1550.5,-2.42,1.703,0.073,7.845,343,0,0,57,85.8,0.0,0.0,14.2,17.201,0.0,0.0,1516.2
397,14.067359023619286,85.75,0.0,22,0,32.005,31.01,1600.267,1550.5,-3.21,1.949,0.079,6.213,343,0,0,57,85.8,0.0,0.0,14.2,17.341,0.0,0.0,1516.2
398,15.098184247013238,85.75,0.0,14,0,31.579,31.01,1578.956,1550.5,-1.84,1.52,0.075,5.207,343,0,0,57,85.8,0.0,0.0,14.2,17.361,0.0,0.0,1516.2
399,15.357278572973591,85.75,0.0,15,0,31.554,31.01,1577.698,1550.5,-1.75,1.5,0.073,6.062,343,0,0,57,85.8,0.0,0.0,14.2,16.971,0.0,0.0,1516.2
400,15.659373349818717,85.75,0.0,13,0,31.433,31.01,1571.649,1550.5,-1.36,1.379,0.067,4.697,343,0,0,57,85.8,0.0,0.0,14.2,16.932,0.0,0.0,1516.2
401,14.981070156768952,85.75,0.0,14,0,31.524,31.01,1576.223,1550.5,-1.66,1.464,0.078,6.113,343,0,0,57,85.8,0.0,0.0,14.2,17.479,0.0,0.0,1516.2
402,14.981606031353534,85.75,0.0,18,0,31.711,31.01,1585.544,1550.5,-2.26,1.657,0.071,5.928,343,0,0,57,85.8,0.0,0.0,14.2,16.952,0.0,0.0,1516.2
403,14.952977903005616,85.75,0.0,18,0,31.708,31.01,1585.415,1550.5,-2.25,1.655,0.07,5.924,343,0,0,57,85.8,0.0,0.0,14.2,16.981,0.0,0.0,1516.2
404,14.978977999119037,85.75,0.0,18,0,31.71,31.01,1585.477,1550.5,-2.26,1.656,0.068,7.487,343,0,0,57,85.8,0.0,0.0,14.2,16.955,0.0,0.0,1516.2
405,14.971239086873778,85.75,0.0,18,0,31.721,31.01,1586.064,1550.5,-2.29,1.667,0.067,6.174,343,0,0,57,85.8,0.0,0.0,14.2,16.963,0.0,0.0,1516.2
406,15.734231399447973,85.75,0.0,13,0,31.416,31.01,1570.798,1550.5,-1.31,1.363,0.067,5.921,343,0,0,57,85.8,0.0,0.0,14.2,16.857,0.0,0.0,1516.2
407,15.543462259206978,85.75,0.0,14,0,31.479,31.01,1573.963,1550.5,-1.51,1.426,0.069,5.947,343,0,0,57,85.8,0.0,0.0,14.2,16.916,0.0,0.0,1516.2
408,14.909856998412819,85.75,0.0,18,0,31.712,31.01,1585.61,1550.5,-2.26,1.658,0.067,7.512,343,0,0,57,85.8,0.0,0.0,14.2,17.024,0.0,0.0,1516.2
409,16.007829873745234,85.75,0.0,11,0,31.302,31.01,1565.125,1550.5,-0.94,1.25,0.071,4.616,343,0,0,57,85.8,0.0,0.0,14.2,16.846,0.0,0.0,1516.2
410,17.89741165860241,85.75,0.0,12,0,31.195,31.01,1559.726,1550.5,-0.6,1.174,0.063,5.053,343,0,0,57,85.8,0.0,0.0,14.2,14.825,0.0,0.0,1516.2
411,19.301666145245754,85.75,0.0,17,0,31.389,31.01,1569.428,1550.5,-1.22,1.405,0.06,4.797,343,0,0,57,85.8,0.0,0.0,14.2,12.764,0.0,0.0,1516.2
412,20.356347691613045,85.75,0.0,15,0,31.289,31.01,1564.471,1550.5,-0.9,1.317,0.05,4.875,343,0,0,57,85.8,0.0,0.0,14.2,11.972,0.0,0.0,1516.2
413,18.889043772766943,85.75,0.0,12,0,31.282,31.01,1564.124,1550.5,-0.88,1.289,0.067,4.49,343,0,0,57,85.8,0.0,0.0,14.2,13.833,0.0,0.0,1516.2
414,19.829518571044787,85.75,0.0,16,0,31.349,31.01,1567.433,1550.5,-1.09,1.372,0.059,4.929,343,0,0,57,85.8,0.0,0.0,14.2,12.367,0.0,0.0,1516.2
415,19.474155759159164,85.75,0.0,19,0,31.496,31.01,1574.808,1550.5,-1.57,1.521,0.052,5.015,343,0,0,57,85.8,0.0,0.0,14.2,12.328,0.0,0.0,1516.2
416,19.072691635359547,85.75,0.0,16,0,31.453,31.01,1572.657,1550.5,-1.43,1.468,0.062,5.254,343,0,0,57,85.8,0.0,0.0,14.2,13.124,0.0,0.0,1516.2
417,20.33756610199934,85.75,0.0,13,0,31.196,31.01,1559.794,1550.5,-0.6,1.22,0.058,4.939,343,0,0,57,85.8,0.0,0.0,14.2,12.253,0.0,0.0,1516.2
418,20.13234568037631,85.75,0.0,15,0,31.277,31.01,1563.826,1550.5,-0.86,1.302,0.057,4.721,343,0,0,57,85.8,0.0,0.0,14.2,12.196,0.0,0.0,1516.2
419,19.23571471220679,85.75,0.0,23,0,31.608,31.01,1580.407,1550.5,-1.93,1.637,0.053,4.596,343,0,0,57,85.8,0.0,0.0,14.2,12.041,0.0,0.0,1516.2
420,20.57197501007566,85.75,0.0,14,0,31.224,31.01,1561.202,1550.5,-0.69,1.253,0.05,4.738,343,0,0,57,85.8,0.0,0.0,14.2,11.888,0.0,0.0,1516.2
421,19.806253412581366,85.75,0.0,13,0,31.193,31.01,1559.625,1550.5,-0.59,1.209,0.059,4.715,343,0,0,57,85.8,0.0,0.0,14.2,12.785,0.0,0.0,1516.2
422,20.05196075513566,85.75,0.0,15,0,31.327,31.01,1566.343,1550.5,-1.02,1.352,0.05,3.271,343,0,0,57,85.8,0.0,0.0,14.2,12.276,0.0,0.0,1516.2
423,20.424243857614492,85.75,0.0,15,0,31.258,31.01,1562.881,1550.5,-0.8,1.286,0.052,2.455,343,0,0,57,85.8,0.0,0.0,14.2,11.904,0.0,0.0,1516.2
424,20.393525135564673,85.75,0.0,14,0,31.239,31.01,1561.946,1550.5,-0.74,1.266,0.055,4.725,343,0,0,57,85.8,0.0,0.0,14.2,12.066,0.0,0.0,1516.2
425,21.10029491599826,85.75,0.0,11,0,31.067,31.01,1553.352,1550.5,-0.18,1.097,0.053,3.775,343,0,0,57,85.8,0.0,0.0,14.2,11.754,0.0,0.0,1516.2
426,20.262461434016473,85.75,0.0,16,0,31.304,31.01,1565.193,1550.5,-0.95,1.332,0.055,4.755,343,0,0,57,85.8,0.0,0.0,14.2,11.934,0.0,0.0,1516.2
427,20.145505253956863,85.75,0.0,17,0,31.372,31.01,1568.578,1550.5,-1.17,1.4,0.051,4.937,343,0,0,57,85.8,0.0,0.0,14.2,11.92,0.0,0.0,1516.2
428,21.117456018730902,85.75,0.0,11,0,31.07,31.01,1553.497,1550.5,-0.19,1.1,0.05,3.688,343,0,0,57,85.8,0.0,0.0,14.2,11.737,0.0,0.0,1516.2
429,21.11282422407267,85.75,0.0,10,0,31.035,31.01,1551.755,1550.5,-0.08,1.064,0.054,2.639,343,0,0,57,85.8,0.0,0.0,14.2,11.873,0.0,0.0,1516.2
430,21.65811805144233,85.75,0.0,7,0,30.885,31.01,1544.269,1550.5,0.4,0.915,0.05,2.448,343,0,0,57,85.8,0.0,0.0,14.2,11.722,0.0,0.0,1516.2
431,20.635927781213756,85.75,0.0,8,0,30.959,31.01,1547.961,1550.5,0.16,0.976,0.059,3.889,343,0,0,57,85.8,0.0,0.0,14.2,12.612,0.0,0.0,1516.2
432,19.08745018839675,85.75,0.0,24,0,31.682,31.01,1584.088,1550.5,-2.17,1.711,0.051,6.016,343,0,0,57,85.8,0.0,0.0,14.2,12.058,0.0,0.0,1516.2
433,20.058595984876106,85.75,0.0,18,0,31.397,31.01,1569.866,1550.5,-1.25,1.427,0.052,3.689,343,0,0,57,85.8,0.0,0.0,14.2,11.875,0.0,0.0,1516.2
434,21.52079167844051,85.75,0.0,8,0,30.934,31.01,1546.719,1550.5,0.24,0.964,0.049,2.445,343,0,0,57,85.8,0.0,0.0,14.2,11.728,0.0,0.0,1516.2
435,19.9003437465434,85.75,0.0,16,0,31.331,31.01,1566.532,1550.5,-1.03,1.355,0.051,4.657,343,0,0,57,85.8,0.0,0.0,14.2,12.296,0.0,0.0,1516.2
436,20.251118499781732,85.75,0.0,15,0,31.275,31.01,1563.762,1550.5,-0.86,1.302,0.057,5.018,343,0,0,57,85.8,0.0,0.0,14.2,12.077,0.0,0.0,1516.2
437,19.843815041800084,85.75,0.0,14,0,31.293,31.01,1564.638,1550.5,-0.91,1.313,0.064,6.756,343,0,0,57,85.8,0.0,0.0,14.2,12.616,0.0,0.0,1516.2
438,21.2770141891325,85.75,0.0,7,0,30.909,31.01,1545.466,1550.5,0.32,0.934,0.055,2.586,343,0,0,57,85.8,0.0,0.0,14.2,12.103,0.0,0.0,1516.2
439,20.406108504004163,85.75,0.0,13,0,31.201,31.01,1560.031,1550.5,-0.61,1.226,0.057,6.124,343,0,0,57,85.8,0.0,0.0,14.2,12.185,0.0,0.0,1516.2
440,20.974672197152092,85.75,0.0,10,0,31.05,31.01,1552.486,1550.5,-0.13,1.077,0.053,3.806,343,0,0,57,85.8,0.0,0.0,14.2,12.011,0.0,0.0,1516.2
441,19.33342056325244,85.75,0.0,15,0,31.347,31.01,1567.36,1550.5,-1.09,1.362,0.062,5.006,343,0,0,57,85.8,0.0,0.0,14.2,12.995,0.0,0.0,1516.2
442,20.805701905729,85.75,0.0,8,0,30.992,31.01,1549.583,1550.5,0.06,1.014,0.055,2.851,343,0,0,57,85.8,0.0,0.0,14.2,12.443,0.0,0.0,1516.2
443,18.423560375729785,85.75,0.0,17,0,31.747,31.01,1587.371,1550.5,-2.38,1.754,0.064,8.765,343,0,0,57,85.8,0.0,0.0,14.2,13.642,0.0,0.0,1516.2
444,17.885357238342156,85.75,0.0,21,0,31.812,31.01,1590.584,1550.5,-2.59,1.82,0.062,5.278,343,0,0,57,85.8,0.0,0.0,14.2,13.654,0.0,0.0,1516.2
445,19.059060849012603,85.75,0.0,15,0,31.379,31.01,1568.944,1550.5,-1.19,1.391,0.069,4.392,343,0,0,57,85.8,0.0,0.0,14.2,13.269,0.0,0.0,1516.2
446,19.832526772217776,85.75,0.0,18,0,31.498,31.01,1574.881,1550.5,-1.57,1.525,0.053,5.831,343,0,0,57,85.8,0.0,0.0,14.2,12.101,0.0,0.0,1516.2
447,18.172193189821567,85.75,0.0,20,0,31.984,31.01,1599.197,1550.5,-3.14,1.994,0.062,7.205,343,0,0,57,85.8,0.0,0.0,14.2,13.499,0.0,0.0,1516.2
448,19.433056347962786,85.75,0.0,13,0,31.298,31.01,1564.916,1550.5,-0.93,1.31,0.062,4.666,343,0,0,57,85.8,0.0,0.0,14.2,13.158,0.0,0.0,1516.2
449,20.247872200478078,85.75,0.0,17,0,31.336,31.01,1566.805,1550.5,-1.05,1.366,0.048,5.868,343,0,0,57,85.8,0.0,0.0,14.2,11.817,0.0,0.0,1516.2
450,19.791560751688355,85.75,0.0,19,0,31.438,31.01,1571.923,1550.5,-1.38,1.466,0.054,4.972,343,0,0,57,85.8,0.0,0.0,14.2,12.011,0.0,0.0,1516.2
451,21.288715311254904,85.75,0.0,5,0,30.806,31.01,1540.301,1550.5,0.66,0.826,0.058,2.445,343,0,0,57,85.8,0.0,0.0,14.2,12.354,0.0,0.0,1516.2
452,21.696738077758823,85.75,0.0,7,0,30.876,31.01,1543.808,1550.5,0.43,0.906,0.05,2.378,343,0,0,57,85.8,0.0,0.0,14.2,11.683,0.0,0.0,1516.2
453,20.110013540015352,85.75,0.0,15,0,31.283,31.01,1564.165,1550.5,-0.88,1.309,0.061,4.797,343,0,0,57,85.8,0.0,0.0,14.2,12.218,0.0,0.0,1516.2
454,20.767810006548554,85.75,0.0,11,0,31.188,31.01,1559.387,1550.5,-0.57,1.214,0.053,3.296,343,0,0,57,85.8,0.0,0.0,14.2,12.086,0.0,0.0,1516.2
455,20.95364670221017,85.75,0.0,8,0,30.98,31.01,1548.986,1550.5,0.1,1.002,0.06,3.247,343,0,0,57,85.8,0.0,0.0,14.2,12.295,0.0,0.0,1516.2
456,20.510139840534684,85.75,0.0,15,0,31.264,31.01,1563.195,1550.5,-0.82,1.294,0.052,4.591,343,0,0,57,85.8,0.0,0.0,14.2,11.818,0.0,0.0,1516.2
457,21.32005456357957,85.75,0.0,9,0,30.984,31.01,1549.224,1550.5,0.08,1.014,0.056,2.521,343,0,0,57,85.8,0.0,0.0,14.2,11.797,0.0,0.0,1516.2
458,19.696605117497395,85.75,0.0,20,0,31.498,31.01,1574.895,1550.5,-1.57,1.527,0.052,5.893,343,0,0,57,85.8,0.0,0.0,14.2,11.974,0.0,0.0,1516.2
459,20.36537214915341,85.75,0.0,15,0,31.255,31.01,1562.732,1550.5,-0.79,1.282,0.051,4.666,343,0,0,57,85.8,0.0,0.0,14.2,11.963,0.0,0.0,1516.2
460,20.058043535813226,85.75,0.0,16,0,31.359,31.01,1567.97,1550.5,-1.13,1.386,0.052,5.935,343,0,0,57,85.8,0.0,0.0,14.2,12.139,0.0,0.0,1516.2
461,19.973325115471464,85.75,0.0,13,0,31.196,31.01,1559.781,1550.5,-0.6,1.215,0.06,3.772,343,0,0,57,85.8,0.0,0.0,14.2,12.618,0.0,0.0,1516.2
462,21.18128423313347,85.75,0.0,10,0,31.028,31.01,1551.397,1550.5,-0.06,1.056,0.051,4.751,343,0,0,57,85.8,0.0,0.0,14.2,11.804,0.0,0.0,1516.2
463,21.29869850748447,85.75,0.0,9,0,30.976,31.01,1548.805,1550.5,0.11,1.004,0.051,3.685,343,0,0,57,85.8,0.0,0.0,14.2,11.818,0.0,0.0,1516.2
464,20.414549568216785,85.75,0.0,16,0,31.296,31.01,1564.806,1550.5,-0.92,1.326,0.049,4.667,343,0,0,57,85.8,0.0,0.0,14.2,11.782,0.0,0.0,1516.2
465,21.60889678761152,85.75,0.0,8,0,30.933,31.01,1546.667,1550.5,0.25,0.964,0.05,2.547,343,0,0,57,85.8,0.0,0.0,14.2,11.639,0.0,0.0,1516.2
466,21.217284288976504,85.75,0.0,10,0,31.029,31.01,1551.432,1550.5,-0.06,1.058,0.054,3.769,343,0,0,57,85.8,0.0,0.0,14.2,11.768,0.0,0.0,1516.2
467,20.417208923372236,85.75,0.0,15,0,31.262,31.01,1563.076,1550.5,-0.81,1.291,0.05,4.69,343,0,0,57,85.8,0.0,0.0,14.2,11.911,0.0,0.0,1516.2
468,21.17021288864517,85.75,0.0,10,0,31.029,31.01,1551.43,1550.5,-0.06,1.057,0.053,4.723,343,0,0,57,85.8,0.0,0.0,14.2,11.815,0.0,0.0,1516.2
469,20.760406254167986,85.75,0.0,13,0,31.166,31.01,1558.285,1550.5,-0.5,1.195,0.051,4.638,343,0,0,57,85.8,0.0,0.0,14.2,11.831,0.0,0.0,1516.2
470,20.226584218242415,85.75,0.0,17,0,31.355,31.01,1567.74,1550.5,-1.11,1.385,0.05,4.666,343,0,0,57,85.8,0.0,0.0,14.2,11.839,0.0,0.0,1516.2
471,19.439299985817584,85.75,0.0,18,0,31.4,31.01,1570.017,1550.5,-1.26,1.421,0.058,6.862,343,0,0,57,85.8,0.0,0.0,14.2,12.494,0.0,0.0,1516.2
472,20.368489395026586,85.75,0.0,16,0,31.293,31.01,1564.671,1550.5,-0.91,1.322,0.053,6.875,343,0,0,57,85.8,0.0,0.0,14.2,11.828,0.0,0.0,1516.2
473,21.398196820404802,85.75,0.0,9,0,30.979,31.01,1548.945,1550.5,0.1,1.009,0.05,3.713,343,0,0,57,85.8,0.0,0.0,14.2,11.719,0.0,0.0,1516.2
474,20.564361127886045,85.75,0.0,14,0,31.242,31.01,1562.125,1550.5,-0.75,1.271,0.054,4.632,343,0,0,57,85.8,0.0,0.0,14.2,11.895,0.0,0.0,1516.2
475,21.2038571494838,85.75,0.0,10,0,31.028,31.01,1551.407,1550.5,-0.06,1.057,0.051,2.57,343,0,0,57,85.8,0.0,0.0,14.2,11.782,0.0,0.0,1516.2
476,20.853770534565317,85.75,0.0,12,0,31.117,31.01,1555.872,1550.5,-0.35,1.147,0.052,4.628,343,0,0,57,85.8,0.0,0.0,14.2,11.869,0.0,0.0,1516.2
477,20.39076872648718,85.75,0.0,16,0,31.293,31.01,1564.644,1550.5,-0.91,1.323,0.05,4.687,343,0,0,57,85.8,0.0,0.0,14.2,11.806,0.0,0.0,1516.2
478,20.1018633034874,85.75,0.0,17,0,31.348,31.01,1567.418,1550.5,-1.09,1.377,0.053,4.697,343,0,0,57,85.8,0.0,0.0,14.2,11.963,0.0,0.0,1516.2
479,20.976626563176158,85.75,0.0,12,0,31.118,31.01,1555.923,1550.5,-0.35,1.148,0.052,4.78,343,0,0,57,85.8,0.0,0.0,14.2,11.746,0.0,0.0,1516.2
480,21.069088828556144,85.75,0.0,11,0,31.067,31.01,1553.335,1550.5,-0.18,1.096,0.051,4.597,343,0,0,57,85.8,0.0,0.0,14.2,11.785,0.0,0.0,1516.2
481,20.62928260546898,85.75,0.0,8,0,30.951,31.01,1547.541,1550.5,0.19,0.969,0.06,2.483,343,0,0,57,85.8,0.0,0.0,14.2,12.619,0.0,0.0,1516.2
482,21.08141579960184,85.75,0.0,11,0,31.073,31.01,1553.65,1550.5,-0.2,1.102,0.056,4.771,343,0,0,57,85.8,0.0,0.0,14.2,11.773,0.0,0.0,1516.2
483,21.414109441570428,85.75,0.0,9,0,30.971,31.01,1548.529,1550.5,0.13,1.001,0.051,2.42,343,0,0,57,85.8,0.0,0.0,14.2,11.703,0.0,0.0,1516.2
484,21.143410887491793,85.75,0.0,11,0,31.066,31.01,1553.285,1550.5,-0.18,1.096,0.05,3.649,343,0,0,57,85.8,0.0,0.0,14.2,11.711,0.0,0.0,1516.2
485,20.994057676695864,85.75,0.0,12,0,31.112,31.01,1555.62,1550.5,-0.33,1.142,0.049,4.804,343,0,0,57,85.8,0.0,0.0,14.2,11.728,0.0,0.0,1516.2
486,21.232255182948126,85.75,0.0,10,0,31.019,31.01,1550.97,1550.5,-0.03,1.048,0.051,4.695,343,0,0,57,85.8,0.0,0.0,14.2,11.753,0.0,0.0,1516.2
487,20.969163467932137,85.75,0.0,12,0,31.116,31.01,1555.802,1550.5,-0.34,1.146,0.052,4.697,343,0,0,57,85.8,0.0,0.0,14.2,11.753,0.0,0.0,1516.2
488,20.710718099336457,85.75,0.0,13,0,31.161,31.01,1558.039,1550.5,-0.49,1.189,0.054,3.663,343,0,0,57,85.8,0.0,0.0,14.2,11.88,0.0,0.0,1516.2
489,21.166220476038244,85.75,0.0,9,0,30.979,31.01,1548.933,1550.5,0.1,1.006,0.058,2.413,343,0,0,57,85.8,0.0,0.0,14.2,11.951,0.0,0.0,1516.2
490,21.572796257993218,85.75,0.0,7,0,30.886,31.01,1544.298,1550.5,0.4,0.914,0.053,2.529,343,0,0,57,85.8,0.0,0.0,14.2,11.807,0.0,0.0,1516.2
491,19.649094736432453,85.75,0.0,15,0,31.262,31.01,1563.093,1550.5,-0.81,1.28,0.06,3.639,343,0,0,57,85.8,0.0,0.0,14.2,12.679,0.0,0.0,1516.2
492,21.64333598312271,85.75,0.0,7,0,30.886,31.01,1544.3,1550.5,0.4,0.916,0.057,2.51,343,0,0,57,85.8,0.0,0.0,14.2,11.736,0.0,0.0,1516.2
493,20.972372732764686,85.75,0.0,12,0,31.116,31.01,1555.794,1550.5,-0.34,1.146,0.054,3.644,343,0,0,57,85.8,0.0,0.0,14.2,11.75,0.0,0.0,1516.2
494,20.617833857518676,85.75,0.0,14,0,31.215,31.01,1560.749,1550.5,-0.66,1.244,0.05,4.751,343,0,0,57,85.8,0.0,0.0,14.2,11.842,0.0,0.0,1516.2
495,21.439888304916632,85.75,0.0,9,0,30.973,31.01,1548.656,1550.5,0.12,1.003,0.05,2.441,343,0,0,57,85.8,0.0,0.0,14.2,11.677,0.0,0.0,1516.2
496,20.94098055543063,85.75,0.0,12,0,31.117,31.01,1555.861,1550.5,-0.35,1.146,0.051,3.666,343,0,0,57,85.8,0.0,0.0,14.2,11.782,0.0,0.0,1516.2
497,21.189754131736397,85.75,0.0,10,0,31.028,31.01,1551.402,1550.5,-0.06,1.058,0.053,2.466,343,0,0,57,85.8,0.0,0.0,14.2,11.796,0.0,0.0,1516.2
498,20.039913704731298,85.75,0.0,15,0,31.333,31.01,1566.638,1550.5,-1.04,1.359,0.056,5.457,343,0,0,57,85.8,0.0,0.0,14.2,12.288,0.0,0.0,1516.2
499,14.971028971463499,85.75,0.0,14,0,31.622,31.01,1581.1,1550.5,-1.97,1.561,0.071,6.687,343,0,0,57,85.8,0.0,0.0,14.2,17.489,0.0,0.0,1516.2
500,14.723838926914052,85.75,0.0,11,0,31.42,31.01,1570.983,1550.5,-1.32,1.35,0.08,5.478,343,0,0,57,85.8,0.0,0.0,14.2,18.13,0.0,0.0,1516.2
501,15.53584670339396,85.75,0.0,12,0,31.366,31.01,1568.308,1550.5,-1.15,1.309,0.072,4.712,343,0,0,57,85.8,0.0,0.0,14.2,17.187,0.0,0.0,1516.2
502,15.056329250135667,85.75,0.0,17,0,31.649,31.01,1582.457,1550.5,-2.06,1.596,0.07,5.878,343,0,0,57,85.8,0.0,0.0,14.2,17.009,0.0,0.0,1516.2
503,15.70906942089213,85.75,0.0,13,0,31.41,31.01,1570.493,1550.5,-1.29,1.357,0.071,3.001,343,0,0,57,85.8,0.0,0.0,14.2,16.882,0.0,0.0,1516.2
504,15.856058745818787,85.75,0.0,12,0,31.35,31.01,1567.521,1550.5,-1.1,1.297,0.071,3.046,343,0,0,57,85.8,0.0,0.0,14.2,16.866,0.0,0.0,1516.2
505,15.683101411751787,85.75,0.0,13,0,31.41,31.01,1570.481,1550.5,-1.29,1.357,0.067,4.566,343,0,0,57,85.8,0.0,0.0,14.2,16.908,0.0,0.0,1516.2
506,16.737869243317554,85.75,0.0,6,0,31.02,31.01,1550.997,1550.5,-0.03,0.967,0.067,3.309,343,0,0,57,85.8,0.0,0.0,14.2,16.773,0.0,0.0,1516.2
507,14.438123167470154,85.75,0.0,14,0,31.626,31.01,1581.283,1550.5,-1.99,1.556,0.083,6.893,343,0,0,57,85.8,0.0,0.0,14.2,18.021,0.0,0.0,1516.2
508,15.835411440754884,85.75,0.0,12,0,31.383,31.01,1569.132,1550.5,-1.2,1.33,0.074,5.097,343,0,0,57,85.8,0.0,0.0,14.2,16.887,0.0,0.0,1516.2
509,16.60062693673001,85.75,0.0,7,0,31.063,31.01,1553.143,1550.5,-0.17,1.01,0.071,2.998,343,0,0,57,85.8,0.0,0.0,14.2,16.779,0.0,0.0,1516.2
510,16.38047283758198,85.75,0.0,8,0,31.122,31.01,1556.096,1550.5,-0.36,1.069,0.074,3.005,343,0,0,57,85.8,0.0,0.0,14.2,16.868,0.0,0.0,1516.2
511,15.500887647910618,85.75,0.0,12,0,31.357,31.01,1567.866,1550.5,-1.12,1.299,0.074,5.802,343,0,0,57,85.8,0.0,0.0,14.2,17.222,0.0,0.0,1516.2
512,16.077097863347174,85.75,0.0,11,0,31.29,31.01,1564.507,1550.5,-0.9,1.238,0.07,5.807,343,0,0,57,85.8,0.0,0.0,14.2,16.777,0.0,0.0,1516.2
513,15.9584157751332,85.75,0.0,11,0,31.296,31.01,1564.782,1550.5,-0.92,1.242,0.072,3.009,343,0,0,57,85.8,0.0,0.0,14.2,16.896,0.0,0.0,1516.2
514,16.244113417595788,85.75,0.0,10,0,31.231,31.01,1561.556,1550.5,-0.71,1.178,0.067,5.791,343,0,0,57,85.8,0.0,0.0,14.2,16.741,0.0,0.0,1516.2
515,16.778473510586927,85.75,0.0,6,0,31.005,31.01,1550.261,1550.5,0.02,0.953,0.071,3.003,343,0,0,57,85.8,0.0,0.0,14.2,16.733,0.0,0.0,1516.2
516,16.303442558159542,85.75,0.0,9,0,31.179,31.01,1558.941,1550.5,-0.54,1.125,0.073,3.005,343,0,0,57,85.8,0.0,0.0,14.2,16.813,0.0,0.0,1516.2
517,16.642583935487096,85.75,0.0,7,0,31.062,31.01,1553.1,1550.5,-0.17,1.009,0.068,3.016,343,0,0,57,85.8,0.0,0.0,14.2,16.737,0.0,0.0,1516.2
518,16.135170271407976,85.75,0.0,10,0,31.243,31.01,1562.134,1550.5,-0.75,1.19,0.07,3.003,343,0,0,57,85.8,0.0,0.0,14.2,16.85,0.0,0.0,1516.2
519,14.790404764484151,85.75,0.0,16,0,31.701,31.01,1585.035,1550.5,-2.23,1.644,0.073,6.143,343,0,0,57,85.8,0.0,0.0,14.2,17.406,0.0,0.0,1516.2
520,15.525968106790502,85.75,0.0,14,0,31.482,31.01,1574.101,1550.5,-1.52,1.429,0.073,3.179,343,0,0,57,85.8,0.0,0.0,14.2,16.934,0.0,0.0,1516.2
521,16.731303913778483,85.75,0.0,4,0,30.895,31.01,1544.755,1550.5,0.37,0.837,0.076,2.988,343,0,0,57,85.8,0.0,0.0,14.2,17.043,0.0,0.0,1516.2
522,15.793187581776957,85.75,0.0,13,0,31.45,31.01,1572.498,1550.5,-1.42,1.397,0.068,6.178,343,0,0,57,85.8,0.0,0.0,14.2,16.798,0.0,0.0,1516.2
523,16.297127347092566,85.75,0.0,9,0,31.188,31.01,1559.414,1550.5,-0.57,1.135,0.073,4.608,343,0,0,57,85.8,0.0,0.0,14.2,16.82,0.0,0.0,1516.2
524,15.37807799640676,85.75,0.0,14,0,31.507,31.01,1575.366,1550.5,-1.6,1.455,0.078,6.082,343,0,0,57,85.8,0.0,0.0,14.2,17.082,0.0,0.0,1516.2
525,15.595146420138272,85.75,0.0,13,0,31.415,31.01,1570.737,1550.5,-1.31,1.36,0.072,4.559,343,0,0,57,85.8,0.0,0.0,14.2,16.996,0.0,0.0,1516.2
526,16.031303182497783,85.75,0.0,10,0,31.251,31.01,1562.574,1550.5,-0.78,1.197,0.069,3.209,343,0,0,57,85.8,0.0,0.0,14.2,16.954,0.0,0.0,1516.2
527,16.33721740788543,85.75,0.0,9,0,31.178,31.01,1558.92,1550.5,-0.54,1.126,0.07,4.536,343,0,0,57,85.8,0.0,0.0,14.2,16.78,0.0,0.0,1516.2
528,15.264679825180679,85.75,0.0,16,0,31.587,31.01,1579.351,1550.5,-1.86,1.534,0.074,4.644,343,0,0,57,85.8,0.0,0.0,14.2,16.932,0.0,0.0,1516.2
529,16.43155474575025,85.75,0.0,8,0,31.128,31.01,1556.39,1550.5,-0.38,1.074,0.067,4.681,343,0,0,57,85.8,0.0,0.0,14.2,16.817,0.0,0.0,1516.2
530,16.18138120243994,85.75,0.0,10,0,31.242,31.01,1562.086,1550.5,-0.75,1.189,0.071,3.022,343,0,0,57,85.8,0.0,0.0,14.2,16.804,0.0,0.0,1516.2
531,14.706623931699381,85.75,0.0,18,0,31.702,31.01,1585.11,1550.5,-2.23,1.645,0.076,5.875,343,0,0,57,85.8,0.0,0.0,14.2,17.227,0.0,0.0,1516.2
532,15.030055599767252,85.75,0.0,16,0,31.689,31.01,1584.425,1550.5,-2.19,1.632,0.068,7.912,343,0,0,57,85.8,0.0,0.0,14.2,17.167,0.0,0.0,1516.2
533,16.359134272735837,85.75,0.0,6,0,31.028,31.01,1551.395,1550.5,-0.06,0.971,0.079,3.12,343,0,0,57,85.8,0.0,0.0,14.2,17.152,0.0,0.0,1516.2
534,20.41722284174313,85.75,0.0,8,0,31.006,31.01,1550.323,1550.5,0.01,1.022,0.06,3.167,343,0,0,57,85.8,0.0,0.0,14.2,12.831,0.0,0.0,1516.2
535,21.28504787232516,85.75,0.0,8,0,30.947,31.01,1547.355,1550.5,0.2,0.974,0.056,2.469,343,0,0,57,85.8,0.0,0.0,14.2,11.963,0.0,0.0,1516.2
536,20.451483041957076,85.75,0.0,14,0,31.251,31.01,1562.545,1550.5,-0.78,1.279,0.055,4.815,343,0,0,57,85.8,0.0,0.0,14.2,12.008,0.0,0.0,1516.2
537,21.28078656958179,85.75,0.0,9,0,31.03,31.01,1551.478,1550.5,-0.06,1.058,0.052,5.106,343,0,0,57,85.8,0.0,0.0,14.2,11.836,0.0,0.0,1516.2
538,15.541640606649795,85.75,0.0,12,0,31.39,31.01,1569.508,1550.5,-1.23,1.334,0.075,4.876,343,0,0,57,85.8,0.0,0.0,14.2,17.181,0.0,0.0,1516.2
539,15.747450868405306,85.75,0.0,11,0,31.337,31.01,1566.843,1550.5,-1.05,1.281,0.072,6.262,343,0,0,57,85.8,0.0,0.0,14.2,17.107,0.0,0.0,1516.2
540,16.151244869788858,85.75,0.0,8,0,31.151,31.01,1557.559,1550.5,-0.46,1.095,0.074,3.236,343,0,0,57,85.8,0.0,0.0,14.2,17.097,0.0,0.0,1516.2
541,16.04070472366431,85.75,0.0,8,0,31.151,31.01,1557.551,1550.5,-0.45,1.093,0.078,3.245,343,0,0,57,85.8,0.0,0.0,14.2,17.208,0.0,0.0,1516.2
542,15.661245460912228,85.75,0.0,12,0,31.394,31.01,1569.699,1550.5,-1.24,1.339,0.077,4.783,343,0,0,57,85.8,0.0,0.0,14.2,17.061,0.0,0.0,1516.2
543,16.162588044206775,85.75,0.0,10,0,31.245,31.01,1562.244,1550.5,-0.76,1.192,0.07,4.556,343,0,0,57,85.8,0.0,0.0,14.2,16.823,0.0,0.0,1516.2
544,15.718854143243599,85.75,0.0,13,0,31.428,31.01,1571.423,1550.5,-1.35,1.376,0.07,6.095,343,0,0,57,85.8,0.0,0.0,14.2,16.872,0.0,0.0,1516.2
545,21.519563591459256,85.75,0.0,9,0,30.965,31.01,1548.249,1550.5,0.15,0.996,0.054,3.58,343,0,0,57,85.8,0.0,0.0,14.2,11.597,0.0,0.0,1516.2
546,16.08490559864578,85.75,0.0,8,0,31.153,31.01,1557.632,1550.5,-0.46,1.096,0.078,3.302,343,0,0,57,85.8,0.0,0.0,14.2,17.163,0.0,0.0,1516.2
547,15.53627084806712,85.75,0.0,12,0,31.384,31.01,1569.205,1550.5,-1.21,1.326,0.075,4.799,343,0,0,57,85.8,0.0,0.0,14.2,17.186,0.0,0.0,1516.2
548,15.834031220546155,85.75,0.0,10,0,31.258,31.01,1562.9,1550.5,-0.8,1.199,0.072,5.999,343,0,0,57,85.8,0.0,0.0,14.2,17.151,0.0,0.0,1516.2
549,15.27308702647397,85.75,0.0,11,0,31.337,31.01,1566.867,1550.5,-1.06,1.274,0.073,5.059,343,0,0,57,85.8,0.0,0.0,14.2,17.581,0.0,0.0,1516.2
550,14.76220276676295,85.75,0.0,11,0,31.451,31.01,1572.55,1550.5,-1.42,1.383,0.087,5.405,343,0,0,57,85.8,0.0,0.0,14.2,18.092,0.0,0.0,1516.2
551,16.298995230778132,85.75,0.0,7,0,31.108,31.01,1555.398,1550.5,-0.32,1.051,0.074,3.331,343,0,0,57,85.8,0.0,0.0,14.2,17.081,0.0,0.0,1516.2
552,15.310942968331334,85.75,0.0,14,0,31.503,31.01,1575.142,1550.5,-1.59,1.446,0.073,4.781,343,0,0,57,85.8,0.0,0.0,14.2,17.149,0.0,0.0,1516.2
553,15.903113462149589,85.75,0.0,9,0,31.209,31.01,1560.435,1550.5,-0.64,1.15,0.077,6.018,343,0,0,57,85.8,0.0,0.0,14.2,17.214,0.0,0.0,1516.2
554,15.78506012588942,85.75,0.0,10,0,31.261,31.01,1563.039,1550.5,-0.81,1.201,0.074,4.826,343,0,0,57,85.8,0.0,0.0,14.2,17.2,0.0,0.0,1516.2
555,15.559507047912941,85.75,0.0,11,0,31.334,31.01,1566.718,1550.5,-1.05,1.275,0.076,3.252,343,0,0,57,85.8,0.0,0.0,14.2,17.294,0.0,0.0,1516.2
556,14.623508288251552,85.75,0.0,13,0,31.544,31.01,1577.191,1550.5,-1.72,1.477,0.083,5.418,343,0,0,57,85.8,0.0,0.0,14.2,17.968,0.0,0.0,1516.2
557,14.501706538546474,85.75,0.0,12,0,31.543,31.01,1577.142,1550.5,-1.72,1.473,0.083,4.18,343,0,0,57,85.8,0.0,0.0,14.2,18.221,0.0,0.0,1516.2
558,16.45407586448175,85.75,0.0,7,0,31.067,31.01,1553.372,1550.5,-0.19,1.012,0.075,4.592,343,0,0,57,85.8,0.0,0.0,14.2,16.926,0.0,0.0,1516.2
559,16.037517963598386,85.75,0.0,11,0,31.31,31.01,1565.498,1550.5,-0.97,1.258,0.068,4.63,343,0,0,57,85.8,0.0,0.0,14.2,16.816,0.0,0.0,1516.2
560,15.924927547282183,85.75,0.0,12,0,31.374,31.01,1568.717,1550.5,-1.17,1.322,0.07,5.987,343,0,0,57,85.8,0.0,0.0,14.2,16.798,0.0,0.0,1516.2
561,16.359955968533654,85.75,0.0,7,0,31.072,31.01,1553.59,1550.5,-0.2,1.016,0.075,3.06,343,0,0,57,85.8,0.0,0.0,14.2,17.02,0.0,0.0,1516.2
562,16.650290004059684,85.75,0.0,7,0,31.063,31.01,1553.174,1550.5,-0.17,1.011,0.071,4.575,343,0,0,57,85.8,0.0,0.0,14.2,16.73,0.0,0.0,1516.2
563,15.738474330474938,85.75,0.0,13,0,31.419,31.01,1570.949,1550.5,-1.32,1.366,0.069,5.943,343,0,0,57,85.8,0.0,0.0,14.2,16.853,0.0,0.0,1516.2
564,16.976974534498126,85.75,0.0,5,0,30.945,31.01,1547.229,1550.5,0.21,0.893,0.071,3.029,343,0,0,57,85.8,0.0,0.0,14.2,16.666,0.0,0.0,1516.2
565,16.22535228812804,85.75,0.0,10,0,31.236,31.01,1561.812,1550.5,-0.73,1.184,0.066,4.555,343,0,0,57,85.8,0.0,0.0,14.2,16.76,0.0,0.0,1516.2
566,16.793293399334225,85.75,0.0,6,0,31.004,31.01,1550.215,1550.5,0.02,0.951,0.07,3.008,343,0,0,57,85.8,0.0,0.0,14.2,16.718,0.0,0.0,1516.2
567,16.00297480185227,85.75,0.0,11,0,31.3,31.01,1564.989,1550.5,-0.93,1.246,0.07,4.616,343,0,0,57,85.8,0.0,0.0,14.2,16.851,0.0,0.0,1516.2
568,15.470527201519404,85.75,0.0,14,0,31.469,31.01,1573.452,1550.5,-1.48,1.415,0.07,3.015,343,0,0,57,85.8,0.0,0.0,14.2,16.989,0.0,0.0,1516.2
569,16.053732973562457,85.75,0.0,11,0,31.295,31.01,1564.775,1550.5,-0.92,1.243,0.069,5.817,343,0,0,57,85.8,0.0,0.0,14.2,16.8,0.0,0.0,1516.2
570,16.450691678428772,85.75,0.0,8,0,31.121,31.01,1556.031,1550.5,-0.36,1.067,0.066,2.997,343,0,0,57,85.8,0.0,0.0,14.2,16.798,0.0,0.0,1516.2
571,16.196479876626032,85.75,0.0,8,0,31.127,31.01,1556.329,1550.5,-0.38,1.07,0.07,3.008,343,0,0,57,85.8,0.0,0.0,14.2,17.052,0.0,0.0,1516.2
572,16.09630681345416,85.75,0.0,11,0,31.291,31.01,1564.548,1550.5,-0.91,1.238,0.066,3.011,343,0,0,57,85.8,0.0,0.0,14.2,16.758,0.0,0.0,1516.2
573,15.510726743723062,85.75,0.0,15,0,31.522,31.01,1576.105,1550.5,-1.65,1.47,0.07,5.809,343,0,0,57,85.8,0.0,0.0,14.2,16.817,0.0,0.0,1516.2
574,16.443238376470553,85.75,0.0,6,0,31.032,31.01,1551.592,1550.5,-0.07,0.977,0.079,3.194,343,0,0,57,85.8,0.0,0.0,14.2,17.068,0.0,0.0,1516.2
575,15.715700226390897,85.75,0.0,10,0,31.295,31.01,1564.747,1550.5,-0.92,1.238,0.079,3.402,343,0,0,57,85.8,0.0,0.0,14.2,17.27,0.0,0.0,1516.2
576,16.05693601737467,85.75,0.0,10,0,31.27,31.01,1563.476,1550.5,-0.84,1.216,0.077,4.833,343,0,0,57,85.8,0.0,0.0,14.2,16.928,0.0,0.0,1516.2
577,16.446422553954395,85.75,0.0,8,0,31.146,31.01,1557.303,1550.5,-0.44,1.093,0.069,3.168,343,0,0,57,85.8,0.0,0.0,14.2,16.802,0.0,0.0,1516.2
578,16.315261158046734,85.75,0.0,9,0,31.206,31.01,1560.294,1550.5,-0.63,1.153,0.07,4.806,343,0,0,57,85.8,0.0,0.0,14.2,16.802,0.0,0.0,1516.2
579,17.296738115846296,85.75,0.0,3,0,30.839,31.01,1541.946,1550.5,0.55,0.787,0.069,1.824,343,0,0,57,85.8,0.0,0.0,14.2,16.609,0.0,0.0,1516.2
580,16.32768855185942,85.75,0.0,9,0,31.177,31.01,1558.856,1550.5,-0.54,1.125,0.071,3.019,343,0,0,57,85.8,0.0,0.0,14.2,16.789,0.0,0.0,1516.2
581,15.476131209480892,85.75,0.0,13,0,31.412,31.01,1570.584,1550.5,-1.3,1.355,0.072,5.838,343,0,0,57,85.8,0.0,0.0,14.2,17.115,0.0,0.0,1516.2
582,17.160445772836773,85.75,0.0,4,0,30.892,31.01,1544.601,1550.5,0.38,0.84,0.068,2.992,343,0,0,57,85.8,0.0,0.0,14.2,16.614,0.0,0.0,1516.2
583,15.49354849868113,85.75,0.0,13,0,31.438,31.01,1571.897,1550.5,-1.38,1.383,0.074,3.215,343,0,0,57,85.8,0.0,0.0,14.2,17.098,0.0,0.0,1516.2
584,15.488169288093495,85.75,0.0,6,0,31.104,31.01,1555.212,1550.5,-0.3,1.035,0.084,3.696,343,0,0,57,85.8,0.0,0.0,14.2,18.023,0.0,0.0,1516.2
585,16.58108802194522,85.75,0.0,7,0,31.086,31.01,1554.31,1550.5,-0.25,1.032,0.069,3.183,343,0,0,57,85.8,0.0,0.0,14.2,16.799,0.0,0.0,1516.2
586,15.80947746103858,85.75,0.0,9,0,31.26,31.01,1562.977,1550.5,-0.8,1.2,0.067,6.635,343,0,0,57,85.8,0.0,0.0,14.2,17.307,0.0,0.0,1516.2
587,15.821183065150874,85.75,0.0,7,0,31.085,31.01,1554.227,1550.5,-0.24,1.019,0.074,3.121,343,0,0,57,85.8,0.0,0.0,14.2,17.559,0.0,0.0,1516.2
588,16.174469871706187,85.75,0.0,4,0,30.95,31.01,1547.492,1550.5,0.19,0.886,0.078,3.562,343,0,0,57,85.8,0.0,0.0,14.2,17.6,0.0,0.0,1516.2
589,15.166725091963132,85.75,0.0,14,0,31.536,31.01,1576.777,1550.5,-1.69,1.478,0.077,5.834,343,0,0,57,85.8,0.0,0.0,14.2,17.293,0.0,0.0,1516.2
590,15.325771530173256,85.75,0.0,16,0,31.586,31.01,1579.313,1550.5,-1.86,1.534,0.067,5.984,343,0,0,57,85.8,0.0,0.0,14.2,16.871,0.0,0.0,1516.2
591,16.442776811623958,85.75,0.0,7,0,31.066,31.01,1553.285,1550.5,-0.18,1.01,0.073,3.013,343,0,0,57,85.8,0.0,0.0,14.2,16.937,0.0,0.0,1516.2
592,20.68578900947878,85.75,0.0,11,0,31.161,31.01,1558.026,1550.5,-0.49,1.186,0.054,4.054,343,0,0,57,85.8,0.0,0.0,14.2,12.168,0.0,0.0,1516.2
593,14.780824124778631,85.75,0.0,7,0,31.28,31.01,1564.021,1550.5,-0.87,1.203,0.08,5.275,343,0,0,57,85.8,0.0,0.0,14.2,18.599,0.0,0.0,1516.2
594,16.11464809826312,85.75,0.0,10,0,31.248,31.01,1562.422,1550.5,-0.77,1.196,0.069,3.257,343,0,0,57,85.8,0.0,0.0,14.2,16.871,0.0,0.0,1516.2
595,15.755634661649777,85.75,0.0,9,0,31.295,31.01,1564.749,1550.5,-0.92,1.235,0.075,3.751,343,0,0,57,85.8,0.0,0.0,14.2,17.361,0.0,0.0,1516.2
596,15.785798926472415,85.75,0.0,8,0,31.185,31.01,1559.237,1550.5,-0.56,1.123,0.077,3.742,343,0,0,57,85.8,0.0,0.0,14.2,17.463,0.0,0.0,1516.2
597,16.781714280315946,85.75,0.0,6,0,31.026,31.01,1551.295,1550.5,-0.05,0.973,0.069,4.829,343,0,0,57,85.8,0.0,0.0,14.2,16.73,0.0,0.0,1516.2
598,15.733993490185904,85.75,0.0,13,0,31.449,31.01,1572.436,1550.5,-1.41,1.395,0.069,6.116,343,0,0,57,85.8,0.0,0.0,14.2,16.857,0.0,0.0,1516.2
599,16.922378731703915,85.75,0.0,5,0,30.964,31.01,1548.186,1550.5,0.15,0.912,0.074,3.146,343,0,0,57,85.8,0.0,0.0,14.2,16.72,0.0,0.0,1516.2
600,16.576128379989427,85.75,0.0,7,0,31.083,31.01,1554.136,1550.5,-0.23,1.03,0.071,3.156,343,0,0,57,85.8,0.0,0.0,14.2,16.804,0.0,0.0,1516.2
601,15.322969318253412,85.75,0.0,9,0,31.245,31.01,1562.271,1550.5,-0.76,1.182,0.082,3.51,343,0,0,57,85.8,0.0,0.0,14.2,17.794,0.0,0.0,1516.2
602,16.22145981072237,85.75,0.0,8,0,31.193,31.01,1559.649,1550.5,-0.59,1.138,0.067,3.542,343,0,0,57,85.8,0.0,0.0,14.2,17.027,0.0,0.0,1516.2
603,16.352090920287196,85.75,0.0,7,0,31.148,31.01,1557.417,1550.5,-0.45,1.093,0.073,5.117,343,0,0,57,85.8,0.0,0.0,14.2,17.028,0.0,0.0,1516.2
604,15.434647264384049,85.75,0.0,13,0,31.448,31.01,1572.405,1550.5,-1.41,1.392,0.073,6.127,343,0,0,57,85.8,0.0,0.0,14.2,17.156,0.0,0.0,1516.2
605,16.118574990795157,85.75,0.0,10,0,31.266,31.01,1563.292,1550.5,-0.83,1.213,0.071,4.855,343,0,0,57,85.8,0.0,0.0,14.2,16.867,0.0,0.0,1516.2
606,15.900475054552683,85.75,0.0,11,0,31.344,31.01,1567.221,1550.5,-1.08,1.29,0.069,6.273,343,0,0,57,85.8,0.0,0.0,14.2,16.953,0.0,0.0,1516.2
607,16.862289275167626,85.75,0.0,3,0,30.857,31.01,1542.828,1550.5,0.49,0.8,0.075,3.274,343,0,0,57,85.8,0.0,0.0,14.2,17.043,0.0,0.0,1516.2
608,15.821804177502333,85.75,0.0,10,0,31.27,31.01,1563.493,1550.5,-0.84,1.213,0.069,4.867,343,0,0,57,85.8,0.0,0.0,14.2,17.164,0.0,0.0,1516.2
609,15.857700099839992,85.75,0.0,10,0,31.277,31.01,1563.87,1550.5,-0.86,1.221,0.079,3.277,343,0,0,57,85.8,0.0,0.0,14.2,17.128,0.0,0.0,1516.2
610,16.013555753843608,85.75,0.0,8,0,31.155,31.01,1557.729,1550.5,-0.47,1.096,0.075,3.229,343,0,0,57,85.8,0.0,0.0,14.2,17.235,0.0,0.0,1516.2
611,15.590170814578325,85.75,0.0,11,0,31.318,31.01,1565.886,1550.5,-0.99,1.259,0.078,5.9,343,0,0,57,85.8,0.0,0.0,14.2,17.264,0.0,0.0,1516.2
612,16.104660034800784,85.75,0.0,11,0,31.295,31.01,1564.755,1550.5,-0.92,1.243,0.069,5.891,343,0,0,57,85.8,0.0,0.0,14.2,16.749,0.0,0.0,1516.2
613,16.433496742493222,85.75,0.0,8,0,31.149,31.01,1557.449,1550.5,-0.45,1.096,0.071,3.263,343,0,0,57,85.8,0.0,0.0,14.2,16.815,0.0,0.0,1516.2
614,15.91463765519356,85.75,0.0,12,0,31.354,31.01,1567.684,1550.5,-1.11,1.302,0.067,5.867,343,0,0,57,85.8,0.0,0.0,14.2,16.808,0.0,0.0,1516.2
615,19.956587414651707,85.75,0.0,5,0,30.837,31.01,1541.852,1550.5,0.56,0.835,0.063,2.471,343,0,0,57,85.8,0.0,0.0,14.2,13.686,0.0,0.0,1516.2
616,21.350884382149626,85.75,0.0,9,0,30.98,31.01,1549.007,1550.5,0.1,1.01,0.051,2.466,343,0,0,57,85.8,0.0,0.0,14.2,11.766,0.0,0.0,1516.2
617,21.967935544251063,85.75,0.0,5,0,30.79,31.01,1539.495,1550.5,0.71,0.819,0.053,2.432,343,0,0,57,85.8,0.0,0.0,14.2,11.675,0.0,0.0,1516.2
618,21.51769377190952,85.75,0.0,5,0,30.819,31.01,1540.926,1550.5,0.62,0.843,0.059,2.56,343,0,0,57,85.8,0.0,0.0,14.2,12.125,0.0,0.0,1516.2
619,20.97855661984296,85.75,0.0,9,0,31.008,31.01,1550.394,1550.5,0.01,1.034,0.058,2.577,343,0,0,57,85.8,0.0,0.0,14.2,12.138,0.0,0.0,1516.2
620,21.498029121377776,85.75,0.0,6,0,30.854,31.01,1542.701,1550.5,0.5,0.88,0.055,2.604,343,0,0,57,85.8,0.0,0.0,14.2,12.013,0.0,0.0,1516.2
621,16.079332993564208,85.75,0.0,7,0,31.09,31.01,1554.523,1550.5,-0.26,1.031,0.079,4.804,343,0,0,57,85.8,0.0,0.0,14.2,17.3,0.0,0.0,1516.2
622,16.010623492069964,85.75,0.0,9,0,31.207,31.01,1560.362,1550.5,-0.64,1.151,0.074,3.224,343,0,0,57,85.8,0.0,0.0,14.2,17.106,0.0,0.0,1516.2
623,16.175941943756985,85.75,0.0,8,0,31.149,31.01,1557.44,1550.5,-0.45,1.093,0.076,3.272,343,0,0,57,85.8,0.0,0.0,14.2,17.072,0.0,0.0,1516.2
624,16.73533531831884,85.75,0.0,6,0,31.005,31.01,1550.229,1550.5,0.02,0.951,0.073,4.542,343,0,0,57,85.8,0.0,0.0,14.2,16.776,0.0,0.0,1516.2
625,16.593920104520407,85.75,0.0,7,0,31.063,31.01,1553.145,1550.5,-0.17,1.011,0.071,3.046,343,0,0,57,85.8,0.0,0.0,14.2,16.786,0.0,0.0,1516.2
626,17.333376440442546,85.75,0.0,2,0,30.773,31.01,1538.671,1550.5,0.76,0.72,0.07,1.714,343,0,0,57,85.8,0.0,0.0,14.2,16.704,0.0,0.0,1516.2
627,16.95966568617017,85.75,0.0,5,0,30.948,31.01,1547.393,1550.5,0.2,0.896,0.066,3.008,343,0,0,57,85.8,0.0,0.0,14.2,16.683,0.0,0.0,1516.2
628,16.498632628454576,85.75,0.0,8,0,31.119,31.01,1555.97,1550.5,-0.35,1.067,0.07,3.012,343,0,0,57,85.8,0.0,0.0,14.2,16.75,0.0,0.0,1516.2
629,16.165783193681552,85.75,0.0,10,0,31.239,31.01,1561.938,1550.5,-0.74,1.186,0.07,4.579,343,0,0,57,85.8,0.0,0.0,14.2,16.82,0.0,0.0,1516.2
630,16.384239419016478,85.75,0.0,9,0,31.188,31.01,1559.394,1550.5,-0.57,1.136,0.074,3.012,343,0,0,57,85.8,0.0,0.0,14.2,16.733,0.0,0.0,1516.2
631,16.194116114371468,85.75,0.0,7,0,31.074,31.01,1553.68,1550.5,-0.21,1.015,0.074,3.042,343,0,0,57,85.8,0.0,0.0,14.2,17.186,0.0,0.0,1516.2
632,17.141461897202625,85.75,0.0,4,0,30.889,31.01,1544.446,1550.5,0.39,0.837,0.072,3.017,343,0,0,57,85.8,0.0,0.0,14.2,16.633,0.0,0.0,1516.2
633,16.802140308956886,85.75,0.0,6,0,31.011,31.01,1550.533,1550.5,-0.0,0.958,0.07,4.663,343,0,0,57,85.8,0.0,0.0,14.2,16.709,0.0,0.0,1516.2
634,16.352019419375146,85.75,0.0,6,0,31.049,31.01,1552.457,1550.5,-0.13,0.993,0.078,3.336,343,0,0,57,85.8,0.0,0.0,14.2,17.159,0.0,0.0,1516.2
635,16.658181915141654,85.75,0.0,7,0,31.069,31.01,1553.454,1550.5,-0.19,1.017,0.069,4.619,343,0,0,57,85.8,0.0,0.0,14.2,16.722,0.0,0.0,1516.2
636,16.685890384198437,85.75,0.0,6,0,31.011,31.01,1550.551,1550.5,-0.0,0.957,0.069,4.651,343,0,0,57,85.8,0.0,0.0,14.2,16.825,0.0,0.0,1516.2
637,16.113334787454313,85.75,0.0,4,0,30.949,31.01,1547.438,1550.5,0.2,0.883,0.079,3.47,343,0,0,57,85.8,0.0,0.0,14.2,17.661,0.0,0.0,1516.2
638,16.434615522686663,85.75,0.0,6,0,31.013,31.01,1550.661,1550.5,-0.01,0.956,0.077,3.041,343,0,0,57,85.8,0.0,0.0,14.2,17.077,0.0,0.0,1516.2
639,16.50487585089062,85.75,0.0,4,0,30.948,31.01,1547.389,1550.5,0.2,0.888,0.07,3.6,343,0,0,57,85.8,0.0,0.0,14.2,17.269,0.0,0.0,1516.2
640,16.85102133430459,85.75,0.0,3,0,30.85,31.01,1542.506,1550.5,0.52,0.793,0.077,3.181,343,0,0,57,85.8,0.0,0.0,14.2,17.055,0.0,0.0,1516.2
641,16.400485016953212,85.75,0.0,7,0,31.081,31.01,1554.058,1550.5,-0.23,1.025,0.073,3.132,343,0,0,57,85.8,0.0,0.0,14.2,16.979,0.0,0.0,1516.2
642,22.337149567542976,85.75,0.0,2,0,30.658,31.01,1532.885,1550.5,1.14,0.689,0.056,1.43,343,0,0,57,85.8,0.0,0.0,14.2,11.7,0.0,0.0,1516.2
643,20.183791022014816,85.75,0.0,7,0,31.001,31.01,1550.026,1550.5,0.03,1.012,0.064,3.148,343,0,0,57,85.8,0.0,0.0,14.2,13.196,0.0,0.0,1516.2
644,16.990440985913246,85.75,0.0,4,0,30.892,31.01,1544.607,1550.5,0.38,0.839,0.072,3.019,343,0,0,57,85.8,0.0,0.0,14.2,16.784,0.0,0.0,1516.2
645,16.03790489902431,85.75,0.0,11,0,31.295,31.01,1564.743,1550.5,-0.92,1.242,0.069,3.018,343,0,0,57,85.8,0.0,0.0,14.2,16.816,0.0,0.0,1516.2
646,15.09208325438404,85.75,0.0,10,0,31.349,31.01,1567.464,1550.5,-1.09,1.283,0.082,3.649,343,0,0,57,85.8,0.0,0.0,14.2,17.893,0.0,0.0,1516.2
647,22.039287899182035,85.75,0.0,4,0,30.751,31.01,1537.527,1550.5,0.84,0.779,0.054,2.481,343,0,0,57,85.8,0.0,0.0,14.2,11.735,0.0,0.0,1516.2
648,16.20422309639135,85.75,0.0,10,0,31.268,31.01,1563.389,1550.5,-0.83,1.214,0.067,4.872,343,0,0,57,85.8,0.0,0.0,14.2,16.781,0.0,0.0,1516.2
649,16.774348217242668,85.75,0.0,6,0,31.007,31.01,1550.331,1550.5,0.01,0.954,0.068,3.029,343,0,0,57,85.8,0.0,0.0,14.2,16.737,0.0,0.0,1516.2
650,16.167971095734288,85.75,0.0,7,0,31.096,31.01,1554.798,1550.5,-0.28,1.037,0.075,3.259,343,0,0,57,85.8,0.0,0.0,14.2,17.212,0.0,0.0,1516.2
651,16.78338692095489,85.75,0.0,4,0,30.911,31.01,1545.527,1550.5,0.32,0.854,0.074,3.156,343,0,0,57,85.8,0.0,0.0,14.2,16.991,0.0,0.0,1516.2
652,16.627645084832807,85.75,0.0,7,0,31.072,31.01,1553.593,1550.5,-0.2,1.02,0.074,3.059,343,0,0,57,85.8,0.0,0.0,14.2,16.752,0.0,0.0,1516.2
653,16.942701776440785,85.75,0.0,5,0,30.962,31.01,1548.08,1550.5,0.16,0.91,0.072,3.15,343,0,0,57,85.8,0.0,0.0,14.2,16.7,0.0,0.0,1516.2
654,16.02411161863939,85.75,0.0,9,0,31.216,31.01,1560.807,1550.5,-0.66,1.16,0.076,4.997,343,0,0,57,85.8,0.0,0.0,14.2,17.093,0.0,0.0,1516.2
655,17.400704470569647,85.75,0.0,2,0,30.774,31.01,1538.686,1550.5,0.76,0.721,0.071,1.738,343,0,0,57,85.8,0.0,0.0,14.2,16.636,0.0,0.0,1516.2
656,20.102298223011466,85.75,0.0,6,0,30.861,31.01,1543.026,1550.5,0.48,0.863,0.062,2.328,343,0,0,57,85.8,0.0,0.0,14.2,13.409,0.0,0.0,1516.2
657,21.571577265805836,85.75,0.0,6,0,30.917,31.01,1545.847,1550.5,0.3,0.944,0.051,3.611,343,0,0,57,85.8,0.0,0.0,14.2,11.94,0.0,0.0,1516.2
658,20.269052163081255,85.75,0.0,7,0,31.091,31.01,1554.572,1550.5,-0.26,1.102,0.06,3.635,343,0,0,57,85.8,0.0,0.0,14.2,13.111,0.0,0.0,1516.2
659,21.858515546046835,85.75,0.0,1,0,30.616,31.01,1530.796,1550.5,1.27,0.635,0.056,0.116,343,0,0,57,85.8,0.0,0.0,14.2,12.31,0.0,0.0,1516.2
660,22.0446005779538,85.75,0.0,5,0,30.789,31.01,1539.463,1550.5,0.71,0.819,0.05,2.434,343,0,0,57,85.8,0.0,0.0,14.2,11.598,0.0,0.0,1516.2
661,19.775143658205465,85.75,0.0,5,0,30.912,31.01,1545.593,1550.5,0.32,0.924,0.059,3.358,343,0,0,57,85.8,0.0,0.0,14.2,13.868,0.0,0.0,1516.2
662,21.32763170187694,85.75,0.0,5,0,30.808,31.01,1540.415,1550.5,0.65,0.829,0.057,2.473,343,0,0,57,85.8,0.0,0.0,14.2,12.315,0.0,0.0,1516.2
663,22.158591987107997,85.75,0.0,3,0,30.703,31.01,1535.129,1550.5,0.99,0.73,0.051,2.41,343,0,0,57,85.8,0.0,0.0,14.2,11.747,0.0,0.0,1516.2
664,22.763439993211033,85.75,0.0,0,0,30.555,31.01,1527.737,1550.5,1.47,0.584,0.052,0.068,343,0,0,57,85.8,0.0,0.0,14.2,11.537,0.0,0.0,1516.2
665,22.04625252592244,85.75,0.0,5,0,30.789,31.01,1539.465,1550.5,0.71,0.819,0.051,2.409,343,0,0,57,85.8,0.0,0.0,14.2,11.596,0.0,0.0,1516.2
666,21.859724577677966,85.75,0.0,5,0,30.803,31.01,1540.129,1550.5,0.67,0.831,0.05,2.558,343,0,0,57,85.8,0.0,0.0,14.2,11.783,0.0,0.0,1516.2
667,21.56140882415486,85.75,0.0,8,0,30.93,31.01,1546.477,1550.5,0.26,0.96,0.052,2.469,343,0,0,57,85.8,0.0,0.0,14.2,11.687,0.0,0.0,1516.2
668,21.661512023734872,85.75,0.0,7,0,30.888,31.01,1544.386,1550.5,0.39,0.917,0.051,2.53,343,0,0,57,85.8,0.0,0.0,14.2,11.718,0.0,0.0,1516.2
669,20.93616668000968,85.75,0.0,12,0,31.108,31.01,1555.399,1550.5,-0.32,1.137,0.056,4.671,343,0,0,57,85.8,0.0,0.0,14.2,11.786,0.0,0.0,1516.2
670,21.417393524998552,85.75,0.0,8,0,30.937,31.01,1546.873,1550.5,0.23,0.966,0.053,2.508,343,0,0,57,85.8,0.0,0.0,14.2,11.831,0.0,0.0,1516.2
671,21.158222924944802,85.75,0.0,4,0,30.766,31.01,1538.29,1550.5,0.79,0.782,0.059,2.473,343,0,0,57,85.8,0.0,0.0,14.2,12.616,0.0,0.0,1516.2
672,22.479667576485692,85.75,0.0,2,0,30.649,31.01,1532.474,1550.5,1.16,0.679,0.051,0.1,343,0,0,57,85.8,0.0,0.0,14.2,11.557,0.0,0.0,1516.2
673,21.844600328424285,85.75,0.0,6,0,30.838,31.01,1541.921,1550.5,0.55,0.868,0.053,2.42,343,0,0,57,85.8,0.0,0.0,14.2,11.667,0.0,0.0,1516.2
674,21.40077734063608,85.75,0.0,9,0,30.978,31.01,1548.906,1550.5,0.1,1.008,0.049,3.714,343,0,0,57,85.8,0.0,0.0,14.2,11.716,0.0,0.0,1516.2
675,22.2883513932949,85.75,0.0,2,0,30.657,31.01,1532.853,1550.5,1.14,0.686,0.054,1.425,343,0,0,57,85.8,0.0,0.0,14.2,11.749,0.0,0.0,1516.2
676,20.964951495875095,85.75,0.0,9,0,31.059,31.01,1552.963,1550.5,-0.16,1.09,0.067,4.318,343,0,0,57,85.8,0.0,0.0,14.2,12.152,0.0,0.0,1516.2
677,21.6586038159708,85.75,0.0,4,0,30.804,31.01,1540.182,1550.5,0.67,0.831,0.059,3.662,343,0,0,57,85.8,0.0,0.0,14.2,12.116,0.0,0.0,1516.2
678,16.63518547969737,85.75,0.0,5,0,30.965,31.01,1548.242,1550.5,0.15,0.909,0.07,3.171,343,0,0,57,85.8,0.0,0.0,14.2,17.008,0.0,0.0,1516.2
679,16.052988664696674,85.75,0.0,8,0,31.134,31.01,1556.683,1550.5,-0.4,1.074,0.075,3.019,343,0,0,57,85.8,0.0,0.0,14.2,17.195,0.0,0.0,1516.2
680,16.18246756831878,85.75,0.0,9,0,31.195,31.01,1559.769,1550.5,-0.6,1.141,0.07,3.11,343,0,0,57,85.8,0.0,0.0,14.2,16.934,0.0,0.0,1516.2
681,16.260554469352186,85.75,0.0,5,0,30.981,31.01,1549.072,1550.5,0.09,0.922,0.078,3.247,343,0,0,57,85.8,0.0,0.0,14.2,17.382,0.0,0.0,1516.2
682,16.40665202396297,85.75,0.0,6,0,31.03,31.01,1551.484,1550.5,-0.06,0.974,0.079,3.277,343,0,0,57,85.8,0.0,0.0,14.2,17.105,0.0,0.0,1516.2
683,22.02205687449672,85.75,0.0,4,0,30.737,31.01,1536.851,1550.5,0.88,0.767,0.056,2.312,343,0,0,57,85.8,0.0,0.0,14.2,11.752,0.0,0.0,1516.2
684,22.192948309461965,85.75,0.0,2,0,30.657,31.01,1532.867,1550.5,1.14,0.687,0.059,1.428,343,0,0,57,85.8,0.0,0.0,14.2,11.844,0.0,0.0,1516.2
685,16.287961219151775,85.75,0.0,6,0,31.034,31.01,1551.68,1550.5,-0.08,0.978,0.079,3.238,343,0,0,57,85.8,0.0,0.0,14.2,17.223,0.0,0.0,1516.2
686,16.81873081638836,85.75,0.0,4,0,30.91,31.01,1545.521,1550.5,0.32,0.854,0.071,3.195,343,0,0,57,85.8,0.0,0.0,14.2,16.955,0.0,0.0,1516.2
687,16.468929062563006,85.75,0.0,7,0,31.092,31.01,1554.608,1550.5,-0.26,1.038,0.07,3.183,343,0,0,57,85.8,0.0,0.0,14.2,16.911,0.0,0.0,1516.2
688,15.768078084167364,85.75,0.0,6,0,31.043,31.01,1552.152,1550.5,-0.11,0.979,0.081,3.155,343,0,0,57,85.8,0.0,0.0,14.2,17.743,0.0,0.0,1516.2
689,16.85330140864783,85.75,0.0,6,0,31.009,31.01,1550.47,1550.5,0.0,0.957,0.067,4.602,343,0,0,57,85.8,0.0,0.0,14.2,16.658,0.0,0.0,1516.2
690,16.42056751133197,85.75,0.0,8,0,31.134,31.01,1556.693,1550.5,-0.4,1.08,0.067,3.201,343,0,0,57,85.8,0.0,0.0,14.2,16.828,0.0,0.0,1516.2
691,20.79517542140321,85.75,0.0,9,0,30.981,31.01,1549.026,1550.5,0.1,1.002,0.056,3.563,343,0,0,57,85.8,0.0,0.0,14.2,12.322,0.0,0.0,1516.2
692,21.58530165742406,85.75,0.0,8,0,30.918,31.01,1545.912,1550.5,0.3,0.949,0.052,2.412,343,0,0,57,85.8,0.0,0.0,14.2,11.663,0.0,0.0,1516.2
693,22.315806710188134,85.75,0.0,4,0,30.73,31.01,1536.506,1550.5,0.9,0.762,0.053,2.288,343,0,0,57,85.8,0.0,0.0,14.2,11.458,0.0,0.0,1516.2
694,21.395935285507864,85.75,0.0,10,0,31.01,31.01,1550.509,1550.5,-0.0,1.042,0.048,3.617,343,0,0,57,85.8,0.0,0.0,14.2,11.589,0.0,0.0,1516.2
695,21.85227015522227,85.75,0.0,3,0,30.703,31.01,1535.139,1550.5,0.99,0.727,0.055,2.305,343,0,0,57,85.8,0.0,0.0,14.2,12.053,0.0,0.0,1516.2
696,22.8431829752633,85.75,0.0,0,0,30.553,31.01,1527.657,1550.5,1.47,0.584,0.053,0.064,343,0,0,57,85.8,0.0,0.0,14.2,11.457,0.0,0.0,1516.2
697,22.417380220730905,85.75,0.0,3,0,30.692,31.01,1534.622,1550.5,1.02,0.725,0.052,2.371,343,0,0,57,85.8,0.0,0.0,14.2,11.488,0.0,0.0,1516.2
698,21.74794327695229,85.75,0.0,6,0,30.856,31.01,1542.82,1550.5,0.5,0.885,0.052,2.623,343,0,0,57,85.8,0.0,0.0,14.2,11.763,0.0,0.0,1516.2
699,22.024167513538423,85.75,0.0,6,0,30.823,31.01,1541.133,1550.5,0.6,0.855,0.051,2.348,343,0,0,57,85.8,0.0,0.0,14.2,11.487,0.0,0.0,1516.2
700,21.94923836325136,85.75,0.0,6,0,30.825,31.01,1541.243,1550.5,0.6,0.856,0.054,2.351,343,0,0,57,85.8,0.0,0.0,14.2,11.562,0.0,0.0,1516.2
701,20.643442841347056,85.75,0.0,8,0,30.998,31.01,1549.9,1550.5,0.04,1.016,0.058,3.413,343,0,0,57,85.8,0.0,0.0,14.2,12.605,0.0,0.0,1516.2
702,21.91269580465608,85.75,0.0,5,0,30.808,31.01,1540.413,1550.5,0.65,0.837,0.052,3.029,343,0,0,57,85.8,0.0,0.0,14.2,11.73,0.0,0.0,1516.2
703,22.348475759875818,85.75,0.0,4,0,30.733,31.01,1536.667,1550.5,0.89,0.765,0.049,2.346,343,0,0,57,85.8,0.0,0.0,14.2,11.426,0.0,0.0,1516.2
704,21.892051671909698,85.75,0.0,5,0,30.8,31.01,1540.014,1550.5,0.68,0.832,0.056,2.514,343,0,0,57,85.8,0.0,0.0,14.2,11.751,0.0,0.0,1516.2
705,22.032235750024064,85.75,0.0,4,0,30.757,31.01,1537.866,1550.5,0.81,0.789,0.049,2.583,343,0,0,57,85.8,0.0,0.0,14.2,11.742,0.0,0.0,1516.2
706,22.375520508726506,85.75,0.0,2,0,30.65,31.01,1532.489,1550.5,1.16,0.68,0.055,1.36,343,0,0,57,85.8,0.0,0.0,14.2,11.662,0.0,0.0,1516.2
707,17.29119129675851,85.75,0.0,2,0,30.776,31.01,1538.78,1550.5,0.76,0.721,0.073,1.74,343,0,0,57,85.8,0.0,0.0,14.2,16.746,0.0,0.0,1516.2
708,16.78103840206125,85.75,0.0,6,0,31.007,31.01,1550.345,1550.5,0.01,0.954,0.068,3.076,343,0,0,57,85.8,0.0,0.0,14.2,16.73,0.0,0.0,1516.2
709,16.675586093066272,85.75,0.0,7,0,31.066,31.01,1553.316,1550.5,-0.18,1.014,0.067,4.649,343,0,0,57,85.8,0.0,0.0,14.2,16.704,0.0,0.0,1516.2
710,16.74716913950936,85.75,0.0,6,0,31.012,31.01,1550.596,1550.5,-0.01,0.959,0.067,3.141,343,0,0,57,85.8,0.0,0.0,14.2,16.764,0.0,0.0,1516.2
711,21.032647499976278,85.75,0.0,5,0,30.83,31.01,1541.496,1550.5,0.58,0.847,0.059,2.652,343,0,0,57,85.8,0.0,0.0,14.2,12.61,0.0,0.0,1516.2
712,21.549904087174696,85.75,0.0,7,0,30.896,31.01,1544.821,1550.5,0.37,0.924,0.052,2.604,343,0,0,57,85.8,0.0,0.0,14.2,11.83,0.0,0.0,1516.2
713,22.195984224680927,85.75,0.0,3,0,30.72,31.01,1535.995,1550.5,0.94,0.748,0.05,1.891,343,0,0,57,85.8,0.0,0.0,14.2,11.71,0.0,0.0,1516.2
714,21.430581576217755,85.75,0.0,4,0,30.773,31.01,1538.665,1550.5,0.76,0.79,0.05,2.657,343,0,0,57,85.8,0.0,0.0,14.2,12.344,0.0,0.0,1516.2
715,21.980455859241864,85.75,0.0,4,0,30.779,31.01,1538.936,1550.5,0.75,0.806,0.053,2.641,343,0,0,57,85.8,0.0,0.0,14.2,11.794,0.0,0.0,1516.2
716,21.975175587738462,85.75,0.0,5,0,30.789,31.01,1539.464,1550.5,0.71,0.819,0.052,2.427,343,0,0,57,85.8,0.0,0.0,14.2,11.668,0.0,0.0,1516.2
717,16.801053411856564,85.75,0.0,6,0,31.005,31.01,1550.248,1550.5,0.02,0.953,0.069,2.996,343,0,0,57,85.8,0.0,0.0,14.2,16.71,0.0,0.0,1516.2
718,17.3984283327492,85.75,0.0,2,0,30.776,31.01,1538.824,1550.5,0.75,0.724,0.066,1.745,343,0,0,57,85.8,0.0,0.0,14.2,16.639,0.0,0.0,1516.2
719,17.04799190434054,85.75,0.0,4,0,30.894,31.01,1544.723,1550.5,0.37,0.842,0.071,3.049,343,0,0,57,85.8,0.0,0.0,14.2,16.726,0.0,0.0,1516.2
720,16.725184367916818,85.75,0.0,6,0,31.014,31.01,1550.697,1550.5,-0.01,0.96,0.07,3.002,343,0,0,57,85.8,0.0,0.0,14.2,16.786,0.0,0.0,1516.2
721,16.671489692319973,85.75,0.0,4,0,30.914,31.01,1545.682,1550.5,0.31,0.855,0.076,3.196,343,0,0,57,85.8,0.0,0.0,14.2,17.103,0.0,0.0,1516.2
722,16.652544452173906,85.75,0.0,6,0,31.019,31.01,1550.958,1550.5,-0.03,0.964,0.072,3.154,343,0,0,57,85.8,0.0,0.0,14.2,16.859,0.0,0.0,1516.2
723,17.124507649944952,85.75,0.0,4,0,30.888,31.01,1544.392,1550.5,0.39,0.836,0.071,3.312,343,0,0,57,85.8,0.0,0.0,14.2,16.65,0.0,0.0,1516.2
724,16.321068580031817,85.75,0.0,9,0,31.182,31.01,1559.111,1550.5,-0.56,1.129,0.068,5.857,343,0,0,57,85.8,0.0,0.0,14.2,16.796,0.0,0.0,1516.2
725,15.986032057807012,85.75,0.0,10,0,31.275,31.01,1563.771,1550.5,-0.86,1.22,0.078,3.226,343,0,0,57,85.8,0.0,0.0,14.2,16.999,0.0,0.0,1516.2
726,16.965570947880714,85.75,0.0,4,0,30.901,31.01,1545.028,1550.5,0.35,0.846,0.069,3.118,343,0,0,57,85.8,0.0,0.0,14.2,16.809,0.0,0.0,1516.2
727,16.098844136248506,85.75,0.0,10,0,31.259,31.01,1562.926,1550.5,-0.8,1.206,0.072,3.158,343,0,0,57,85.8,0.0,0.0,14.2,16.887,0.0,0.0,1516.2
728,16.7980984126388,85.75,0.0,6,0,31.007,31.01,1550.341,1550.5,0.01,0.954,0.07,3.014,343,0,0,57,85.8,0.0,0.0,14.2,16.713,0.0,0.0,1516.2
729,16.12608374259663,85.75,0.0,9,0,31.182,31.01,1559.083,1550.5,-0.55,1.125,0.071,4.604,343,0,0,57,85.8,0.0,0.0,14.2,16.991,0.0,0.0,1516.2
730,16.90734682155174,85.75,0.0,5,0,30.95,31.01,1547.489,1550.5,0.19,0.897,0.066,3.051,343,0,0,57,85.8,0.0,0.0,14.2,16.735,0.0,0.0,1516.2
731,16.673526800380877,85.75,0.0,4,0,30.905,31.01,1545.233,1550.5,0.34,0.847,0.074,3.057,343,0,0,57,85.8,0.0,0.0,14.2,17.101,0.0,0.0,1516.2
732,16.865796068612084,85.75,0.0,5,0,30.953,31.01,1547.63,1550.5,0.19,0.899,0.071,3.023,343,0,0,57,85.8,0.0,0.0,14.2,16.777,0.0,0.0,1516.2
733,16.973166814799278,85.75,0.0,4,0,30.905,31.01,1545.249,1550.5,0.34,0.852,0.069,3.208,343,0,0,57,85.8,0.0,0.0,14.2,16.801,0.0,0.0,1516.2
734,16.33897803645008,85.75,0.0,4,0,30.926,31.01,1546.278,1550.5,0.27,0.868,0.075,3.357,343,0,0,57,85.8,0.0,0.0,14.2,17.435,0.0,0.0,1516.2
735,16.609124287444438,85.75,0.0,6,0,31.026,31.01,1551.3,1550.5,-0.05,0.972,0.069,3.369,343,0,0,57,85.8,0.0,0.0,14.2,16.902,0.0,0.0,1516.2
736,16.747498274727995,85.75,0.0,6,0,31.004,31.01,1550.211,1550.5,0.02,0.951,0.07,2.993,343,0,0,57,85.8,0.0,0.0,14.2,16.764,0.0,0.0,1516.2
737,16.81777744046279,85.75,0.0,5,0,30.964,31.01,1548.202,1550.5,0.15,0.911,0.071,3.162,343,0,0,57,85.8,0.0,0.0,14.2,16.825,0.0,0.0,1516.2
738,16.576823044460383,85.75,0.0,3,0,30.855,31.01,1542.735,1550.5,0.5,0.795,0.079,3.147,343,0,0,57,85.8,0.0,0.0,14.2,17.329,0.0,0.0,1516.2
739,16.16883811339551,85.75,0.0,7,0,31.107,31.01,1555.351,1550.5,-0.31,1.049,0.078,3.207,343,0,0,57,85.8,0.0,0.0,14.2,17.211,0.0,0.0,1516.2
740,16.52053361716547,85.75,0.0,5,0,30.975,31.01,1548.766,1550.5,0.11,0.918,0.074,3.402,343,0,0,57,85.8,0.0,0.0,14.2,17.122,0.0,0.0,1516.2
741,16.08391519514219,85.75,0.0,6,0,31.073,31.01,1553.673,1550.5,-0.2,1.013,0.078,3.579,343,0,0,57,85.8,0.0,0.0,14.2,17.427,0.0,0.0,1516.2
742,16.730358883299722,85.75,0.0,4,0,30.916,31.01,1545.78,1550.5,0.3,0.859,0.075,3.178,343,0,0,57,85.8,0.0,0.0,14.2,17.044,0.0,0.0,1516.2
743,16.7952437632753,85.75,0.0,4,0,30.922,31.01,1546.09,1550.5,0.28,0.866,0.075,3.328,343,0,0,57,85.8,0.0,0.0,14.2,16.979,0.0,0.0,1516.2
744,16.948957964786445,85.75,0.0,3,0,30.857,31.01,1542.856,1550.5,0.49,0.801,0.071,3.329,343,0,0,57,85.8,0.0,0.0,14.2,16.957,0.0,0.0,1516.2
745,17.351069000870627,85.75,0.0,1,0,30.726,31.01,1536.316,1550.5,0.91,0.672,0.07,0.137,343,0,0,57,85.8,0.0,0.0,14.2,16.817,0.0,0.0,1516.2
746,16.91267612565693,85.75,0.0,3,0,30.847,31.01,1542.361,1550.5,0.52,0.79,0.076,3.153,343,0,0,57,85.8,0.0,0.0,14.2,16.993,0.0,0.0,1516.2
747,17.591897726379973,85.75,0.0,1,0,30.72,31.01,1536.024,1550.5,0.93,0.668,0.066,0.138,343,0,0,57,85.8,0.0,0.0,14.2,16.577,0.0,0.0,1516.2
748,16.749469360749508,85.75,0.0,6,0,31.01,31.01,1550.503,1550.5,-0.0,0.958,0.072,3.046,343,0,0,57,85.8,0.0,0.0,14.2,16.762,0.0,0.0,1516.2
749,16.558739918133256,85.75,0.0,7,0,31.074,31.01,1553.7,1550.5,-0.21,1.021,0.073,3.101,343,0,0,57,85.8,0.0,0.0,14.2,16.821,0.0,0.0,1516.2
750,16.266788262759757,85.75,0.0,9,0,31.19,31.01,1559.504,1550.5,-0.58,1.138,0.07,3.045,343,0,0,57,85.8,0.0,0.0,14.2,16.85,0.0,0.0,1516.2
751,17.01586853676886,85.75,0.0,2,0,30.791,31.01,1539.574,1550.5,0.7,0.733,0.076,1.828,343,0,0,57,85.8,0.0,0.0,14.2,17.021,0.0,0.0,1516.2
752,16.826633292313936,85.75,0.0,6,0,31.007,31.01,1550.375,1550.5,0.01,0.955,0.068,3.045,343,0,0,57,85.8,0.0,0.0,14.2,16.685,0.0,0.0,1516.2
753,16.926106539483712,85.75,0.0,5,0,30.947,31.01,1547.356,1550.5,0.2,0.894,0.071,3.008,343,0,0,57,85.8,0.0,0.0,14.2,16.717,0.0,0.0,1516.2
754,16.821356644084275,85.75,0.0,5,0,30.953,31.01,1547.64,1550.5,0.18,0.898,0.073,3.113,343,0,0,57,85.8,0.0,0.0,14.2,16.821,0.0,0.0,1516.2
755,16.76552742830784,85.75,0.0,6,0,31.01,31.01,1550.521,1550.5,-0.0,0.958,0.073,3.02,343,0,0,57,85.8,0.0,0.0,14.2,16.746,0.0,0.0,1516.2
756,17.231481143398327,85.75,0.0,3,0,30.832,31.01,1541.582,1550.5,0.58,0.778,0.069,2.978,343,0,0,57,85.8,0.0,0.0,14.2,16.674,0.0,0.0,1516.2
757,16.8813585561454,85.75,0.0,5,0,30.951,31.01,1547.528,1550.5,0.19,0.898,0.068,3.024,343,0,0,57,85.8,0.0,0.0,14.2,16.761,0.0,0.0,1516.2
758,17.05655273786173,85.75,0.0,4,0,30.887,31.01,1544.365,1550.5,0.4,0.834,0.071,2.972,343,0,0,57,85.8,0.0,0.0,14.2,16.718,0.0,0.0,1516.2
759,17.099124082023394,85.75,0.0,3,0,30.838,31.01,1541.907,1550.5,0.55,0.784,0.07,3.0,343,0,0,57,85.8,0.0,0.0,14.2,16.807,0.0,0.0,1516.2
760,16.934960666856327,85.75,0.0,5,0,30.948,31.01,1547.405,1550.5,0.2,0.895,0.068,3.001,343,0,0,57,85.8,0.0,0.0,14.2,16.708,0.0,0.0,1516.2
761,21.233184955207747,85.75,0.0,3,0,30.718,31.01,1535.887,1550.5,0.94,0.733,0.059,1.431,343,0,0,57,85.8,0.0,0.0,14.2,12.672,0.0,0.0,1516.2
762,22.794653007364797,85.75,0.0,0,0,30.554,31.01,1527.705,1550.5,1.47,0.583,0.052,0.059,343,0,0,57,85.8,0.0,0.0,14.2,11.505,0.0,0.0,1516.2
763,22.109214959576583,85.75,0.0,4,0,30.745,31.01,1537.256,1550.5,0.85,0.774,0.05,2.453,343,0,0,57,85.8,0.0,0.0,14.2,11.665,0.0,0.0,1516.2
764,22.657883594366428,85.75,0.0,1,0,30.602,31.01,1530.083,1550.5,1.32,0.632,0.051,0.1,343,0,0,57,85.8,0.0,0.0,14.2,11.511,0.0,0.0,1516.2
765,21.85261051747323,85.75,0.0,6,0,30.857,31.01,1542.854,1550.5,0.49,0.887,0.05,2.465,343,0,0,57,85.8,0.0,0.0,14.2,11.659,0.0,0.0,1516.2
766,21.915492464484245,85.75,0.0,5,0,30.793,31.01,1539.64,1550.5,0.7,0.821,0.054,2.403,343,0,0,57,85.8,0.0,0.0,14.2,11.727,0.0,0.0,1516.2
767,22.05864683587928,85.75,0.0,4,0,30.744,31.01,1537.195,1550.5,0.86,0.773,0.055,2.388,343,0,0,57,85.8,0.0,0.0,14.2,11.716,0.0,0.0,1516.2
768,22.549627764238682,85.75,0.0,1,0,30.603,31.01,1530.164,1550.5,1.31,0.632,0.055,0.098,343,0,0,57,85.8,0.0,0.0,14.2,11.619,0.0,0.0,1516.2
769,22.009175868382535,85.75,0.0,4,0,30.75,31.01,1537.477,1550.5,0.84,0.777,0.053,2.467,343,0,0,57,85.8,0.0,0.0,14.2,11.765,0.0,0.0,1516.2
770,21.581039917970088,85.75,0.0,7,0,30.892,31.01,1544.581,1550.5,0.38,0.92,0.054,2.49,343,0,0,57,85.8,0.0,0.0,14.2,11.799,0.0,0.0,1516.2
771,21.13339588782177,85.75,0.0,4,0,30.813,31.01,1540.67,1550.5,0.63,0.829,0.056,3.128,343,0,0,57,85.8,0.0,0.0,14.2,12.641,0.0,0.0,1516.2
772,22.72826071639516,85.75,0.0,1,0,30.601,31.01,1530.06,1550.5,1.32,0.632,0.048,0.099,343,0,0,57,85.8,0.0,0.0,14.2,11.44,0.0,0.0,1516.2
773,22.334105183262494,85.75,0.0,3,0,30.694,31.01,1534.687,1550.5,1.02,0.724,0.05,2.353,343,0,0,57,85.8,0.0,0.0,14.2,11.572,0.0,0.0,1516.2
774,22.53765079585806,85.75,0.0,1,0,30.604,31.01,1530.195,1550.5,1.31,0.632,0.051,0.103,343,0,0,57,85.8,0.0,0.0,14.2,11.631,0.0,0.0,1516.2
775,21.96989664765873,85.75,0.0,5,0,30.793,31.01,1539.63,1550.5,0.7,0.821,0.052,2.437,343,0,0,57,85.8,0.0,0.0,14.2,11.673,0.0,0.0,1516.2
776,22.169776771128035,85.75,0.0,4,0,30.748,31.01,1537.415,1550.5,0.84,0.778,0.052,2.444,343,0,0,57,85.8,0.0,0.0,14.2,11.604,0.0,0.0,1516.2
777,21.939388018808444,85.75,0.0,3,0,30.708,31.01,1535.377,1550.5,0.98,0.733,0.057,2.435,343,0,0,57,85.8,0.0,0.0,14.2,11.966,0.0,0.0,1516.2
778,21.472148787679835,85.75,0.0,8,0,30.96,31.01,1547.994,1550.5,0.16,0.989,0.051,3.093,343,0,0,57,85.8,0.0,0.0,14.2,11.776,0.0,0.0,1516.2
779,22.096445828586674,85.75,0.0,4,0,30.741,31.01,1537.063,1550.5,0.87,0.771,0.054,2.383,343,0,0,57,85.8,0.0,0.0,14.2,11.678,0.0,0.0,1516.2
780,22.314416398302768,85.75,0.0,3,0,30.696,31.01,1534.801,1550.5,1.01,0.725,0.05,2.386,343,0,0,57,85.8,0.0,0.0,14.2,11.591,0.0,0.0,1516.2
781,21.014989413035373,85.75,0.0,6,0,30.859,31.01,1542.965,1550.5,0.49,0.877,0.056,2.614,343,0,0,57,85.8,0.0,0.0,14.2,12.496,0.0,0.0,1516.2
782,21.71351913532083,85.75,0.0,6,0,30.849,31.01,1542.462,1550.5,0.52,0.877,0.052,2.526,343,0,0,57,85.8,0.0,0.0,14.2,11.798,0.0,0.0,1516.2
783,22.26245117432822,85.75,0.0,3,0,30.698,31.01,1534.898,1550.5,1.01,0.727,0.052,2.422,343,0,0,57,85.8,0.0,0.0,14.2,11.643,0.0,0.0,1516.2
784,22.314732291278546,85.75,0.0,3,0,30.693,31.01,1534.672,1550.5,1.02,0.723,0.053,1.361,343,0,0,57,85.8,0.0,0.0,14.2,11.591,0.0,0.0,1516.2
785,21.809169456193494,85.75,0.0,6,0,30.838,31.01,1541.92,1550.5,0.55,0.868,0.051,2.432,343,0,0,57,85.8,0.0,0.0,14.2,11.702,0.0,0.0,1516.2
786,21.8793136092588,85.75,0.0,5,0,30.793,31.01,1539.649,1550.5,0.7,0.821,0.053,2.419,343,0,0,57,85.8,0.0,0.0,14.2,11.763,0.0,0.0,1516.2
787,20.499751627894803,85.75,0.0,8,0,30.956,31.01,1547.782,1550.5,0.18,0.967,0.057,2.485,343,0,0,57,85.8,0.0,0.0,14.2,12.749,0.0,0.0,1516.2
788,22.079448871457807,85.75,0.0,4,0,30.756,31.01,1537.805,1550.5,0.82,0.785,0.052,2.48,343,0,0,57,85.8,0.0,0.0,14.2,11.695,0.0,0.0,1516.2
789,21.61049696706516,85.75,0.0,7,0,30.885,31.01,1544.262,1550.5,0.4,0.914,0.053,2.485,343,0,0,57,85.8,0.0,0.0,14.2,11.769,0.0,0.0,1516.2
790,22.25593631098431,85.75,0.0,3,0,30.698,31.01,1534.923,1550.5,1.0,0.727,0.051,2.421,343,0,0,57,85.8,0.0,0.0,14.2,11.65,0.0,0.0,1516.2
791,20.861239129973846,85.75,0.0,6,0,30.864,31.01,1543.223,1550.5,0.47,0.881,0.059,2.527,343,0,0,57,85.8,0.0,0.0,14.2,12.65,0.0,0.0,1516.2
792,22.11499693026193,85.75,0.0,4,0,30.744,31.01,1537.206,1550.5,0.86,0.773,0.05,2.434,343,0,0,57,85.8,0.0,0.0,14.2,11.659,0.0,0.0,1516.2
793,22.316837182160583,85.75,0.0,3,0,30.694,31.01,1534.679,1550.5,1.02,0.723,0.052,2.357,343,0,0,57,85.8,0.0,0.0,14.2,11.589,0.0,0.0,1516.2
794,21.86098643980761,85.75,0.0,6,0,30.834,31.01,1541.688,1550.5,0.57,0.863,0.052,3.631,343,0,0,57,85.8,0.0,0.0,14.2,11.65,0.0,0.0,1516.2
795,21.891791396353923,85.75,0.0,5,0,30.795,31.01,1539.764,1550.5,0.69,0.823,0.049,2.455,343,0,0,57,85.8,0.0,0.0,14.2,11.751,0.0,0.0,1516.2
796,22.569773326618044,85.75,0.0,2,0,30.647,31.01,1532.329,1550.5,1.17,0.677,0.05,1.38,343,0,0,57,85.8,0.0,0.0,14.2,11.467,0.0,0.0,1516.2
797,22.207030983785025,85.75,0.0,4,0,30.744,31.01,1537.205,1550.5,0.86,0.774,0.05,2.463,343,0,0,57,85.8,0.0,0.0,14.2,11.567,0.0,0.0,1516.2
798,22.470480683115017,85.75,0.0,1,0,30.605,31.01,1530.247,1550.5,1.31,0.633,0.055,0.106,343,0,0,57,85.8,0.0,0.0,14.2,11.698,0.0,0.0,1516.2
799,22.278055207579513,85.75,0.0,3,0,30.699,31.01,1534.944,1550.5,1.0,0.728,0.055,2.427,343,0,0,57,85.8,0.0,0.0,14.2,11.628,0.0,0.0,1516.2
800,21.871537072960145,85.75,0.0,4,0,30.748,31.01,1537.408,1550.5,0.84,0.774,0.057,2.409,343,0,0,57,85.8,0.0,0.0,14.2,11.903,0.0,0.0,1516.2
801,21.389256210540537,85.75,0.0,3,0,30.718,31.01,1535.916,1550.5,0.94,0.736,0.058,2.467,343,0,0,57,85.8,0.0,0.0,14.2,12.516,0.0,0.0,1516.2
802,21.855430140223625,85.75,0.0,6,0,30.838,31.01,1541.892,1550.5,0.56,0.868,0.05,2.434,343,0,0,57,85.8,0.0,0.0,14.2,11.656,0.0,0.0,1516.2
803,21.889435732316755,85.75,0.0,5,0,30.797,31.01,1539.86,1550.5,0.69,0.826,0.055,2.478,343,0,0,57,85.8,0.0,0.0,14.2,11.753,0.0,0.0,1516.2
804,22.108422826071127,85.75,0.0,4,0,30.748,31.01,1537.406,1550.5,0.84,0.778,0.054,2.461,343,0,0,57,85.8,0.0,0.0,14.2,11.666,0.0,0.0,1516.2
805,20.795328391442393,85.75,0.0,13,0,31.173,31.01,1558.654,1550.5,-0.53,1.203,0.05,4.72,343,0,0,57,85.8,0.0,0.0,14.2,11.796,0.0,0.0,1516.2
806,21.43235540413526,85.75,0.0,9,0,30.977,31.01,1548.848,1550.5,0.11,1.008,0.053,2.496,343,0,0,57,85.8,0.0,0.0,14.2,11.685,0.0,0.0,1516.2
807,22.341873366608663,85.75,0.0,2,0,30.65,31.01,1532.486,1550.5,1.16,0.679,0.056,1.344,343,0,0,57,85.8,0.0,0.0,14.2,11.695,0.0,0.0,1516.2
808,21.69517328840987,85.75,0.0,6,0,30.848,31.01,1542.42,1550.5,0.52,0.877,0.053,2.494,343,0,0,57,85.8,0.0,0.0,14.2,11.816,0.0,0.0,1516.2
809,21.73444322516491,85.75,0.0,7,0,30.89,31.01,1544.514,1550.5,0.39,0.921,0.05,2.563,343,0,0,57,85.8,0.0,0.0,14.2,11.645,0.0,0.0,1516.2
810,22.03619773457625,85.75,0.0,5,0,30.786,31.01,1539.314,1550.5,0.72,0.816,0.051,2.402,343,0,0,57,85.8,0.0,0.0,14.2,11.607,0.0,0.0,1516.2
811,21.580551489828533,85.75,0.0,2,0,30.67,31.01,1533.48,1550.5,1.1,0.687,0.058,1.401,343,0,0,57,85.8,0.0,0.0,14.2,12.457,0.0,0.0,1516.2
812,21.936867554484465,85.75,0.0,5,0,30.797,31.01,1539.873,1550.5,0.69,0.827,0.055,2.443,343,0,0,57,85.8,0.0,0.0,14.2,11.706,0.0,0.0,1516.2
813,21.939026563939237,85.75,0.0,5,0,30.791,31.01,1539.573,1550.5,0.7,0.821,0.051,2.443,343,0,0,57,85.8,0.0,0.0,14.2,11.704,0.0,0.0,1516.2
814,22.19827095629566,85.75,0.0,3,0,30.697,31.01,1534.844,1550.5,1.01,0.725,0.056,2.376,343,0,0,57,85.8,0.0,0.0,14.2,11.707,0.0,0.0,1516.2
815,22.062622571991355,85.75,0.0,5,0,30.787,31.01,1539.353,1550.5,0.72,0.817,0.049,2.427,343,0,0,57,85.8,0.0,0.0,14.2,11.58,0.0,0.0,1516.2
816,21.680586361273463,85.75,0.0,6,0,30.857,31.01,1542.857,1550.5,0.49,0.885,0.051,2.455,343,0,0,57,85.8,0.0,0.0,14.2,11.831,0.0,0.0,1516.2
817,21.16772804725652,85.75,0.0,10,0,31.025,31.01,1551.228,1550.5,-0.05,1.054,0.054,3.691,343,0,0,57,85.8,0.0,0.0,14.2,11.818,0.0,0.0,1516.2
818,22.126418699420846,85.75,0.0,4,0,30.747,31.01,1537.367,1550.5,0.85,0.776,0.048,2.431,343,0,0,57,85.8,0.0,0.0,14.2,11.648,0.0,0.0,1516.2
819,22.014686482305237,85.75,0.0,5,0,30.787,31.01,1539.328,1550.5,0.72,0.817,0.051,3.644,343,0,0,57,85.8,0.0,0.0,14.2,11.628,0.0,0.0,1516.2
820,22.05960202359487,85.75,0.0,4,0,30.743,31.01,1537.144,1550.5,0.86,0.772,0.054,2.486,343,0,0,57,85.8,0.0,0.0,14.2,11.715,0.0,0.0,1516.2
821,21.550789287071122,85.75,0.0,2,0,30.668,31.01,1533.403,1550.5,1.1,0.685,0.057,1.397,343,0,0,57,85.8,0.0,0.0,14.2,12.486,0.0,0.0,1516.2
822,22.814134951401467,85.75,0.0,0,0,30.554,31.01,1527.686,1550.5,1.47,0.583,0.05,0.063,343,0,0,57,85.8,0.0,0.0,14.2,11.486,0.0,0.0,1516.2
823,22.529505237694277,85.75,0.0,2,0,30.649,31.01,1532.439,1550.5,1.16,0.679,0.051,1.395,343,0,0,57,85.8,0.0,0.0,14.2,11.508,0.0,0.0,1516.2
824,21.407453751990325,85.75,0.0,8,0,30.948,31.01,1547.376,1550.5,0.2,0.976,0.058,2.58,343,0,0,57,85.8,0.0,0.0,14.2,11.841,0.0,0.0,1516.2
825,21.50087251460512,85.75,0.0,5,0,30.829,31.01,1541.462,1550.5,0.58,0.853,0.057,2.662,343,0,0,57,85.8,0.0,0.0,14.2,12.142,0.0,0.0,1516.2
826,22.05501376106762,85.75,0.0,4,0,30.744,31.01,1537.192,1550.5,0.86,0.772,0.052,2.411,343,0,0,57,85.8,0.0,0.0,14.2,11.719,0.0,0.0,1516.2
827,22.009316665514902,85.75,0.0,5,0,30.79,31.01,1539.496,1550.5,0.71,0.82,0.052,2.398,343,0,0,57,85.8,0.0,0.0,14.2,11.633,0.0,0.0,1516.2
828,21.661045009119448,85.75,0.0,7,0,30.882,31.01,1544.115,1550.5,0.41,0.912,0.05,2.438,343,0,0,57,85.8,0.0,0.0,14.2,11.719,0.0,0.0,1516.2
829,22.013920978651498,85.75,0.0,3,0,30.703,31.01,1535.136,1550.5,0.99,0.73,0.056,2.426,343,0,0,57,85.8,0.0,0.0,14.2,11.892,0.0,0.0,1516.2
830,21.573514868023558,85.75,0.0,8,0,30.952,31.01,1547.615,1550.5,0.19,0.982,0.052,3.255,343,0,0,57,85.8,0.0,0.0,14.2,11.675,0.0,0.0,1516.2
831,20.57499984316886,85.75,0.0,4,0,30.797,31.01,1539.834,1550.5,0.69,0.801,0.058,2.438,343,0,0,57,85.8,0.0,0.0,14.2,13.199,0.0,0.0,1516.2
832,22.217551858424066,85.75,0.0,4,0,30.739,31.01,1536.972,1550.5,0.87,0.77,0.051,2.398,343,0,0,57,85.8,0.0,0.0,14.2,11.557,0.0,0.0,1516.2
833,22.52180824951679,85.75,0.0,2,0,30.65,31.01,1532.516,1550.5,1.16,0.681,0.053,1.373,343,0,0,57,85.8,0.0,0.0,14.2,11.515,0.0,0.0,1516.2
834,21.864791329082372,85.75,0.0,6,0,30.841,31.01,1542.056,1550.5,0.54,0.871,0.052,2.437,343,0,0,57,85.8,0.0,0.0,14.2,11.646,0.0,0.0,1516.2
835,22.230553921921036,85.75,0.0,4,0,30.739,31.01,1536.929,1550.5,0.88,0.769,0.054,2.389,343,0,0,57,85.8,0.0,0.0,14.2,11.544,0.0,0.0,1516.2
836,22.26362218149856,85.75,0.0,3,0,30.704,31.01,1535.199,1550.5,0.99,0.733,0.05,2.444,343,0,0,57,85.8,0.0,0.0,14.2,11.642,0.0,0.0,1516.2
837,22.25192891005785,85.75,0.0,4,0,30.737,31.01,1536.857,1550.5,0.88,0.768,0.051,2.352,343,0,0,57,85.8,0.0,0.0,14.2,11.522,0.0,0.0,1516.2
838,21.7661943980945,85.75,0.0,5,0,30.792,31.01,1539.597,1550.5,0.7,0.818,0.056,2.41,343,0,0,57,85.8,0.0,0.0,14.2,11.877,0.0,0.0,1516.2
839,22.155942760085544,85.75,0.0,4,0,30.741,31.01,1537.066,1550.5,0.87,0.771,0.053,2.393,343,0,0,57,85.8,0.0,0.0,14.2,11.618,0.0,0.0,1516.2
840,22.211546821430183,85.75,0.0,4,0,30.741,31.01,1537.026,1550.5,0.87,0.771,0.051,2.398,343,0,0,57,85.8,0.0,0.0,14.2,11.563,0.0,0.0,1516.2
841,21.581985020902124,85.75,0.0,3,0,30.715,31.01,1535.743,1550.5,0.95,0.734,0.056,2.411,343,0,0,57,85.8,0.0,0.0,14.2,12.324,0.0,0.0,1516.2
842,22.457212501544884,85.75,0.0,2,0,30.649,31.01,1532.475,1550.5,1.16,0.679,0.049,1.396,343,0,0,57,85.8,0.0,0.0,14.2,11.58,0.0,0.0,1516.2
843,21.543427590031857,85.75,0.0,8,0,30.933,31.01,1546.63,1550.5,0.25,0.962,0.052,3.713,343,0,0,57,85.8,0.0,0.0,14.2,11.705,0.0,0.0,1516.2
844,22.51830131070633,85.75,0.0,2,0,30.648,31.01,1532.409,1550.5,1.17,0.679,0.052,1.386,343,0,0,57,85.8,0.0,0.0,14.2,11.519,0.0,0.0,1516.2
845,22.31135028066032,85.75,0.0,3,0,30.692,31.01,1534.591,1550.5,1.03,0.722,0.051,2.318,343,0,0,57,85.8,0.0,0.0,14.2,11.594,0.0,0.0,1516.2
846,21.991165726650213,85.75,0.0,1,0,30.612,31.01,1530.591,1550.5,1.28,0.633,0.058,0.101,343,0,0,57,85.8,0.0,0.0,14.2,12.177,0.0,0.0,1516.2
847,21.773638190299543,85.75,0.0,6,0,30.839,31.01,1541.966,1550.5,0.55,0.869,0.051,2.422,343,0,0,57,85.8,0.0,0.0,14.2,11.738,0.0,0.0,1516.2
848,22.379701194012654,85.75,0.0,3,0,30.694,31.01,1534.686,1550.5,1.02,0.724,0.048,2.392,343,0,0,57,85.8,0.0,0.0,14.2,11.526,0.0,0.0,1516.2
849,21.721446051111457,85.75,0.0,7,0,30.885,31.01,1544.231,1550.5,0.4,0.915,0.052,2.431,343,0,0,57,85.8,0.0,0.0,14.2,11.658,0.0,0.0,1516.2
850,21.6022071629651,85.75,0.0,7,0,30.881,31.01,1544.047,1550.5,0.42,0.909,0.052,2.405,343,0,0,57,85.8,0.0,0.0,14.2,11.778,0.0,0.0,1516.2
851,21.301833855480744,85.75,0.0,4,0,30.763,31.01,1538.166,1550.5,0.8,0.781,0.058,2.564,343,0,0,57,85.8,0.0,0.0,14.2,12.472,0.0,0.0,1516.2
852,21.99751855472435,85.75,0.0,5,0,30.792,31.01,1539.588,1550.5,0.7,0.821,0.05,2.395,343,0,0,57,85.8,0.0,0.0,14.2,11.645,0.0,0.0,1516.2
853,22.57325951439739,85.75,0.0,2,0,30.644,31.01,1532.195,1550.5,1.18,0.675,0.051,1.328,343,0,0,57,85.8,0.0,0.0,14.2,11.464,0.0,0.0,1516.2
854,22.37712627626874,85.75,0.0,3,0,30.694,31.01,1534.707,1550.5,1.02,0.724,0.052,2.398,343,0,0,57,85.8,0.0,0.0,14.2,11.529,0.0,0.0,1516.2
855,21.445377614682293,85.75,0.0,8,0,30.929,31.01,1546.438,1550.5,0.26,0.958,0.057,2.448,343,0,0,57,85.8,0.0,0.0,14.2,11.803,0.0,0.0,1516.2
856,21.836423388978737,85.75,0.0,6,0,30.833,31.01,1541.657,1550.5,0.57,0.863,0.053,2.4,343,0,0,57,85.8,0.0,0.0,14.2,11.675,0.0,0.0,1516.2
857,21.95010142279164,85.75,0.0,6,0,30.834,31.01,1541.675,1550.5,0.57,0.864,0.053,2.456,343,0,0,57,85.8,0.0,0.0,14.2,11.561,0.0,0.0,1516.2
858,22.119781891027323,85.75,0.0,4,0,30.742,31.01,1537.122,1550.5,0.86,0.772,0.052,2.401,343,0,0,57,85.8,0.0,0.0,14.2,11.654,0.0,0.0,1516.2
859,22.136005704900107,85.75,0.0,4,0,30.765,31.01,1538.263,1550.5,0.79,0.795,0.049,2.485,343,0,0,57,85.8,0.0,0.0,14.2,11.638,0.0,0.0,1516.2
860,22.1817118299928,85.75,0.0,4,0,30.742,31.01,1537.107,1550.5,0.86,0.773,0.053,2.421,343,0,0,57,85.8,0.0,0.0,14.2,11.592,0.0,0.0,1516.2
861,21.634622078005236,85.75,0.0,7,0,30.883,31.01,1544.158,1550.5,0.41,0.912,0.056,2.47,343,0,0,57,85.8,0.0,0.0,14.2,11.745,0.0,0.0,1516.2
862,22.500736435981846,85.75,0.0,2,0,30.648,31.01,1532.405,1550.5,1.17,0.678,0.053,1.378,343,0,0,57,85.8,0.0,0.0,14.2,11.536,0.0,0.0,1516.2
863,22.16366496673212,85.75,0.0,4,0,30.766,31.01,1538.311,1550.5,0.79,0.796,0.049,2.474,343,0,0,57,85.8,0.0,0.0,14.2,11.611,0.0,0.0,1516.2
864,22.012664639203408,85.75,0.0,5,0,30.793,31.01,1539.649,1550.5,0.7,0.822,0.051,2.544,343,0,0,57,85.8,0.0,0.0,14.2,11.63,0.0,0.0,1516.2
865,16.47678973803551,85.75,0.0,8,0,31.123,31.01,1556.153,1550.5,-0.36,1.07,0.071,3.027,343,0,0,57,85.8,0.0,0.0,14.2,16.772,0.0,0.0,1516.2
866,16.776763194886307,85.75,0.0,6,0,31.01,31.01,1550.516,1550.5,-0.0,0.958,0.073,3.047,343,0,0,57,85.8,0.0,0.0,14.2,16.734,0.0,0.0,1516.2
867,16.70623943320782,85.75,0.0,6,0,31.011,31.01,1550.562,1550.5,-0.0,0.958,0.073,3.079,343,0,0,57,85.8,0.0,0.0,14.2,16.805,0.0,0.0,1516.2
868,17.4731363957882,85.75,0.0,2,0,30.773,31.01,1538.647,1550.5,0.76,0.721,0.066,1.749,343,0,0,57,85.8,0.0,0.0,14.2,16.564,0.0,0.0,1516.2
869,17.28050594917417,85.75,0.0,3,0,30.835,31.01,1541.736,1550.5,0.57,0.783,0.072,3.011,343,0,0,57,85.8,0.0,0.0,14.2,16.625,0.0,0.0,1516.2
870,17.070688963079682,85.75,0.0,4,0,30.897,31.01,1544.864,1550.5,0.36,0.844,0.066,3.055,343,0,0,57,85.8,0.0,0.0,14.2,16.703,0.0,0.0,1516.2
871,16.01669549697773,85.75,0.0,9,0,31.196,31.01,1559.788,1550.5,-0.6,1.139,0.073,3.186,343,0,0,57,85.8,0.0,0.0,14.2,17.1,0.0,0.0,1516.2
872,17.130844921715415,85.75,0.0,4,0,30.894,31.01,1544.715,1550.5,0.37,0.842,0.066,3.154,343,0,0,57,85.8,0.0,0.0,14.2,16.643,0.0,0.0,1516.2
873,17.00059586533238,85.75,0.0,4,0,30.893,31.01,1544.628,1550.5,0.38,0.839,0.071,3.03,343,0,0,57,85.8,0.0,0.0,14.2,16.774,0.0,0.0,1516.2
874,17.402312719136855,85.75,0.0,2,0,30.776,31.01,1538.822,1550.5,0.75,0.724,0.069,1.752,343,0,0,57,85.8,0.0,0.0,14.2,16.635,0.0,0.0,1516.2
875,17.09117877276507,85.75,0.0,4,0,30.889,31.01,1544.434,1550.5,0.39,0.836,0.069,3.0,343,0,0,57,85.8,0.0,0.0,14.2,16.683,0.0,0.0,1516.2
876,16.43593650909473,85.75,0.0,5,0,31.003,31.01,1550.164,1550.5,0.02,0.947,0.069,3.442,343,0,0,57,85.8,0.0,0.0,14.2,17.207,0.0,0.0,1516.2
877,22.803564563947436,85.75,0.0,1,0,30.595,31.01,1529.744,1550.5,1.34,0.628,0.05,0.112,343,0,0,57,85.8,0.0,0.0,14.2,11.365,0.0,0.0,1516.2
878,22.3673778682983,85.75,0.0,4,0,30.725,31.01,1536.264,1550.5,0.92,0.758,0.053,2.269,343,0,0,57,85.8,0.0,0.0,14.2,11.407,0.0,0.0,1516.2
879,22.41030086684399,85.75,0.0,4,0,30.726,31.01,1536.302,1550.5,0.92,0.759,0.05,2.263,343,0,0,57,85.8,0.0,0.0,14.2,11.364,0.0,0.0,1516.2
880,22.325687708010754,85.75,0.0,4,0,30.74,31.01,1536.991,1550.5,0.87,0.772,0.053,2.333,343,0,0,57,85.8,0.0,0.0,14.2,11.448,0.0,0.0,1516.2
881,20.894267881254677,85.75,0.0,7,0,30.894,31.01,1544.709,1550.5,0.37,0.914,0.058,2.456,343,0,0,57,85.8,0.0,0.0,14.2,12.486,0.0,0.0,1516.2
882,16.691751953706934,85.75,0.0,4,0,30.912,31.01,1545.621,1550.5,0.31,0.856,0.076,3.146,343,0,0,57,85.8,0.0,0.0,14.2,17.082,0.0,0.0,1516.2
883,16.88698422455613,85.75,0.0,3,0,30.847,31.01,1542.334,1550.5,0.53,0.79,0.073,3.1,343,0,0,57,85.8,0.0,0.0,14.2,17.019,0.0,0.0,1516.2
884,16.77669691075929,85.75,0.0,4,0,30.913,31.01,1545.626,1550.5,0.31,0.857,0.077,3.137,343,0,0,57,85.8,0.0,0.0,14.2,16.997,0.0,0.0,1516.2
885,16.29337078457513,85.75,0.0,7,0,31.085,31.01,1554.227,1550.5,-0.24,1.028,0.074,3.19,343,0,0,57,85.8,0.0,0.0,14.2,17.086,0.0,0.0,1516.2
886,16.493977470619875,85.75,0.0,6,0,31.026,31.01,1551.283,1550.5,-0.05,0.97,0.074,3.16,343,0,0,57,85.8,0.0,0.0,14.2,17.017,0.0,0.0,1516.2
887,17.45944661597692,85.75,0.0,1,0,30.717,31.01,1535.844,1550.5,0.95,0.663,0.07,0.144,343,0,0,57,85.8,0.0,0.0,14.2,16.709,0.0,0.0,1516.2
888,17.48294381177489,85.75,0.0,1,0,30.715,31.01,1535.739,1550.5,0.95,0.662,0.071,0.146,343,0,0,57,85.8,0.0,0.0,14.2,16.686,0.0,0.0,1516.2
889,17.08482102644988,85.75,0.0,4,0,30.891,31.01,1544.544,1550.5,0.38,0.838,0.07,3.015,343,0,0,57,85.8,0.0,0.0,14.2,16.689,0.0,0.0,1516.2
890,17.515600594198037,85.75,0.0,1,0,30.716,31.01,1535.805,1550.5,0.95,0.663,0.074,0.138,343,0,0,57,85.8,0.0,0.0,14.2,16.653,0.0,0.0,1516.2
891,16.650991464428202,85.75,0.0,5,0,30.963,31.01,1548.15,1550.5,0.15,0.906,0.073,3.044,343,0,0,57,85.8,0.0,0.0,14.2,16.992,0.0,0.0,1516.2
892,17.38631860724595,85.75,0.0,2,0,30.775,31.01,1538.733,1550.5,0.76,0.722,0.069,1.751,343,0,0,57,85.8,0.0,0.0,14.2,16.651,0.0,0.0,1516.2
893,17.384612395185425,85.75,0.0,2,0,30.776,31.01,1538.815,1550.5,0.75,0.724,0.069,1.735,343,0,0,57,85.8,0.0,0.0,14.2,16.652,0.0,0.0,1516.2
894,17.25464109856088,85.75,0.0,3,0,30.835,31.01,1541.752,1550.5,0.56,0.783,0.073,3.027,343,0,0,57,85.8,0.0,0.0,14.2,16.651,0.0,0.0,1516.2
895,17.21086422273342,85.75,0.0,3,0,30.834,31.01,1541.691,1550.5,0.57,0.781,0.069,3.033,343,0,0,57,85.8,0.0,0.0,14.2,16.695,0.0,0.0,1516.2
896,17.36554948809967,85.75,0.0,2,0,30.775,31.01,1538.749,1550.5,0.76,0.722,0.073,1.75,343,0,0,57,85.8,0.0,0.0,14.2,16.672,0.0,0.0,1516.2
897,17.063536987783245,85.75,0.0,4,0,30.891,31.01,1544.547,1550.5,0.38,0.838,0.073,3.02,343,0,0,57,85.8,0.0,0.0,14.2,16.711,0.0,0.0,1516.2
898,16.71344327153013,85.75,0.0,6,0,31.014,31.01,1550.676,1550.5,-0.01,0.96,0.073,3.082,343,0,0,57,85.8,0.0,0.0,14.2,16.798,0.0,0.0,1516.2
899,17.289819116712664,85.75,0.0,3,0,30.835,31.01,1541.736,1550.5,0.57,0.782,0.067,1.741,343,0,0,57,85.8,0.0,0.0,14.2,16.616,0.0,0.0,1516.2
900,16.771213552726962,85.75,0.0,5,0,30.956,31.01,1547.789,1550.5,0.17,0.902,0.073,3.046,343,0,0,57,85.8,0.0,0.0,14.2,16.872,0.0,0.0,1516.2
901,16.21331812321489,85.75,0.0,7,0,31.079,31.01,1553.939,1550.5,-0.22,1.021,0.077,3.119,343,0,0,57,85.8,0.0,0.0,14.2,17.166,0.0,0.0,1516.2
902,16.366385309965466,85.75,0.0,3,0,30.855,31.01,1542.746,1550.5,0.5,0.791,0.078,1.748,343,0,0,57,85.8,0.0,0.0,14.2,17.539,0.0,0.0,1516.2
903,16.768294722217924,85.75,0.0,4,0,30.912,31.01,1545.617,1550.5,0.31,0.857,0.073,3.243,343,0,0,57,85.8,0.0,0.0,14.2,17.006,0.0,0.0,1516.2
904,17.209124359292357,85.75,0.0,2,0,30.783,31.01,1539.138,1550.5,0.73,0.728,0.07,1.817,343,0,0,57,85.8,0.0,0.0,14.2,16.828,0.0,0.0,1516.2
905,16.751315380259015,85.75,0.0,5,0,30.987,31.01,1549.327,1550.5,0.08,0.931,0.068,3.31,343,0,0,57,85.8,0.0,0.0,14.2,16.891,0.0,0.0,1516.2
906,16.88976064282336,85.75,0.0,5,0,30.958,31.01,1547.898,1550.5,0.17,0.904,0.074,3.104,343,0,0,57,85.8,0.0,0.0,14.2,16.753,0.0,0.0,1516.2
907,17.345995279251976,85.75,0.0,2,0,30.776,31.01,1538.777,1550.5,0.76,0.723,0.071,1.732,343,0,0,57,85.8,0.0,0.0,14.2,16.691,0.0,0.0,1516.2
908,17.097258009974702,85.75,0.0,4,0,30.886,31.01,1544.283,1550.5,0.4,0.833,0.07,2.963,343,0,0,57,85.8,0.0,0.0,14.2,16.677,0.0,0.0,1516.2
909,16.950372702138097,85.75,0.0,5,0,30.945,31.01,1547.237,1550.5,0.21,0.892,0.066,3.003,343,0,0,57,85.8,0.0,0.0,14.2,16.692,0.0,0.0,1516.2
910,17.284541137059335,85.75,0.0,3,0,30.831,31.01,1541.53,1550.5,0.58,0.778,0.072,2.999,343,0,0,57,85.8,0.0,0.0,14.2,16.621,0.0,0.0,1516.2
911,16.574995956992588,85.75,0.0,4,0,30.899,31.01,1544.953,1550.5,0.36,0.839,0.073,3.003,343,0,0,57,85.8,0.0,0.0,14.2,17.199,0.0,0.0,1516.2
912,17.071993978837362,85.75,0.0,4,0,30.889,31.01,1544.45,1550.5,0.39,0.837,0.074,2.998,343,0,0,57,85.8,0.0,0.0,14.2,16.702,0.0,0.0,1516.2
913,16.767428403201784,85.75,0.0,6,0,31.004,31.01,1550.216,1550.5,0.02,0.951,0.067,3.005,343,0,0,57,85.8,0.0,0.0,14.2,16.744,0.0,0.0,1516.2
914,17.383205457813485,85.75,0.0,2,0,30.776,31.01,1538.824,1550.5,0.75,0.724,0.072,1.728,343,0,0,57,85.8,0.0,0.0,14.2,16.654,0.0,0.0,1516.2
915,17.08568449329064,85.75,0.0,2,0,30.794,31.01,1539.721,1550.5,0.7,0.739,0.079,1.841,343,0,0,57,85.8,0.0,0.0,14.2,16.951,0.0,0.0,1516.2
916,17.315989448329812,85.75,0.0,2,0,30.78,31.01,1538.976,1550.5,0.74,0.726,0.072,1.753,343,0,0,57,85.8,0.0,0.0,14.2,16.721,0.0,0.0,1516.2
917,17.540779904084918,85.75,0.0,1,0,30.718,31.01,1535.912,1550.5,0.94,0.666,0.071,0.137,343,0,0,57,85.8,0.0,0.0,14.2,16.628,0.0,0.0,1516.2
918,16.93362799510718,85.75,0.0,4,0,30.904,31.01,1545.22,1550.5,0.34,0.85,0.067,3.144,343,0,0,57,85.8,0.0,0.0,14.2,16.841,0.0,0.0,1516.2
919,16.17796380141073,85.75,0.0,8,0,31.155,31.01,1557.767,1550.5,-0.47,1.099,0.075,4.905,343,0,0,57,85.8,0.0,0.0,14.2,17.07,0.0,0.0,1516.2
920,16.35675217522123,85.75,0.0,7,0,31.082,31.01,1554.12,1550.5,-0.23,1.027,0.075,4.805,343,0,0,57,85.8,0.0,0.0,14.2,17.023,0.0,0.0,1516.2
921,16.58787996080131,85.75,0.0,4,0,30.919,31.01,1545.963,1550.5,0.29,0.861,0.074,3.175,343,0,0,57,85.8,0.0,0.0,14.2,17.186,0.0,0.0,1516.2
922,16.45786430273977,85.75,0.0,6,0,31.047,31.01,1552.358,1550.5,-0.12,0.991,0.076,3.319,343,0,0,57,85.8,0.0,0.0,14.2,17.053,0.0,0.0,1516.2
923,16.99043312052649,85.75,0.0,3,0,30.844,31.01,1542.183,1550.5,0.54,0.788,0.075,3.108,343,0,0,57,85.8,0.0,0.0,14.2,16.915,0.0,0.0,1516.2
924,16.886220612957672,85.75,0.0,5,0,30.953,31.01,1547.668,1550.5,0.18,0.9,0.068,3.117,343,0,0,57,85.8,0.0,0.0,14.2,16.756,0.0,0.0,1516.2
925,17.11579619674862,85.75,0.0,3,0,30.837,31.01,1541.836,1550.5,0.56,0.783,0.068,3.018,343,0,0,57,85.8,0.0,0.0,14.2,16.79,0.0,0.0,1516.2
926,16.505361906916846,85.75,0.0,7,0,31.076,31.01,1553.784,1550.5,-0.21,1.022,0.075,3.175,343,0,0,57,85.8,0.0,0.0,14.2,16.874,0.0,0.0,1516.2
927,17.169305327920622,85.75,0.0,2,0,30.784,31.01,1539.188,1550.5,0.73,0.727,0.075,1.814,343,0,0,57,85.8,0.0,0.0,14.2,16.868,0.0,0.0,1516.2
928,17.12862779191122,85.75,0.0,4,0,30.889,31.01,1544.471,1550.5,0.39,0.838,0.073,3.014,343,0,0,57,85.8,0.0,0.0,14.2,16.646,0.0,0.0,1516.2
929,17.34945154829361,85.75,0.0,2,0,30.774,31.01,1538.681,1550.5,0.76,0.72,0.071,1.721,343,0,0,57,85.8,0.0,0.0,14.2,16.688,0.0,0.0,1516.2
930,17.22162200255238,85.75,0.0,3,0,30.845,31.01,1542.263,1550.5,0.53,0.793,0.076,3.188,343,0,0,57,85.8,0.0,0.0,14.2,16.684,0.0,0.0,1516.2
931,16.314674963092443,85.75,0.0,7,0,31.077,31.01,1553.834,1550.5,-0.22,1.02,0.075,3.046,343,0,0,57,85.8,0.0,0.0,14.2,17.065,0.0,0.0,1516.2
932,17.150039196139318,85.75,0.0,3,0,30.837,31.01,1541.863,1550.5,0.56,0.783,0.071,3.028,343,0,0,57,85.8,0.0,0.0,14.2,16.756,0.0,0.0,1516.2
933,17.378498626280955,85.75,0.0,2,0,30.8,31.01,1539.988,1550.5,0.68,0.747,0.068,1.832,343,0,0,57,85.8,0.0,0.0,14.2,16.659,0.0,0.0,1516.2
934,17.262656366228242,85.75,0.0,3,0,30.832,31.01,1541.603,1550.5,0.57,0.78,0.067,2.966,343,0,0,57,85.8,0.0,0.0,14.2,16.643,0.0,0.0,1516.2
935,17.495020177089057,85.75,0.0,2,0,30.77,31.01,1538.519,1550.5,0.77,0.719,0.069,1.717,343,0,0,57,85.8,0.0,0.0,14.2,16.542,0.0,0.0,1516.2
936,17.10910971546904,85.75,0.0,4,0,30.892,31.01,1544.586,1550.5,0.38,0.839,0.07,2.991,343,0,0,57,85.8,0.0,0.0,14.2,16.665,0.0,0.0,1516.2
937,16.804176507446513,85.75,0.0,5,0,30.948,31.01,1547.39,1550.5,0.2,0.894,0.076,2.977,343,0,0,57,85.8,0.0,0.0,14.2,16.839,0.0,0.0,1516.2
938,16.551291993031136,85.75,0.0,4,0,30.924,31.01,1546.181,1550.5,0.28,0.866,0.076,3.329,343,0,0,57,85.8,0.0,0.0,14.2,17.223,0.0,0.0,1516.2
939,16.27554755499453,85.75,0.0,5,0,31.002,31.01,1550.123,1550.5,0.02,0.943,0.077,3.545,343,0,0,57,85.8,0.0,0.0,14.2,17.367,0.0,0.0,1516.2
940,16.122108835637427,85.75,0.0,4,0,30.92,31.01,1545.994,1550.5,0.29,0.854,0.075,3.147,343,0,0,57,85.8,0.0,0.0,14.2,17.652,0.0,0.0,1516.2
941,16.81861892671217,85.75,0.0,4,0,30.896,31.01,1544.787,1550.5,0.37,0.838,0.071,3.036,343,0,0,57,85.8,0.0,0.0,14.2,16.956,0.0,0.0,1516.2
942,17.45406938506235,85.75,0.0,2,0,30.774,31.01,1538.702,1550.5,0.76,0.722,0.069,1.731,343,0,0,57,85.8,0.0,0.0,14.2,16.583,0.0,0.0,1516.2
943,21.506369529686467,85.75,0.0,5,0,30.793,31.01,1539.663,1550.5,0.7,0.816,0.057,2.361,343,0,0,57,85.8,0.0,0.0,14.2,12.136,0.0,0.0,1516.2
944,22.217683698776035,85.75,0.0,4,0,30.742,31.01,1537.092,1550.5,0.86,0.772,0.051,2.415,343,0,0,57,85.8,0.0,0.0,14.2,11.556,0.0,0.0,1516.2
945,22.48977041825597,85.75,0.0,2,0,30.647,31.01,1532.373,1550.5,1.17,0.677,0.052,1.368,343,0,0,57,85.8,0.0,0.0,14.2,11.547,0.0,0.0,1516.2
946,22.1164477562102,85.75,0.0,4,0,30.741,31.01,1537.038,1550.5,0.87,0.77,0.05,2.384,343,0,0,57,85.8,0.0,0.0,14.2,11.658,0.0,0.0,1516.2
947,22.670778584871147,85.75,0.0,1,0,30.599,31.01,1529.956,1550.5,1.33,0.629,0.049,0.097,343,0,0,57,85.8,0.0,0.0,14.2,11.498,0.0,0.0,1516.2
948,22.637585622579497,85.75,0.0,1,0,30.603,31.01,1530.173,1550.5,1.31,0.633,0.05,0.102,343,0,0,57,85.8,0.0,0.0,14.2,11.531,0.0,0.0,1516.2
949,21.93332937271201,85.75,0.0,5,0,30.794,31.01,1539.705,1550.5,0.7,0.822,0.05,2.543,343,0,0,57,85.8,0.0,0.0,14.2,11.709,0.0,0.0,1516.2
950,22.366174541171087,85.75,0.0,2,0,30.651,31.01,1532.556,1550.5,1.16,0.68,0.051,1.387,343,0,0,57,85.8,0.0,0.0,14.2,11.671,0.0,0.0,1516.2
951,21.169151682568312,85.75,0.0,5,0,30.812,31.01,1540.604,1550.5,0.64,0.831,0.058,2.492,343,0,0,57,85.8,0.0,0.0,14.2,12.474,0.0,0.0,1516.2
952,22.724046008731204,85.75,0.0,0,0,30.556,31.01,1527.776,1550.5,1.47,0.585,0.052,0.069,343,0,0,57,85.8,0.0,0.0,14.2,11.576,0.0,0.0,1516.2
953,22.32464413916145,85.75,0.0,3,0,30.696,31.01,1534.791,1550.5,1.01,0.725,0.052,2.412,343,0,0,57,85.8,0.0,0.0,14.2,11.581,0.0,0.0,1516.2
954,22.283735242098686,85.75,0.0,3,0,30.694,31.01,1534.696,1550.5,1.02,0.723,0.053,2.347,343,0,0,57,85.8,0.0,0.0,14.2,11.622,0.0,0.0,1516.2
955,22.59216184829798,85.75,0.0,1,0,30.602,31.01,1530.117,1550.5,1.31,0.632,0.053,0.099,343,0,0,57,85.8,0.0,0.0,14.2,11.576,0.0,0.0,1516.2
956,22.433235252615443,85.75,0.0,2,0,30.653,31.01,1532.631,1550.5,1.15,0.682,0.053,1.422,343,0,0,57,85.8,0.0,0.0,14.2,11.604,0.0,0.0,1516.2
957,21.836774468485537,85.75,0.0,6,0,30.853,31.01,1542.632,1550.5,0.51,0.882,0.051,2.441,343,0,0,57,85.8,0.0,0.0,14.2,11.674,0.0,0.0,1516.2
958,22.11493191230469,85.75,0.0,4,0,30.745,31.01,1537.265,1550.5,0.85,0.775,0.05,2.432,343,0,0,57,85.8,0.0,0.0,14.2,11.659,0.0,0.0,1516.2
959,22.134251718901886,85.75,0.0,4,0,30.745,31.01,1537.264,1550.5,0.85,0.775,0.05,2.432,343,0,0,57,85.8,0.0,0.0,14.2,11.64,0.0,0.0,1516.2
960,22.53408972392295,85.75,0.0,1,0,30.603,31.01,1530.143,1550.5,1.31,0.632,0.054,0.101,343,0,0,57,85.8,0.0,0.0,14.2,11.634,0.0,0.0,1516.2
961,21.631506592607504,85.75,0.0,2,0,30.668,31.01,1533.384,1550.5,1.1,0.687,0.057,1.354,343,0,0,57,85.8,0.0,0.0,14.2,12.406,0.0,0.0,1516.2
962,22.63673069755983,85.75,0.0,1,0,30.601,31.01,1530.052,1550.5,1.32,0.631,0.051,0.101,343,0,0,57,85.8,0.0,0.0,14.2,11.532,0.0,0.0,1516.2
963,22.485457157822704,85.75,0.0,2,0,30.648,31.01,1532.417,1550.5,1.17,0.678,0.053,1.38,343,0,0,57,85.8,0.0,0.0,14.2,11.552,0.0,0.0,1516.2
964,22.41927545481772,85.75,0.0,2,0,30.65,31.01,1532.502,1550.5,1.16,0.679,0.051,1.387,343,0,0,57,85.8,0.0,0.0,14.2,11.618,0.0,0.0,1516.2
965,22.357704366081773,85.75,0.0,2,0,30.65,31.01,1532.508,1550.5,1.16,0.678,0.052,1.371,343,0,0,57,85.8,0.0,0.0,14.2,11.679,0.0,0.0,1516.2
966,22.32932806597941,85.75,0.0,3,0,30.694,31.01,1534.701,1550.5,1.02,0.724,0.049,2.368,343,0,0,57,85.8,0.0,0.0,14.2,11.576,0.0,0.0,1516.2
967,22.33078020160005,85.75,0.0,3,0,30.693,31.01,1534.649,1550.5,1.02,0.723,0.05,2.369,343,0,0,57,85.8,0.0,0.0,14.2,11.575,0.0,0.0,1516.2
968,22.411395178068545,85.75,0.0,3,0,30.694,31.01,1534.686,1550.5,1.02,0.724,0.051,1.394,343,0,0,57,85.8,0.0,0.0,14.2,11.494,0.0,0.0,1516.2
969,22.72384774623875,85.75,0.0,1,0,30.6,31.01,1529.991,1550.5,1.32,0.63,0.05,0.098,343,0,0,57,85.8,0.0,0.0,14.2,11.445,0.0,0.0,1516.2
970,22.617955496390056,85.75,0.0,1,0,30.602,31.01,1530.117,1550.5,1.31,0.632,0.051,0.107,343,0,0,57,85.8,0.0,0.0,14.2,11.551,0.0,0.0,1516.2
971,21.87247351030324,85.75,0.0,1,0,30.617,31.01,1530.836,1550.5,1.27,0.636,0.056,0.11,343,0,0,57,85.8,0.0,0.0,14.2,12.296,0.0,0.0,1516.2
972,22.296380288907443,85.75,0.0,3,0,30.697,31.01,1534.827,1550.5,1.01,0.726,0.051,2.408,343,0,0,57,85.8,0.0,0.0,14.2,11.609,0.0,0.0,1516.2
973,17.300625194338267,85.75,0.0,3,0,30.83,31.01,1541.476,1550.5,0.58,0.777,0.066,1.728,343,0,0,57,85.8,0.0,0.0,14.2,16.605,0.0,0.0,1516.2
974,16.610049956676562,85.75,0.0,7,0,31.068,31.01,1553.396,1550.5,-0.19,1.016,0.067,3.046,343,0,0,57,85.8,0.0,0.0,14.2,16.77,0.0,0.0,1516.2
975,17.720044023659977,85.75,0.0,0,0,30.656,31.01,1532.78,1550.5,1.14,0.603,0.069,0.084,343,0,0,57,85.8,0.0,0.0,14.2,16.58,0.0,0.0,1516.2
976,17.074757009189433,85.75,0.0,4,0,30.891,31.01,1544.538,1550.5,0.38,0.839,0.073,3.005,343,0,0,57,85.8,0.0,0.0,14.2,16.699,0.0,0.0,1516.2
977,17.321424384940794,85.75,0.0,2,0,30.777,31.01,1538.875,1550.5,0.75,0.724,0.073,1.741,343,0,0,57,85.8,0.0,0.0,14.2,16.716,0.0,0.0,1516.2
978,16.946264652813383,85.75,0.0,5,0,30.949,31.01,1547.439,1550.5,0.2,0.896,0.07,3.0,343,0,0,57,85.8,0.0,0.0,14.2,16.696,0.0,0.0,1516.2
979,17.27298115380958,85.75,0.0,3,0,30.828,31.01,1541.416,1550.5,0.59,0.776,0.066,2.957,343,0,0,57,85.8,0.0,0.0,14.2,16.633,0.0,0.0,1516.2
980,17.03123591237594,85.75,0.0,4,0,30.892,31.01,1544.624,1550.5,0.38,0.839,0.073,3.024,343,0,0,57,85.8,0.0,0.0,14.2,16.743,0.0,0.0,1516.2
981,17.42083320342932,85.75,0.0,0,0,30.662,31.01,1533.079,1550.5,1.12,0.605,0.072,0.088,343,0,0,57,85.8,0.0,0.0,14.2,16.879,0.0,0.0,1516.2
982,17.61240379055467,85.75,0.0,1,0,30.716,31.01,1535.777,1550.5,0.95,0.664,0.066,0.135,343,0,0,57,85.8,0.0,0.0,14.2,16.556,0.0,0.0,1516.2
983,17.414326227376616,85.75,0.0,2,0,30.775,31.01,1538.755,1550.5,0.76,0.722,0.07,1.739,343,0,0,57,85.8,0.0,0.0,14.2,16.623,0.0,0.0,1516.2
984,22.65193295963105,85.75,0.0,0,0,30.557,31.01,1527.848,1550.5,1.46,0.585,0.053,0.071,343,0,0,57,85.8,0.0,0.0,14.2,11.648,0.0,0.0,1516.2
985,21.761947167053158,85.75,0.0,6,0,30.84,31.01,1542.017,1550.5,0.55,0.869,0.056,2.48,343,0,0,57,85.8,0.0,0.0,14.2,11.749,0.0,0.0,1516.2
986,22.46283250941374,85.75,0.0,2,0,30.648,31.01,1532.386,1550.5,1.17,0.678,0.055,1.345,343,0,0,57,85.8,0.0,0.0,14.2,11.574,0.0,0.0,1516.2
987,21.603985647189184,85.75,0.0,8,0,30.932,31.01,1546.588,1550.5,0.25,0.962,0.051,3.657,343,0,0,57,85.8,0.0,0.0,14.2,11.644,0.0,0.0,1516.2
988,21.934854558947094,85.75,0.0,5,0,30.794,31.01,1539.705,1550.5,0.7,0.823,0.055,2.438,343,0,0,57,85.8,0.0,0.0,14.2,11.708,0.0,0.0,1516.2
989,22.442470290921076,85.75,0.0,2,0,30.652,31.01,1532.622,1550.5,1.15,0.682,0.052,1.401,343,0,0,57,85.8,0.0,0.0,14.2,11.595,0.0,0.0,1516.2
990,22.160269786630614,85.75,0.0,4,0,30.742,31.01,1537.109,1550.5,0.86,0.772,0.052,2.41,343,0,0,57,85.8,0.0,0.0,14.2,11.614,0.0,0.0,1516.2
991,20.395658059869078,85.75,0.0,3,0,30.788,31.01,1539.417,1550.5,0.71,0.795,0.059,3.026,343,0,0,57,85.8,0.0,0.0,14.2,13.51,0.0,0.0,1516.2
992,22.101470837745673,85.75,0.0,4,0,30.759,31.01,1537.945,1550.5,0.81,0.788,0.054,2.882,343,0,0,57,85.8,0.0,0.0,14.2,11.673,0.0,0.0,1516.2
993,22.00084291065444,85.75,0.0,5,0,30.808,31.01,1540.409,1550.5,0.65,0.838,0.051,2.527,343,0,0,57,85.8,0.0,0.0,14.2,11.642,0.0,0.0,1516.2
994,22.349367988653597,85.75,0.0,3,0,30.693,31.01,1534.648,1550.5,1.02,0.723,0.055,2.369,343,0,0,57,85.8,0.0,0.0,14.2,11.556,0.0,0.0,1516.2
995,22.357874223388848,85.75,0.0,3,0,30.696,31.01,1534.797,1550.5,1.01,0.726,0.053,1.386,343,0,0,57,85.8,0.0,0.0,14.2,11.548,0.0,0.0,1516.2
996,22.50285935668685,85.75,0.0,2,0,30.649,31.01,1532.437,1550.5,1.16,0.679,0.051,1.391,343,0,0,57,85.8,0.0,0.0,14.2,11.534,0.0,0.0,1516.2
997,22.389813232593355,85.75,0.0,3,0,30.694,31.01,1534.718,1550.5,1.02,0.725,0.052,2.401,343,0,0,57,85.8,0.0,0.0,14.2,11.516,0.0,0.0,1516.2
998,22.319579345066217,85.75,0.0,3,0,30.694,31.01,1534.717,1550.5,1.02,0.724,0.052,2.387,343,0,0,57,85.8,0.0,0.0,14.2,11.586,0.0,0.0,1516.2
999,22.655528701580767,85.75,0.0,1,0,30.6,31.01,1530.003,1550.5,1.32,0.63,0.051,0.1,343,0,0,57,85.8,0.0,0.0,14.2,11.513,0.0,0.0,1516.2
1000,22.50040535080657,85.75,0.0,2,0,30.649,31.01,1532.471,1550.5,1.16,0.679,0.052,1.388,343,0,0,57,85.8,0.0,0.0,14.2,11.537,0.0,0.0,1516.2
1001,21.853193677817178,85.75,0.0,1,0,30.617,31.01,1530.839,1550.5,1.27,0.637,0.057,0.108,343,0,0,57,85.8,0.0,0.0,14.2,12.315,0.0,0.0,1516.2
1002,22.45270939682555,85.75,0.0,2,0,30.648,31.01,1532.376,1550.5,1.17,0.677,0.05,1.302,343,0,0,57,85.8,0.0,0.0,14.2,11.584,0.0,0.0,1516.2
1003,21.71065691191518,85.75,0.0,7,0,30.88,31.01,1543.999,1550.5,0.42,0.91,0.049,2.4,343,0,0,57,85.8,0.0,0.0,14.2,11.669,0.0,0.0,1516.2
1004,22.6584585405371,85.75,0.0,1,0,30.6,31.01,1530.014,1550.5,1.32,0.63,0.051,0.096,343,0,0,57,85.8,0.0,0.0,14.2,11.51,0.0,0.0,1516.2
1005,17.348954323902174,85.75,0.0,2,0,30.776,31.01,1538.804,1550.5,0.75,0.723,0.072,1.739,343,0,0,57,85.8,0.0,0.0,14.2,16.688,0.0,0.0,1516.2
1006,17.065439941737658,85.75,0.0,4,0,30.892,31.01,1544.596,1550.5,0.38,0.839,0.067,3.01,343,0,0,57,85.8,0.0,0.0,14.2,16.709,0.0,0.0,1516.2
1007,17.14902208282505,85.75,0.0,4,0,30.888,31.01,1544.396,1550.5,0.39,0.836,0.069,3.007,343,0,0,57,85.8,0.0,0.0,14.2,16.625,0.0,0.0,1516.2
1008,17.599118677754593,85.75,0.0,1,0,30.716,31.01,1535.817,1550.5,0.95,0.664,0.068,0.135,343,0,0,57,85.8,0.0,0.0,14.2,16.569,0.0,0.0,1516.2
1009,16.563718026469473,85.75,0.0,7,0,31.088,31.01,1554.386,1550.5,-0.25,1.034,0.07,4.811,343,0,0,57,85.8,0.0,0.0,14.2,16.816,0.0,0.0,1516.2
1010,17.14993106820979,85.75,0.0,4,0,30.888,31.01,1544.394,1550.5,0.39,0.836,0.066,3.001,343,0,0,57,85.8,0.0,0.0,14.2,16.624,0.0,0.0,1516.2
1011,16.77546277738069,85.75,0.0,4,0,30.897,31.01,1544.833,1550.5,0.37,0.84,0.075,3.026,343,0,0,57,85.8,0.0,0.0,14.2,16.999,0.0,0.0,1516.2
1012,17.015609774765416,85.75,0.0,4,0,30.892,31.01,1544.577,1550.5,0.38,0.837,0.068,3.012,343,0,0,57,85.8,0.0,0.0,14.2,16.759,0.0,0.0,1516.2
1013,17.208047219327767,85.75,0.0,3,0,30.831,31.01,1541.562,1550.5,0.58,0.778,0.073,1.699,343,0,0,57,85.8,0.0,0.0,14.2,16.698,0.0,0.0,1516.2
1014,17.46011935837046,85.75,0.0,2,0,30.771,31.01,1538.559,1550.5,0.77,0.719,0.069,1.724,343,0,0,57,85.8,0.0,0.0,14.2,16.577,0.0,0.0,1516.2
1015,17.338812424791424,85.75,0.0,2,0,30.773,31.01,1538.635,1550.5,0.77,0.72,0.073,1.696,343,0,0,57,85.8,0.0,0.0,14.2,16.698,0.0,0.0,1516.2
1016,17.181557880624986,85.75,0.0,4,0,30.885,31.01,1544.268,1550.5,0.4,0.833,0.069,3.268,343,0,0,57,85.8,0.0,0.0,14.2,16.593,0.0,0.0,1516.2
1017,17.37083734850344,85.75,0.0,2,0,30.776,31.01,1538.78,1550.5,0.76,0.722,0.069,1.738,343,0,0,57,85.8,0.0,0.0,14.2,16.666,0.0,0.0,1516.2
1018,16.94663879710582,85.75,0.0,5,0,30.947,31.01,1547.352,1550.5,0.2,0.895,0.072,3.004,343,0,0,57,85.8,0.0,0.0,14.2,16.696,0.0,0.0,1516.2
1019,17.09662587477718,85.75,0.0,4,0,30.891,31.01,1544.558,1550.5,0.38,0.839,0.073,3.006,343,0,0,57,85.8,0.0,0.0,14.2,16.678,0.0,0.0,1516.2
1020,17.47455052180626,85.75,0.0,2,0,30.772,31.01,1538.615,1550.5,0.77,0.721,0.071,1.74,343,0,0,57,85.8,0.0,0.0,14.2,16.563,0.0,0.0,1516.2
1021,16.92352227925707,85.75,0.0,3,0,30.838,31.01,1541.877,1550.5,0.56,0.78,0.073,1.741,343,0,0,57,85.8,0.0,0.0,14.2,16.982,0.0,0.0,1516.2
1022,17.477986359958916,85.75,0.0,2,0,30.771,31.01,1538.56,1550.5,0.77,0.719,0.067,1.727,343,0,0,57,85.8,0.0,0.0,14.2,16.559,0.0,0.0,1516.2
1023,16.794244075956094,85.75,0.0,6,0,31.005,31.01,1550.249,1550.5,0.02,0.953,0.072,3.0,343,0,0,57,85.8,0.0,0.0,14.2,16.717,0.0,0.0,1516.2
1024,17.575965780270923,85.75,0.0,1,0,30.713,31.01,1535.638,1550.5,0.96,0.66,0.071,0.135,343,0,0,57,85.8,0.0,0.0,14.2,16.593,0.0,0.0,1516.2
