query_id,query_text,embedding_text,focus_text,context_profile,prompt_text,prompt_preview,input_tokens,chunk_ids_needed,shared_chunk_ids,unique_chunk_ids,num_chunks,runtime_chunk_ids,chunk_event_source,chunk_id_source,runtime_event_count,tier_transition_event,cache_file_count_before,cache_file_count_after,cache_disk_mb_before,cache_disk_mb_after,pressure_phase
1,Who is the founder of Microsoft?,"Focus question: Who is the founder of Microsoft?
Context profile: no_shared_context
Prompt tokens: 1341
Context preview: Who is the founder of Microsoft? [PressureProfile] Additional cache-pressure calibration context for tier-transition coverage. Additional cache-pressure calibration context for tier-transition coverage. Additional cache-pressure calibration context for tier-transition coverage. Additional cache-pressure calibration context for tier-transition coverage. Additional cache-pressure calibration conte",Who is the founder of Microsoft?,no_shared_context,"Who is the founder of Microsoft?

[PressureProfile]
 Additional cache-pressure calibration context for tier-transition coverage. Additional cache-pressure calibration context for tier-transition coverage. Additional cache-pressure calibration context for tier-transition coverage. Additional cache-pressure calibration context for tier-transition coverage. Additional cache-pressure calibration context for tier-transition coverage. Additional cache-pressure calibration context for tier-transition coverage. Additional cache-pressure calibration context for tier-transition coverage. Additional cache-pressure calibration context for tier-transition coverage. Additional cache-pressure calibration context for tier-transition coverage. Additional cache-pressure calibration context for tier-transition coverage. Additional cache-pressure calibration context for tier-transition coverage. Additional cache-pressure calibration context for tier-transition coverage. Additional cache-pressure calibration context for tier-transition coverage. Additional cache-pressure calibration context for tier-transition coverage. Additional cache-pressure calibration context for tier-transition coverage. Additional cache-pressure calibration context for tier-transition coverage. Additional cache-pressure calibration context for tier-transition coverage. Additional cache-pressure calibration context for tier-transition coverage. Additional cache-pressure calibration context for tier-transition coverage. Additional cache-pressure calibration context for tier-transition coverage. Additional cache-pressure calibration context for tier-transition coverage. Additional cache-pressure calibration context for tier-transition coverage. Additional cache-pressure calibration context for tier-transition coverage. Additional cache-pressure calibration context for tier-transition coverage. Additional cache-pressure calibration context for tier-transition coverage. Additional cache-pressure calibration context for tier-transition coverage. Additional cache-pressure calibration context for tier-transition coverage. Additional cache-pressure calibration context for tier-transition coverage. Additional cache-pressure calibration context for tier-transition coverage. Additional cache-pressure calibration context for tier-transition coverage. Additional cache-pressure calibration context for tier-transition coverage. Additional cache-pressure calibration context for tier-transition coverage. Additional cache-pressure calibration context for tier-transition coverage. Additional cache-pressure calibration context for tier-transition coverage. Additional cache-pressure calibration context for tier-transition coverage. Additional cache-pressure calibration context for tier-transition coverage. Additional cache-pressure calibration context for tier-transition coverage. Additional cache-pressure calibration context for tier-transition coverage. Additional cache-pressure calibration context for tier-transition coverage. Additional cache-pressure calibration context for tier-transition coverage. Additional cache-pressure calibration context for tier-transition coverage. Additional cache-pressure calibration context for tier-transition coverage. Additional cache-pressure calibration context for tier-transition coverage. Additional cache-pressure calibration context for tier-transition coverage. Additional cache-pressure calibration context for tier-transition coverage. Additional cache-pressure calibration context for tier-transition coverage. Additional cache-pressure calibration context for tier-transition coverage. Additional cache-pressure calibration context for tier-transition coverage. Additional cache-pressure calibration context for tier-transition coverage. Additional cache-pressure calibration context for tier-transition coverage. Additional cache-pressure calibration context for tier-transition coverage. Additional cache-pressure calibration context for tier-transition coverage. Additional cache-pressure calibration context for tier-transition coverage. Additional cache-pressure calibration context for tier-transition coverage. Additional cache-pressure calibration context for tier-transition coverage. Additional cache-pressure calibration context for tier-transition coverage. Additional cache-pressure calibration context for tier-transition coverage. Additional cache-pressure calibration context for tier-transition coverage. Additional cache-pressure calibration context for tier-transition coverage. Additional cache-pressure calibration context for tier-transition coverage. Additional cache-pressure calibration context for tier-transition coverage. Additional cache-pressure calibration context for tier-transition coverage. Additional cache-pressure calibration context for tier-transition coverage. Additional cache-pressure calibration context for tier-transition coverage. Additional cache-pressure calibration context for tier-transition coverage. Additional cache-pressure calibration context for tier-transition coverage. Additional cache-pressure calibration context for tier-transition coverage. Additional cache-pressure calibration context for tier-transition coverage. Additional cache-pressure calibration context for tier-transition coverage. Additional cache-pressure calibration context for tier-transition coverage. Additional cache-pressure calibration context for tier-transition coverage. Additional cache-pressure calibration context for tier-transition coverage. Additional cache-pressure calibration context for tier-transition coverage. Additional cache-pressure calibration context for tier-transition coverage. Additional cache-pressure calibration context for tier-transition coverage. Additional cache-pressure calibration context for tier-transition coverage. Additional cache-pressure calibration context for tier-transition coverage. Additional cache-pressure calibration context for tier-transition coverage. Additional cache-pressure calibration context for tier-transition coverage. Additional cache-pressure calibration context for tier-transition coverage. Additional cache-pressure calibration context for tier-transition coverage. Additional cache-pressure calibration context for tier-transition coverage. Additional cache-pressure calibration context for tier-transition coverage. Additional cache-pressure calibration context for tier-transition coverage. Additional cache-pressure calibration context for tier-transition coverage. Additional cache-pressure calibration context for tier-transition coverage. Additional cache-pressure calibration context for tier-transition coverage. Additional cache-pressure calibration context for tier-transition coverage. Additional cache-pressure calibration context for tier-transition coverage. Additional cache-pressure calibration context for tier-transition coverage. Additional cache-pressure calibration context for tier-transition coverage. Additional cache-pressure calibration context for tier-transition coverage. Additional cache-pressure calibration context for tier-transition coverage. Additional cache-pressure calibration context for tier-transition coverage. Additional cache-pressure calibration context for tier-transition coverage. Additional cache-pressure calibration context for tier-transition coverage. Additional cache-pressure calibration context for tier-transition coverage. Additional cache-pressure calibration context for tier-transition coverage. Additional cache-pressure calibration context for tier-transition coverage. Additional cache-pressure calibration context for tier-transition coverage. Additional cache-pressure calibration context for tier-transition coverage. Additional cache-pressure calibration context for tier-transition coverage. Additional cache-pressure calibration context for tier-transition coverage. Additional cache-pressure calibration context for tier-transition coverage. Additional cache-pressure calibration context for tier-transition coverage. Additional cache-pressure calibration context for tier-transition coverage. Additional cache-pressure calibration context for tier-transition coverage. Additional cache-pressure calibration context for tier-transition coverage. Additional cache-pressure calibration context for tier-transition coverage. Additional cache-pressure calibration context for tier-transition coverage. Additional cache-pressure calibration context for tier-transition coverage. Additional cache-pressure calibration context for tier-transition coverage. Additional cache-pressure calibration context for tier-transition coverage. Additional cache-pressure calibration context for tier-transition coverage. Additional cache-pressure calibration context for tier-transition coverage. Additional cache-pressure calibration context for tier-transition coverage. Additional cache-pressure calibration context for tier-transition coverage. Additional cache-pressure calibration context for tier-transition coverage. Additional cache-pressure calibration context for tier-transition coverage. Additional cache-pressure calibration context for tier-transition coverage. Additional cache-pressure calibration context for tier-transition coverage. Additional cache-pressure calibration context for tier-transition coverage. Additional cache-pressure calibration context for tier-transition coverage. Additional cache-pressure calibration context for tier-transition coverage. Additional cache-pressure calibration context for tier-transition coverage. Additional cache-pressure calibration context for tier-transition coverage. Additional cache-pressure calibration context for tier-transition coverage. Additional cache-pressure calibration context for tier-transition coverage. Additional cache-pressure calibration context for tier-transition coverage. Additional cache-pressure calibration context for tier-transition coverage. Additional cache-pressure calibration context for tier-transition coverage. Additional cache-pressure calibration context for tier-transition coverage. Additional cache-pressure calibration context for tier-transition coverage.","Who is the founder of Microsoft?

[PressureProfile]
 Additional cache-pressure calibration context for tier-transition coverage. Additional cache-pressure calibration context for tier-transition coverage. Additional cache-pressure calibration context for tier-transition coverage. Additional cache-pressure calibration context for tier-transition coverage. Additional cache-pressure calibration conte",1341,"[0, 1, 2, 3, 4, 5, 6, 7, 8, 9, 10, 11, 12, 13, 14, 15, 16, 17, 18, 19, 20, 21, 22, 23, 24, 25, 26, 27, 28, 29, 30, 31, 32, 33, 34, 35, 36, 37, 38, 39, 40]",[],"[0, 1, 2, 3, 4, 5, 6, 7, 8, 9, 10, 11, 12, 13, 14, 15, 16, 17, 18, 19, 20, 21, 22, 23, 24, 25, 26, 27, 28, 29, 30, 31, 32, 33, 34, 35, 36, 37, 38, 39, 40]",41,"[""Qwen-Qwen2.5-0.5B-Instruct@1@0@-116da7f326672ed0@bfloat16.pt"", ""Qwen-Qwen2.5-0.5B-Instruct@1@0@-15e9d7349980349b@bfloat16.pt"", ""Qwen-Qwen2.5-0.5B-Instruct@1@0@-28ac06e23c8e2dc@bfloat16.pt"", ""Qwen-Qwen2.5-0.5B-Instruct@1@0@-28dc111a3afa7113@bfloat16.pt"", ""Qwen-Qwen2.5-0.5B-Instruct@1@0@-2b9f2a7bc9f1c07d@bfloat16.pt"", ""Qwen-Qwen2.5-0.5B-Instruct@1@0@-371b580ef0e04f1b@bfloat16.pt"", ""Qwen-Qwen2.5-0.5B-Instruct@1@0@-39e374f84c43699d@bfloat16.pt"", ""Qwen-Qwen2.5-0.5B-Instruct@1@0@-3cf291634fa488fd@bfloat16.pt"", ""Qwen-Qwen2.5-0.5B-Instruct@1@0@-3f54375955af262a@bfloat16.pt"", ""Qwen-Qwen2.5-0.5B-Instruct@1@0@-41688de3c12cd4be@bfloat16.pt"", ""Qwen-Qwen2.5-0.5B-Instruct@1@0@-47f6ac3f375784d4@bfloat16.pt"", ""Qwen-Qwen2.5-0.5B-Instruct@1@0@-480a642972daf5cc@bfloat16.pt"", ""Qwen-Qwen2.5-0.5B-Instruct@1@0@-4d89da8528b88365@bfloat16.pt"", ""Qwen-Qwen2.5-0.5B-Instruct@1@0@-4ffe101cb77eb065@bfloat16.pt"", ""Qwen-Qwen2.5-0.5B-Instruct@1@0@-6162f7d7ebc484cb@bfloat16.pt"", ""Qwen-Qwen2.5-0.5B-Instruct@1@0@-675889bafbe65ea7@bfloat16.pt"", ""Qwen-Qwen2.5-0.5B-Instruct@1@0@-686e0b83aa2417dc@bfloat16.pt"", ""Qwen-Qwen2.5-0.5B-Instruct@1@0@-6f05da493557dcc0@bfloat16.pt"", ""Qwen-Qwen2.5-0.5B-Instruct@1@0@-6fd887cbb3f9a9eb@bfloat16.pt"", ""Qwen-Qwen2.5-0.5B-Instruct@1@0@-714733f48c45cda4@bfloat16.pt"", ""Qwen-Qwen2.5-0.5B-Instruct@1@0@-79d07018ecac60e5@bfloat16.pt"", ""Qwen-Qwen2.5-0.5B-Instruct@1@0@18f756fc039e4492@bfloat16.pt"", ""Qwen-Qwen2.5-0.5B-Instruct@1@0@1c90d863150c18d2@bfloat16.pt"", ""Qwen-Qwen2.5-0.5B-Instruct@1@0@1d981d7700502e80@bfloat16.pt"", ""Qwen-Qwen2.5-0.5B-Instruct@1@0@1e2003c0d8ede2f2@bfloat16.pt"", ""Qwen-Qwen2.5-0.5B-Instruct@1@0@21700b3e1f0d70e0@bfloat16.pt"", ""Qwen-Qwen2.5-0.5B-Instruct@1@0@27d12a4d515531c1@bfloat16.pt"", ""Qwen-Qwen2.5-0.5B-Instruct@1@0@2aa1602e5e60bbf2@bfloat16.pt"", ""Qwen-Qwen2.5-0.5B-Instruct@1@0@2bc44f1f1deecccf@bfloat16.pt"", ""Qwen-Qwen2.5-0.5B-Instruct@1@0@32e379e8cf2bd4b5@bfloat16.pt"", ""Qwen-Qwen2.5-0.5B-Instruct@1@0@437e190260e791f1@bfloat16.pt"", ""Qwen-Qwen2.5-0.5B-Instruct@1@0@47edaf11bf738ba4@bfloat16.pt"", ""Qwen-Qwen2.5-0.5B-Instruct@1@0@4d140b4ec16b7bfd@bfloat16.pt"", ""Qwen-Qwen2.5-0.5B-Instruct@1@0@55d325d3b35179a@bfloat16.pt"", ""Qwen-Qwen2.5-0.5B-Instruct@1@0@5b8b0d5740c02ae5@bfloat16.pt"", ""Qwen-Qwen2.5-0.5B-Instruct@1@0@6569de705a6089c9@bfloat16.pt"", ""Qwen-Qwen2.5-0.5B-Instruct@1@0@a39e8f509f07151@bfloat16.pt"", ""Qwen-Qwen2.5-0.5B-Instruct@1@0@b7265d96ebe901@bfloat16.pt"", ""Qwen-Qwen2.5-0.5B-Instruct@1@0@bceba90f947eb83@bfloat16.pt"", ""Qwen-Qwen2.5-0.5B-Instruct@1@0@c37bab50f54a1e0@bfloat16.pt"", ""Qwen-Qwen2.5-0.5B-Instruct@1@0@fcd10637454f093@bfloat16.pt""]",lmcache_store_runtime_snapshot,lmcache_store_runtime_snapshot,41,none,40,41,120.0,123.0,baseline
2,What is the chemical symbol for sodium?,"Focus question: What is the chemical symbol for sodium?
Context profile: no_shared_context
Prompt tokens: 1342
Context preview: What is the chemical symbol for sodium? [PressureProfile] Additional cache-pressure calibration context for tier-transition coverage. Additional cache-pressure calibration context for tier-transition coverage. Additional cache-pressure calibration context for tier-transition coverage. Additional cache-pressure calibration context for tier-transition coverage. Additional cache-pressure calibratio",What is the chemical symbol for sodium?,no_shared_context,"What is the chemical symbol for sodium?

[PressureProfile]
 Additional cache-pressure calibration context for tier-transition coverage. Additional cache-pressure calibration context for tier-transition coverage. Additional cache-pressure calibration context for tier-transition coverage. Additional cache-pressure calibration context for tier-transition coverage. Additional cache-pressure calibration context for tier-transition coverage. Additional cache-pressure calibration context for tier-transition coverage. Additional cache-pressure calibration context for tier-transition coverage. Additional cache-pressure calibration context for tier-transition coverage. Additional cache-pressure calibration context for tier-transition coverage. Additional cache-pressure calibration context for tier-transition coverage. Additional cache-pressure calibration context for tier-transition coverage. Additional cache-pressure calibration context for tier-transition coverage. Additional cache-pressure calibration context for tier-transition coverage. Additional cache-pressure calibration context for tier-transition coverage. Additional cache-pressure calibration context for tier-transition coverage. Additional cache-pressure calibration context for tier-transition coverage. Additional cache-pressure calibration context for tier-transition coverage. Additional cache-pressure calibration context for tier-transition coverage. Additional cache-pressure calibration context for tier-transition coverage. Additional cache-pressure calibration context for tier-transition coverage. Additional cache-pressure calibration context for tier-transition coverage. Additional cache-pressure calibration context for tier-transition coverage. Additional cache-pressure calibration context for tier-transition coverage. Additional cache-pressure calibration context for tier-transition coverage. Additional cache-pressure calibration context for tier-transition coverage. Additional cache-pressure calibration context for tier-transition coverage. Additional cache-pressure calibration context for tier-transition coverage. Additional cache-pressure calibration context for tier-transition coverage. Additional cache-pressure calibration context for tier-transition coverage. Additional cache-pressure calibration context for tier-transition coverage. Additional cache-pressure calibration context for tier-transition coverage. Additional cache-pressure calibration context for tier-transition coverage. Additional cache-pressure calibration context for tier-transition coverage. Additional cache-pressure calibration context for tier-transition coverage. Additional cache-pressure calibration context for tier-transition coverage. Additional cache-pressure calibration context for tier-transition coverage. Additional cache-pressure calibration context for tier-transition coverage. Additional cache-pressure calibration context for tier-transition coverage. Additional cache-pressure calibration context for tier-transition coverage. Additional cache-pressure calibration context for tier-transition coverage. Additional cache-pressure calibration context for tier-transition coverage. Additional cache-pressure calibration context for tier-transition coverage. Additional cache-pressure calibration context for tier-transition coverage. Additional cache-pressure calibration context for tier-transition coverage. Additional cache-pressure calibration context for tier-transition coverage. Additional cache-pressure calibration context for tier-transition coverage. Additional cache-pressure calibration context for tier-transition coverage. Additional cache-pressure calibration context for tier-transition coverage. Additional cache-pressure calibration context for tier-transition coverage. Additional cache-pressure calibration context for tier-transition coverage. Additional cache-pressure calibration context for tier-transition coverage. Additional cache-pressure calibration context for tier-transition coverage. Additional cache-pressure calibration context for tier-transition coverage. Additional cache-pressure calibration context for tier-transition coverage. Additional cache-pressure calibration context for tier-transition coverage. Additional cache-pressure calibration context for tier-transition coverage. Additional cache-pressure calibration context for tier-transition coverage. Additional cache-pressure calibration context for tier-transition coverage. Additional cache-pressure calibration context for tier-transition coverage. Additional cache-pressure calibration context for tier-transition coverage. Additional cache-pressure calibration context for tier-transition coverage. Additional cache-pressure calibration context for tier-transition coverage. Additional cache-pressure calibration context for tier-transition coverage. Additional cache-pressure calibration context for tier-transition coverage. Additional cache-pressure calibration context for tier-transition coverage. Additional cache-pressure calibration context for tier-transition coverage. Additional cache-pressure calibration context for tier-transition coverage. Additional cache-pressure calibration context for tier-transition coverage. Additional cache-pressure calibration context for tier-transition coverage. Additional cache-pressure calibration context for tier-transition coverage. Additional cache-pressure calibration context for tier-transition coverage. Additional cache-pressure calibration context for tier-transition coverage. Additional cache-pressure calibration context for tier-transition coverage. Additional cache-pressure calibration context for tier-transition coverage. Additional cache-pressure calibration context for tier-transition coverage. Additional cache-pressure calibration context for tier-transition coverage. Additional cache-pressure calibration context for tier-transition coverage. Additional cache-pressure calibration context for tier-transition coverage. Additional cache-pressure calibration context for tier-transition coverage. Additional cache-pressure calibration context for tier-transition coverage. Additional cache-pressure calibration context for tier-transition coverage. Additional cache-pressure calibration context for tier-transition coverage. Additional cache-pressure calibration context for tier-transition coverage. Additional cache-pressure calibration context for tier-transition coverage. Additional cache-pressure calibration context for tier-transition coverage. Additional cache-pressure calibration context for tier-transition coverage. Additional cache-pressure calibration context for tier-transition coverage. Additional cache-pressure calibration context for tier-transition coverage. Additional cache-pressure calibration context for tier-transition coverage. Additional cache-pressure calibration context for tier-transition coverage. Additional cache-pressure calibration context for tier-transition coverage. Additional cache-pressure calibration context for tier-transition coverage. Additional cache-pressure calibration context for tier-transition coverage. Additional cache-pressure calibration context for tier-transition coverage. Additional cache-pressure calibration context for tier-transition coverage. Additional cache-pressure calibration context for tier-transition coverage. Additional cache-pressure calibration context for tier-transition coverage. Additional cache-pressure calibration context for tier-transition coverage. Additional cache-pressure calibration context for tier-transition coverage. Additional cache-pressure calibration context for tier-transition coverage. Additional cache-pressure calibration context for tier-transition coverage. Additional cache-pressure calibration context for tier-transition coverage. Additional cache-pressure calibration context for tier-transition coverage. Additional cache-pressure calibration context for tier-transition coverage. Additional cache-pressure calibration context for tier-transition coverage. Additional cache-pressure calibration context for tier-transition coverage. Additional cache-pressure calibration context for tier-transition coverage. Additional cache-pressure calibration context for tier-transition coverage. Additional cache-pressure calibration context for tier-transition coverage. Additional cache-pressure calibration context for tier-transition coverage. Additional cache-pressure calibration context for tier-transition coverage. Additional cache-pressure calibration context for tier-transition coverage. Additional cache-pressure calibration context for tier-transition coverage. Additional cache-pressure calibration context for tier-transition coverage. Additional cache-pressure calibration context for tier-transition coverage. Additional cache-pressure calibration context for tier-transition coverage. Additional cache-pressure calibration context for tier-transition coverage. Additional cache-pressure calibration context for tier-transition coverage. Additional cache-pressure calibration context for tier-transition coverage. Additional cache-pressure calibration context for tier-transition coverage. Additional cache-pressure calibration context for tier-transition coverage. Additional cache-pressure calibration context for tier-transition coverage. Additional cache-pressure calibration context for tier-transition coverage. Additional cache-pressure calibration context for tier-transition coverage. Additional cache-pressure calibration context for tier-transition coverage. Additional cache-pressure calibration context for tier-transition coverage. Additional cache-pressure calibration context for tier-transition coverage. Additional cache-pressure calibration context for tier-transition coverage. Additional cache-pressure calibration context for tier-transition coverage. Additional cache-pressure calibration context for tier-transition coverage. Additional cache-pressure calibration context for tier-transition coverage. Additional cache-pressure calibration context for tier-transition coverage. Additional cache-pressure calibration context for tier-transition coverage.","What is the chemical symbol for sodium?

[PressureProfile]
 Additional cache-pressure calibration context for tier-transition coverage. Additional cache-pressure calibration context for tier-transition coverage. Additional cache-pressure calibration context for tier-transition coverage. Additional cache-pressure calibration context for tier-transition coverage. Additional cache-pressure calibratio",1342,"[0, 1, 2, 3, 4, 5, 6, 7, 8, 9, 10, 11, 12, 13, 14, 15, 16, 17, 18, 19, 20, 21, 22, 23, 24, 25, 26, 27, 28, 29, 41, 30, 31, 32, 33, 34, 35, 36, 37, 38, 39, 40]","[0, 1, 2, 3, 4, 5, 6, 7, 8, 9, 10, 11, 12, 13, 14, 15, 16, 17, 18, 19, 20, 21, 22, 23, 24, 25, 26, 27, 28, 29, 30, 31, 32, 33, 34, 35, 36, 37, 38, 39, 40]",[41],42,"[""Qwen-Qwen2.5-0.5B-Instruct@1@0@-116da7f326672ed0@bfloat16.pt"", ""Qwen-Qwen2.5-0.5B-Instruct@1@0@-15e9d7349980349b@bfloat16.pt"", ""Qwen-Qwen2.5-0.5B-Instruct@1@0@-28ac06e23c8e2dc@bfloat16.pt"", ""Qwen-Qwen2.5-0.5B-Instruct@1@0@-28dc111a3afa7113@bfloat16.pt"", ""Qwen-Qwen2.5-0.5B-Instruct@1@0@-2b9f2a7bc9f1c07d@bfloat16.pt"", ""Qwen-Qwen2.5-0.5B-Instruct@1@0@-371b580ef0e04f1b@bfloat16.pt"", ""Qwen-Qwen2.5-0.5B-Instruct@1@0@-39e374f84c43699d@bfloat16.pt"", ""Qwen-Qwen2.5-0.5B-Instruct@1@0@-3cf291634fa488fd@bfloat16.pt"", ""Qwen-Qwen2.5-0.5B-Instruct@1@0@-3f54375955af262a@bfloat16.pt"", ""Qwen-Qwen2.5-0.5B-Instruct@1@0@-41688de3c12cd4be@bfloat16.pt"", ""Qwen-Qwen2.5-0.5B-Instruct@1@0@-47f6ac3f375784d4@bfloat16.pt"", ""Qwen-Qwen2.5-0.5B-Instruct@1@0@-480a642972daf5cc@bfloat16.pt"", ""Qwen-Qwen2.5-0.5B-Instruct@1@0@-4d89da8528b88365@bfloat16.pt"", ""Qwen-Qwen2.5-0.5B-Instruct@1@0@-4ffe101cb77eb065@bfloat16.pt"", ""Qwen-Qwen2.5-0.5B-Instruct@1@0@-6162f7d7ebc484cb@bfloat16.pt"", ""Qwen-Qwen2.5-0.5B-Instruct@1@0@-675889bafbe65ea7@bfloat16.pt"", ""Qwen-Qwen2.5-0.5B-Instruct@1@0@-686e0b83aa2417dc@bfloat16.pt"", ""Qwen-Qwen2.5-0.5B-Instruct@1@0@-6f05da493557dcc0@bfloat16.pt"", ""Qwen-Qwen2.5-0.5B-Instruct@1@0@-6fd887cbb3f9a9eb@bfloat16.pt"", ""Qwen-Qwen2.5-0.5B-Instruct@1@0@-714733f48c45cda4@bfloat16.pt"", ""Qwen-Qwen2.5-0.5B-Instruct@1@0@-79d07018ecac60e5@bfloat16.pt"", ""Qwen-Qwen2.5-0.5B-Instruct@1@0@18f756fc039e4492@bfloat16.pt"", ""Qwen-Qwen2.5-0.5B-Instruct@1@0@1c90d863150c18d2@bfloat16.pt"", ""Qwen-Qwen2.5-0.5B-Instruct@1@0@1d981d7700502e80@bfloat16.pt"", ""Qwen-Qwen2.5-0.5B-Instruct@1@0@1e2003c0d8ede2f2@bfloat16.pt"", ""Qwen-Qwen2.5-0.5B-Instruct@1@0@21700b3e1f0d70e0@bfloat16.pt"", ""Qwen-Qwen2.5-0.5B-Instruct@1@0@27d12a4d515531c1@bfloat16.pt"", ""Qwen-Qwen2.5-0.5B-Instruct@1@0@2aa1602e5e60bbf2@bfloat16.pt"", ""Qwen-Qwen2.5-0.5B-Instruct@1@0@2bc44f1f1deecccf@bfloat16.pt"", ""Qwen-Qwen2.5-0.5B-Instruct@1@0@32e379e8cf2bd4b5@bfloat16.pt"", ""Qwen-Qwen2.5-0.5B-Instruct@1@0@420d2a43da9be679@bfloat16.pt"", ""Qwen-Qwen2.5-0.5B-Instruct@1@0@437e190260e791f1@bfloat16.pt"", ""Qwen-Qwen2.5-0.5B-Instruct@1@0@47edaf11bf738ba4@bfloat16.pt"", ""Qwen-Qwen2.5-0.5B-Instruct@1@0@4d140b4ec16b7bfd@bfloat16.pt"", ""Qwen-Qwen2.5-0.5B-Instruct@1@0@55d325d3b35179a@bfloat16.pt"", ""Qwen-Qwen2.5-0.5B-Instruct@1@0@5b8b0d5740c02ae5@bfloat16.pt"", ""Qwen-Qwen2.5-0.5B-Instruct@1@0@6569de705a6089c9@bfloat16.pt"", ""Qwen-Qwen2.5-0.5B-Instruct@1@0@a39e8f509f07151@bfloat16.pt"", ""Qwen-Qwen2.5-0.5B-Instruct@1@0@b7265d96ebe901@bfloat16.pt"", ""Qwen-Qwen2.5-0.5B-Instruct@1@0@bceba90f947eb83@bfloat16.pt"", ""Qwen-Qwen2.5-0.5B-Instruct@1@0@c37bab50f54a1e0@bfloat16.pt"", ""Qwen-Qwen2.5-0.5B-Instruct@1@0@fcd10637454f093@bfloat16.pt""]",lmcache_store_runtime_snapshot,lmcache_store_runtime_snapshot,42,none,41,42,123.0,126.0,baseline
3,How many players are there in a baseball team?,"Focus question: How many players are there in a baseball team?
Context profile: no_shared_context
Prompt tokens: 1344
Context preview: How many players are there in a baseball team? [PressureProfile] Additional cache-pressure calibration context for tier-transition coverage. Additional cache-pressure calibration context for tier-transition coverage. Additional cache-pressure calibration context for tier-transition coverage. Additional cache-pressure calibration context for tier-transition coverage. Additional cache-pressure cal",How many players are there in a baseball team?,no_shared_context,"How many players are there in a baseball team?

[PressureProfile]
 Additional cache-pressure calibration context for tier-transition coverage. Additional cache-pressure calibration context for tier-transition coverage. Additional cache-pressure calibration context for tier-transition coverage. Additional cache-pressure calibration context for tier-transition coverage. Additional cache-pressure calibration context for tier-transition coverage. Additional cache-pressure calibration context for tier-transition coverage. Additional cache-pressure calibration context for tier-transition coverage. Additional cache-pressure calibration context for tier-transition coverage. Additional cache-pressure calibration context for tier-transition coverage. Additional cache-pressure calibration context for tier-transition coverage. Additional cache-pressure calibration context for tier-transition coverage. Additional cache-pressure calibration context for tier-transition coverage. Additional cache-pressure calibration context for tier-transition coverage. Additional cache-pressure calibration context for tier-transition coverage. Additional cache-pressure calibration context for tier-transition coverage. Additional cache-pressure calibration context for tier-transition coverage. Additional cache-pressure calibration context for tier-transition coverage. Additional cache-pressure calibration context for tier-transition coverage. Additional cache-pressure calibration context for tier-transition coverage. Additional cache-pressure calibration context for tier-transition coverage. Additional cache-pressure calibration context for tier-transition coverage. Additional cache-pressure calibration context for tier-transition coverage. Additional cache-pressure calibration context for tier-transition coverage. Additional cache-pressure calibration context for tier-transition coverage. Additional cache-pressure calibration context for tier-transition coverage. Additional cache-pressure calibration context for tier-transition coverage. Additional cache-pressure calibration context for tier-transition coverage. Additional cache-pressure calibration context for tier-transition coverage. Additional cache-pressure calibration context for tier-transition coverage. Additional cache-pressure calibration context for tier-transition coverage. Additional cache-pressure calibration context for tier-transition coverage. Additional cache-pressure calibration context for tier-transition coverage. Additional cache-pressure calibration context for tier-transition coverage. Additional cache-pressure calibration context for tier-transition coverage. Additional cache-pressure calibration context for tier-transition coverage. Additional cache-pressure calibration context for tier-transition coverage. Additional cache-pressure calibration context for tier-transition coverage. Additional cache-pressure calibration context for tier-transition coverage. Additional cache-pressure calibration context for tier-transition coverage. Additional cache-pressure calibration context for tier-transition coverage. Additional cache-pressure calibration context for tier-transition coverage. Additional cache-pressure calibration context for tier-transition coverage. Additional cache-pressure calibration context for tier-transition coverage. Additional cache-pressure calibration context for tier-transition coverage. Additional cache-pressure calibration context for tier-transition coverage. Additional cache-pressure calibration context for tier-transition coverage. Additional cache-pressure calibration context for tier-transition coverage. Additional cache-pressure calibration context for tier-transition coverage. Additional cache-pressure calibration context for tier-transition coverage. Additional cache-pressure calibration context for tier-transition coverage. Additional cache-pressure calibration context for tier-transition coverage. Additional cache-pressure calibration context for tier-transition coverage. Additional cache-pressure calibration context for tier-transition coverage. Additional cache-pressure calibration context for tier-transition coverage. Additional cache-pressure calibration context for tier-transition coverage. Additional cache-pressure calibration context for tier-transition coverage. Additional cache-pressure calibration context for tier-transition coverage. Additional cache-pressure calibration context for tier-transition coverage. Additional cache-pressure calibration context for tier-transition coverage. Additional cache-pressure calibration context for tier-transition coverage. Additional cache-pressure calibration context for tier-transition coverage. Additional cache-pressure calibration context for tier-transition coverage. Additional cache-pressure calibration context for tier-transition coverage. Additional cache-pressure calibration context for tier-transition coverage. Additional cache-pressure calibration context for tier-transition coverage. Additional cache-pressure calibration context for tier-transition coverage. Additional cache-pressure calibration context for tier-transition coverage. Additional cache-pressure calibration context for tier-transition coverage. Additional cache-pressure calibration context for tier-transition coverage. Additional cache-pressure calibration context for tier-transition coverage. Additional cache-pressure calibration context for tier-transition coverage. Additional cache-pressure calibration context for tier-transition coverage. Additional cache-pressure calibration context for tier-transition coverage. Additional cache-pressure calibration context for tier-transition coverage. Additional cache-pressure calibration context for tier-transition coverage. Additional cache-pressure calibration context for tier-transition coverage. Additional cache-pressure calibration context for tier-transition coverage. Additional cache-pressure calibration context for tier-transition coverage. Additional cache-pressure calibration context for tier-transition coverage. Additional cache-pressure calibration context for tier-transition coverage. Additional cache-pressure calibration context for tier-transition coverage. Additional cache-pressure calibration context for tier-transition coverage. Additional cache-pressure calibration context for tier-transition coverage. Additional cache-pressure calibration context for tier-transition coverage. Additional cache-pressure calibration context for tier-transition coverage. Additional cache-pressure calibration context for tier-transition coverage. Additional cache-pressure calibration context for tier-transition coverage. Additional cache-pressure calibration context for tier-transition coverage. Additional cache-pressure calibration context for tier-transition coverage. Additional cache-pressure calibration context for tier-transition coverage. Additional cache-pressure calibration context for tier-transition coverage. Additional cache-pressure calibration context for tier-transition coverage. Additional cache-pressure calibration context for tier-transition coverage. Additional cache-pressure calibration context for tier-transition coverage. Additional cache-pressure calibration context for tier-transition coverage. Additional cache-pressure calibration context for tier-transition coverage. Additional cache-pressure calibration context for tier-transition coverage. Additional cache-pressure calibration context for tier-transition coverage. Additional cache-pressure calibration context for tier-transition coverage. Additional cache-pressure calibration context for tier-transition coverage. Additional cache-pressure calibration context for tier-transition coverage. Additional cache-pressure calibration context for tier-transition coverage. Additional cache-pressure calibration context for tier-transition coverage. Additional cache-pressure calibration context for tier-transition coverage. Additional cache-pressure calibration context for tier-transition coverage. Additional cache-pressure calibration context for tier-transition coverage. Additional cache-pressure calibration context for tier-transition coverage. Additional cache-pressure calibration context for tier-transition coverage. Additional cache-pressure calibration context for tier-transition coverage. Additional cache-pressure calibration context for tier-transition coverage. Additional cache-pressure calibration context for tier-transition coverage. Additional cache-pressure calibration context for tier-transition coverage. Additional cache-pressure calibration context for tier-transition coverage. Additional cache-pressure calibration context for tier-transition coverage. Additional cache-pressure calibration context for tier-transition coverage. Additional cache-pressure calibration context for tier-transition coverage. Additional cache-pressure calibration context for tier-transition coverage. Additional cache-pressure calibration context for tier-transition coverage. Additional cache-pressure calibration context for tier-transition coverage. Additional cache-pressure calibration context for tier-transition coverage. Additional cache-pressure calibration context for tier-transition coverage. Additional cache-pressure calibration context for tier-transition coverage. Additional cache-pressure calibration context for tier-transition coverage. Additional cache-pressure calibration context for tier-transition coverage. Additional cache-pressure calibration context for tier-transition coverage. Additional cache-pressure calibration context for tier-transition coverage. Additional cache-pressure calibration context for tier-transition coverage. Additional cache-pressure calibration context for tier-transition coverage. Additional cache-pressure calibration context for tier-transition coverage. Additional cache-pressure calibration context for tier-transition coverage. Additional cache-pressure calibration context for tier-transition coverage. Additional cache-pressure calibration context for tier-transition coverage. Additional cache-pressure calibration context for tier-transition coverage.","How many players are there in a baseball team?

[PressureProfile]
 Additional cache-pressure calibration context for tier-transition coverage. Additional cache-pressure calibration context for tier-transition coverage. Additional cache-pressure calibration context for tier-transition coverage. Additional cache-pressure calibration context for tier-transition coverage. Additional cache-pressure cal",1344,"[0, 1, 2, 3, 4, 5, 6, 7, 8, 9, 10, 11, 12, 13, 14, 15, 16, 17, 18, 19, 20, 21, 22, 23, 24, 25, 26, 27, 28, 29, 41, 30, 31, 32, 33, 34, 35, 42, 36, 37, 38, 39, 40]","[0, 1, 2, 3, 4, 5, 6, 7, 8, 9, 10, 11, 12, 13, 14, 15, 16, 17, 18, 19, 20, 21, 22, 23, 24, 25, 26, 27, 28, 29, 41, 30, 31, 32, 33, 34, 35, 36, 37, 38, 39, 40]",[42],43,"[""Qwen-Qwen2.5-0.5B-Instruct@1@0@-116da7f326672ed0@bfloat16.pt"", ""Qwen-Qwen2.5-0.5B-Instruct@1@0@-15e9d7349980349b@bfloat16.pt"", ""Qwen-Qwen2.5-0.5B-Instruct@1@0@-28ac06e23c8e2dc@bfloat16.pt"", ""Qwen-Qwen2.5-0.5B-Instruct@1@0@-28dc111a3afa7113@bfloat16.pt"", ""Qwen-Qwen2.5-0.5B-Instruct@1@0@-2b9f2a7bc9f1c07d@bfloat16.pt"", ""Qwen-Qwen2.5-0.5B-Instruct@1@0@-371b580ef0e04f1b@bfloat16.pt"", ""Qwen-Qwen2.5-0.5B-Instruct@1@0@-39e374f84c43699d@bfloat16.pt"", ""Qwen-Qwen2.5-0.5B-Instruct@1@0@-3cf291634fa488fd@bfloat16.pt"", ""Qwen-Qwen2.5-0.5B-Instruct@1@0@-3f54375955af262a@bfloat16.pt"", ""Qwen-Qwen2.5-0.5B-Instruct@1@0@-41688de3c12cd4be@bfloat16.pt"", ""Qwen-Qwen2.5-0.5B-Instruct@1@0@-47f6ac3f375784d4@bfloat16.pt"", ""Qwen-Qwen2.5-0.5B-Instruct@1@0@-480a642972daf5cc@bfloat16.pt"", ""Qwen-Qwen2.5-0.5B-Instruct@1@0@-4d89da8528b88365@bfloat16.pt"", ""Qwen-Qwen2.5-0.5B-Instruct@1@0@-4ffe101cb77eb065@bfloat16.pt"", ""Qwen-Qwen2.5-0.5B-Instruct@1@0@-6162f7d7ebc484cb@bfloat16.pt"", ""Qwen-Qwen2.5-0.5B-Instruct@1@0@-675889bafbe65ea7@bfloat16.pt"", ""Qwen-Qwen2.5-0.5B-Instruct@1@0@-686e0b83aa2417dc@bfloat16.pt"", ""Qwen-Qwen2.5-0.5B-Instruct@1@0@-6f05da493557dcc0@bfloat16.pt"", ""Qwen-Qwen2.5-0.5B-Instruct@1@0@-6fd887cbb3f9a9eb@bfloat16.pt"", ""Qwen-Qwen2.5-0.5B-Instruct@1@0@-714733f48c45cda4@bfloat16.pt"", ""Qwen-Qwen2.5-0.5B-Instruct@1@0@-79d07018ecac60e5@bfloat16.pt"", ""Qwen-Qwen2.5-0.5B-Instruct@1@0@18f756fc039e4492@bfloat16.pt"", ""Qwen-Qwen2.5-0.5B-Instruct@1@0@1c90d863150c18d2@bfloat16.pt"", ""Qwen-Qwen2.5-0.5B-Instruct@1@0@1d981d7700502e80@bfloat16.pt"", ""Qwen-Qwen2.5-0.5B-Instruct@1@0@1e2003c0d8ede2f2@bfloat16.pt"", ""Qwen-Qwen2.5-0.5B-Instruct@1@0@21700b3e1f0d70e0@bfloat16.pt"", ""Qwen-Qwen2.5-0.5B-Instruct@1@0@27d12a4d515531c1@bfloat16.pt"", ""Qwen-Qwen2.5-0.5B-Instruct@1@0@2aa1602e5e60bbf2@bfloat16.pt"", ""Qwen-Qwen2.5-0.5B-Instruct@1@0@2bc44f1f1deecccf@bfloat16.pt"", ""Qwen-Qwen2.5-0.5B-Instruct@1@0@32e379e8cf2bd4b5@bfloat16.pt"", ""Qwen-Qwen2.5-0.5B-Instruct@1@0@420d2a43da9be679@bfloat16.pt"", ""Qwen-Qwen2.5-0.5B-Instruct@1@0@437e190260e791f1@bfloat16.pt"", ""Qwen-Qwen2.5-0.5B-Instruct@1@0@47edaf11bf738ba4@bfloat16.pt"", ""Qwen-Qwen2.5-0.5B-Instruct@1@0@4d140b4ec16b7bfd@bfloat16.pt"", ""Qwen-Qwen2.5-0.5B-Instruct@1@0@55d325d3b35179a@bfloat16.pt"", ""Qwen-Qwen2.5-0.5B-Instruct@1@0@5b8b0d5740c02ae5@bfloat16.pt"", ""Qwen-Qwen2.5-0.5B-Instruct@1@0@6569de705a6089c9@bfloat16.pt"", ""Qwen-Qwen2.5-0.5B-Instruct@1@0@732a2b96e991c733@bfloat16.pt"", ""Qwen-Qwen2.5-0.5B-Instruct@1@0@a39e8f509f07151@bfloat16.pt"", ""Qwen-Qwen2.5-0.5B-Instruct@1@0@b7265d96ebe901@bfloat16.pt"", ""Qwen-Qwen2.5-0.5B-Instruct@1@0@bceba90f947eb83@bfloat16.pt"", ""Qwen-Qwen2.5-0.5B-Instruct@1@0@c37bab50f54a1e0@bfloat16.pt"", ""Qwen-Qwen2.5-0.5B-Instruct@1@0@fcd10637454f093@bfloat16.pt""]",lmcache_store_runtime_snapshot,lmcache_store_runtime_snapshot,43,none,42,43,126.0,129.0,baseline
4,What year did World War II end?,"Focus question: What year did World War II end?
Context profile: no_shared_context
Prompt tokens: 1885
Context preview: What year did World War II end? [PressureProfile] Additional cache-pressure calibration context for tier-transition coverage. Additional cache-pressure calibration context for tier-transition coverage. Additional cache-pressure calibration context for tier-transition coverage. Additional cache-pressure calibration context for tier-transition coverage. Additional cache-pressure calibration contex",What year did World War II end?,no_shared_context,"What year did World War II end?

[PressureProfile]
 Additional cache-pressure calibration context for tier-transition coverage. Additional cache-pressure calibration context for tier-transition coverage. Additional cache-pressure calibration context for tier-transition coverage. Additional cache-pressure calibration context for tier-transition coverage. Additional cache-pressure calibration context for tier-transition coverage. Additional cache-pressure calibration context for tier-transition coverage. Additional cache-pressure calibration context for tier-transition coverage. Additional cache-pressure calibration context for tier-transition coverage. Additional cache-pressure calibration context for tier-transition coverage. Additional cache-pressure calibration context for tier-transition coverage. Additional cache-pressure calibration context for tier-transition coverage. Additional cache-pressure calibration context for tier-transition coverage. Additional cache-pressure calibration context for tier-transition coverage. Additional cache-pressure calibration context for tier-transition coverage. Additional cache-pressure calibration context for tier-transition coverage. Additional cache-pressure calibration context for tier-transition coverage. Additional cache-pressure calibration context for tier-transition coverage. Additional cache-pressure calibration context for tier-transition coverage. Additional cache-pressure calibration context for tier-transition coverage. Additional cache-pressure calibration context for tier-transition coverage. Additional cache-pressure calibration context for tier-transition coverage. Additional cache-pressure calibration context for tier-transition coverage. Additional cache-pressure calibration context for tier-transition coverage. Additional cache-pressure calibration context for tier-transition coverage. Additional cache-pressure calibration context for tier-transition coverage. Additional cache-pressure calibration context for tier-transition coverage. Additional cache-pressure calibration context for tier-transition coverage. Additional cache-pressure calibration context for tier-transition coverage. Additional cache-pressure calibration context for tier-transition coverage. Additional cache-pressure calibration context for tier-transition coverage. Additional cache-pressure calibration context for tier-transition coverage. Additional cache-pressure calibration context for tier-transition coverage. Additional cache-pressure calibration context for tier-transition coverage. Additional cache-pressure calibration context for tier-transition coverage. Additional cache-pressure calibration context for tier-transition coverage. Additional cache-pressure calibration context for tier-transition coverage. Additional cache-pressure calibration context for tier-transition coverage. Additional cache-pressure calibration context for tier-transition coverage. Additional cache-pressure calibration context for tier-transition coverage. Additional cache-pressure calibration context for tier-transition coverage. Additional cache-pressure calibration context for tier-transition coverage. Additional cache-pressure calibration context for tier-transition coverage. Additional cache-pressure calibration context for tier-transition coverage. Additional cache-pressure calibration context for tier-transition coverage. Additional cache-pressure calibration context for tier-transition coverage. Additional cache-pressure calibration context for tier-transition coverage. Additional cache-pressure calibration context for tier-transition coverage. Additional cache-pressure calibration context for tier-transition coverage. Additional cache-pressure calibration context for tier-transition coverage. Additional cache-pressure calibration context for tier-transition coverage. Additional cache-pressure calibration context for tier-transition coverage. Additional cache-pressure calibration context for tier-transition coverage. Additional cache-pressure calibration context for tier-transition coverage. Additional cache-pressure calibration context for tier-transition coverage. Additional cache-pressure calibration context for tier-transition coverage. Additional cache-pressure calibration context for tier-transition coverage. Additional cache-pressure calibration context for tier-transition coverage. Additional cache-pressure calibration context for tier-transition coverage. Additional cache-pressure calibration context for tier-transition coverage. Additional cache-pressure calibration context for tier-transition coverage. Additional cache-pressure calibration context for tier-transition coverage. Additional cache-pressure calibration context for tier-transition coverage. Additional cache-pressure calibration context for tier-transition coverage. Additional cache-pressure calibration context for tier-transition coverage. Additional cache-pressure calibration context for tier-transition coverage. Additional cache-pressure calibration context for tier-transition coverage. Additional cache-pressure calibration context for tier-transition coverage. Additional cache-pressure calibration context for tier-transition coverage. Additional cache-pressure calibration context for tier-transition coverage. Additional cache-pressure calibration context for tier-transition coverage. Additional cache-pressure calibration context for tier-transition coverage. Additional cache-pressure calibration context for tier-transition coverage. Additional cache-pressure calibration context for tier-transition coverage. Additional cache-pressure calibration context for tier-transition coverage. Additional cache-pressure calibration context for tier-transition coverage. Additional cache-pressure calibration context for tier-transition coverage. Additional cache-pressure calibration context for tier-transition coverage. Additional cache-pressure calibration context for tier-transition coverage. Additional cache-pressure calibration context for tier-transition coverage. Additional cache-pressure calibration context for tier-transition coverage. Additional cache-pressure calibration context for tier-transition coverage. Additional cache-pressure calibration context for tier-transition coverage. Additional cache-pressure calibration context for tier-transition coverage. Additional cache-pressure calibration context for tier-transition coverage. Additional cache-pressure calibration context for tier-transition coverage. Additional cache-pressure calibration context for tier-transition coverage. Additional cache-pressure calibration context for tier-transition coverage. Additional cache-pressure calibration context for tier-transition coverage. Additional cache-pressure calibration context for tier-transition coverage. Additional cache-pressure calibration context for tier-transition coverage. Additional cache-pressure calibration context for tier-transition coverage. Additional cache-pressure calibration context for tier-transition coverage. Additional cache-pressure calibration context for tier-transition coverage. Additional cache-pressure calibration context for tier-transition coverage. Additional cache-pressure calibration context for tier-transition coverage. Additional cache-pressure calibration context for tier-transition coverage. Additional cache-pressure calibration context for tier-transition coverage. Additional cache-pressure calibration context for tier-transition coverage. Additional cache-pressure calibration context for tier-transition coverage. Additional cache-pressure calibration context for tier-transition coverage. Additional cache-pressure calibration context for tier-transition coverage. Additional cache-pressure calibration context for tier-transition coverage. Additional cache-pressure calibration context for tier-transition coverage. Additional cache-pressure calibration context for tier-transition coverage. Additional cache-pressure calibration context for tier-transition coverage. Additional cache-pressure calibration context for tier-transition coverage. Additional cache-pressure calibration context for tier-transition coverage. Additional cache-pressure calibration context for tier-transition coverage. Additional cache-pressure calibration context for tier-transition coverage. Additional cache-pressure calibration context for tier-transition coverage. Additional cache-pressure calibration context for tier-transition coverage. Additional cache-pressure calibration context for tier-transition coverage. Additional cache-pressure calibration context for tier-transition coverage. Additional cache-pressure calibration context for tier-transition coverage. Additional cache-pressure calibration context for tier-transition coverage. Additional cache-pressure calibration context for tier-transition coverage. Additional cache-pressure calibration context for tier-transition coverage. Additional cache-pressure calibration context for tier-transition coverage. Additional cache-pressure calibration context for tier-transition coverage. Additional cache-pressure calibration context for tier-transition coverage. Additional cache-pressure calibration context for tier-transition coverage. Additional cache-pressure calibration context for tier-transition coverage. Additional cache-pressure calibration context for tier-transition coverage. Additional cache-pressure calibration context for tier-transition coverage. Additional cache-pressure calibration context for tier-transition coverage. Additional cache-pressure calibration context for tier-transition coverage. Additional cache-pressure calibration context for tier-transition coverage. Additional cache-pressure calibration context for tier-transition coverage. Additional cache-pressure calibration context for tier-transition coverage. Additional cache-pressure calibration context for tier-transition coverage. Additional cache-pressure calibration context for tier-transition coverage. Additional cache-pressure calibration context for tier-transition coverage. Additional cache-pressure calibration context for tier-transition coverage. Additional cache-pressure calibration context for tier-transition coverage. Additional cache-pressure calibration context for tier-transition coverage. Additional cache-pressure calibration context for tier-transition coverage. Additional cache-pressure calibration context for tier-transition coverage. Additional cache-pressure calibration context for tier-transition coverage. Additional cache-pressure calibration context for tier-transition coverage. Additional cache-pressure calibration context for tier-transition coverage. Additional cache-pressure calibration context for tier-transition coverage. Additional cache-pressure calibration context for tier-transition coverage. Additional cache-pressure calibration context for tier-transition coverage. Additional cache-pressure calibration context for tier-transition coverage. Additional cache-pressure calibration context for tier-transition coverage. Additional cache-pressure calibration context for tier-transition coverage. Additional cache-pressure calibration context for tier-transition coverage. Additional cache-pressure calibration context for tier-transition coverage. Additional cache-pressure calibration context for tier-transition coverage. Additional cache-pressure calibration context for tier-transition coverage. Additional cache-pressure calibration context for tier-transition coverage. Additional cache-pressure calibration context for tier-transition coverage. Additional cache-pressure calibration context for tier-transition coverage. Additional cache-pressure calibration context for tier-transition coverage. Additional cache-pressure calibration context for tier-transition coverage. Additional cache-pressure calibration context for tier-transition coverage. Additional cache-pressure calibration context for tier-transition coverage. Additional cache-pressure calibration context for tier-transition coverage. Additional cache-pressure calibration context for tier-transition coverage. Additional cache-pressure calibration context for tier-transition coverage. Additional cache-pressure calibration context for tier-transition coverage. Additional cache-pressure calibration context for tier-transition coverage. Additional cache-pressure calibration context for tier-transition coverage. Additional cache-pressure calibration context for tier-transition coverage. Additional cache-pressure calibration context for tier-transition coverage. Additional cache-pressure calibration context for tier-transition coverage. Additional cache-pressure calibration context for tier-transition coverage. Additional cache-pressure calibration context for tier-transition coverage. Additional cache-pressure calibration context for tier-transition coverage. Additional cache-pressure calibration context for tier-transition coverage. Additional cache-pressure calibration context for tier-transition coverage. Additional cache-pressure calibration context for tier-transition coverage. Additional cache-pressure calibration context for tier-transition coverage. Additional cache-pressure calibration context for tier-transition coverage. Additional cache-pressure calibration context for tier-transition coverage. Additional cache-pressure calibration context for tier-transition coverage. Additional cache-pressure calibration context for tier-transition coverage. Additional cache-pressure calibration context for tier-transition coverage. Additional cache-pressure calibration context for tier-transition coverage. Additional cache-pressure calibration context for tier-transition coverage. Additional cache-pressure calibration context for tier-transition coverage. Additional cache-pressure calibration context for tier-transition coverage. Additional cache-pressure calibration context for tier-transition coverage. Additional cache-pressure calibration context for tier-transition coverage. Additional cache-pressure calibration context for tier-transition coverage. Additional cache-pressure calibration context for tier-transition coverage. Additional cache-pressure calibration context for tier-transition coverage. Additional cache-pressure calibration context for tier-transition coverage. Additional cache-pressure calibration context for tier-transition coverage. Additional cache-pressure calibration context for tier-transition coverage. Additional cache-pressure calibration context for tier-transition coverage. Additional cache-pressure calibration context for tier-transition coverage. Additional cache-pressure calibration context for tier-transition coverage. Additional cache-pressure calibration context for tier-transition coverage. Additional cache-pressure calibration context for tier-transition coverage. Additional cache-pressure calibration context for tier-transition coverage. Additional cache-pressure calibration context for tier-transition coverage. Additional cache-pressure calibration context for tier-transition coverage. Additional cache-pressure calibration context for tier-transition coverage. Additional cache-pressure calibration context for tier-transition coverage. Additional cache-pressure calibration context for tier-transition coverage. Additional cache-pressure calibration context for tier-transition coverage. Additional cache-pressure calibration context for tier-transition coverage. Additional cache-pressure calibration context for tier-transition coverage. Additional cache-pressure calibration context for tier-transition coverage. Additional cache-pressure calibration context for tier-transition coverage. Additional cache-pressure calibration context for tier-transition coverage. Additional cache-pressure calibration context for tier-transition coverage. Additional cache-pressure calibration context for tier-transition coverage. Additional cache-pressure calibration context for tier-transition coverage. Additional cache-pressure calibration context for tier-transition coverage. Additional cache-pressure calibration context for tier-transition coverage. Additional cache-pressure calibration context for tier-transition coverage. Additional cache-pressure calibration context for tier-transition coverage. Additional cache-pressure calibration context for tier-transition coverage. Additional cache-pressure calibration context for tier-transition coverage. Additional cache-pressure calibration context for tier-transition coverage.","What year did World War II end?

[PressureProfile]
 Additional cache-pressure calibration context for tier-transition coverage. Additional cache-pressure calibration context for tier-transition coverage. Additional cache-pressure calibration context for tier-transition coverage. Additional cache-pressure calibration context for tier-transition coverage. Additional cache-pressure calibration contex",1885,"[0, 1, 2, 3, 4, 5, 6, 7, 8, 9, 10, 11, 12, 13, 14, 15, 16, 43, 17, 18, 19, 20, 21, 22, 23, 24, 25, 26, 27, 28, 29, 41, 30, 31, 32, 33, 34, 35, 42, 36, 37, 38, 39, 40]","[0, 1, 2, 3, 4, 5, 6, 7, 8, 9, 10, 11, 12, 13, 14, 15, 16, 17, 18, 19, 20, 21, 22, 23, 24, 25, 26, 27, 28, 29, 41, 30, 31, 32, 33, 34, 35, 42, 36, 37, 38, 39, 40]",[43],44,"[""Qwen-Qwen2.5-0.5B-Instruct@1@0@-116da7f326672ed0@bfloat16.pt"", ""Qwen-Qwen2.5-0.5B-Instruct@1@0@-15e9d7349980349b@bfloat16.pt"", ""Qwen-Qwen2.5-0.5B-Instruct@1@0@-28ac06e23c8e2dc@bfloat16.pt"", ""Qwen-Qwen2.5-0.5B-Instruct@1@0@-28dc111a3afa7113@bfloat16.pt"", ""Qwen-Qwen2.5-0.5B-Instruct@1@0@-2b9f2a7bc9f1c07d@bfloat16.pt"", ""Qwen-Qwen2.5-0.5B-Instruct@1@0@-371b580ef0e04f1b@bfloat16.pt"", ""Qwen-Qwen2.5-0.5B-Instruct@1@0@-39e374f84c43699d@bfloat16.pt"", ""Qwen-Qwen2.5-0.5B-Instruct@1@0@-3cf291634fa488fd@bfloat16.pt"", ""Qwen-Qwen2.5-0.5B-Instruct@1@0@-3f54375955af262a@bfloat16.pt"", ""Qwen-Qwen2.5-0.5B-Instruct@1@0@-41688de3c12cd4be@bfloat16.pt"", ""Qwen-Qwen2.5-0.5B-Instruct@1@0@-47f6ac3f375784d4@bfloat16.pt"", ""Qwen-Qwen2.5-0.5B-Instruct@1@0@-480a642972daf5cc@bfloat16.pt"", ""Qwen-Qwen2.5-0.5B-Instruct@1@0@-4d89da8528b88365@bfloat16.pt"", ""Qwen-Qwen2.5-0.5B-Instruct@1@0@-4ffe101cb77eb065@bfloat16.pt"", ""Qwen-Qwen2.5-0.5B-Instruct@1@0@-6162f7d7ebc484cb@bfloat16.pt"", ""Qwen-Qwen2.5-0.5B-Instruct@1@0@-675889bafbe65ea7@bfloat16.pt"", ""Qwen-Qwen2.5-0.5B-Instruct@1@0@-686e0b83aa2417dc@bfloat16.pt"", ""Qwen-Qwen2.5-0.5B-Instruct@1@0@-6a4ef6426febe9cd@bfloat16.pt"", ""Qwen-Qwen2.5-0.5B-Instruct@1@0@-6f05da493557dcc0@bfloat16.pt"", ""Qwen-Qwen2.5-0.5B-Instruct@1@0@-6fd887cbb3f9a9eb@bfloat16.pt"", ""Qwen-Qwen2.5-0.5B-Instruct@1@0@-714733f48c45cda4@bfloat16.pt"", ""Qwen-Qwen2.5-0.5B-Instruct@1@0@-79d07018ecac60e5@bfloat16.pt"", ""Qwen-Qwen2.5-0.5B-Instruct@1@0@18f756fc039e4492@bfloat16.pt"", ""Qwen-Qwen2.5-0.5B-Instruct@1@0@1c90d863150c18d2@bfloat16.pt"", ""Qwen-Qwen2.5-0.5B-Instruct@1@0@1d981d7700502e80@bfloat16.pt"", ""Qwen-Qwen2.5-0.5B-Instruct@1@0@1e2003c0d8ede2f2@bfloat16.pt"", ""Qwen-Qwen2.5-0.5B-Instruct@1@0@21700b3e1f0d70e0@bfloat16.pt"", ""Qwen-Qwen2.5-0.5B-Instruct@1@0@27d12a4d515531c1@bfloat16.pt"", ""Qwen-Qwen2.5-0.5B-Instruct@1@0@2aa1602e5e60bbf2@bfloat16.pt"", ""Qwen-Qwen2.5-0.5B-Instruct@1@0@2bc44f1f1deecccf@bfloat16.pt"", ""Qwen-Qwen2.5-0.5B-Instruct@1@0@32e379e8cf2bd4b5@bfloat16.pt"", ""Qwen-Qwen2.5-0.5B-Instruct@1@0@420d2a43da9be679@bfloat16.pt"", ""Qwen-Qwen2.5-0.5B-Instruct@1@0@437e190260e791f1@bfloat16.pt"", ""Qwen-Qwen2.5-0.5B-Instruct@1@0@47edaf11bf738ba4@bfloat16.pt"", ""Qwen-Qwen2.5-0.5B-Instruct@1@0@4d140b4ec16b7bfd@bfloat16.pt"", ""Qwen-Qwen2.5-0.5B-Instruct@1@0@55d325d3b35179a@bfloat16.pt"", ""Qwen-Qwen2.5-0.5B-Instruct@1@0@5b8b0d5740c02ae5@bfloat16.pt"", ""Qwen-Qwen2.5-0.5B-Instruct@1@0@6569de705a6089c9@bfloat16.pt"", ""Qwen-Qwen2.5-0.5B-Instruct@1@0@732a2b96e991c733@bfloat16.pt"", ""Qwen-Qwen2.5-0.5B-Instruct@1@0@a39e8f509f07151@bfloat16.pt"", ""Qwen-Qwen2.5-0.5B-Instruct@1@0@b7265d96ebe901@bfloat16.pt"", ""Qwen-Qwen2.5-0.5B-Instruct@1@0@bceba90f947eb83@bfloat16.pt"", ""Qwen-Qwen2.5-0.5B-Instruct@1@0@c37bab50f54a1e0@bfloat16.pt"", ""Qwen-Qwen2.5-0.5B-Instruct@1@0@fcd10637454f093@bfloat16.pt""]",lmcache_store_runtime_snapshot,lmcache_store_runtime_snapshot,44,l1_to_l2,43,44,129.0,132.0,exceed_l1
5,What is the tallest species of tree?,"Focus question: What is the tallest species of tree?
Context profile: no_shared_context
Prompt tokens: 1885
Context preview: What is the tallest species of tree? [PressureProfile] Additional cache-pressure calibration context for tier-transition coverage. Additional cache-pressure calibration context for tier-transition coverage. Additional cache-pressure calibration context for tier-transition coverage. Additional cache-pressure calibration context for tier-transition coverage. Additional cache-pressure calibration c",What is the tallest species of tree?,no_shared_context,"What is the tallest species of tree?

[PressureProfile]
 Additional cache-pressure calibration context for tier-transition coverage. Additional cache-pressure calibration context for tier-transition coverage. Additional cache-pressure calibration context for tier-transition coverage. Additional cache-pressure calibration context for tier-transition coverage. Additional cache-pressure calibration context for tier-transition coverage. Additional cache-pressure calibration context for tier-transition coverage. Additional cache-pressure calibration context for tier-transition coverage. Additional cache-pressure calibration context for tier-transition coverage. Additional cache-pressure calibration context for tier-transition coverage. Additional cache-pressure calibration context for tier-transition coverage. Additional cache-pressure calibration context for tier-transition coverage. Additional cache-pressure calibration context for tier-transition coverage. Additional cache-pressure calibration context for tier-transition coverage. Additional cache-pressure calibration context for tier-transition coverage. Additional cache-pressure calibration context for tier-transition coverage. Additional cache-pressure calibration context for tier-transition coverage. Additional cache-pressure calibration context for tier-transition coverage. Additional cache-pressure calibration context for tier-transition coverage. Additional cache-pressure calibration context for tier-transition coverage. Additional cache-pressure calibration context for tier-transition coverage. Additional cache-pressure calibration context for tier-transition coverage. Additional cache-pressure calibration context for tier-transition coverage. Additional cache-pressure calibration context for tier-transition coverage. Additional cache-pressure calibration context for tier-transition coverage. Additional cache-pressure calibration context for tier-transition coverage. Additional cache-pressure calibration context for tier-transition coverage. Additional cache-pressure calibration context for tier-transition coverage. Additional cache-pressure calibration context for tier-transition coverage. Additional cache-pressure calibration context for tier-transition coverage. Additional cache-pressure calibration context for tier-transition coverage. Additional cache-pressure calibration context for tier-transition coverage. Additional cache-pressure calibration context for tier-transition coverage. Additional cache-pressure calibration context for tier-transition coverage. Additional cache-pressure calibration context for tier-transition coverage. Additional cache-pressure calibration context for tier-transition coverage. Additional cache-pressure calibration context for tier-transition coverage. Additional cache-pressure calibration context for tier-transition coverage. Additional cache-pressure calibration context for tier-transition coverage. Additional cache-pressure calibration context for tier-transition coverage. Additional cache-pressure calibration context for tier-transition coverage. Additional cache-pressure calibration context for tier-transition coverage. Additional cache-pressure calibration context for tier-transition coverage. Additional cache-pressure calibration context for tier-transition coverage. Additional cache-pressure calibration context for tier-transition coverage. Additional cache-pressure calibration context for tier-transition coverage. Additional cache-pressure calibration context for tier-transition coverage. Additional cache-pressure calibration context for tier-transition coverage. Additional cache-pressure calibration context for tier-transition coverage. Additional cache-pressure calibration context for tier-transition coverage. Additional cache-pressure calibration context for tier-transition coverage. Additional cache-pressure calibration context for tier-transition coverage. Additional cache-pressure calibration context for tier-transition coverage. Additional cache-pressure calibration context for tier-transition coverage. Additional cache-pressure calibration context for tier-transition coverage. Additional cache-pressure calibration context for tier-transition coverage. Additional cache-pressure calibration context for tier-transition coverage. Additional cache-pressure calibration context for tier-transition coverage. Additional cache-pressure calibration context for tier-transition coverage. Additional cache-pressure calibration context for tier-transition coverage. Additional cache-pressure calibration context for tier-transition coverage. Additional cache-pressure calibration context for tier-transition coverage. Additional cache-pressure calibration context for tier-transition coverage. Additional cache-pressure calibration context for tier-transition coverage. Additional cache-pressure calibration context for tier-transition coverage. Additional cache-pressure calibration context for tier-transition coverage. Additional cache-pressure calibration context for tier-transition coverage. Additional cache-pressure calibration context for tier-transition coverage. Additional cache-pressure calibration context for tier-transition coverage. Additional cache-pressure calibration context for tier-transition coverage. Additional cache-pressure calibration context for tier-transition coverage. Additional cache-pressure calibration context for tier-transition coverage. Additional cache-pressure calibration context for tier-transition coverage. Additional cache-pressure calibration context for tier-transition coverage. Additional cache-pressure calibration context for tier-transition coverage. Additional cache-pressure calibration context for tier-transition coverage. Additional cache-pressure calibration context for tier-transition coverage. Additional cache-pressure calibration context for tier-transition coverage. Additional cache-pressure calibration context for tier-transition coverage. Additional cache-pressure calibration context for tier-transition coverage. Additional cache-pressure calibration context for tier-transition coverage. Additional cache-pressure calibration context for tier-transition coverage. Additional cache-pressure calibration context for tier-transition coverage. Additional cache-pressure calibration context for tier-transition coverage. Additional cache-pressure calibration context for tier-transition coverage. Additional cache-pressure calibration context for tier-transition coverage. Additional cache-pressure calibration context for tier-transition coverage. Additional cache-pressure calibration context for tier-transition coverage. Additional cache-pressure calibration context for tier-transition coverage. Additional cache-pressure calibration context for tier-transition coverage. Additional cache-pressure calibration context for tier-transition coverage. Additional cache-pressure calibration context for tier-transition coverage. Additional cache-pressure calibration context for tier-transition coverage. Additional cache-pressure calibration context for tier-transition coverage. Additional cache-pressure calibration context for tier-transition coverage. Additional cache-pressure calibration context for tier-transition coverage. Additional cache-pressure calibration context for tier-transition coverage. Additional cache-pressure calibration context for tier-transition coverage. Additional cache-pressure calibration context for tier-transition coverage. Additional cache-pressure calibration context for tier-transition coverage. Additional cache-pressure calibration context for tier-transition coverage. Additional cache-pressure calibration context for tier-transition coverage. Additional cache-pressure calibration context for tier-transition coverage. Additional cache-pressure calibration context for tier-transition coverage. Additional cache-pressure calibration context for tier-transition coverage. Additional cache-pressure calibration context for tier-transition coverage. Additional cache-pressure calibration context for tier-transition coverage. Additional cache-pressure calibration context for tier-transition coverage. Additional cache-pressure calibration context for tier-transition coverage. Additional cache-pressure calibration context for tier-transition coverage. Additional cache-pressure calibration context for tier-transition coverage. Additional cache-pressure calibration context for tier-transition coverage. Additional cache-pressure calibration context for tier-transition coverage. Additional cache-pressure calibration context for tier-transition coverage. Additional cache-pressure calibration context for tier-transition coverage. Additional cache-pressure calibration context for tier-transition coverage. Additional cache-pressure calibration context for tier-transition coverage. Additional cache-pressure calibration context for tier-transition coverage. Additional cache-pressure calibration context for tier-transition coverage. Additional cache-pressure calibration context for tier-transition coverage. Additional cache-pressure calibration context for tier-transition coverage. Additional cache-pressure calibration context for tier-transition coverage. Additional cache-pressure calibration context for tier-transition coverage. Additional cache-pressure calibration context for tier-transition coverage. Additional cache-pressure calibration context for tier-transition coverage. Additional cache-pressure calibration context for tier-transition coverage. Additional cache-pressure calibration context for tier-transition coverage. Additional cache-pressure calibration context for tier-transition coverage. Additional cache-pressure calibration context for tier-transition coverage. Additional cache-pressure calibration context for tier-transition coverage. Additional cache-pressure calibration context for tier-transition coverage. Additional cache-pressure calibration context for tier-transition coverage. Additional cache-pressure calibration context for tier-transition coverage. Additional cache-pressure calibration context for tier-transition coverage. Additional cache-pressure calibration context for tier-transition coverage. Additional cache-pressure calibration context for tier-transition coverage. Additional cache-pressure calibration context for tier-transition coverage. Additional cache-pressure calibration context for tier-transition coverage. Additional cache-pressure calibration context for tier-transition coverage. Additional cache-pressure calibration context for tier-transition coverage. Additional cache-pressure calibration context for tier-transition coverage. Additional cache-pressure calibration context for tier-transition coverage. Additional cache-pressure calibration context for tier-transition coverage. Additional cache-pressure calibration context for tier-transition coverage. Additional cache-pressure calibration context for tier-transition coverage. Additional cache-pressure calibration context for tier-transition coverage. Additional cache-pressure calibration context for tier-transition coverage. Additional cache-pressure calibration context for tier-transition coverage. Additional cache-pressure calibration context for tier-transition coverage. Additional cache-pressure calibration context for tier-transition coverage. Additional cache-pressure calibration context for tier-transition coverage. Additional cache-pressure calibration context for tier-transition coverage. Additional cache-pressure calibration context for tier-transition coverage. Additional cache-pressure calibration context for tier-transition coverage. Additional cache-pressure calibration context for tier-transition coverage. Additional cache-pressure calibration context for tier-transition coverage. Additional cache-pressure calibration context for tier-transition coverage. Additional cache-pressure calibration context for tier-transition coverage. Additional cache-pressure calibration context for tier-transition coverage. Additional cache-pressure calibration context for tier-transition coverage. Additional cache-pressure calibration context for tier-transition coverage. Additional cache-pressure calibration context for tier-transition coverage. Additional cache-pressure calibration context for tier-transition coverage. Additional cache-pressure calibration context for tier-transition coverage. Additional cache-pressure calibration context for tier-transition coverage. Additional cache-pressure calibration context for tier-transition coverage. Additional cache-pressure calibration context for tier-transition coverage. Additional cache-pressure calibration context for tier-transition coverage. Additional cache-pressure calibration context for tier-transition coverage. Additional cache-pressure calibration context for tier-transition coverage. Additional cache-pressure calibration context for tier-transition coverage. Additional cache-pressure calibration context for tier-transition coverage. Additional cache-pressure calibration context for tier-transition coverage. Additional cache-pressure calibration context for tier-transition coverage. Additional cache-pressure calibration context for tier-transition coverage. Additional cache-pressure calibration context for tier-transition coverage. Additional cache-pressure calibration context for tier-transition coverage. Additional cache-pressure calibration context for tier-transition coverage. Additional cache-pressure calibration context for tier-transition coverage. Additional cache-pressure calibration context for tier-transition coverage. Additional cache-pressure calibration context for tier-transition coverage. Additional cache-pressure calibration context for tier-transition coverage. Additional cache-pressure calibration context for tier-transition coverage. Additional cache-pressure calibration context for tier-transition coverage. Additional cache-pressure calibration context for tier-transition coverage. Additional cache-pressure calibration context for tier-transition coverage. Additional cache-pressure calibration context for tier-transition coverage. Additional cache-pressure calibration context for tier-transition coverage. Additional cache-pressure calibration context for tier-transition coverage. Additional cache-pressure calibration context for tier-transition coverage. Additional cache-pressure calibration context for tier-transition coverage. Additional cache-pressure calibration context for tier-transition coverage. Additional cache-pressure calibration context for tier-transition coverage. Additional cache-pressure calibration context for tier-transition coverage. Additional cache-pressure calibration context for tier-transition coverage. Additional cache-pressure calibration context for tier-transition coverage. Additional cache-pressure calibration context for tier-transition coverage. Additional cache-pressure calibration context for tier-transition coverage. Additional cache-pressure calibration context for tier-transition coverage. Additional cache-pressure calibration context for tier-transition coverage. Additional cache-pressure calibration context for tier-transition coverage. Additional cache-pressure calibration context for tier-transition coverage. Additional cache-pressure calibration context for tier-transition coverage. Additional cache-pressure calibration context for tier-transition coverage. Additional cache-pressure calibration context for tier-transition coverage. Additional cache-pressure calibration context for tier-transition coverage. Additional cache-pressure calibration context for tier-transition coverage. Additional cache-pressure calibration context for tier-transition coverage. Additional cache-pressure calibration context for tier-transition coverage. Additional cache-pressure calibration context for tier-transition coverage. Additional cache-pressure calibration context for tier-transition coverage. Additional cache-pressure calibration context for tier-transition coverage. Additional cache-pressure calibration context for tier-transition coverage. Additional cache-pressure calibration context for tier-transition coverage. Additional cache-pressure calibration context for tier-transition coverage. Additional cache-pressure calibration context for tier-transition coverage. Additional cache-pressure calibration context for tier-transition coverage. Additional cache-pressure calibration context for tier-transition coverage.","What is the tallest species of tree?

[PressureProfile]
 Additional cache-pressure calibration context for tier-transition coverage. Additional cache-pressure calibration context for tier-transition coverage. Additional cache-pressure calibration context for tier-transition coverage. Additional cache-pressure calibration context for tier-transition coverage. Additional cache-pressure calibration c",1885,"[0, 1, 2, 3, 4, 5, 6, 7, 8, 9, 44, 10, 11, 12, 13, 14, 15, 16, 43, 17, 18, 19, 20, 21, 22, 23, 24, 25, 26, 27, 28, 29, 41, 30, 31, 32, 33, 34, 35, 42, 36, 37, 38, 39, 40]","[0, 1, 2, 3, 4, 5, 6, 7, 8, 9, 10, 11, 12, 13, 14, 15, 16, 43, 17, 18, 19, 20, 21, 22, 23, 24, 25, 26, 27, 28, 29, 41, 30, 31, 32, 33, 34, 35, 42, 36, 37, 38, 39, 40]",[44],45,"[""Qwen-Qwen2.5-0.5B-Instruct@1@0@-116da7f326672ed0@bfloat16.pt"", ""Qwen-Qwen2.5-0.5B-Instruct@1@0@-15e9d7349980349b@bfloat16.pt"", ""Qwen-Qwen2.5-0.5B-Instruct@1@0@-28ac06e23c8e2dc@bfloat16.pt"", ""Qwen-Qwen2.5-0.5B-Instruct@1@0@-28dc111a3afa7113@bfloat16.pt"", ""Qwen-Qwen2.5-0.5B-Instruct@1@0@-2b9f2a7bc9f1c07d@bfloat16.pt"", ""Qwen-Qwen2.5-0.5B-Instruct@1@0@-371b580ef0e04f1b@bfloat16.pt"", ""Qwen-Qwen2.5-0.5B-Instruct@1@0@-39e374f84c43699d@bfloat16.pt"", ""Qwen-Qwen2.5-0.5B-Instruct@1@0@-3cf291634fa488fd@bfloat16.pt"", ""Qwen-Qwen2.5-0.5B-Instruct@1@0@-3f54375955af262a@bfloat16.pt"", ""Qwen-Qwen2.5-0.5B-Instruct@1@0@-41688de3c12cd4be@bfloat16.pt"", ""Qwen-Qwen2.5-0.5B-Instruct@1@0@-43d66e5c7025aa3c@bfloat16.pt"", ""Qwen-Qwen2.5-0.5B-Instruct@1@0@-47f6ac3f375784d4@bfloat16.pt"", ""Qwen-Qwen2.5-0.5B-Instruct@1@0@-480a642972daf5cc@bfloat16.pt"", ""Qwen-Qwen2.5-0.5B-Instruct@1@0@-4d89da8528b88365@bfloat16.pt"", ""Qwen-Qwen2.5-0.5B-Instruct@1@0@-4ffe101cb77eb065@bfloat16.pt"", ""Qwen-Qwen2.5-0.5B-Instruct@1@0@-6162f7d7ebc484cb@bfloat16.pt"", ""Qwen-Qwen2.5-0.5B-Instruct@1@0@-675889bafbe65ea7@bfloat16.pt"", ""Qwen-Qwen2.5-0.5B-Instruct@1@0@-686e0b83aa2417dc@bfloat16.pt"", ""Qwen-Qwen2.5-0.5B-Instruct@1@0@-6a4ef6426febe9cd@bfloat16.pt"", ""Qwen-Qwen2.5-0.5B-Instruct@1@0@-6f05da493557dcc0@bfloat16.pt"", ""Qwen-Qwen2.5-0.5B-Instruct@1@0@-6fd887cbb3f9a9eb@bfloat16.pt"", ""Qwen-Qwen2.5-0.5B-Instruct@1@0@-714733f48c45cda4@bfloat16.pt"", ""Qwen-Qwen2.5-0.5B-Instruct@1@0@-79d07018ecac60e5@bfloat16.pt"", ""Qwen-Qwen2.5-0.5B-Instruct@1@0@18f756fc039e4492@bfloat16.pt"", ""Qwen-Qwen2.5-0.5B-Instruct@1@0@1c90d863150c18d2@bfloat16.pt"", ""Qwen-Qwen2.5-0.5B-Instruct@1@0@1d981d7700502e80@bfloat16.pt"", ""Qwen-Qwen2.5-0.5B-Instruct@1@0@1e2003c0d8ede2f2@bfloat16.pt"", ""Qwen-Qwen2.5-0.5B-Instruct@1@0@21700b3e1f0d70e0@bfloat16.pt"", ""Qwen-Qwen2.5-0.5B-Instruct@1@0@27d12a4d515531c1@bfloat16.pt"", ""Qwen-Qwen2.5-0.5B-Instruct@1@0@2aa1602e5e60bbf2@bfloat16.pt"", ""Qwen-Qwen2.5-0.5B-Instruct@1@0@2bc44f1f1deecccf@bfloat16.pt"", ""Qwen-Qwen2.5-0.5B-Instruct@1@0@32e379e8cf2bd4b5@bfloat16.pt"", ""Qwen-Qwen2.5-0.5B-Instruct@1@0@420d2a43da9be679@bfloat16.pt"", ""Qwen-Qwen2.5-0.5B-Instruct@1@0@437e190260e791f1@bfloat16.pt"", ""Qwen-Qwen2.5-0.5B-Instruct@1@0@47edaf11bf738ba4@bfloat16.pt"", ""Qwen-Qwen2.5-0.5B-Instruct@1@0@4d140b4ec16b7bfd@bfloat16.pt"", ""Qwen-Qwen2.5-0.5B-Instruct@1@0@55d325d3b35179a@bfloat16.pt"", ""Qwen-Qwen2.5-0.5B-Instruct@1@0@5b8b0d5740c02ae5@bfloat16.pt"", ""Qwen-Qwen2.5-0.5B-Instruct@1@0@6569de705a6089c9@bfloat16.pt"", ""Qwen-Qwen2.5-0.5B-Instruct@1@0@732a2b96e991c733@bfloat16.pt"", ""Qwen-Qwen2.5-0.5B-Instruct@1@0@a39e8f509f07151@bfloat16.pt"", ""Qwen-Qwen2.5-0.5B-Instruct@1@0@b7265d96ebe901@bfloat16.pt"", ""Qwen-Qwen2.5-0.5B-Instruct@1@0@bceba90f947eb83@bfloat16.pt"", ""Qwen-Qwen2.5-0.5B-Instruct@1@0@c37bab50f54a1e0@bfloat16.pt"", ""Qwen-Qwen2.5-0.5B-Instruct@1@0@fcd10637454f093@bfloat16.pt""]",lmcache_store_runtime_snapshot,lmcache_store_runtime_snapshot,45,l1_to_l2,44,45,132.0,135.0,exceed_l1
6,Who wrote The Divine Comedy?,"Focus question: Who wrote The Divine Comedy?
Context profile: no_shared_context
Prompt tokens: 1885
Context preview: Who wrote The Divine Comedy? [PressureProfile] Additional cache-pressure calibration context for tier-transition coverage. Additional cache-pressure calibration context for tier-transition coverage. Additional cache-pressure calibration context for tier-transition coverage. Additional cache-pressure calibration context for tier-transition coverage. Additional cache-pressure calibration context f",Who wrote The Divine Comedy?,no_shared_context,"Who wrote The Divine Comedy?

[PressureProfile]
 Additional cache-pressure calibration context for tier-transition coverage. Additional cache-pressure calibration context for tier-transition coverage. Additional cache-pressure calibration context for tier-transition coverage. Additional cache-pressure calibration context for tier-transition coverage. Additional cache-pressure calibration context for tier-transition coverage. Additional cache-pressure calibration context for tier-transition coverage. Additional cache-pressure calibration context for tier-transition coverage. Additional cache-pressure calibration context for tier-transition coverage. Additional cache-pressure calibration context for tier-transition coverage. Additional cache-pressure calibration context for tier-transition coverage. Additional cache-pressure calibration context for tier-transition coverage. Additional cache-pressure calibration context for tier-transition coverage. Additional cache-pressure calibration context for tier-transition coverage. Additional cache-pressure calibration context for tier-transition coverage. Additional cache-pressure calibration context for tier-transition coverage. Additional cache-pressure calibration context for tier-transition coverage. Additional cache-pressure calibration context for tier-transition coverage. Additional cache-pressure calibration context for tier-transition coverage. Additional cache-pressure calibration context for tier-transition coverage. Additional cache-pressure calibration context for tier-transition coverage. Additional cache-pressure calibration context for tier-transition coverage. Additional cache-pressure calibration context for tier-transition coverage. Additional cache-pressure calibration context for tier-transition coverage. Additional cache-pressure calibration context for tier-transition coverage. Additional cache-pressure calibration context for tier-transition coverage. Additional cache-pressure calibration context for tier-transition coverage. Additional cache-pressure calibration context for tier-transition coverage. Additional cache-pressure calibration context for tier-transition coverage. Additional cache-pressure calibration context for tier-transition coverage. Additional cache-pressure calibration context for tier-transition coverage. Additional cache-pressure calibration context for tier-transition coverage. Additional cache-pressure calibration context for tier-transition coverage. Additional cache-pressure calibration context for tier-transition coverage. Additional cache-pressure calibration context for tier-transition coverage. Additional cache-pressure calibration context for tier-transition coverage. Additional cache-pressure calibration context for tier-transition coverage. Additional cache-pressure calibration context for tier-transition coverage. Additional cache-pressure calibration context for tier-transition coverage. Additional cache-pressure calibration context for tier-transition coverage. Additional cache-pressure calibration context for tier-transition coverage. Additional cache-pressure calibration context for tier-transition coverage. Additional cache-pressure calibration context for tier-transition coverage. Additional cache-pressure calibration context for tier-transition coverage. Additional cache-pressure calibration context for tier-transition coverage. Additional cache-pressure calibration context for tier-transition coverage. Additional cache-pressure calibration context for tier-transition coverage. Additional cache-pressure calibration context for tier-transition coverage. Additional cache-pressure calibration context for tier-transition coverage. Additional cache-pressure calibration context for tier-transition coverage. Additional cache-pressure calibration context for tier-transition coverage. Additional cache-pressure calibration context for tier-transition coverage. Additional cache-pressure calibration context for tier-transition coverage. Additional cache-pressure calibration context for tier-transition coverage. Additional cache-pressure calibration context for tier-transition coverage. Additional cache-pressure calibration context for tier-transition coverage. Additional cache-pressure calibration context for tier-transition coverage. Additional cache-pressure calibration context for tier-transition coverage. Additional cache-pressure calibration context for tier-transition coverage. Additional cache-pressure calibration context for tier-transition coverage. Additional cache-pressure calibration context for tier-transition coverage. Additional cache-pressure calibration context for tier-transition coverage. Additional cache-pressure calibration context for tier-transition coverage. Additional cache-pressure calibration context for tier-transition coverage. Additional cache-pressure calibration context for tier-transition coverage. Additional cache-pressure calibration context for tier-transition coverage. Additional cache-pressure calibration context for tier-transition coverage. Additional cache-pressure calibration context for tier-transition coverage. Additional cache-pressure calibration context for tier-transition coverage. Additional cache-pressure calibration context for tier-transition coverage. Additional cache-pressure calibration context for tier-transition coverage. Additional cache-pressure calibration context for tier-transition coverage. Additional cache-pressure calibration context for tier-transition coverage. Additional cache-pressure calibration context for tier-transition coverage. Additional cache-pressure calibration context for tier-transition coverage. Additional cache-pressure calibration context for tier-transition coverage. Additional cache-pressure calibration context for tier-transition coverage. Additional cache-pressure calibration context for tier-transition coverage. Additional cache-pressure calibration context for tier-transition coverage. Additional cache-pressure calibration context for tier-transition coverage. Additional cache-pressure calibration context for tier-transition coverage. Additional cache-pressure calibration context for tier-transition coverage. Additional cache-pressure calibration context for tier-transition coverage. Additional cache-pressure calibration context for tier-transition coverage. Additional cache-pressure calibration context for tier-transition coverage. Additional cache-pressure calibration context for tier-transition coverage. Additional cache-pressure calibration context for tier-transition coverage. Additional cache-pressure calibration context for tier-transition coverage. Additional cache-pressure calibration context for tier-transition coverage. Additional cache-pressure calibration context for tier-transition coverage. Additional cache-pressure calibration context for tier-transition coverage. Additional cache-pressure calibration context for tier-transition coverage. Additional cache-pressure calibration context for tier-transition coverage. Additional cache-pressure calibration context for tier-transition coverage. Additional cache-pressure calibration context for tier-transition coverage. Additional cache-pressure calibration context for tier-transition coverage. Additional cache-pressure calibration context for tier-transition coverage. Additional cache-pressure calibration context for tier-transition coverage. Additional cache-pressure calibration context for tier-transition coverage. Additional cache-pressure calibration context for tier-transition coverage. Additional cache-pressure calibration context for tier-transition coverage. Additional cache-pressure calibration context for tier-transition coverage. Additional cache-pressure calibration context for tier-transition coverage. Additional cache-pressure calibration context for tier-transition coverage. Additional cache-pressure calibration context for tier-transition coverage. Additional cache-pressure calibration context for tier-transition coverage. Additional cache-pressure calibration context for tier-transition coverage. Additional cache-pressure calibration context for tier-transition coverage. Additional cache-pressure calibration context for tier-transition coverage. Additional cache-pressure calibration context for tier-transition coverage. Additional cache-pressure calibration context for tier-transition coverage. Additional cache-pressure calibration context for tier-transition coverage. Additional cache-pressure calibration context for tier-transition coverage. Additional cache-pressure calibration context for tier-transition coverage. Additional cache-pressure calibration context for tier-transition coverage. Additional cache-pressure calibration context for tier-transition coverage. Additional cache-pressure calibration context for tier-transition coverage. Additional cache-pressure calibration context for tier-transition coverage. Additional cache-pressure calibration context for tier-transition coverage. Additional cache-pressure calibration context for tier-transition coverage. Additional cache-pressure calibration context for tier-transition coverage. Additional cache-pressure calibration context for tier-transition coverage. Additional cache-pressure calibration context for tier-transition coverage. Additional cache-pressure calibration context for tier-transition coverage. Additional cache-pressure calibration context for tier-transition coverage. Additional cache-pressure calibration context for tier-transition coverage. Additional cache-pressure calibration context for tier-transition coverage. Additional cache-pressure calibration context for tier-transition coverage. Additional cache-pressure calibration context for tier-transition coverage. Additional cache-pressure calibration context for tier-transition coverage. Additional cache-pressure calibration context for tier-transition coverage. Additional cache-pressure calibration context for tier-transition coverage. Additional cache-pressure calibration context for tier-transition coverage. Additional cache-pressure calibration context for tier-transition coverage. Additional cache-pressure calibration context for tier-transition coverage. Additional cache-pressure calibration context for tier-transition coverage. Additional cache-pressure calibration context for tier-transition coverage. Additional cache-pressure calibration context for tier-transition coverage. Additional cache-pressure calibration context for tier-transition coverage. Additional cache-pressure calibration context for tier-transition coverage. Additional cache-pressure calibration context for tier-transition coverage. Additional cache-pressure calibration context for tier-transition coverage. Additional cache-pressure calibration context for tier-transition coverage. Additional cache-pressure calibration context for tier-transition coverage. Additional cache-pressure calibration context for tier-transition coverage. Additional cache-pressure calibration context for tier-transition coverage. Additional cache-pressure calibration context for tier-transition coverage. Additional cache-pressure calibration context for tier-transition coverage. Additional cache-pressure calibration context for tier-transition coverage. Additional cache-pressure calibration context for tier-transition coverage. Additional cache-pressure calibration context for tier-transition coverage. Additional cache-pressure calibration context for tier-transition coverage. Additional cache-pressure calibration context for tier-transition coverage. Additional cache-pressure calibration context for tier-transition coverage. Additional cache-pressure calibration context for tier-transition coverage. Additional cache-pressure calibration context for tier-transition coverage. Additional cache-pressure calibration context for tier-transition coverage. Additional cache-pressure calibration context for tier-transition coverage. Additional cache-pressure calibration context for tier-transition coverage. Additional cache-pressure calibration context for tier-transition coverage. Additional cache-pressure calibration context for tier-transition coverage. Additional cache-pressure calibration context for tier-transition coverage. Additional cache-pressure calibration context for tier-transition coverage. Additional cache-pressure calibration context for tier-transition coverage. Additional cache-pressure calibration context for tier-transition coverage. Additional cache-pressure calibration context for tier-transition coverage. Additional cache-pressure calibration context for tier-transition coverage. Additional cache-pressure calibration context for tier-transition coverage. Additional cache-pressure calibration context for tier-transition coverage. Additional cache-pressure calibration context for tier-transition coverage. Additional cache-pressure calibration context for tier-transition coverage. Additional cache-pressure calibration context for tier-transition coverage. Additional cache-pressure calibration context for tier-transition coverage. Additional cache-pressure calibration context for tier-transition coverage. Additional cache-pressure calibration context for tier-transition coverage. Additional cache-pressure calibration context for tier-transition coverage. Additional cache-pressure calibration context for tier-transition coverage. Additional cache-pressure calibration context for tier-transition coverage. Additional cache-pressure calibration context for tier-transition coverage. Additional cache-pressure calibration context for tier-transition coverage. Additional cache-pressure calibration context for tier-transition coverage. Additional cache-pressure calibration context for tier-transition coverage. Additional cache-pressure calibration context for tier-transition coverage. Additional cache-pressure calibration context for tier-transition coverage. Additional cache-pressure calibration context for tier-transition coverage. Additional cache-pressure calibration context for tier-transition coverage. Additional cache-pressure calibration context for tier-transition coverage. Additional cache-pressure calibration context for tier-transition coverage. Additional cache-pressure calibration context for tier-transition coverage. Additional cache-pressure calibration context for tier-transition coverage. Additional cache-pressure calibration context for tier-transition coverage. Additional cache-pressure calibration context for tier-transition coverage. Additional cache-pressure calibration context for tier-transition coverage. Additional cache-pressure calibration context for tier-transition coverage. Additional cache-pressure calibration context for tier-transition coverage. Additional cache-pressure calibration context for tier-transition coverage. Additional cache-pressure calibration context for tier-transition coverage. Additional cache-pressure calibration context for tier-transition coverage. Additional cache-pressure calibration context for tier-transition coverage. Additional cache-pressure calibration context for tier-transition coverage. Additional cache-pressure calibration context for tier-transition coverage. Additional cache-pressure calibration context for tier-transition coverage. Additional cache-pressure calibration context for tier-transition coverage. Additional cache-pressure calibration context for tier-transition coverage. Additional cache-pressure calibration context for tier-transition coverage. Additional cache-pressure calibration context for tier-transition coverage. Additional cache-pressure calibration context for tier-transition coverage. Additional cache-pressure calibration context for tier-transition coverage. Additional cache-pressure calibration context for tier-transition coverage. Additional cache-pressure calibration context for tier-transition coverage. Additional cache-pressure calibration context for tier-transition coverage. Additional cache-pressure calibration context for tier-transition coverage. Additional cache-pressure calibration context for tier-transition coverage. Additional cache-pressure calibration context for tier-transition coverage. Additional cache-pressure calibration context for tier-transition coverage. Additional cache-pressure calibration context for tier-transition coverage. Additional cache-pressure calibration context for tier-transition coverage. Additional cache-pressure calibration context for tier-transition coverage. Additional cache-pressure calibration context for tier-transition coverage. Additional cache-pressure calibration context for tier-transition coverage. Additional cache-pressure calibration context for tier-transition coverage. Additional cache-pressure calibration context for tier-transition coverage. Additional cache-pressure calibration context for tier-transition coverage. Additional cache-pressure calibration context for tier-transition coverage. Additional cache-pressure calibration context for tier-transition coverage. Additional cache-pressure calibration context for tier-transition coverage. Additional cache-pressure calibration context for tier-transition coverage. Additional cache-pressure calibration context for tier-transition coverage. Additional cache-pressure calibration context for tier-transition coverage. Additional cache-pressure calibration context for tier-transition coverage. Additional cache-pressure calibration context for tier-transition coverage. Additional cache-pressure calibration context for tier-transition coverage. Additional cache-pressure calibration context for tier-transition coverage. Additional cache-pressure calibration context for tier-transition coverage. Additional cache-pressure calibration context for tier-transition coverage. Additional cache-pressure calibration context for tier-transition coverage. Additional cache-pressure calibration context for tier-transition coverage. Additional cache-pressure calibration context for tier-transition coverage. Additional cache-pressure calibration context for tier-transition coverage. Additional cache-pressure calibration context for tier-transition coverage. Additional cache-pressure calibration context for tier-transition coverage. Additional cache-pressure calibration context for tier-transition coverage. Additional cache-pressure calibration context for tier-transition coverage. Additional cache-pressure calibration context for tier-transition coverage. Additional cache-pressure calibration context for tier-transition coverage. Additional cache-pressure calibration context for tier-transition coverage. Additional cache-pressure calibration context for tier-transition coverage. Additional cache-pressure calibration context for tier-transition coverage. Additional cache-pressure calibration context for tier-transition coverage. Additional cache-pressure calibration context for tier-transition coverage. Additional cache-pressure calibration context for tier-transition coverage. Additional cache-pressure calibration context for tier-transition coverage. Additional cache-pressure calibration context for tier-transition coverage. Additional cache-pressure calibration context for tier-transition coverage. Additional cache-pressure calibration context for tier-transition coverage. Additional cache-pressure calibration context for tier-transition coverage. Additional cache-pressure calibration context for tier-transition coverage. Additional cache-pressure calibration context for tier-transition coverage. Additional cache-pressure calibration context for tier-transition coverage. Additional cache-pressure calibration context for tier-transition coverage. Additional cache-pressure calibration context for tier-transition coverage. Additional cache-pressure calibration context for tier-transition coverage. Additional cache-pressure calibration context for tier-transition coverage. Additional cache-pressure calibration context for tier-transition coverage. Additional cache-pressure calibration context for tier-transition coverage. Additional cache-pressure calibration context for tier-transition coverage. Additional cache-pressure calibration context for tier-transition coverage. Additional cache-pressure calibration context for tier-transition coverage. Additional cache-pressure calibration context for tier-transition coverage. Additional cache-pressure calibration context for tier-transition coverage. Additional cache-pressure calibration context for tier-transition coverage. Additional cache-pressure calibration context for tier-transition coverage. Additional cache-pressure calibration context for tier-transition coverage. Additional cache-pressure calibration context for tier-transition coverage. Additional cache-pressure calibration context for tier-transition coverage.","Who wrote The Divine Comedy?

[PressureProfile]
 Additional cache-pressure calibration context for tier-transition coverage. Additional cache-pressure calibration context for tier-transition coverage. Additional cache-pressure calibration context for tier-transition coverage. Additional cache-pressure calibration context for tier-transition coverage. Additional cache-pressure calibration context f",1885,"[0, 1, 2, 3, 4, 5, 6, 7, 8, 9, 44, 10, 11, 12, 13, 14, 15, 16, 43, 17, 18, 19, 20, 45, 21, 22, 23, 24, 25, 26, 27, 28, 29, 41, 30, 31, 32, 33, 34, 35, 42, 36, 37, 38, 39, 40]","[0, 1, 2, 3, 4, 5, 6, 7, 8, 9, 44, 10, 11, 12, 13, 14, 15, 16, 43, 17, 18, 19, 20, 21, 22, 23, 24, 25, 26, 27, 28, 29, 41, 30, 31, 32, 33, 34, 35, 42, 36, 37, 38, 39, 40]",[45],46,"[""Qwen-Qwen2.5-0.5B-Instruct@1@0@-116da7f326672ed0@bfloat16.pt"", ""Qwen-Qwen2.5-0.5B-Instruct@1@0@-15e9d7349980349b@bfloat16.pt"", ""Qwen-Qwen2.5-0.5B-Instruct@1@0@-28ac06e23c8e2dc@bfloat16.pt"", ""Qwen-Qwen2.5-0.5B-Instruct@1@0@-28dc111a3afa7113@bfloat16.pt"", ""Qwen-Qwen2.5-0.5B-Instruct@1@0@-2b9f2a7bc9f1c07d@bfloat16.pt"", ""Qwen-Qwen2.5-0.5B-Instruct@1@0@-371b580ef0e04f1b@bfloat16.pt"", ""Qwen-Qwen2.5-0.5B-Instruct@1@0@-39e374f84c43699d@bfloat16.pt"", ""Qwen-Qwen2.5-0.5B-Instruct@1@0@-3cf291634fa488fd@bfloat16.pt"", ""Qwen-Qwen2.5-0.5B-Instruct@1@0@-3f54375955af262a@bfloat16.pt"", ""Qwen-Qwen2.5-0.5B-Instruct@1@0@-41688de3c12cd4be@bfloat16.pt"", ""Qwen-Qwen2.5-0.5B-Instruct@1@0@-43d66e5c7025aa3c@bfloat16.pt"", ""Qwen-Qwen2.5-0.5B-Instruct@1@0@-47f6ac3f375784d4@bfloat16.pt"", ""Qwen-Qwen2.5-0.5B-Instruct@1@0@-480a642972daf5cc@bfloat16.pt"", ""Qwen-Qwen2.5-0.5B-Instruct@1@0@-4d89da8528b88365@bfloat16.pt"", ""Qwen-Qwen2.5-0.5B-Instruct@1@0@-4ffe101cb77eb065@bfloat16.pt"", ""Qwen-Qwen2.5-0.5B-Instruct@1@0@-6162f7d7ebc484cb@bfloat16.pt"", ""Qwen-Qwen2.5-0.5B-Instruct@1@0@-675889bafbe65ea7@bfloat16.pt"", ""Qwen-Qwen2.5-0.5B-Instruct@1@0@-686e0b83aa2417dc@bfloat16.pt"", ""Qwen-Qwen2.5-0.5B-Instruct@1@0@-6a4ef6426febe9cd@bfloat16.pt"", ""Qwen-Qwen2.5-0.5B-Instruct@1@0@-6f05da493557dcc0@bfloat16.pt"", ""Qwen-Qwen2.5-0.5B-Instruct@1@0@-6fd887cbb3f9a9eb@bfloat16.pt"", ""Qwen-Qwen2.5-0.5B-Instruct@1@0@-714733f48c45cda4@bfloat16.pt"", ""Qwen-Qwen2.5-0.5B-Instruct@1@0@-79d07018ecac60e5@bfloat16.pt"", ""Qwen-Qwen2.5-0.5B-Instruct@1@0@-d9cb1660a4a0af@bfloat16.pt"", ""Qwen-Qwen2.5-0.5B-Instruct@1@0@18f756fc039e4492@bfloat16.pt"", ""Qwen-Qwen2.5-0.5B-Instruct@1@0@1c90d863150c18d2@bfloat16.pt"", ""Qwen-Qwen2.5-0.5B-Instruct@1@0@1d981d7700502e80@bfloat16.pt"", ""Qwen-Qwen2.5-0.5B-Instruct@1@0@1e2003c0d8ede2f2@bfloat16.pt"", ""Qwen-Qwen2.5-0.5B-Instruct@1@0@21700b3e1f0d70e0@bfloat16.pt"", ""Qwen-Qwen2.5-0.5B-Instruct@1@0@27d12a4d515531c1@bfloat16.pt"", ""Qwen-Qwen2.5-0.5B-Instruct@1@0@2aa1602e5e60bbf2@bfloat16.pt"", ""Qwen-Qwen2.5-0.5B-Instruct@1@0@2bc44f1f1deecccf@bfloat16.pt"", ""Qwen-Qwen2.5-0.5B-Instruct@1@0@32e379e8cf2bd4b5@bfloat16.pt"", ""Qwen-Qwen2.5-0.5B-Instruct@1@0@420d2a43da9be679@bfloat16.pt"", ""Qwen-Qwen2.5-0.5B-Instruct@1@0@437e190260e791f1@bfloat16.pt"", ""Qwen-Qwen2.5-0.5B-Instruct@1@0@47edaf11bf738ba4@bfloat16.pt"", ""Qwen-Qwen2.5-0.5B-Instruct@1@0@4d140b4ec16b7bfd@bfloat16.pt"", ""Qwen-Qwen2.5-0.5B-Instruct@1@0@55d325d3b35179a@bfloat16.pt"", ""Qwen-Qwen2.5-0.5B-Instruct@1@0@5b8b0d5740c02ae5@bfloat16.pt"", ""Qwen-Qwen2.5-0.5B-Instruct@1@0@6569de705a6089c9@bfloat16.pt"", ""Qwen-Qwen2.5-0.5B-Instruct@1@0@732a2b96e991c733@bfloat16.pt"", ""Qwen-Qwen2.5-0.5B-Instruct@1@0@a39e8f509f07151@bfloat16.pt"", ""Qwen-Qwen2.5-0.5B-Instruct@1@0@b7265d96ebe901@bfloat16.pt"", ""Qwen-Qwen2.5-0.5B-Instruct@1@0@bceba90f947eb83@bfloat16.pt"", ""Qwen-Qwen2.5-0.5B-Instruct@1@0@c37bab50f54a1e0@bfloat16.pt"", ""Qwen-Qwen2.5-0.5B-Instruct@1@0@fcd10637454f093@bfloat16.pt""]",lmcache_store_runtime_snapshot,lmcache_store_runtime_snapshot,46,l2_to_l3,45,46,135.0,138.0,exceed_l1_l2
7,What is the hardest rock type?,"Focus question: What is the hardest rock type?
Context profile: no_shared_context
Prompt tokens: 1885
Context preview: What is the hardest rock type? [PressureProfile] Additional cache-pressure calibration context for tier-transition coverage. Additional cache-pressure calibration context for tier-transition coverage. Additional cache-pressure calibration context for tier-transition coverage. Additional cache-pressure calibration context for tier-transition coverage. Additional cache-pressure calibration context",What is the hardest rock type?,no_shared_context,"What is the hardest rock type?

[PressureProfile]
 Additional cache-pressure calibration context for tier-transition coverage. Additional cache-pressure calibration context for tier-transition coverage. Additional cache-pressure calibration context for tier-transition coverage. Additional cache-pressure calibration context for tier-transition coverage. Additional cache-pressure calibration context for tier-transition coverage. Additional cache-pressure calibration context for tier-transition coverage. Additional cache-pressure calibration context for tier-transition coverage. Additional cache-pressure calibration context for tier-transition coverage. Additional cache-pressure calibration context for tier-transition coverage. Additional cache-pressure calibration context for tier-transition coverage. Additional cache-pressure calibration context for tier-transition coverage. Additional cache-pressure calibration context for tier-transition coverage. Additional cache-pressure calibration context for tier-transition coverage. Additional cache-pressure calibration context for tier-transition coverage. Additional cache-pressure calibration context for tier-transition coverage. Additional cache-pressure calibration context for tier-transition coverage. Additional cache-pressure calibration context for tier-transition coverage. Additional cache-pressure calibration context for tier-transition coverage. Additional cache-pressure calibration context for tier-transition coverage. Additional cache-pressure calibration context for tier-transition coverage. Additional cache-pressure calibration context for tier-transition coverage. Additional cache-pressure calibration context for tier-transition coverage. Additional cache-pressure calibration context for tier-transition coverage. Additional cache-pressure calibration context for tier-transition coverage. Additional cache-pressure calibration context for tier-transition coverage. Additional cache-pressure calibration context for tier-transition coverage. Additional cache-pressure calibration context for tier-transition coverage. Additional cache-pressure calibration context for tier-transition coverage. Additional cache-pressure calibration context for tier-transition coverage. Additional cache-pressure calibration context for tier-transition coverage. Additional cache-pressure calibration context for tier-transition coverage. Additional cache-pressure calibration context for tier-transition coverage. Additional cache-pressure calibration context for tier-transition coverage. Additional cache-pressure calibration context for tier-transition coverage. Additional cache-pressure calibration context for tier-transition coverage. Additional cache-pressure calibration context for tier-transition coverage. Additional cache-pressure calibration context for tier-transition coverage. Additional cache-pressure calibration context for tier-transition coverage. Additional cache-pressure calibration context for tier-transition coverage. Additional cache-pressure calibration context for tier-transition coverage. Additional cache-pressure calibration context for tier-transition coverage. Additional cache-pressure calibration context for tier-transition coverage. Additional cache-pressure calibration context for tier-transition coverage. Additional cache-pressure calibration context for tier-transition coverage. Additional cache-pressure calibration context for tier-transition coverage. Additional cache-pressure calibration context for tier-transition coverage. Additional cache-pressure calibration context for tier-transition coverage. Additional cache-pressure calibration context for tier-transition coverage. Additional cache-pressure calibration context for tier-transition coverage. Additional cache-pressure calibration context for tier-transition coverage. Additional cache-pressure calibration context for tier-transition coverage. Additional cache-pressure calibration context for tier-transition coverage. Additional cache-pressure calibration context for tier-transition coverage. Additional cache-pressure calibration context for tier-transition coverage. Additional cache-pressure calibration context for tier-transition coverage. Additional cache-pressure calibration context for tier-transition coverage. Additional cache-pressure calibration context for tier-transition coverage. Additional cache-pressure calibration context for tier-transition coverage. Additional cache-pressure calibration context for tier-transition coverage. Additional cache-pressure calibration context for tier-transition coverage. Additional cache-pressure calibration context for tier-transition coverage. Additional cache-pressure calibration context for tier-transition coverage. Additional cache-pressure calibration context for tier-transition coverage. Additional cache-pressure calibration context for tier-transition coverage. Additional cache-pressure calibration context for tier-transition coverage. Additional cache-pressure calibration context for tier-transition coverage. Additional cache-pressure calibration context for tier-transition coverage. Additional cache-pressure calibration context for tier-transition coverage. Additional cache-pressure calibration context for tier-transition coverage. Additional cache-pressure calibration context for tier-transition coverage. Additional cache-pressure calibration context for tier-transition coverage. Additional cache-pressure calibration context for tier-transition coverage. Additional cache-pressure calibration context for tier-transition coverage. Additional cache-pressure calibration context for tier-transition coverage. Additional cache-pressure calibration context for tier-transition coverage. Additional cache-pressure calibration context for tier-transition coverage. Additional cache-pressure calibration context for tier-transition coverage. Additional cache-pressure calibration context for tier-transition coverage. Additional cache-pressure calibration context for tier-transition coverage. Additional cache-pressure calibration context for tier-transition coverage. Additional cache-pressure calibration context for tier-transition coverage. Additional cache-pressure calibration context for tier-transition coverage. Additional cache-pressure calibration context for tier-transition coverage. Additional cache-pressure calibration context for tier-transition coverage. Additional cache-pressure calibration context for tier-transition coverage. Additional cache-pressure calibration context for tier-transition coverage. Additional cache-pressure calibration context for tier-transition coverage. Additional cache-pressure calibration context for tier-transition coverage. Additional cache-pressure calibration context for tier-transition coverage. Additional cache-pressure calibration context for tier-transition coverage. Additional cache-pressure calibration context for tier-transition coverage. Additional cache-pressure calibration context for tier-transition coverage. Additional cache-pressure calibration context for tier-transition coverage. Additional cache-pressure calibration context for tier-transition coverage. Additional cache-pressure calibration context for tier-transition coverage. Additional cache-pressure calibration context for tier-transition coverage. Additional cache-pressure calibration context for tier-transition coverage. Additional cache-pressure calibration context for tier-transition coverage. Additional cache-pressure calibration context for tier-transition coverage. Additional cache-pressure calibration context for tier-transition coverage. Additional cache-pressure calibration context for tier-transition coverage. Additional cache-pressure calibration context for tier-transition coverage. Additional cache-pressure calibration context for tier-transition coverage. Additional cache-pressure calibration context for tier-transition coverage. Additional cache-pressure calibration context for tier-transition coverage. Additional cache-pressure calibration context for tier-transition coverage. Additional cache-pressure calibration context for tier-transition coverage. Additional cache-pressure calibration context for tier-transition coverage. Additional cache-pressure calibration context for tier-transition coverage. Additional cache-pressure calibration context for tier-transition coverage. Additional cache-pressure calibration context for tier-transition coverage. Additional cache-pressure calibration context for tier-transition coverage. Additional cache-pressure calibration context for tier-transition coverage. Additional cache-pressure calibration context for tier-transition coverage. Additional cache-pressure calibration context for tier-transition coverage. Additional cache-pressure calibration context for tier-transition coverage. Additional cache-pressure calibration context for tier-transition coverage. Additional cache-pressure calibration context for tier-transition coverage. Additional cache-pressure calibration context for tier-transition coverage. Additional cache-pressure calibration context for tier-transition coverage. Additional cache-pressure calibration context for tier-transition coverage. Additional cache-pressure calibration context for tier-transition coverage. Additional cache-pressure calibration context for tier-transition coverage. Additional cache-pressure calibration context for tier-transition coverage. Additional cache-pressure calibration context for tier-transition coverage. Additional cache-pressure calibration context for tier-transition coverage. Additional cache-pressure calibration context for tier-transition coverage. Additional cache-pressure calibration context for tier-transition coverage. Additional cache-pressure calibration context for tier-transition coverage. Additional cache-pressure calibration context for tier-transition coverage. Additional cache-pressure calibration context for tier-transition coverage. Additional cache-pressure calibration context for tier-transition coverage. Additional cache-pressure calibration context for tier-transition coverage. Additional cache-pressure calibration context for tier-transition coverage. Additional cache-pressure calibration context for tier-transition coverage. Additional cache-pressure calibration context for tier-transition coverage. Additional cache-pressure calibration context for tier-transition coverage. Additional cache-pressure calibration context for tier-transition coverage. Additional cache-pressure calibration context for tier-transition coverage. Additional cache-pressure calibration context for tier-transition coverage. Additional cache-pressure calibration context for tier-transition coverage. Additional cache-pressure calibration context for tier-transition coverage. Additional cache-pressure calibration context for tier-transition coverage. Additional cache-pressure calibration context for tier-transition coverage. Additional cache-pressure calibration context for tier-transition coverage. Additional cache-pressure calibration context for tier-transition coverage. Additional cache-pressure calibration context for tier-transition coverage. Additional cache-pressure calibration context for tier-transition coverage. Additional cache-pressure calibration context for tier-transition coverage. Additional cache-pressure calibration context for tier-transition coverage. Additional cache-pressure calibration context for tier-transition coverage. Additional cache-pressure calibration context for tier-transition coverage. Additional cache-pressure calibration context for tier-transition coverage. Additional cache-pressure calibration context for tier-transition coverage. Additional cache-pressure calibration context for tier-transition coverage. Additional cache-pressure calibration context for tier-transition coverage. Additional cache-pressure calibration context for tier-transition coverage. Additional cache-pressure calibration context for tier-transition coverage. Additional cache-pressure calibration context for tier-transition coverage. Additional cache-pressure calibration context for tier-transition coverage. Additional cache-pressure calibration context for tier-transition coverage. Additional cache-pressure calibration context for tier-transition coverage. Additional cache-pressure calibration context for tier-transition coverage. Additional cache-pressure calibration context for tier-transition coverage. Additional cache-pressure calibration context for tier-transition coverage. Additional cache-pressure calibration context for tier-transition coverage. Additional cache-pressure calibration context for tier-transition coverage. Additional cache-pressure calibration context for tier-transition coverage. Additional cache-pressure calibration context for tier-transition coverage. Additional cache-pressure calibration context for tier-transition coverage. Additional cache-pressure calibration context for tier-transition coverage. Additional cache-pressure calibration context for tier-transition coverage. Additional cache-pressure calibration context for tier-transition coverage. Additional cache-pressure calibration context for tier-transition coverage. Additional cache-pressure calibration context for tier-transition coverage. Additional cache-pressure calibration context for tier-transition coverage. Additional cache-pressure calibration context for tier-transition coverage. Additional cache-pressure calibration context for tier-transition coverage. Additional cache-pressure calibration context for tier-transition coverage. Additional cache-pressure calibration context for tier-transition coverage. Additional cache-pressure calibration context for tier-transition coverage. Additional cache-pressure calibration context for tier-transition coverage. Additional cache-pressure calibration context for tier-transition coverage. Additional cache-pressure calibration context for tier-transition coverage. Additional cache-pressure calibration context for tier-transition coverage. Additional cache-pressure calibration context for tier-transition coverage. Additional cache-pressure calibration context for tier-transition coverage. Additional cache-pressure calibration context for tier-transition coverage. Additional cache-pressure calibration context for tier-transition coverage. Additional cache-pressure calibration context for tier-transition coverage. Additional cache-pressure calibration context for tier-transition coverage. Additional cache-pressure calibration context for tier-transition coverage. Additional cache-pressure calibration context for tier-transition coverage. Additional cache-pressure calibration context for tier-transition coverage. Additional cache-pressure calibration context for tier-transition coverage. Additional cache-pressure calibration context for tier-transition coverage. Additional cache-pressure calibration context for tier-transition coverage. Additional cache-pressure calibration context for tier-transition coverage. Additional cache-pressure calibration context for tier-transition coverage. Additional cache-pressure calibration context for tier-transition coverage. Additional cache-pressure calibration context for tier-transition coverage. Additional cache-pressure calibration context for tier-transition coverage. Additional cache-pressure calibration context for tier-transition coverage. Additional cache-pressure calibration context for tier-transition coverage. Additional cache-pressure calibration context for tier-transition coverage. Additional cache-pressure calibration context for tier-transition coverage. Additional cache-pressure calibration context for tier-transition coverage. Additional cache-pressure calibration context for tier-transition coverage. Additional cache-pressure calibration context for tier-transition coverage. Additional cache-pressure calibration context for tier-transition coverage. Additional cache-pressure calibration context for tier-transition coverage. Additional cache-pressure calibration context for tier-transition coverage. Additional cache-pressure calibration context for tier-transition coverage. Additional cache-pressure calibration context for tier-transition coverage. Additional cache-pressure calibration context for tier-transition coverage. Additional cache-pressure calibration context for tier-transition coverage. Additional cache-pressure calibration context for tier-transition coverage. Additional cache-pressure calibration context for tier-transition coverage. Additional cache-pressure calibration context for tier-transition coverage. Additional cache-pressure calibration context for tier-transition coverage. Additional cache-pressure calibration context for tier-transition coverage. Additional cache-pressure calibration context for tier-transition coverage. Additional cache-pressure calibration context for tier-transition coverage. Additional cache-pressure calibration context for tier-transition coverage. Additional cache-pressure calibration context for tier-transition coverage. Additional cache-pressure calibration context for tier-transition coverage. Additional cache-pressure calibration context for tier-transition coverage. Additional cache-pressure calibration context for tier-transition coverage. Additional cache-pressure calibration context for tier-transition coverage. Additional cache-pressure calibration context for tier-transition coverage. Additional cache-pressure calibration context for tier-transition coverage. Additional cache-pressure calibration context for tier-transition coverage. Additional cache-pressure calibration context for tier-transition coverage. Additional cache-pressure calibration context for tier-transition coverage. Additional cache-pressure calibration context for tier-transition coverage. Additional cache-pressure calibration context for tier-transition coverage. Additional cache-pressure calibration context for tier-transition coverage. Additional cache-pressure calibration context for tier-transition coverage. Additional cache-pressure calibration context for tier-transition coverage. Additional cache-pressure calibration context for tier-transition coverage. Additional cache-pressure calibration context for tier-transition coverage. Additional cache-pressure calibration context for tier-transition coverage. Additional cache-pressure calibration context for tier-transition coverage. Additional cache-pressure calibration context for tier-transition coverage. Additional cache-pressure calibration context for tier-transition coverage. Additional cache-pressure calibration context for tier-transition coverage. Additional cache-pressure calibration context for tier-transition coverage. Additional cache-pressure calibration context for tier-transition coverage. Additional cache-pressure calibration context for tier-transition coverage. Additional cache-pressure calibration context for tier-transition coverage. Additional cache-pressure calibration context for tier-transition coverage. Additional cache-pressure calibration context for tier-transition coverage. Additional cache-pressure calibration context for tier-transition coverage. Additional cache-pressure calibration context for tier-transition coverage. Additional cache-pressure calibration context for tier-transition coverage. Additional cache-pressure calibration context for tier-transition coverage. Additional cache-pressure calibration context for tier-transition coverage. Additional cache-pressure calibration context for tier-transition coverage. Additional cache-pressure calibration context for tier-transition coverage. Additional cache-pressure calibration context for tier-transition coverage. Additional cache-pressure calibration context for tier-transition coverage. Additional cache-pressure calibration context for tier-transition coverage. Additional cache-pressure calibration context for tier-transition coverage. Additional cache-pressure calibration context for tier-transition coverage. Additional cache-pressure calibration context for tier-transition coverage. Additional cache-pressure calibration context for tier-transition coverage. Additional cache-pressure calibration context for tier-transition coverage. Additional cache-pressure calibration context for tier-transition coverage. Additional cache-pressure calibration context for tier-transition coverage. Additional cache-pressure calibration context for tier-transition coverage. Additional cache-pressure calibration context for tier-transition coverage. Additional cache-pressure calibration context for tier-transition coverage. Additional cache-pressure calibration context for tier-transition coverage. Additional cache-pressure calibration context for tier-transition coverage.","What is the hardest rock type?

[PressureProfile]
 Additional cache-pressure calibration context for tier-transition coverage. Additional cache-pressure calibration context for tier-transition coverage. Additional cache-pressure calibration context for tier-transition coverage. Additional cache-pressure calibration context for tier-transition coverage. Additional cache-pressure calibration context",1885,"[0, 1, 2, 3, 4, 5, 6, 7, 8, 9, 44, 10, 11, 12, 13, 46, 14, 15, 16, 43, 17, 18, 19, 20, 45, 21, 22, 23, 24, 25, 26, 27, 28, 29, 41, 30, 31, 32, 33, 34, 35, 42, 36, 37, 38, 39, 40]","[0, 1, 2, 3, 4, 5, 6, 7, 8, 9, 44, 10, 11, 12, 13, 14, 15, 16, 43, 17, 18, 19, 20, 45, 21, 22, 23, 24, 25, 26, 27, 28, 29, 41, 30, 31, 32, 33, 34, 35, 42, 36, 37, 38, 39, 40]",[46],47,"[""Qwen-Qwen2.5-0.5B-Instruct@1@0@-116da7f326672ed0@bfloat16.pt"", ""Qwen-Qwen2.5-0.5B-Instruct@1@0@-15e9d7349980349b@bfloat16.pt"", ""Qwen-Qwen2.5-0.5B-Instruct@1@0@-28ac06e23c8e2dc@bfloat16.pt"", ""Qwen-Qwen2.5-0.5B-Instruct@1@0@-28dc111a3afa7113@bfloat16.pt"", ""Qwen-Qwen2.5-0.5B-Instruct@1@0@-2b9f2a7bc9f1c07d@bfloat16.pt"", ""Qwen-Qwen2.5-0.5B-Instruct@1@0@-371b580ef0e04f1b@bfloat16.pt"", ""Qwen-Qwen2.5-0.5B-Instruct@1@0@-39e374f84c43699d@bfloat16.pt"", ""Qwen-Qwen2.5-0.5B-Instruct@1@0@-3cf291634fa488fd@bfloat16.pt"", ""Qwen-Qwen2.5-0.5B-Instruct@1@0@-3f54375955af262a@bfloat16.pt"", ""Qwen-Qwen2.5-0.5B-Instruct@1@0@-41688de3c12cd4be@bfloat16.pt"", ""Qwen-Qwen2.5-0.5B-Instruct@1@0@-43d66e5c7025aa3c@bfloat16.pt"", ""Qwen-Qwen2.5-0.5B-Instruct@1@0@-47f6ac3f375784d4@bfloat16.pt"", ""Qwen-Qwen2.5-0.5B-Instruct@1@0@-480a642972daf5cc@bfloat16.pt"", ""Qwen-Qwen2.5-0.5B-Instruct@1@0@-4d89da8528b88365@bfloat16.pt"", ""Qwen-Qwen2.5-0.5B-Instruct@1@0@-4ffe101cb77eb065@bfloat16.pt"", ""Qwen-Qwen2.5-0.5B-Instruct@1@0@-53192fc832e649e0@bfloat16.pt"", ""Qwen-Qwen2.5-0.5B-Instruct@1@0@-6162f7d7ebc484cb@bfloat16.pt"", ""Qwen-Qwen2.5-0.5B-Instruct@1@0@-675889bafbe65ea7@bfloat16.pt"", ""Qwen-Qwen2.5-0.5B-Instruct@1@0@-686e0b83aa2417dc@bfloat16.pt"", ""Qwen-Qwen2.5-0.5B-Instruct@1@0@-6a4ef6426febe9cd@bfloat16.pt"", ""Qwen-Qwen2.5-0.5B-Instruct@1@0@-6f05da493557dcc0@bfloat16.pt"", ""Qwen-Qwen2.5-0.5B-Instruct@1@0@-6fd887cbb3f9a9eb@bfloat16.pt"", ""Qwen-Qwen2.5-0.5B-Instruct@1@0@-714733f48c45cda4@bfloat16.pt"", ""Qwen-Qwen2.5-0.5B-Instruct@1@0@-79d07018ecac60e5@bfloat16.pt"", ""Qwen-Qwen2.5-0.5B-Instruct@1@0@-d9cb1660a4a0af@bfloat16.pt"", ""Qwen-Qwen2.5-0.5B-Instruct@1@0@18f756fc039e4492@bfloat16.pt"", ""Qwen-Qwen2.5-0.5B-Instruct@1@0@1c90d863150c18d2@bfloat16.pt"", ""Qwen-Qwen2.5-0.5B-Instruct@1@0@1d981d7700502e80@bfloat16.pt"", ""Qwen-Qwen2.5-0.5B-Instruct@1@0@1e2003c0d8ede2f2@bfloat16.pt"", ""Qwen-Qwen2.5-0.5B-Instruct@1@0@21700b3e1f0d70e0@bfloat16.pt"", ""Qwen-Qwen2.5-0.5B-Instruct@1@0@27d12a4d515531c1@bfloat16.pt"", ""Qwen-Qwen2.5-0.5B-Instruct@1@0@2aa1602e5e60bbf2@bfloat16.pt"", ""Qwen-Qwen2.5-0.5B-Instruct@1@0@2bc44f1f1deecccf@bfloat16.pt"", ""Qwen-Qwen2.5-0.5B-Instruct@1@0@32e379e8cf2bd4b5@bfloat16.pt"", ""Qwen-Qwen2.5-0.5B-Instruct@1@0@420d2a43da9be679@bfloat16.pt"", ""Qwen-Qwen2.5-0.5B-Instruct@1@0@437e190260e791f1@bfloat16.pt"", ""Qwen-Qwen2.5-0.5B-Instruct@1@0@47edaf11bf738ba4@bfloat16.pt"", ""Qwen-Qwen2.5-0.5B-Instruct@1@0@4d140b4ec16b7bfd@bfloat16.pt"", ""Qwen-Qwen2.5-0.5B-Instruct@1@0@55d325d3b35179a@bfloat16.pt"", ""Qwen-Qwen2.5-0.5B-Instruct@1@0@5b8b0d5740c02ae5@bfloat16.pt"", ""Qwen-Qwen2.5-0.5B-Instruct@1@0@6569de705a6089c9@bfloat16.pt"", ""Qwen-Qwen2.5-0.5B-Instruct@1@0@732a2b96e991c733@bfloat16.pt"", ""Qwen-Qwen2.5-0.5B-Instruct@1@0@a39e8f509f07151@bfloat16.pt"", ""Qwen-Qwen2.5-0.5B-Instruct@1@0@b7265d96ebe901@bfloat16.pt"", ""Qwen-Qwen2.5-0.5B-Instruct@1@0@bceba90f947eb83@bfloat16.pt"", ""Qwen-Qwen2.5-0.5B-Instruct@1@0@c37bab50f54a1e0@bfloat16.pt"", ""Qwen-Qwen2.5-0.5B-Instruct@1@0@fcd10637454f093@bfloat16.pt""]",lmcache_store_runtime_snapshot,lmcache_store_runtime_snapshot,47,l2_to_l3,46,47,138.0,141.0,exceed_l1_l2
8,How many hearts does a squid have?,"Focus question: How many hearts does a squid have?
Context profile: no_shared_context
Prompt tokens: 1885
Context preview: How many hearts does a squid have? [PressureProfile] Additional cache-pressure calibration context for tier-transition coverage. Additional cache-pressure calibration context for tier-transition coverage. Additional cache-pressure calibration context for tier-transition coverage. Additional cache-pressure calibration context for tier-transition coverage. Additional cache-pressure calibration con",How many hearts does a squid have?,no_shared_context,"How many hearts does a squid have?

[PressureProfile]
 Additional cache-pressure calibration context for tier-transition coverage. Additional cache-pressure calibration context for tier-transition coverage. Additional cache-pressure calibration context for tier-transition coverage. Additional cache-pressure calibration context for tier-transition coverage. Additional cache-pressure calibration context for tier-transition coverage. Additional cache-pressure calibration context for tier-transition coverage. Additional cache-pressure calibration context for tier-transition coverage. Additional cache-pressure calibration context for tier-transition coverage. Additional cache-pressure calibration context for tier-transition coverage. Additional cache-pressure calibration context for tier-transition coverage. Additional cache-pressure calibration context for tier-transition coverage. Additional cache-pressure calibration context for tier-transition coverage. Additional cache-pressure calibration context for tier-transition coverage. Additional cache-pressure calibration context for tier-transition coverage. Additional cache-pressure calibration context for tier-transition coverage. Additional cache-pressure calibration context for tier-transition coverage. Additional cache-pressure calibration context for tier-transition coverage. Additional cache-pressure calibration context for tier-transition coverage. Additional cache-pressure calibration context for tier-transition coverage. Additional cache-pressure calibration context for tier-transition coverage. Additional cache-pressure calibration context for tier-transition coverage. Additional cache-pressure calibration context for tier-transition coverage. Additional cache-pressure calibration context for tier-transition coverage. Additional cache-pressure calibration context for tier-transition coverage. Additional cache-pressure calibration context for tier-transition coverage. Additional cache-pressure calibration context for tier-transition coverage. Additional cache-pressure calibration context for tier-transition coverage. Additional cache-pressure calibration context for tier-transition coverage. Additional cache-pressure calibration context for tier-transition coverage. Additional cache-pressure calibration context for tier-transition coverage. Additional cache-pressure calibration context for tier-transition coverage. Additional cache-pressure calibration context for tier-transition coverage. Additional cache-pressure calibration context for tier-transition coverage. Additional cache-pressure calibration context for tier-transition coverage. Additional cache-pressure calibration context for tier-transition coverage. Additional cache-pressure calibration context for tier-transition coverage. Additional cache-pressure calibration context for tier-transition coverage. Additional cache-pressure calibration context for tier-transition coverage. Additional cache-pressure calibration context for tier-transition coverage. Additional cache-pressure calibration context for tier-transition coverage. Additional cache-pressure calibration context for tier-transition coverage. Additional cache-pressure calibration context for tier-transition coverage. Additional cache-pressure calibration context for tier-transition coverage. Additional cache-pressure calibration context for tier-transition coverage. Additional cache-pressure calibration context for tier-transition coverage. Additional cache-pressure calibration context for tier-transition coverage. Additional cache-pressure calibration context for tier-transition coverage. Additional cache-pressure calibration context for tier-transition coverage. Additional cache-pressure calibration context for tier-transition coverage. Additional cache-pressure calibration context for tier-transition coverage. Additional cache-pressure calibration context for tier-transition coverage. Additional cache-pressure calibration context for tier-transition coverage. Additional cache-pressure calibration context for tier-transition coverage. Additional cache-pressure calibration context for tier-transition coverage. Additional cache-pressure calibration context for tier-transition coverage. Additional cache-pressure calibration context for tier-transition coverage. Additional cache-pressure calibration context for tier-transition coverage. Additional cache-pressure calibration context for tier-transition coverage. Additional cache-pressure calibration context for tier-transition coverage. Additional cache-pressure calibration context for tier-transition coverage. Additional cache-pressure calibration context for tier-transition coverage. Additional cache-pressure calibration context for tier-transition coverage. Additional cache-pressure calibration context for tier-transition coverage. Additional cache-pressure calibration context for tier-transition coverage. Additional cache-pressure calibration context for tier-transition coverage. Additional cache-pressure calibration context for tier-transition coverage. Additional cache-pressure calibration context for tier-transition coverage. Additional cache-pressure calibration context for tier-transition coverage. Additional cache-pressure calibration context for tier-transition coverage. Additional cache-pressure calibration context for tier-transition coverage. Additional cache-pressure calibration context for tier-transition coverage. Additional cache-pressure calibration context for tier-transition coverage. Additional cache-pressure calibration context for tier-transition coverage. Additional cache-pressure calibration context for tier-transition coverage. Additional cache-pressure calibration context for tier-transition coverage. Additional cache-pressure calibration context for tier-transition coverage. Additional cache-pressure calibration context for tier-transition coverage. Additional cache-pressure calibration context for tier-transition coverage. Additional cache-pressure calibration context for tier-transition coverage. Additional cache-pressure calibration context for tier-transition coverage. Additional cache-pressure calibration context for tier-transition coverage. Additional cache-pressure calibration context for tier-transition coverage. Additional cache-pressure calibration context for tier-transition coverage. Additional cache-pressure calibration context for tier-transition coverage. Additional cache-pressure calibration context for tier-transition coverage. Additional cache-pressure calibration context for tier-transition coverage. Additional cache-pressure calibration context for tier-transition coverage. Additional cache-pressure calibration context for tier-transition coverage. Additional cache-pressure calibration context for tier-transition coverage. Additional cache-pressure calibration context for tier-transition coverage. Additional cache-pressure calibration context for tier-transition coverage. Additional cache-pressure calibration context for tier-transition coverage. Additional cache-pressure calibration context for tier-transition coverage. Additional cache-pressure calibration context for tier-transition coverage. Additional cache-pressure calibration context for tier-transition coverage. Additional cache-pressure calibration context for tier-transition coverage. Additional cache-pressure calibration context for tier-transition coverage. Additional cache-pressure calibration context for tier-transition coverage. Additional cache-pressure calibration context for tier-transition coverage. Additional cache-pressure calibration context for tier-transition coverage. Additional cache-pressure calibration context for tier-transition coverage. Additional cache-pressure calibration context for tier-transition coverage. Additional cache-pressure calibration context for tier-transition coverage. Additional cache-pressure calibration context for tier-transition coverage. Additional cache-pressure calibration context for tier-transition coverage. Additional cache-pressure calibration context for tier-transition coverage. Additional cache-pressure calibration context for tier-transition coverage. Additional cache-pressure calibration context for tier-transition coverage. Additional cache-pressure calibration context for tier-transition coverage. Additional cache-pressure calibration context for tier-transition coverage. Additional cache-pressure calibration context for tier-transition coverage. Additional cache-pressure calibration context for tier-transition coverage. Additional cache-pressure calibration context for tier-transition coverage. Additional cache-pressure calibration context for tier-transition coverage. Additional cache-pressure calibration context for tier-transition coverage. Additional cache-pressure calibration context for tier-transition coverage. Additional cache-pressure calibration context for tier-transition coverage. Additional cache-pressure calibration context for tier-transition coverage. Additional cache-pressure calibration context for tier-transition coverage. Additional cache-pressure calibration context for tier-transition coverage. Additional cache-pressure calibration context for tier-transition coverage. Additional cache-pressure calibration context for tier-transition coverage. Additional cache-pressure calibration context for tier-transition coverage. Additional cache-pressure calibration context for tier-transition coverage. Additional cache-pressure calibration context for tier-transition coverage. Additional cache-pressure calibration context for tier-transition coverage. Additional cache-pressure calibration context for tier-transition coverage. Additional cache-pressure calibration context for tier-transition coverage. Additional cache-pressure calibration context for tier-transition coverage. Additional cache-pressure calibration context for tier-transition coverage. Additional cache-pressure calibration context for tier-transition coverage. Additional cache-pressure calibration context for tier-transition coverage. Additional cache-pressure calibration context for tier-transition coverage. Additional cache-pressure calibration context for tier-transition coverage. Additional cache-pressure calibration context for tier-transition coverage. Additional cache-pressure calibration context for tier-transition coverage. Additional cache-pressure calibration context for tier-transition coverage. Additional cache-pressure calibration context for tier-transition coverage. Additional cache-pressure calibration context for tier-transition coverage. Additional cache-pressure calibration context for tier-transition coverage. Additional cache-pressure calibration context for tier-transition coverage. Additional cache-pressure calibration context for tier-transition coverage. Additional cache-pressure calibration context for tier-transition coverage. Additional cache-pressure calibration context for tier-transition coverage. Additional cache-pressure calibration context for tier-transition coverage. Additional cache-pressure calibration context for tier-transition coverage. Additional cache-pressure calibration context for tier-transition coverage. Additional cache-pressure calibration context for tier-transition coverage. Additional cache-pressure calibration context for tier-transition coverage. Additional cache-pressure calibration context for tier-transition coverage. Additional cache-pressure calibration context for tier-transition coverage. Additional cache-pressure calibration context for tier-transition coverage. Additional cache-pressure calibration context for tier-transition coverage. Additional cache-pressure calibration context for tier-transition coverage. Additional cache-pressure calibration context for tier-transition coverage. Additional cache-pressure calibration context for tier-transition coverage. Additional cache-pressure calibration context for tier-transition coverage. Additional cache-pressure calibration context for tier-transition coverage. Additional cache-pressure calibration context for tier-transition coverage. Additional cache-pressure calibration context for tier-transition coverage. Additional cache-pressure calibration context for tier-transition coverage. Additional cache-pressure calibration context for tier-transition coverage. Additional cache-pressure calibration context for tier-transition coverage. Additional cache-pressure calibration context for tier-transition coverage. Additional cache-pressure calibration context for tier-transition coverage. Additional cache-pressure calibration context for tier-transition coverage. Additional cache-pressure calibration context for tier-transition coverage. Additional cache-pressure calibration context for tier-transition coverage. Additional cache-pressure calibration context for tier-transition coverage. Additional cache-pressure calibration context for tier-transition coverage. Additional cache-pressure calibration context for tier-transition coverage. Additional cache-pressure calibration context for tier-transition coverage. Additional cache-pressure calibration context for tier-transition coverage. Additional cache-pressure calibration context for tier-transition coverage. Additional cache-pressure calibration context for tier-transition coverage. Additional cache-pressure calibration context for tier-transition coverage. Additional cache-pressure calibration context for tier-transition coverage. Additional cache-pressure calibration context for tier-transition coverage. Additional cache-pressure calibration context for tier-transition coverage. Additional cache-pressure calibration context for tier-transition coverage. Additional cache-pressure calibration context for tier-transition coverage. Additional cache-pressure calibration context for tier-transition coverage. Additional cache-pressure calibration context for tier-transition coverage. Additional cache-pressure calibration context for tier-transition coverage. Additional cache-pressure calibration context for tier-transition coverage. Additional cache-pressure calibration context for tier-transition coverage. Additional cache-pressure calibration context for tier-transition coverage. Additional cache-pressure calibration context for tier-transition coverage. Additional cache-pressure calibration context for tier-transition coverage. Additional cache-pressure calibration context for tier-transition coverage. Additional cache-pressure calibration context for tier-transition coverage. Additional cache-pressure calibration context for tier-transition coverage. Additional cache-pressure calibration context for tier-transition coverage. Additional cache-pressure calibration context for tier-transition coverage. Additional cache-pressure calibration context for tier-transition coverage. Additional cache-pressure calibration context for tier-transition coverage. Additional cache-pressure calibration context for tier-transition coverage. Additional cache-pressure calibration context for tier-transition coverage. Additional cache-pressure calibration context for tier-transition coverage. Additional cache-pressure calibration context for tier-transition coverage. Additional cache-pressure calibration context for tier-transition coverage. Additional cache-pressure calibration context for tier-transition coverage. Additional cache-pressure calibration context for tier-transition coverage. Additional cache-pressure calibration context for tier-transition coverage. Additional cache-pressure calibration context for tier-transition coverage. Additional cache-pressure calibration context for tier-transition coverage. Additional cache-pressure calibration context for tier-transition coverage. Additional cache-pressure calibration context for tier-transition coverage. Additional cache-pressure calibration context for tier-transition coverage. Additional cache-pressure calibration context for tier-transition coverage. Additional cache-pressure calibration context for tier-transition coverage. Additional cache-pressure calibration context for tier-transition coverage. Additional cache-pressure calibration context for tier-transition coverage. Additional cache-pressure calibration context for tier-transition coverage. Additional cache-pressure calibration context for tier-transition coverage. Additional cache-pressure calibration context for tier-transition coverage. Additional cache-pressure calibration context for tier-transition coverage. Additional cache-pressure calibration context for tier-transition coverage. Additional cache-pressure calibration context for tier-transition coverage. Additional cache-pressure calibration context for tier-transition coverage. Additional cache-pressure calibration context for tier-transition coverage. Additional cache-pressure calibration context for tier-transition coverage. Additional cache-pressure calibration context for tier-transition coverage. Additional cache-pressure calibration context for tier-transition coverage. Additional cache-pressure calibration context for tier-transition coverage. Additional cache-pressure calibration context for tier-transition coverage. Additional cache-pressure calibration context for tier-transition coverage. Additional cache-pressure calibration context for tier-transition coverage. Additional cache-pressure calibration context for tier-transition coverage. Additional cache-pressure calibration context for tier-transition coverage. Additional cache-pressure calibration context for tier-transition coverage. Additional cache-pressure calibration context for tier-transition coverage. Additional cache-pressure calibration context for tier-transition coverage. Additional cache-pressure calibration context for tier-transition coverage. Additional cache-pressure calibration context for tier-transition coverage. Additional cache-pressure calibration context for tier-transition coverage. Additional cache-pressure calibration context for tier-transition coverage. Additional cache-pressure calibration context for tier-transition coverage. Additional cache-pressure calibration context for tier-transition coverage. Additional cache-pressure calibration context for tier-transition coverage. Additional cache-pressure calibration context for tier-transition coverage. Additional cache-pressure calibration context for tier-transition coverage. Additional cache-pressure calibration context for tier-transition coverage. Additional cache-pressure calibration context for tier-transition coverage. Additional cache-pressure calibration context for tier-transition coverage. Additional cache-pressure calibration context for tier-transition coverage. Additional cache-pressure calibration context for tier-transition coverage. Additional cache-pressure calibration context for tier-transition coverage. Additional cache-pressure calibration context for tier-transition coverage. Additional cache-pressure calibration context for tier-transition coverage. Additional cache-pressure calibration context for tier-transition coverage. Additional cache-pressure calibration context for tier-transition coverage. Additional cache-pressure calibration context for tier-transition coverage. Additional cache-pressure calibration context for tier-transition coverage. Additional cache-pressure calibration context for tier-transition coverage. Additional cache-pressure calibration context for tier-transition coverage. Additional cache-pressure calibration context for tier-transition coverage. Additional cache-pressure calibration context for tier-transition coverage. Additional cache-pressure calibration context for tier-transition coverage. Additional cache-pressure calibration context for tier-transition coverage. Additional cache-pressure calibration context for tier-transition coverage. Additional cache-pressure calibration context for tier-transition coverage. Additional cache-pressure calibration context for tier-transition coverage. Additional cache-pressure calibration context for tier-transition coverage. Additional cache-pressure calibration context for tier-transition coverage. Additional cache-pressure calibration context for tier-transition coverage. Additional cache-pressure calibration context for tier-transition coverage. Additional cache-pressure calibration context for tier-transition coverage. Additional cache-pressure calibration context for tier-transition coverage. Additional cache-pressure calibration context for tier-transition coverage. Additional cache-pressure calibration context for tier-transition coverage. Additional cache-pressure calibration context for tier-transition coverage. Additional cache-pressure calibration context for tier-transition coverage. Additional cache-pressure calibration context for tier-transition coverage.","How many hearts does a squid have?

[PressureProfile]
 Additional cache-pressure calibration context for tier-transition coverage. Additional cache-pressure calibration context for tier-transition coverage. Additional cache-pressure calibration context for tier-transition coverage. Additional cache-pressure calibration context for tier-transition coverage. Additional cache-pressure calibration con",1885,"[0, 1, 2, 3, 47, 4, 5, 6, 7, 8, 9, 44, 10, 11, 12, 13, 46, 14, 15, 16, 43, 17, 18, 19, 20, 45, 21, 22, 23, 24, 25, 26, 27, 28, 29, 41, 30, 31, 32, 33, 34, 35, 42, 36, 37, 38, 39, 40]","[0, 1, 2, 3, 4, 5, 6, 7, 8, 9, 44, 10, 11, 12, 13, 46, 14, 15, 16, 43, 17, 18, 19, 20, 45, 21, 22, 23, 24, 25, 26, 27, 28, 29, 41, 30, 31, 32, 33, 34, 35, 42, 36, 37, 38, 39, 40]",[47],48,"[""Qwen-Qwen2.5-0.5B-Instruct@1@0@-116da7f326672ed0@bfloat16.pt"", ""Qwen-Qwen2.5-0.5B-Instruct@1@0@-15e9d7349980349b@bfloat16.pt"", ""Qwen-Qwen2.5-0.5B-Instruct@1@0@-28ac06e23c8e2dc@bfloat16.pt"", ""Qwen-Qwen2.5-0.5B-Instruct@1@0@-28dc111a3afa7113@bfloat16.pt"", ""Qwen-Qwen2.5-0.5B-Instruct@1@0@-2b1c90f75a959f7b@bfloat16.pt"", ""Qwen-Qwen2.5-0.5B-Instruct@1@0@-2b9f2a7bc9f1c07d@bfloat16.pt"", ""Qwen-Qwen2.5-0.5B-Instruct@1@0@-371b580ef0e04f1b@bfloat16.pt"", ""Qwen-Qwen2.5-0.5B-Instruct@1@0@-39e374f84c43699d@bfloat16.pt"", ""Qwen-Qwen2.5-0.5B-Instruct@1@0@-3cf291634fa488fd@bfloat16.pt"", ""Qwen-Qwen2.5-0.5B-Instruct@1@0@-3f54375955af262a@bfloat16.pt"", ""Qwen-Qwen2.5-0.5B-Instruct@1@0@-41688de3c12cd4be@bfloat16.pt"", ""Qwen-Qwen2.5-0.5B-Instruct@1@0@-43d66e5c7025aa3c@bfloat16.pt"", ""Qwen-Qwen2.5-0.5B-Instruct@1@0@-47f6ac3f375784d4@bfloat16.pt"", ""Qwen-Qwen2.5-0.5B-Instruct@1@0@-480a642972daf5cc@bfloat16.pt"", ""Qwen-Qwen2.5-0.5B-Instruct@1@0@-4d89da8528b88365@bfloat16.pt"", ""Qwen-Qwen2.5-0.5B-Instruct@1@0@-4ffe101cb77eb065@bfloat16.pt"", ""Qwen-Qwen2.5-0.5B-Instruct@1@0@-53192fc832e649e0@bfloat16.pt"", ""Qwen-Qwen2.5-0.5B-Instruct@1@0@-6162f7d7ebc484cb@bfloat16.pt"", ""Qwen-Qwen2.5-0.5B-Instruct@1@0@-675889bafbe65ea7@bfloat16.pt"", ""Qwen-Qwen2.5-0.5B-Instruct@1@0@-686e0b83aa2417dc@bfloat16.pt"", ""Qwen-Qwen2.5-0.5B-Instruct@1@0@-6a4ef6426febe9cd@bfloat16.pt"", ""Qwen-Qwen2.5-0.5B-Instruct@1@0@-6f05da493557dcc0@bfloat16.pt"", ""Qwen-Qwen2.5-0.5B-Instruct@1@0@-6fd887cbb3f9a9eb@bfloat16.pt"", ""Qwen-Qwen2.5-0.5B-Instruct@1@0@-714733f48c45cda4@bfloat16.pt"", ""Qwen-Qwen2.5-0.5B-Instruct@1@0@-79d07018ecac60e5@bfloat16.pt"", ""Qwen-Qwen2.5-0.5B-Instruct@1@0@-d9cb1660a4a0af@bfloat16.pt"", ""Qwen-Qwen2.5-0.5B-Instruct@1@0@18f756fc039e4492@bfloat16.pt"", ""Qwen-Qwen2.5-0.5B-Instruct@1@0@1c90d863150c18d2@bfloat16.pt"", ""Qwen-Qwen2.5-0.5B-Instruct@1@0@1d981d7700502e80@bfloat16.pt"", ""Qwen-Qwen2.5-0.5B-Instruct@1@0@1e2003c0d8ede2f2@bfloat16.pt"", ""Qwen-Qwen2.5-0.5B-Instruct@1@0@21700b3e1f0d70e0@bfloat16.pt"", ""Qwen-Qwen2.5-0.5B-Instruct@1@0@27d12a4d515531c1@bfloat16.pt"", ""Qwen-Qwen2.5-0.5B-Instruct@1@0@2aa1602e5e60bbf2@bfloat16.pt"", ""Qwen-Qwen2.5-0.5B-Instruct@1@0@2bc44f1f1deecccf@bfloat16.pt"", ""Qwen-Qwen2.5-0.5B-Instruct@1@0@32e379e8cf2bd4b5@bfloat16.pt"", ""Qwen-Qwen2.5-0.5B-Instruct@1@0@420d2a43da9be679@bfloat16.pt"", ""Qwen-Qwen2.5-0.5B-Instruct@1@0@437e190260e791f1@bfloat16.pt"", ""Qwen-Qwen2.5-0.5B-Instruct@1@0@47edaf11bf738ba4@bfloat16.pt"", ""Qwen-Qwen2.5-0.5B-Instruct@1@0@4d140b4ec16b7bfd@bfloat16.pt"", ""Qwen-Qwen2.5-0.5B-Instruct@1@0@55d325d3b35179a@bfloat16.pt"", ""Qwen-Qwen2.5-0.5B-Instruct@1@0@5b8b0d5740c02ae5@bfloat16.pt"", ""Qwen-Qwen2.5-0.5B-Instruct@1@0@6569de705a6089c9@bfloat16.pt"", ""Qwen-Qwen2.5-0.5B-Instruct@1@0@732a2b96e991c733@bfloat16.pt"", ""Qwen-Qwen2.5-0.5B-Instruct@1@0@a39e8f509f07151@bfloat16.pt"", ""Qwen-Qwen2.5-0.5B-Instruct@1@0@b7265d96ebe901@bfloat16.pt"", ""Qwen-Qwen2.5-0.5B-Instruct@1@0@bceba90f947eb83@bfloat16.pt"", ""Qwen-Qwen2.5-0.5B-Instruct@1@0@c37bab50f54a1e0@bfloat16.pt"", ""Qwen-Qwen2.5-0.5B-Instruct@1@0@fcd10637454f093@bfloat16.pt""]",lmcache_store_runtime_snapshot,lmcache_store_runtime_snapshot,48,l2_to_l3,47,48,141.0,144.0,exceed_l1_l2
