Context_Tokens,Cold_Latency,Warm_Latency,Speedup
1024,0.29078661399944394,0.11739143900013005,2.477068314999715
2048,0.12874299700160918,0.048802066999996896,2.6380644287385895
4096,0.24159264099944266,0.07112658799997007,3.3966572528341206
6000,0.2644866440004989,0.05721320900011051,4.622824844521272
7500,0.24488471699987713,0.07197316200108617,3.4024448862783254
8192,0.15599897699939902,0.09823734299970965,1.5879804179950192
16384,1.3691262510001252,0.12837989399849903,10.664646996952127
24000,1.7549779029995989,0.11629355500008387,15.090930043357375
