Context_Tokens,Cold_Latency,Warm_Latency,Speedup
1024,0.24386397999842302,0.1570046890010417,1.553227368876894
2048,0.1757737090010778,0.1830504720001045,0.9602472317087358
4096,0.2786142919994745,0.2238785600002302,1.244488494115685
6000,0.31108343900086766,0.2772851110003103,1.1218901652477098
7500,0.27701050900031987,0.21071397000014258,1.314628114121396
8192,0.248408264000318,0.2046750499994232,1.2136714465247134
16384,1.425238181000168,0.22718891100157634,6.273361559404099
